date,number_of_strikes,center_point_geom
2018-04-13,7,POINT(-114.7 33.3)
2018-12-15,12,POINT(-112.9 26.5)
2018-09-28,16,POINT(-71.1 29.0)
2018-04-17,22,POINT(-90.6 49.0)
2018-03-13,31,POINT(-94.5 28.7)
2018-07-08,11,POINT(-93.8 26.4)
2018-01-21,21,POINT(-109.2 36.1)
2018-04-13,4,POINT(-84.1 40.1)
2018-05-02,54,POINT(-115.8 41.8)
2018-08-03,10,POINT(-91.3 42.6)
2018-11-27,27,POINT(-91.5 21.1)
2018-03-29,1,POINT(-74.3 31.8)
2018-04-10,5,POINT(-93.7 43.2)
2018-12-26,14,POINT(-113.1 47.1)
2018-06-01,43,POINT(-91.4 38.1)
2018-05-11,15,POINT(-115.4 21.6)
2018-05-30,54,POINT(-109.8 31.9)
2018-11-05,14,POINT(-118.4 22.2)
2018-09-15,14,POINT(-94.3 42.5)
2018-12-10,3,POINT(-115.8 21.9)
2018-10-21,33,POINT(-96.5 25.6)
2018-07-11,6,POINT(-73.4 32.5)
2018-10-04,46,POINT(-84.0 33.9)
2018-06-10,49,POINT(-116.1 32.2)
2018-11-10,58,POINT(-108.8 33.9)
2018-01-22,15,POINT(-86.3 41.4)
2018-09-10,23,POINT(-75.3 31.1)
2018-08-24,31,POINT(-118.4 36.4)
2018-12-11,3,POINT(-79.4 29.1)
2018-02-18,19,POINT(-91.9 30.6)
2018-02-28,1,POINT(-92.7 38.4)
2018-06-19,14,POINT(-72.1 34.7)
2018-07-07,4,POINT(-82.6 41.7)
2018-09-28,5,POINT(-77.5 36.8)
2018-07-09,10,POINT(-102.3 44.1)
2018-06-24,12,POINT(-92.3 33.3)
2018-02-20,20,POINT(-89.2 34.7)
2018-12-30,2,POINT(-103.9 40.1)
2018-02-24,15,POINT(-91.5 26.6)
2018-09-01,5,POINT(-108.2 31.6)
2018-11-16,18,POINT(-112.8 38.7)
2018-05-11,21,POINT(-101.3 20.9)
2018-11-03,17,POINT(-83.0 33.1)
2018-05-15,27,POINT(-74.2 38.0)
2018-01-21,9,POINT(-97.1 49.0)
2018-11-25,29,POINT(-87.9 46.3)
2018-06-16,12,POINT(-114.8 28.4)
2018-10-01,14,POINT(-74.8 35.2)
2018-03-30,21,POINT(-91.6 21.7)
2018-11-12,1,POINT(-81.0 27.2)
2018-01-14,22,POINT(-80.3 43.2)
2018-08-30,20,POINT(-107.2 23.7)
2018-09-22,8,POINT(-93.5 27.7)
2018-12-12,2,POINT(-72.0 48.3)
2018-02-22,2,POINT(-115.5 44.7)
2018-12-06,52,POINT(-85.8 43.5)
2018-04-02,24,POINT(-71.9 45.9)
2018-09-21,3,POINT(-105.0 42.5)
2018-02-04,9,POINT(-76.9 23.6)
2018-07-25,18,POINT(-73.3 35.5)
2018-03-22,37,POINT(-82.6 33.3)
2018-02-19,1,POINT(-108.4 29.3)
2018-12-26,6,POINT(-103.3 45.0)
2018-01-02,45,POINT(-118.2 33.9)
2018-02-23,1,POINT(-78.4 21.8)
2018-04-16,5,POINT(-77.5 28.2)
2018-09-17,64,POINT(-88.4 26.9)
2018-11-06,20,POINT(-102.4 46.6)
2018-07-10,7,POINT(-116.2 39.4)
2018-08-06,2,POINT(-82.3 36.8)
2018-02-13,1,POINT(-83.7 35.2)
2018-06-11,6,POINT(-74.4 39.5)
2018-07-21,43,POINT(-83.5 42.6)
2018-09-27,11,POINT(-78.6 36.6)
2018-12-17,26,POINT(-82.7 48.1)
2018-10-31,51,POINT(-88.5 49.3)
2018-09-28,11,POINT(-98.7 49.9)
2018-08-03,5,POINT(-74.9 40.1)
2018-09-09,15,POINT(-87.5 48.0)
2018-07-09,48,POINT(-100.1 32.1)
2018-10-23,33,POINT(-115.8 45.8)
2018-08-01,2,POINT(-105.5 47.3)
2018-07-27,24,POINT(-92.8 47.1)
2018-08-25,17,POINT(-106.2 44.9)
2018-12-04,48,POINT(-108.9 32.2)
2018-02-22,3,POINT(-93.6 24.8)
2018-10-07,16,POINT(-111.5 30.0)
2018-08-05,43,POINT(-80.0 43.0)
2018-09-09,11,POINT(-95.8 27.0)
2018-07-07,14,POINT(-91.3 34.3)
2018-02-10,2,POINT(-112.6 37.0)
2018-06-06,7,POINT(-103.8 38.1)
2018-01-15,8,POINT(-99.5 48.1)
2018-10-28,59,POINT(-79.6 39.8)
2018-03-06,7,POINT(-81.5 43.6)
2018-12-11,13,POINT(-108.9 37.5)
2018-11-23,23,POINT(-89.2 45.0)
2018-01-09,4,POINT(-107.8 27.9)
2018-12-10,14,POINT(-70.6 26.3)
2018-05-09,27,POINT(-72.4 47.8)
2018-05-16,41,POINT(-91.8 40.8)
2018-03-04,20,POINT(-85.1 40.1)
2018-05-19,23,POINT(-79.9 34.0)
2018-03-22,3,POINT(-84.0 31.3)
2018-06-12,59,POINT(-85.0 36.7)
2018-10-16,3,POINT(-72.1 23.6)
2018-09-18,30,POINT(-90.2 33.6)
2018-08-19,7,POINT(-88.2 33.7)
2018-02-10,55,POINT(-77.5 36.2)
2018-01-28,26,POINT(-86.5 39.0)
2018-05-15,29,POINT(-83.4 48.7)
2018-07-20,5,POINT(-108.3 39.6)
2018-11-24,12,POINT(-101.4 46.5)
2018-09-25,20,POINT(-112.6 36.7)
2018-02-02,30,POINT(-94.7 38.8)
2018-02-17,3,POINT(-97.2 22.1)
2018-03-03,66,POINT(-70.1 24.0)
2018-08-04,45,POINT(-89.4 37.4)
2018-10-20,7,POINT(-80.7 31.9)
2018-04-09,35,POINT(-103.3 44.0)
2018-06-21,15,POINT(-78.4 36.3)
2018-12-26,13,POINT(-89.2 46.5)
2018-08-02,8,POINT(-85.2 49.2)
2018-02-04,18,POINT(-105.3 24.4)
2018-08-15,27,POINT(-92.6 31.8)
2018-04-11,11,POINT(-88.3 39.9)
2018-05-11,20,POINT(-90.5 29.2)
2018-09-14,25,POINT(-74.2 28.0)
2018-01-05,25,POINT(-75.1 44.4)
2018-08-06,2,POINT(-71.5 49.4)
2018-09-12,40,POINT(-86.6 43.2)
2018-12-25,13,POINT(-71.4 35.7)
2018-10-10,7,POINT(-78.4 33.3)
2018-07-26,6,POINT(-106.5 36.2)
2018-01-15,14,POINT(-98.6 33.9)
2018-12-12,44,POINT(-108.1 35.1)
2018-02-11,10,POINT(-119.8 26.1)
2018-06-28,28,POINT(-110.6 47.1)
2018-03-04,3,POINT(-119.8 42.6)
2018-12-18,13,POINT(-84.0 40.4)
2018-08-19,96,POINT(-98.7 48.5)
2018-08-29,30,POINT(-104.4 28.5)
2018-02-21,5,POINT(-81.9 22.4)
2018-04-06,14,POINT(-78.4 44.8)
2018-08-10,6,POINT(-71.2 50.0)
2018-08-19,11,POINT(-87.9 37.4)
2018-08-25,31,POINT(-96.9 21.8)
2018-05-23,30,POINT(-104.7 43.4)
2018-06-20,6,POINT(-108.9 22.2)
2018-01-29,52,POINT(-109.4 36.2)
2018-02-05,18,POINT(-99.5 28.3)
2018-01-13,10,POINT(-70.4 47.5)
2018-06-09,14,POINT(-120.0 33.5)
2018-11-23,19,POINT(-110.1 47.0)
2018-07-06,17,POINT(-110.6 29.0)
2018-08-31,14,POINT(-84.1 31.6)
2018-03-27,15,POINT(-102.4 48.4)
2018-10-11,4,POINT(-97.1 26.0)
2018-03-07,34,POINT(-112.6 37.4)
2018-06-19,16,POINT(-99.8 31.7)
2018-02-14,3,POINT(-114.8 43.2)
2018-03-03,30,POINT(-93.3 23.9)
2018-05-14,54,POINT(-115.1 33.1)
2018-10-11,59,POINT(-80.5 41.0)
2018-01-28,10,POINT(-91.7 32.2)
2018-04-18,3,POINT(-83.8 21.8)
2018-02-13,15,POINT(-99.1 41.2)
2018-12-06,3,POINT(-100.9 35.1)
2018-10-13,55,POINT(-115.1 20.3)
2018-11-27,5,POINT(-93.8 38.4)
2018-05-08,6,POINT(-94.3 47.6)
2018-12-14,11,POINT(-96.6 23.3)
2018-08-19,10,POINT(-83.0 37.7)
2018-07-09,32,POINT(-78.4 41.9)
2018-08-13,13,POINT(-82.5 22.1)
2018-10-10,4,POINT(-112.8 20.7)
2018-05-01,7,POINT(-88.9 33.9)
2018-04-26,15,POINT(-116.0 43.7)
2018-08-21,4,POINT(-85.3 24.8)
2018-09-16,19,POINT(-100.9 45.1)
2018-12-25,17,POINT(-113.4 39.7)
2018-07-17,26,POINT(-76.9 30.0)
2018-05-17,56,POINT(-89.3 35.5)
2018-11-14,49,POINT(-102.3 49.0)
2018-06-14,59,POINT(-118.5 26.5)
2018-08-13,6,POINT(-93.1 35.0)
2018-11-03,3,POINT(-73.8 38.7)
2018-08-22,8,POINT(-90.2 24.1)
2018-06-21,46,POINT(-71.4 21.3)
2018-06-01,72,POINT(-113.2 20.4)
2018-11-11,40,POINT(-91.6 29.7)
2018-06-09,3,POINT(-80.1 22.2)
2018-04-06,59,POINT(-93.7 44.1)
2018-08-21,12,POINT(-115.4 49.9)
2018-06-29,1,POINT(-90.9 21.8)
2018-04-23,12,POINT(-89.4 33.0)
2018-11-14,1,POINT(-83.6 20.8)
2018-02-21,16,POINT(-81.9 24.0)
2018-09-25,9,POINT(-81.5 29.7)
2018-10-22,13,POINT(-86.8 31.8)
2018-04-23,19,POINT(-109.2 48.2)
2018-04-11,41,POINT(-99.8 31.9)
2018-04-23,22,POINT(-81.2 34.9)
2018-03-22,12,POINT(-72.3 27.4)
2018-07-06,35,POINT(-116.1 20.0)
2018-04-23,48,POINT(-93.2 47.0)
2018-01-02,3,POINT(-104.4 22.5)
2018-05-10,16,POINT(-108.7 48.9)
2018-08-08,7,POINT(-94.7 23.9)
2018-02-23,1,POINT(-89.7 38.1)
2018-12-09,23,POINT(-119.5 50.0)
2018-08-12,40,POINT(-81.0 24.2)
2018-08-13,4,POINT(-79.0 32.7)
2018-05-06,34,POINT(-71.7 43.4)
2018-05-10,39,POINT(-111.0 21.0)
2018-02-22,50,POINT(-90.3 40.7)
2018-06-21,7,POINT(-98.7 22.4)
2018-08-06,47,POINT(-103.3 27.1)
2018-06-09,8,POINT(-91.7 24.8)
2018-07-17,17,POINT(-80.9 47.2)
2018-09-04,2,POINT(-118.8 25.4)
2018-11-20,1,POINT(-71.5 21.2)
2018-07-22,26,POINT(-79.5 37.6)
2018-07-03,12,POINT(-82.4 30.4)
2018-05-03,6,POINT(-82.0 32.2)
2018-09-12,5,POINT(-100.5 23.6)
2018-10-21,23,POINT(-82.4 42.4)
2018-10-07,1,POINT(-100.7 38.0)
2018-11-21,33,POINT(-75.1 30.9)
2018-04-08,2,POINT(-111.1 25.1)
2018-07-17,5,POINT(-105.4 37.8)
2018-08-28,10,POINT(-92.4 43.4)
2018-05-24,14,POINT(-104.0 29.4)
2018-04-07,9,POINT(-98.8 20.8)
2018-07-20,8,POINT(-95.4 26.4)
2018-05-04,67,POINT(-77.2 40.5)
2018-07-06,21,POINT(-93.8 49.7)
2018-11-22,1,POINT(-101.9 20.4)
2018-12-15,12,POINT(-107.6 29.2)
2018-09-16,42,POINT(-99.6 21.9)
2018-05-28,8,POINT(-94.2 29.5)
2018-09-09,2,POINT(-82.7 32.2)
2018-12-12,29,POINT(-113.9 47.6)
2018-05-27,19,POINT(-108.9 22.4)
2018-05-28,17,POINT(-101.0 43.3)
2018-12-18,2,POINT(-102.0 31.9)
2018-07-18,4,POINT(-100.4 44.3)
2018-11-04,20,POINT(-80.3 35.4)
2018-05-08,5,POINT(-103.8 21.2)
2018-02-08,15,POINT(-94.9 48.4)
2018-12-04,16,POINT(-88.8 22.5)
2018-12-26,7,POINT(-108.4 37.9)
2018-05-09,60,POINT(-84.1 46.3)
2018-09-24,37,POINT(-92.6 22.4)
2018-05-31,26,POINT(-97.7 36.6)
2018-10-25,2,POINT(-79.5 44.7)
2018-04-09,3,POINT(-107.8 49.6)
2018-09-20,14,POINT(-75.8 41.7)
2018-09-09,4,POINT(-91.9 28.4)
2018-05-24,77,POINT(-89.5 41.0)
2018-12-12,4,POINT(-76.2 41.2)
2018-04-22,14,POINT(-79.1 41.0)
2018-03-01,10,POINT(-89.9 45.6)
2018-01-02,21,POINT(-82.3 22.6)
2018-10-31,3,POINT(-98.3 23.3)
2018-09-11,12,POINT(-92.6 39.2)
2018-05-20,7,POINT(-116.9 48.6)
2018-02-06,44,POINT(-115.5 34.0)
2018-06-09,1,POINT(-78.5 48.8)
2018-01-09,50,POINT(-117.0 48.1)
2018-08-21,36,POINT(-111.5 47.1)
2018-04-09,8,POINT(-80.2 47.3)
2018-05-27,32,POINT(-119.9 46.9)
2018-10-31,1,POINT(-105.9 44.6)
2018-07-27,69,POINT(-90.8 40.8)
2018-05-11,15,POINT(-90.2 20.7)
2018-06-01,8,POINT(-81.1 24.0)
2018-02-23,10,POINT(-94.7 24.0)
2018-04-30,2,POINT(-94.5 20.7)
2018-06-10,91,POINT(-83.7 23.5)
2018-04-26,1,POINT(-95.1 47.6)
2018-03-16,22,POINT(-89.6 39.9)
2018-04-23,12,POINT(-75.1 29.4)
2018-04-14,60,POINT(-99.9 43.8)
2018-12-06,6,POINT(-100.7 34.7)
2018-09-11,16,POINT(-119.8 24.3)
2018-08-15,14,POINT(-89.3 46.5)
2018-04-22,25,POINT(-118.5 30.2)
2018-04-09,2,POINT(-94.8 41.0)
2018-06-02,5,POINT(-79.8 28.7)
2018-12-15,5,POINT(-92.5 35.0)
2018-12-04,27,POINT(-106.5 44.5)
2018-07-13,5,POINT(-80.7 24.7)
2018-11-06,18,POINT(-106.5 49.3)
2018-06-12,5,POINT(-83.3 22.1)
2018-07-27,40,POINT(-89.5 36.0)
2018-06-18,58,POINT(-111.5 47.5)
2018-06-10,15,POINT(-74.7 48.4)
2018-03-09,9,POINT(-110.0 27.0)
2018-10-16,6,POINT(-70.5 24.3)
2018-10-04,2,POINT(-119.6 41.7)
2018-10-31,7,POINT(-106.8 21.3)
2018-05-15,22,POINT(-110.0 34.6)
2018-07-14,16,POINT(-119.3 43.9)
2018-05-08,58,POINT(-83.4 36.8)
2018-02-02,11,POINT(-85.3 25.6)
2018-06-25,24,POINT(-80.4 34.6)
2018-01-22,14,POINT(-107.2 47.6)
2018-08-26,15,POINT(-97.8 38.5)
2018-06-07,7,POINT(-87.0 41.6)
2018-02-07,13,POINT(-98.0 30.1)
2018-08-18,13,POINT(-85.1 25.7)
2018-12-31,25,POINT(-88.3 27.7)
2018-02-20,57,POINT(-114.3 36.0)
2018-09-21,8,POINT(-80.9 28.4)
2018-10-10,1,POINT(-84.0 36.3)
2018-01-27,14,POINT(-87.2 41.2)
2018-08-14,16,POINT(-112.2 42.0)
2018-10-04,4,POINT(-106.6 24.9)
2018-10-13,29,POINT(-100.3 42.5)
2018-04-07,84,POINT(-106.0 40.2)
2018-10-11,59,POINT(-108.6 20.4)
2018-11-13,5,POINT(-79.7 21.8)
2018-10-31,42,POINT(-88.1 39.4)
2018-05-27,25,POINT(-91.7 31.5)
2018-01-04,13,POINT(-108.7 24.4)
2018-02-04,16,POINT(-74.1 21.3)
2018-07-11,38,POINT(-110.4 24.8)
2018-02-18,14,POINT(-80.3 48.7)
2018-01-17,10,POINT(-71.7 41.8)
2018-06-21,14,POINT(-83.6 35.8)
2018-08-08,18,POINT(-70.4 48.2)
2018-06-07,5,POINT(-87.4 38.6)
2018-02-15,47,POINT(-109.1 41.8)
2018-01-06,23,POINT(-109.8 28.5)
2018-04-09,21,POINT(-103.8 37.7)
2018-08-21,3,POINT(-119.6 24.3)
2018-02-06,19,POINT(-85.9 32.1)
2018-10-07,3,POINT(-106.6 21.0)
2018-12-15,2,POINT(-79.2 26.5)
2018-10-29,15,POINT(-102.0 22.2)
2018-06-30,11,POINT(-96.0 31.6)
2018-04-05,18,POINT(-71.7 45.3)
2018-04-09,2,POINT(-107.9 31.3)
2018-07-07,12,POINT(-83.9 44.9)
2018-04-26,4,POINT(-82.2 39.7)
2018-07-10,88,POINT(-109.0 35.3)
2018-09-10,17,POINT(-95.0 27.1)
2018-06-10,24,POINT(-102.5 47.7)
2018-09-13,8,POINT(-81.4 21.6)
2018-11-19,2,POINT(-88.9 40.7)
2018-05-08,75,POINT(-96.2 38.6)
2018-01-18,7,POINT(-81.0 33.2)
2018-10-08,12,POINT(-108.2 27.2)
2018-08-11,21,POINT(-82.3 32.9)
2018-02-23,1,POINT(-76.7 46.2)
2018-02-27,34,POINT(-76.1 45.1)
2018-11-19,16,POINT(-80.8 48.2)
2018-12-26,7,POINT(-99.6 29.2)
2018-06-23,2,POINT(-70.9 31.6)
2018-10-07,4,POINT(-101.0 20.6)
2018-04-24,46,POINT(-88.1 48.3)
2018-10-15,24,POINT(-111.9 29.9)
2018-12-08,6,POINT(-71.0 32.1)
2018-05-31,2,POINT(-84.8 47.2)
2018-05-07,24,POINT(-82.3 35.8)
2018-06-04,17,POINT(-116.7 37.0)
2018-09-30,11,POINT(-81.8 25.3)
2018-04-14,10,POINT(-81.3 35.0)
2018-10-26,5,POINT(-86.4 47.5)
2018-09-03,23,POINT(-105.4 36.8)
2018-06-25,71,POINT(-95.5 27.7)
2018-02-08,4,POINT(-114.5 20.9)
2018-06-19,19,POINT(-96.4 30.1)
2018-09-04,12,POINT(-107.8 37.2)
2018-01-26,12,POINT(-102.5 21.3)
2018-12-21,6,POINT(-111.9 38.3)
2018-11-02,35,POINT(-108.5 35.7)
2018-01-13,14,POINT(-116.2 43.5)
2018-11-12,16,POINT(-74.0 20.9)
2018-11-09,8,POINT(-93.5 43.4)
2018-02-05,5,POINT(-100.2 35.6)
2018-06-22,2,POINT(-93.2 31.1)
2018-01-20,26,POINT(-88.6 49.0)
2018-11-17,5,POINT(-73.9 24.8)
2018-09-21,24,POINT(-111.1 36.2)
2018-05-22,10,POINT(-105.2 29.6)
2018-05-23,11,POINT(-71.2 35.8)
2018-04-02,13,POINT(-101.4 36.6)
2018-12-20,10,POINT(-118.9 22.7)
2018-11-18,3,POINT(-112.6 39.8)
2018-10-15,8,POINT(-118.7 39.0)
2018-08-03,22,POINT(-70.5 43.1)
2018-12-08,22,POINT(-106.1 22.7)
2018-02-20,7,POINT(-73.8 28.9)
2018-06-02,13,POINT(-70.2 39.5)
2018-07-05,5,POINT(-90.0 24.1)
2018-03-04,5,POINT(-118.3 40.3)
2018-07-09,1,POINT(-115.9 21.8)
2018-05-05,46,POINT(-95.9 30.0)
2018-05-30,5,POINT(-99.7 45.4)
2018-11-10,6,POINT(-89.7 43.2)
2018-02-27,7,POINT(-98.1 39.3)
2018-12-08,3,POINT(-73.3 46.1)
2018-11-01,21,POINT(-93.3 41.3)
2018-06-29,2,POINT(-85.3 35.6)
2018-06-19,3,POINT(-75.2 49.4)
2018-11-22,21,POINT(-112.7 40.8)
2018-09-28,9,POINT(-108.5 38.0)
2018-02-23,25,POINT(-114.6 32.3)
2018-04-11,17,POINT(-113.0 47.1)
2018-09-21,6,POINT(-94.4 28.9)
2018-02-22,22,POINT(-103.9 20.3)
2018-03-01,3,POINT(-98.8 25.9)
2018-04-18,16,POINT(-70.9 23.3)
2018-01-05,12,POINT(-112.2 29.6)
2018-04-13,7,POINT(-93.0 44.8)
2018-07-15,19,POINT(-115.1 39.5)
2018-09-19,42,POINT(-104.1 25.1)
2018-12-31,137,POINT(-93.6 43.7)
2018-12-16,19,POINT(-72.7 35.1)
2018-02-16,11,POINT(-100.4 35.4)
2018-12-21,6,POINT(-116.8 30.9)
2018-11-07,6,POINT(-100.6 45.9)
2018-11-04,14,POINT(-112.7 29.5)
2018-05-24,10,POINT(-108.5 22.8)
2018-09-26,50,POINT(-89.1 29.1)
2018-05-04,10,POINT(-116.6 41.5)
2018-04-16,10,POINT(-96.8 39.7)
2018-06-07,10,POINT(-89.5 25.6)
2018-05-27,37,POINT(-98.9 23.4)
2018-05-25,22,POINT(-119.0 39.8)
2018-04-30,20,POINT(-70.7 40.3)
2018-11-15,9,POINT(-101.6 31.0)
2018-10-02,35,POINT(-81.1 45.3)
2018-04-02,1,POINT(-103.7 49.3)
2018-02-27,41,POINT(-96.2 26.2)
2018-12-12,15,POINT(-100.6 37.3)
2018-08-17,11,POINT(-102.9 20.2)
2018-04-27,14,POINT(-118.9 41.4)
2018-11-14,23,POINT(-102.0 32.4)
2018-10-06,1,POINT(-75.5 25.8)
2018-05-07,42,POINT(-85.5 42.6)
2018-05-09,12,POINT(-112.7 44.3)
2018-02-27,9,POINT(-90.4 23.3)
2018-05-02,3,POINT(-75.4 21.2)
2018-01-01,12,POINT(-85.0 30.0)
2018-08-27,14,POINT(-112.6 38.8)
2018-10-17,11,POINT(-76.6 43.8)
2018-04-06,23,POINT(-104.9 36.4)
2018-05-06,11,POINT(-97.3 37.4)
2018-04-28,66,POINT(-93.7 44.0)
2018-02-17,19,POINT(-77.5 35.9)
2018-03-30,33,POINT(-73.4 38.3)
2018-08-25,3,POINT(-73.5 35.5)
2018-09-29,11,POINT(-119.6 46.4)
2018-07-08,9,POINT(-73.9 27.1)
2018-07-11,17,POINT(-117.3 27.9)
2018-03-10,40,POINT(-106.7 23.8)
2018-10-05,2,POINT(-94.3 44.6)
2018-12-15,2,POINT(-96.0 32.4)
2018-09-04,38,POINT(-89.8 30.4)
2018-03-17,5,POINT(-96.0 49.4)
2018-06-03,23,POINT(-73.3 47.8)
2018-05-24,16,POINT(-108.0 49.2)
2018-03-27,36,POINT(-106.3 24.3)
2018-07-04,3,POINT(-74.0 46.7)
2018-10-12,3,POINT(-116.2 29.9)
2018-08-08,17,POINT(-89.5 20.4)
2018-03-10,59,POINT(-85.9 31.7)
2018-02-16,11,POINT(-94.7 35.3)
2018-04-04,8,POINT(-85.3 23.2)
2018-08-26,19,POINT(-111.4 36.1)
2018-07-23,54,POINT(-77.4 44.6)
2018-08-06,37,POINT(-113.0 31.3)
2018-12-07,109,POINT(-100.0 30.6)
2018-02-08,1,POINT(-116.2 30.2)
2018-04-10,3,POINT(-92.7 47.7)
2018-10-16,19,POINT(-86.5 21.5)
2018-09-11,35,POINT(-72.9 33.4)
2018-08-10,7,POINT(-83.0 27.9)
2018-12-23,6,POINT(-92.9 46.8)
2018-01-23,31,POINT(-73.4 22.9)
2018-09-07,2,POINT(-96.1 32.3)
2018-01-10,10,POINT(-91.9 32.2)
2018-09-03,15,POINT(-90.2 46.7)
2018-11-21,17,POINT(-99.5 26.5)
2018-04-10,27,POINT(-78.1 39.3)
2018-10-17,9,POINT(-110.7 24.0)
2018-06-29,19,POINT(-92.3 48.6)
2018-08-11,18,POINT(-83.9 37.8)
2018-09-07,16,POINT(-74.8 38.8)
2018-05-27,21,POINT(-75.8 33.0)
2018-04-06,7,POINT(-94.6 30.3)
2018-09-14,2,POINT(-87.8 26.4)
2018-11-21,3,POINT(-100.3 38.1)
2018-01-04,6,POINT(-96.6 48.6)
2018-01-16,14,POINT(-74.7 30.8)
2018-10-07,37,POINT(-73.5 46.5)
2018-12-02,25,POINT(-75.2 24.5)
2018-09-04,32,POINT(-113.1 48.1)
2018-09-15,9,POINT(-77.5 30.5)
2018-06-09,11,POINT(-72.6 31.4)
2018-12-06,11,POINT(-101.9 33.9)
2018-06-01,5,POINT(-94.1 41.5)
2018-06-27,2,POINT(-81.0 41.6)
2018-06-12,18,POINT(-91.9 34.4)
2018-02-02,91,POINT(-70.3 35.7)
2018-06-28,4,POINT(-97.2 20.9)
2018-04-11,1,POINT(-84.3 29.1)
2018-09-25,31,POINT(-80.4 30.4)
2018-11-19,6,POINT(-95.3 36.8)
2018-03-06,36,POINT(-77.2 36.7)
2018-06-17,25,POINT(-92.7 41.3)
2018-11-26,59,POINT(-99.4 41.5)
2018-02-12,11,POINT(-114.6 27.1)
2018-02-13,22,POINT(-100.3 43.1)
2018-10-12,13,POINT(-83.3 20.6)
2018-01-12,20,POINT(-73.9 41.5)
2018-04-05,12,POINT(-107.4 23.1)
2018-10-29,5,POINT(-102.2 41.9)
2018-09-10,15,POINT(-112.3 35.8)
2018-08-30,16,POINT(-85.5 33.1)
2018-02-04,34,POINT(-72.0 40.7)
2018-08-03,27,POINT(-88.0 21.1)
2018-12-03,22,POINT(-89.1 26.7)
2018-03-31,3,POINT(-92.3 38.5)
2018-09-21,26,POINT(-115.6 45.4)
2018-04-03,14,POINT(-83.5 31.4)
2018-03-31,45,POINT(-89.9 27.8)
2018-04-25,51,POINT(-86.9 35.6)
2018-04-15,2,POINT(-75.1 38.7)
2018-07-15,35,POINT(-80.8 32.6)
2018-11-10,1,POINT(-81.0 46.3)
2018-04-24,10,POINT(-73.6 35.7)
2018-03-16,16,POINT(-70.5 21.1)
2018-08-05,4,POINT(-90.9 26.7)
2018-10-04,28,POINT(-114.6 33.5)
2018-09-06,1,POINT(-97.0 40.9)
2018-06-13,4,POINT(-80.6 26.6)
2018-12-23,18,POINT(-118.6 49.3)
2018-07-11,26,POINT(-117.2 29.6)
2018-08-15,50,POINT(-116.6 36.0)
2018-06-26,25,POINT(-83.4 20.6)
2018-04-09,23,POINT(-94.9 46.5)
2018-02-05,11,POINT(-101.6 43.7)
2018-04-06,1,POINT(-114.7 25.9)
2018-06-01,3,POINT(-83.4 48.0)
2018-05-31,16,POINT(-103.9 29.5)
2018-07-09,23,POINT(-106.7 40.8)
2018-08-12,11,POINT(-87.4 44.6)
2018-02-06,27,POINT(-92.0 42.2)
2018-09-25,15,POINT(-101.9 47.5)
2018-07-02,2,POINT(-87.9 45.9)
2018-01-13,5,POINT(-106.4 49.8)
2018-10-06,37,POINT(-80.3 25.5)
2018-08-05,26,POINT(-108.5 29.1)
2018-12-21,46,POINT(-112.1 39.1)
2018-12-27,3,POINT(-80.9 42.0)
2018-10-13,93,POINT(-84.6 36.0)
2018-09-30,5,POINT(-110.9 22.2)
2018-03-03,1,POINT(-114.2 45.2)
2018-03-25,120,POINT(-78.1 48.8)
2018-08-05,7,POINT(-81.2 32.2)
2018-12-08,23,POINT(-103.6 26.7)
2018-07-06,4,POINT(-87.1 20.6)
2018-01-19,18,POINT(-113.8 27.1)
2018-06-26,47,POINT(-94.6 41.0)
2018-04-10,8,POINT(-119.1 47.3)
2018-08-21,23,POINT(-100.4 22.8)
2018-03-17,5,POINT(-116.3 36.6)
2018-09-22,20,POINT(-96.2 40.9)
2018-10-11,9,POINT(-98.9 28.3)
2018-07-25,5,POINT(-97.8 37.1)
2018-08-11,8,POINT(-117.7 41.5)
2018-02-21,4,POINT(-101.9 45.1)
2018-12-05,47,POINT(-82.2 33.6)
2018-05-24,11,POINT(-101.6 42.4)
2018-03-10,6,POINT(-84.2 29.1)
2018-04-09,12,POINT(-101.5 26.4)
2018-01-25,8,POINT(-98.8 25.6)
2018-02-22,28,POINT(-91.8 30.8)
2018-05-31,71,POINT(-72.5 21.1)
2018-05-24,12,POINT(-114.6 28.5)
2018-02-26,40,POINT(-118.4 39.6)
2018-02-08,17,POINT(-89.6 39.4)
2018-04-19,4,POINT(-72.5 22.2)
2018-06-30,24,POINT(-70.5 28.6)
2018-02-11,15,POINT(-95.8 37.1)
2018-07-05,22,POINT(-96.6 29.6)
2018-08-11,45,POINT(-87.8 32.5)
2018-05-02,12,POINT(-92.2 41.4)
2018-05-13,47,POINT(-88.3 20.3)
2018-06-12,28,POINT(-76.3 28.3)
2018-08-03,14,POINT(-82.7 24.3)
2018-08-09,19,POINT(-95.2 23.8)
2018-08-23,8,POINT(-96.9 48.8)
2018-11-27,83,POINT(-88.0 31.3)
2018-05-26,23,POINT(-97.2 35.8)
2018-08-27,1,POINT(-97.1 42.0)
2018-03-17,8,POINT(-119.2 21.4)
2018-01-09,20,POINT(-111.3 27.2)
2018-03-15,2,POINT(-95.6 45.0)
2018-09-10,1,POINT(-78.9 45.9)
2018-08-18,12,POINT(-106.1 31.2)
2018-01-07,9,POINT(-93.9 31.2)
2018-06-23,12,POINT(-102.8 42.7)
2018-05-21,7,POINT(-114.8 28.9)
2018-06-17,4,POINT(-72.1 23.5)
2018-06-19,24,POINT(-77.3 27.7)
2018-10-10,15,POINT(-116.1 31.6)
2018-05-02,5,POINT(-84.0 21.6)
2018-07-13,8,POINT(-102.6 34.4)
2018-01-05,18,POINT(-70.3 42.2)
2018-01-29,2,POINT(-104.9 35.4)
2018-06-14,4,POINT(-108.1 22.2)
2018-12-05,2,POINT(-91.6 33.2)
2018-05-16,34,POINT(-78.2 41.3)
2018-12-31,28,POINT(-110.4 21.7)
2018-11-17,28,POINT(-84.5 21.8)
2018-12-08,26,POINT(-116.9 31.1)
2018-05-25,23,POINT(-74.1 25.8)
2018-11-23,13,POINT(-115.9 48.0)
2018-08-05,21,POINT(-74.3 37.4)
2018-10-28,1,POINT(-95.5 28.6)
2018-05-12,20,POINT(-97.6 41.1)
2018-10-19,31,POINT(-71.3 31.2)
2018-03-11,14,POINT(-70.5 24.0)
2018-09-09,9,POINT(-87.5 27.1)
2018-10-02,7,POINT(-113.6 39.3)
2018-12-30,21,POINT(-94.7 21.6)
2018-07-01,24,POINT(-93.5 28.2)
2018-06-16,41,POINT(-94.3 26.2)
2018-04-01,9,POINT(-91.5 26.0)
2018-07-21,30,POINT(-119.1 40.5)
2018-12-12,17,POINT(-84.4 44.8)
2018-01-19,43,POINT(-84.4 41.5)
2018-02-08,16,POINT(-114.2 39.4)
2018-05-06,15,POINT(-91.5 47.5)
2018-06-22,18,POINT(-91.6 21.8)
2018-05-21,28,POINT(-85.9 25.0)
2018-08-30,67,POINT(-115.7 32.4)
2018-08-08,2,POINT(-88.7 31.2)
2018-05-06,2,POINT(-106.0 32.5)
2018-02-27,56,POINT(-94.6 26.2)
2018-05-28,16,POINT(-81.3 24.5)
2018-11-13,20,POINT(-84.7 35.3)
2018-12-27,14,POINT(-114.1 47.8)
2018-01-01,2,POINT(-90.4 31.8)
2018-12-14,30,POINT(-71.5 21.3)
2018-07-09,28,POINT(-112.2 41.2)
2018-07-10,8,POINT(-77.4 28.7)
2018-11-08,8,POINT(-84.9 27.4)
2018-04-27,37,POINT(-81.3 29.7)
2018-05-14,2,POINT(-105.9 41.7)
2018-02-27,43,POINT(-105.6 44.6)
2018-02-13,6,POINT(-74.7 37.6)
2018-06-22,18,POINT(-102.0 29.7)
2018-06-09,55,POINT(-116.8 29.3)
2018-06-22,23,POINT(-90.0 23.7)
2018-11-13,11,POINT(-113.8 48.0)
2018-10-30,24,POINT(-80.2 39.1)
2018-05-29,9,POINT(-87.9 20.8)
2018-03-21,7,POINT(-76.3 39.9)
2018-08-01,115,POINT(-80.8 33.4)
2018-07-22,28,POINT(-114.4 49.2)
2018-09-09,21,POINT(-100.9 44.6)
2018-08-17,9,POINT(-81.3 25.1)
2018-06-13,2,POINT(-99.1 41.6)
2018-08-15,1,POINT(-71.4 34.6)
2018-05-27,17,POINT(-83.2 25.6)
2018-01-20,29,POINT(-119.2 41.0)
2018-02-16,16,POINT(-76.0 36.4)
2018-08-21,37,POINT(-115.0 20.9)
2018-11-01,1,POINT(-113.0 39.4)
2018-01-14,10,POINT(-83.3 39.0)
2018-05-23,6,POINT(-76.8 24.3)
2018-01-01,12,POINT(-93.2 30.5)
2018-02-23,2,POINT(-105.5 37.6)
2018-09-16,62,POINT(-102.4 24.2)
2018-05-24,6,POINT(-102.9 45.6)
2018-01-12,52,POINT(-103.7 20.8)
2018-11-26,12,POINT(-107.9 23.1)
2018-08-12,85,POINT(-89.6 23.5)
2018-09-29,17,POINT(-75.0 35.8)
2018-12-24,54,POINT(-104.6 38.6)
2018-06-05,1,POINT(-110.7 32.1)
2018-01-08,28,POINT(-78.1 28.7)
2018-05-02,47,POINT(-82.9 44.3)
2018-12-14,4,POINT(-73.5 22.0)
2018-06-13,3,POINT(-111.7 28.4)
2018-03-31,12,POINT(-112.8 21.2)
2018-05-16,55,POINT(-92.9 20.4)
2018-07-05,16,POINT(-89.3 30.6)
2018-11-12,15,POINT(-96.0 25.8)
2018-06-27,4,POINT(-90.1 28.1)
2018-01-28,1,POINT(-111.0 44.6)
2018-08-08,34,POINT(-96.0 24.9)
2018-12-23,2,POINT(-87.1 43.4)
2018-02-10,21,POINT(-98.4 40.3)
2018-08-16,50,POINT(-86.0 29.8)
2018-07-11,5,POINT(-97.4 36.4)
2018-05-25,22,POINT(-103.3 33.3)
2018-07-20,2,POINT(-104.8 23.9)
2018-07-31,19,POINT(-99.5 47.2)
2018-08-08,4,POINT(-118.8 37.1)
2018-08-28,27,POINT(-86.6 46.4)
2018-02-15,8,POINT(-77.7 44.7)
2018-02-04,13,POINT(-102.3 22.4)
2018-09-10,19,POINT(-117.7 26.2)
2018-03-23,4,POINT(-70.7 24.4)
2018-09-13,28,POINT(-106.8 44.9)
2018-07-16,8,POINT(-113.7 45.9)
2018-10-30,22,POINT(-101.5 35.8)
2018-01-10,4,POINT(-83.1 23.1)
2018-11-08,24,POINT(-105.3 24.1)
2018-10-13,3,POINT(-91.3 44.4)
2018-08-30,12,POINT(-99.2 47.9)
2018-09-08,6,POINT(-114.1 26.0)
2018-12-31,28,POINT(-103.5 20.3)
2018-01-05,7,POINT(-83.8 29.9)
2018-04-29,43,POINT(-89.4 20.9)
2018-10-16,45,POINT(-114.0 44.8)
2018-03-06,5,POINT(-111.8 34.7)
2018-05-26,20,POINT(-88.0 39.3)
2018-08-12,2,POINT(-79.3 32.3)
2018-08-27,10,POINT(-102.5 30.4)
2018-06-26,25,POINT(-90.2 26.7)
2018-09-24,22,POINT(-111.5 43.1)
2018-12-07,20,POINT(-104.4 40.9)
2018-10-09,7,POINT(-119.0 30.8)
2018-03-04,10,POINT(-81.6 29.6)
2018-08-05,3,POINT(-99.9 20.0)
2018-12-08,26,POINT(-79.2 21.9)
2018-11-11,15,POINT(-84.6 38.7)
2018-10-10,25,POINT(-78.6 35.4)
2018-06-26,6,POINT(-105.7 33.0)
2018-04-08,8,POINT(-110.7 44.8)
2018-04-15,9,POINT(-71.4 35.1)
2018-04-09,1,POINT(-84.1 31.5)
2018-11-07,9,POINT(-78.3 24.8)
2018-01-06,33,POINT(-119.3 44.6)
2018-07-16,46,POINT(-102.3 37.3)
2018-12-17,15,POINT(-82.9 22.8)
2018-05-13,13,POINT(-116.1 39.5)
2018-12-24,1,POINT(-91.6 32.8)
2018-09-16,43,POINT(-98.5 44.3)
2018-01-23,1,POINT(-119.1 47.6)
2018-02-22,58,POINT(-108.2 38.0)
2018-06-14,14,POINT(-105.8 41.9)
2018-07-21,9,POINT(-114.4 21.7)
2018-03-24,52,POINT(-88.4 36.8)
2018-05-25,1,POINT(-107.9 42.7)
2018-03-26,18,POINT(-106.1 34.9)
2018-03-19,16,POINT(-75.1 37.8)
2018-01-01,5,POINT(-96.6 47.0)
2018-02-20,12,POINT(-100.4 25.9)
2018-06-22,22,POINT(-83.8 22.9)
2018-07-24,26,POINT(-74.5 40.7)
2018-09-17,1,POINT(-118.7 44.7)
2018-10-15,56,POINT(-97.6 45.5)
2018-02-03,4,POINT(-89.5 39.2)
2018-12-14,6,POINT(-104.1 45.0)
2018-04-05,7,POINT(-81.4 41.0)
2018-03-13,1,POINT(-71.4 22.6)
2018-02-08,3,POINT(-72.8 42.9)
2018-06-03,86,POINT(-106.7 25.4)
2018-09-07,8,POINT(-108.7 27.1)
2018-06-11,3,POINT(-72.1 31.8)
2018-04-28,3,POINT(-97.1 29.4)
2018-09-16,26,POINT(-109.6 29.6)
2018-11-02,39,POINT(-84.7 25.1)
2018-09-25,6,POINT(-105.8 28.8)
2018-02-23,1,POINT(-106.6 20.6)
2018-08-24,6,POINT(-76.0 34.2)
2018-08-10,2,POINT(-111.9 43.1)
2018-09-08,3,POINT(-116.8 45.9)
2018-11-09,12,POINT(-106.5 44.6)
2018-04-22,6,POINT(-89.7 32.5)
2018-09-12,15,POINT(-113.8 41.9)
2018-10-30,6,POINT(-96.4 28.6)
2018-07-26,57,POINT(-88.6 21.7)
2018-08-17,48,POINT(-77.6 40.3)
2018-12-07,17,POINT(-108.5 39.5)
2018-03-07,9,POINT(-79.1 44.0)
2018-03-16,10,POINT(-108.3 38.5)
2018-04-13,11,POINT(-86.2 24.7)
2018-07-11,27,POINT(-98.5 45.6)
2018-09-09,13,POINT(-114.3 38.8)
2018-08-14,39,POINT(-84.3 44.2)
2018-10-21,58,POINT(-109.1 43.2)
2018-11-02,9,POINT(-111.2 28.9)
2018-04-08,17,POINT(-102.1 22.2)
2018-12-04,2,POINT(-87.3 25.3)
2018-10-13,5,POINT(-108.3 22.8)
2018-12-01,11,POINT(-110.8 27.3)
2018-12-13,5,POINT(-119.5 33.8)
2018-11-04,42,POINT(-96.4 47.2)
2018-09-06,4,POINT(-98.6 46.2)
2018-06-15,13,POINT(-108.3 41.6)
2018-12-01,19,POINT(-117.3 20.7)
2018-01-30,24,POINT(-98.5 30.2)
2018-09-04,10,POINT(-80.6 40.5)
2018-04-16,41,POINT(-84.2 23.9)
2018-02-20,17,POINT(-77.0 44.0)
2018-03-22,12,POINT(-119.5 47.4)
2018-05-13,2,POINT(-71.7 30.6)
2018-10-12,13,POINT(-102.9 41.2)
2018-05-18,35,POINT(-70.5 24.4)
2018-07-03,20,POINT(-107.4 40.7)
2018-11-26,36,POINT(-96.4 20.6)
2018-09-30,14,POINT(-102.3 24.5)
2018-12-06,3,POINT(-102.2 41.3)
2018-03-10,1,POINT(-77.9 41.4)
2018-02-03,8,POINT(-82.7 39.2)
2018-09-19,24,POINT(-70.4 34.3)
2018-02-22,32,POINT(-89.3 40.2)
2018-07-24,8,POINT(-96.8 43.2)
2018-05-06,14,POINT(-115.5 49.0)
2018-08-23,11,POINT(-70.2 46.7)
2018-02-12,11,POINT(-92.4 43.8)
2018-08-28,6,POINT(-85.0 40.8)
2018-04-21,3,POINT(-99.7 37.2)
2018-09-06,5,POINT(-92.6 23.6)
2018-05-31,2,POINT(-72.9 25.0)
2018-07-02,5,POINT(-111.7 44.6)
2018-12-02,1,POINT(-105.4 44.1)
2018-04-05,20,POINT(-112.4 38.4)
2018-01-08,8,POINT(-80.4 33.2)
2018-12-26,73,POINT(-116.9 20.8)
2018-07-03,5,POINT(-115.9 29.8)
2018-10-08,9,POINT(-105.1 32.6)
2018-07-14,9,POINT(-94.3 34.6)
2018-12-18,1,POINT(-99.7 47.9)
2018-07-14,37,POINT(-117.8 23.3)
2018-06-04,1,POINT(-72.1 35.6)
2018-04-03,57,POINT(-72.4 31.0)
2018-06-09,45,POINT(-106.0 49.7)
2018-03-02,16,POINT(-83.4 45.9)
2018-05-02,16,POINT(-91.1 33.2)
2018-02-20,22,POINT(-108.1 50.0)
2018-10-04,10,POINT(-106.9 35.4)
2018-01-05,21,POINT(-95.4 25.0)
2018-04-02,1,POINT(-99.0 36.7)
2018-06-19,2,POINT(-105.4 26.8)
2018-11-13,13,POINT(-79.6 39.1)
2018-01-22,16,POINT(-95.9 48.1)
2018-11-22,44,POINT(-87.3 43.6)
2018-01-01,3,POINT(-110.5 28.2)
2018-05-13,35,POINT(-93.3 28.9)
2018-08-21,5,POINT(-104.1 22.1)
2018-01-12,11,POINT(-93.7 28.6)
2018-12-12,8,POINT(-81.0 22.8)
2018-02-15,11,POINT(-81.6 35.0)
2018-02-03,4,POINT(-102.3 41.3)
2018-03-19,15,POINT(-85.3 42.5)
2018-08-06,33,POINT(-72.9 21.8)
2018-10-28,12,POINT(-88.7 30.2)
2018-03-14,14,POINT(-112.6 28.6)
2018-10-09,38,POINT(-86.0 23.1)
2018-09-06,25,POINT(-114.8 30.9)
2018-02-16,14,POINT(-76.4 29.0)
2018-05-01,6,POINT(-94.2 39.0)
2018-08-02,44,POINT(-100.7 46.5)
2018-08-27,18,POINT(-117.1 33.6)
2018-02-25,5,POINT(-101.0 42.4)
2018-12-16,7,POINT(-74.8 24.4)
2018-04-17,33,POINT(-119.0 46.8)
2018-11-15,1,POINT(-96.3 24.6)
2018-02-17,97,POINT(-73.4 25.8)
2018-03-02,3,POINT(-100.3 23.2)
2018-12-03,32,POINT(-98.6 29.3)
2018-01-26,11,POINT(-91.1 36.6)
2018-10-19,14,POINT(-96.9 49.6)
2018-09-14,43,POINT(-111.6 43.8)
2018-01-08,11,POINT(-119.1 31.4)
2018-04-23,16,POINT(-89.5 37.3)
2018-12-21,2,POINT(-74.0 38.7)
2018-09-10,1,POINT(-114.7 44.7)
2018-06-29,6,POINT(-109.5 42.1)
2018-07-26,23,POINT(-101.5 37.1)
2018-10-30,3,POINT(-79.6 40.1)
2018-05-07,3,POINT(-106.5 42.4)
2018-02-25,11,POINT(-75.9 24.0)
2018-08-02,21,POINT(-117.3 26.0)
2018-01-14,25,POINT(-73.0 40.7)
2018-01-28,4,POINT(-92.0 45.5)
2018-03-19,2,POINT(-87.1 32.3)
2018-08-04,57,POINT(-101.6 49.4)
2018-12-31,7,POINT(-80.9 26.5)
2018-06-03,39,POINT(-111.7 32.5)
2018-01-14,40,POINT(-117.6 31.4)
2018-07-06,30,POINT(-100.2 47.9)
2018-11-08,4,POINT(-77.3 28.6)
2018-01-07,35,POINT(-82.3 34.1)
2018-01-03,30,POINT(-94.1 25.6)
2018-04-21,19,POINT(-91.4 35.6)
2018-08-26,9,POINT(-113.5 45.7)
2018-12-29,7,POINT(-78.0 29.1)
2018-08-27,3,POINT(-80.7 44.3)
2018-10-01,15,POINT(-87.2 47.3)
2018-10-21,18,POINT(-96.7 22.2)
2018-08-15,9,POINT(-71.8 42.7)
2018-01-15,13,POINT(-76.0 27.7)
2018-07-11,10,POINT(-87.8 25.3)
2018-04-29,21,POINT(-101.4 38.0)
2018-01-28,47,POINT(-89.1 41.2)
2018-07-21,4,POINT(-91.2 31.8)
2018-02-08,10,POINT(-100.3 21.2)
2018-09-30,4,POINT(-104.7 47.3)
2018-08-19,20,POINT(-99.6 41.9)
2018-03-27,27,POINT(-91.3 28.2)
2018-05-06,54,POINT(-98.6 34.9)
2018-10-27,7,POINT(-106.8 20.8)
2018-01-25,60,POINT(-82.0 30.2)
2018-05-25,2,POINT(-93.4 35.7)
2018-01-13,19,POINT(-116.6 35.5)
2018-07-31,2,POINT(-101.6 26.2)
2018-01-25,45,POINT(-75.8 43.3)
2018-03-09,16,POINT(-82.2 29.0)
2018-03-08,23,POINT(-103.8 37.4)
2018-08-21,36,POINT(-73.1 28.1)
2018-04-19,4,POINT(-116.2 32.8)
2018-05-26,1,POINT(-71.9 26.2)
2018-04-21,43,POINT(-107.7 39.0)
2018-08-16,8,POINT(-119.5 32.8)
2018-04-21,3,POINT(-98.3 20.5)
2018-02-03,13,POINT(-102.1 20.8)
2018-04-21,19,POINT(-93.0 34.1)
2018-09-21,1,POINT(-80.2 25.5)
2018-08-24,7,POINT(-77.9 37.6)
2018-03-24,1,POINT(-99.9 32.2)
2018-02-11,11,POINT(-98.5 39.6)
2018-04-11,46,POINT(-112.6 48.6)
2018-01-06,82,POINT(-117.6 35.9)
2018-06-29,21,POINT(-87.9 43.6)
2018-10-09,4,POINT(-116.8 42.6)
2018-11-16,48,POINT(-83.3 47.7)
2018-08-14,15,POINT(-93.0 26.4)
2018-11-11,4,POINT(-110.1 44.8)
2018-12-31,51,POINT(-93.0 47.2)
2018-08-17,29,POINT(-110.9 31.8)
2018-10-16,27,POINT(-98.1 29.4)
2018-05-30,25,POINT(-80.0 48.6)
2018-10-04,5,POINT(-96.9 38.8)
2018-07-17,5,POINT(-112.6 31.4)
2018-03-11,24,POINT(-83.8 43.8)
2018-04-22,5,POINT(-110.7 29.1)
2018-01-04,12,POINT(-83.1 25.3)
2018-12-16,31,POINT(-96.0 36.3)
2018-11-27,31,POINT(-97.3 37.0)
2018-11-14,13,POINT(-77.4 44.8)
2018-12-16,32,POINT(-84.6 33.7)
2018-04-05,37,POINT(-118.4 44.4)
2018-06-01,22,POINT(-105.2 29.3)
2018-11-07,6,POINT(-76.5 37.3)
2018-05-17,7,POINT(-119.1 26.3)
2018-09-04,8,POINT(-92.7 31.6)
2018-08-31,3,POINT(-83.6 45.7)
2018-01-31,7,POINT(-88.9 26.5)
2018-02-09,5,POINT(-82.0 44.3)
2018-08-17,13,POINT(-83.7 28.5)
2018-02-05,48,POINT(-85.4 21.0)
2018-08-11,3,POINT(-78.9 23.3)
2018-01-06,26,POINT(-87.7 42.4)
2018-11-18,24,POINT(-99.9 27.9)
2018-08-08,3,POINT(-96.4 39.6)
2018-03-16,52,POINT(-84.2 41.0)
2018-01-04,17,POINT(-76.2 30.4)
2018-12-01,10,POINT(-106.4 34.2)
2018-05-14,29,POINT(-102.9 32.1)
2018-04-28,6,POINT(-73.5 48.4)
2018-04-04,24,POINT(-91.1 29.6)
2018-03-03,1,POINT(-111.1 25.5)
2018-07-13,37,POINT(-86.8 31.0)
2018-12-01,12,POINT(-70.5 40.1)
2018-07-22,21,POINT(-78.8 40.9)
2018-01-26,6,POINT(-82.7 47.7)
2018-06-22,23,POINT(-109.6 46.5)
2018-10-27,30,POINT(-76.2 28.6)
2018-05-13,13,POINT(-93.7 33.7)
2018-11-22,20,POINT(-75.5 42.4)
2018-04-28,13,POINT(-103.5 47.5)
2018-11-20,45,POINT(-116.9 30.1)
2018-10-02,14,POINT(-96.2 33.3)
2018-07-31,37,POINT(-106.5 47.0)
2018-08-13,33,POINT(-84.2 30.8)
2018-01-20,11,POINT(-72.1 34.4)
2018-04-23,6,POINT(-85.5 47.1)
2018-05-20,11,POINT(-75.7 44.1)
2018-02-16,35,POINT(-97.3 27.3)
2018-01-01,6,POINT(-81.4 29.7)
2018-03-31,15,POINT(-77.8 30.6)
2018-05-22,33,POINT(-84.5 47.4)
2018-11-16,9,POINT(-94.6 50.0)
2018-02-07,21,POINT(-88.7 43.2)
2018-10-20,6,POINT(-85.0 34.5)
2018-05-19,3,POINT(-107.3 20.3)
2018-12-22,32,POINT(-79.5 40.9)
2018-11-29,3,POINT(-72.5 31.7)
2018-09-16,7,POINT(-96.7 39.0)
2018-06-10,39,POINT(-84.9 38.2)
2018-06-27,9,POINT(-83.1 34.4)
2018-01-10,73,POINT(-86.9 48.3)
2018-09-18,78,POINT(-92.6 20.7)
2018-05-18,7,POINT(-75.9 41.4)
2018-06-21,1,POINT(-97.6 32.3)
2018-01-13,25,POINT(-116.9 41.4)
2018-06-17,12,POINT(-77.8 40.3)
2018-05-10,3,POINT(-86.3 20.3)
2018-03-25,25,POINT(-77.5 28.6)
2018-11-17,1,POINT(-113.1 25.7)
2018-11-15,41,POINT(-118.5 25.0)
2018-04-11,3,POINT(-73.3 41.9)
2018-11-25,3,POINT(-112.6 27.2)
2018-09-30,4,POINT(-79.5 34.2)
2018-09-22,65,POINT(-78.8 27.4)
2018-02-07,24,POINT(-84.6 37.4)
2018-04-04,33,POINT(-113.4 41.6)
2018-04-05,11,POINT(-86.6 29.9)
2018-11-01,9,POINT(-75.5 38.1)
2018-03-10,6,POINT(-98.7 44.7)
2018-11-14,14,POINT(-99.3 22.8)
2018-08-24,17,POINT(-97.9 41.3)
2018-11-30,20,POINT(-115.9 29.7)
2018-05-17,6,POINT(-75.4 23.7)
2018-03-17,60,POINT(-76.5 36.4)
2018-02-04,4,POINT(-70.1 26.8)
2018-01-01,68,POINT(-90.7 44.6)
2018-10-23,1,POINT(-82.4 21.3)
2018-11-16,14,POINT(-109.9 23.0)
2018-03-01,9,POINT(-86.6 35.6)
2018-11-16,12,POINT(-87.5 37.7)
2018-12-15,17,POINT(-74.9 41.9)
2018-11-24,12,POINT(-78.5 27.8)
2018-09-24,11,POINT(-73.1 45.3)
2018-12-27,27,POINT(-76.6 48.6)
2018-08-17,24,POINT(-76.6 35.0)
2018-09-27,36,POINT(-116.8 42.8)
2018-11-12,6,POINT(-77.7 35.7)
2018-10-13,19,POINT(-89.6 22.1)
2018-10-18,18,POINT(-101.0 29.8)
2018-08-01,10,POINT(-117.2 22.6)
2018-06-14,14,POINT(-86.1 49.7)
2018-01-05,8,POINT(-103.6 26.9)
2018-12-05,4,POINT(-96.6 39.1)
2018-03-19,5,POINT(-85.9 28.5)
2018-03-03,3,POINT(-74.4 39.6)
2018-05-12,23,POINT(-78.7 26.3)
2018-03-30,22,POINT(-97.5 43.6)
2018-08-25,61,POINT(-100.6 23.3)
2018-02-11,27,POINT(-108.0 46.9)
2018-03-30,2,POINT(-101.4 45.2)
2018-10-23,44,POINT(-114.4 40.4)
2018-11-24,40,POINT(-71.4 22.0)
2018-10-22,12,POINT(-91.3 26.3)
2018-04-14,18,POINT(-113.6 45.8)
2018-01-14,75,POINT(-102.4 23.7)
2018-10-15,16,POINT(-92.6 24.7)
2018-06-28,48,POINT(-93.4 36.3)
2018-05-05,2,POINT(-118.2 28.2)
2018-12-19,5,POINT(-72.5 26.7)
2018-01-23,12,POINT(-106.2 37.3)
2018-03-04,18,POINT(-119.2 31.2)
2018-05-23,34,POINT(-116.2 24.2)
2018-06-02,89,POINT(-91.0 36.0)
2018-05-25,10,POINT(-113.1 31.6)
2018-08-13,1,POINT(-117.9 42.0)
2018-11-05,33,POINT(-101.0 23.1)
2018-04-14,19,POINT(-88.9 38.6)
2018-04-14,5,POINT(-114.4 33.1)
2018-02-08,14,POINT(-104.3 32.2)
2018-07-17,28,POINT(-99.1 27.0)
2018-05-14,30,POINT(-112.0 20.9)
2018-03-08,14,POINT(-94.7 45.4)
2018-06-28,8,POINT(-115.7 29.8)
2018-02-11,73,POINT(-117.7 40.4)
2018-01-15,22,POINT(-94.0 48.4)
2018-04-21,11,POINT(-107.6 36.9)
2018-06-06,7,POINT(-115.2 31.9)
2018-10-16,27,POINT(-98.8 28.0)
2018-08-19,6,POINT(-74.2 48.0)
2018-06-06,4,POINT(-83.8 40.5)
2018-02-07,16,POINT(-79.2 40.0)
2018-04-07,7,POINT(-76.4 32.8)
2018-10-16,20,POINT(-71.4 45.4)
2018-09-11,3,POINT(-81.8 41.4)
2018-07-15,22,POINT(-89.6 28.5)
2018-03-27,7,POINT(-101.7 38.0)
2018-11-18,1,POINT(-110.9 32.9)
2018-01-10,3,POINT(-85.7 20.2)
2018-01-05,55,POINT(-70.3 44.2)
2018-05-03,41,POINT(-96.6 23.7)
2018-11-26,6,POINT(-83.8 35.3)
2018-12-19,31,POINT(-95.2 30.1)
2018-04-28,19,POINT(-98.4 30.3)
2018-10-21,71,POINT(-99.5 34.3)
2018-06-08,10,POINT(-94.8 49.9)
2018-10-30,23,POINT(-101.7 32.3)
2018-08-16,2,POINT(-82.6 25.5)
2018-12-31,11,POINT(-76.3 38.4)
2018-08-04,67,POINT(-75.9 27.1)
2018-07-03,16,POINT(-108.6 23.2)
2018-01-15,7,POINT(-75.2 21.5)
2018-06-06,3,POINT(-102.9 20.7)
2018-05-16,25,POINT(-104.5 32.9)
2018-09-18,21,POINT(-83.7 32.8)
2018-06-06,10,POINT(-104.8 25.6)
2018-02-16,61,POINT(-117.4 43.5)
2018-11-20,1,POINT(-101.3 23.9)
2018-11-28,8,POINT(-83.9 47.5)
2018-06-22,51,POINT(-103.7 37.6)
2018-05-10,8,POINT(-88.5 20.8)
2018-04-05,6,POINT(-87.0 48.9)
2018-04-25,16,POINT(-83.3 29.2)
2018-08-31,35,POINT(-75.1 33.5)
2018-10-19,3,POINT(-98.4 28.5)
2018-10-09,58,POINT(-111.7 41.9)
2018-10-26,32,POINT(-104.1 34.6)
2018-10-10,4,POINT(-98.4 24.0)
2018-03-10,25,POINT(-84.3 23.1)
2018-05-28,10,POINT(-119.3 41.8)
2018-01-11,11,POINT(-104.2 27.1)
2018-09-11,31,POINT(-81.0 24.1)
2018-11-26,66,POINT(-86.5 35.0)
2018-12-26,3,POINT(-83.4 44.1)
2018-02-07,11,POINT(-79.4 28.4)
2018-05-14,14,POINT(-80.8 28.3)
2018-07-19,10,POINT(-85.9 45.0)
2018-01-23,10,POINT(-98.0 24.4)
2018-10-30,2,POINT(-70.8 38.5)
2018-12-12,24,POINT(-91.5 48.7)
2018-10-29,12,POINT(-109.9 45.2)
2018-12-29,5,POINT(-105.4 21.9)
2018-08-06,34,POINT(-85.3 29.6)
2018-05-21,33,POINT(-73.8 24.3)
2018-04-14,14,POINT(-111.1 48.5)
2018-07-29,8,POINT(-115.9 49.6)
2018-04-21,21,POINT(-75.9 27.0)
2018-04-14,7,POINT(-74.2 40.1)
2018-11-12,6,POINT(-106.2 45.2)
2018-06-20,27,POINT(-101.1 27.0)
2018-12-22,1,POINT(-87.0 25.6)
2018-11-20,2,POINT(-103.5 20.3)
2018-05-13,1,POINT(-76.1 32.4)
2018-10-20,4,POINT(-114.6 47.0)
2018-11-24,2,POINT(-118.1 47.1)
2018-05-07,110,POINT(-109.6 23.8)
2018-04-16,7,POINT(-105.7 26.1)
2018-04-02,4,POINT(-114.4 32.2)
2018-10-14,6,POINT(-116.7 43.4)
2018-02-20,56,POINT(-82.2 38.4)
2018-01-29,15,POINT(-111.8 35.4)
2018-10-23,10,POINT(-74.3 37.8)
2018-10-24,42,POINT(-101.6 22.9)
2018-08-02,11,POINT(-86.5 34.3)
2018-09-24,9,POINT(-108.7 49.8)
2018-09-14,5,POINT(-108.0 22.7)
2018-10-29,10,POINT(-91.3 35.6)
2018-04-11,8,POINT(-92.0 28.9)
2018-12-12,23,POINT(-81.6 36.2)
2018-04-20,7,POINT(-82.1 37.2)
2018-07-01,18,POINT(-86.5 37.3)
2018-11-09,2,POINT(-97.5 45.6)
2018-01-01,5,POINT(-75.5 31.7)
2018-11-15,11,POINT(-88.9 35.5)
2018-02-24,56,POINT(-70.5 20.3)
2018-05-29,10,POINT(-79.0 43.7)
2018-11-05,22,POINT(-117.8 27.8)
2018-05-17,6,POINT(-104.0 44.5)
2018-07-21,3,POINT(-91.4 28.0)
2018-11-09,2,POINT(-83.9 20.3)
2018-04-27,8,POINT(-92.5 24.6)
2018-06-03,4,POINT(-80.7 49.6)
2018-10-18,4,POINT(-105.9 29.6)
2018-03-04,29,POINT(-110.8 23.3)
2018-09-01,1,POINT(-117.3 23.6)
2018-01-25,17,POINT(-91.3 29.3)
2018-03-31,10,POINT(-85.6 21.1)
2018-03-16,15,POINT(-103.7 35.3)
2018-10-21,17,POINT(-89.3 26.4)
2018-07-29,8,POINT(-117.4 35.6)
2018-12-13,7,POINT(-115.0 24.2)
2018-01-17,27,POINT(-84.9 32.9)
2018-05-08,42,POINT(-101.6 37.9)
2018-12-30,5,POINT(-86.4 21.9)
2018-09-08,3,POINT(-78.4 32.0)
2018-06-28,46,POINT(-77.4 29.1)
2018-07-01,9,POINT(-111.4 27.2)
2018-06-01,17,POINT(-95.7 38.1)
2018-01-25,9,POINT(-83.3 37.7)
2018-06-29,3,POINT(-81.3 38.9)
2018-07-17,18,POINT(-80.8 24.8)
2018-12-10,15,POINT(-108.6 28.6)
2018-06-10,5,POINT(-110.4 26.3)
2018-06-26,13,POINT(-90.5 36.2)
2018-10-12,32,POINT(-82.9 33.8)
2018-03-04,18,POINT(-104.0 29.9)
2018-05-30,3,POINT(-114.8 43.6)
2018-06-03,16,POINT(-84.2 22.8)
2018-06-05,25,POINT(-105.0 49.2)
2018-02-18,32,POINT(-111.7 23.5)
2018-12-03,20,POINT(-112.6 43.2)
2018-03-25,4,POINT(-104.3 31.0)
2018-12-27,25,POINT(-90.4 46.0)
2018-06-26,23,POINT(-102.1 22.2)
2018-05-28,1,POINT(-119.0 31.2)
2018-04-28,11,POINT(-115.2 30.1)
2018-12-08,9,POINT(-105.5 49.8)
2018-03-04,23,POINT(-87.0 49.6)
2018-07-08,5,POINT(-115.1 25.7)
2018-12-26,18,POINT(-92.0 38.9)
2018-02-18,49,POINT(-114.0 36.1)
2018-11-23,32,POINT(-109.4 24.6)
2018-09-14,51,POINT(-111.4 25.0)
2018-08-12,77,POINT(-116.6 49.7)
2018-05-21,1,POINT(-86.4 33.6)
2018-08-03,20,POINT(-96.8 23.8)
2018-07-30,11,POINT(-78.4 26.4)
2018-11-14,40,POINT(-115.1 28.1)
2018-02-01,6,POINT(-112.8 35.3)
2018-06-07,80,POINT(-104.7 30.1)
2018-10-12,20,POINT(-81.7 33.7)
2018-11-01,32,POINT(-104.7 25.0)
2018-10-13,2,POINT(-99.6 29.8)
2018-05-24,5,POINT(-104.9 22.1)
2018-01-19,29,POINT(-116.0 46.7)
2018-01-18,1,POINT(-73.0 26.0)
2018-09-14,34,POINT(-92.6 42.7)
2018-03-19,1,POINT(-80.6 30.5)
2018-06-24,22,POINT(-87.1 34.2)
2018-07-13,10,POINT(-94.3 28.7)
2018-04-23,19,POINT(-115.5 40.9)
2018-04-24,24,POINT(-87.9 45.3)
2018-08-10,9,POINT(-112.2 28.6)
2018-06-15,3,POINT(-99.3 27.3)
2018-11-15,2,POINT(-88.5 40.4)
2018-05-12,18,POINT(-80.9 25.9)
2018-09-21,15,POINT(-85.7 39.2)
2018-02-24,28,POINT(-86.4 22.8)
2018-12-25,15,POINT(-112.5 38.6)
2018-05-11,11,POINT(-102.7 35.4)
2018-10-15,11,POINT(-117.9 23.4)
2018-09-23,1,POINT(-84.0 39.5)
2018-06-11,9,POINT(-72.4 33.4)
2018-03-28,75,POINT(-106.8 26.5)
2018-02-24,42,POINT(-115.6 30.6)
2018-10-15,8,POINT(-96.2 34.8)
2018-06-27,18,POINT(-77.2 22.7)
2018-12-15,38,POINT(-92.4 48.7)
2018-01-08,12,POINT(-117.7 40.0)
2018-11-17,1,POINT(-71.3 23.1)
2018-11-09,2,POINT(-78.6 44.7)
2018-09-04,15,POINT(-113.4 29.7)
2018-11-19,70,POINT(-73.9 37.9)
2018-09-12,24,POINT(-97.5 28.3)
2018-11-24,2,POINT(-101.4 42.0)
2018-02-23,5,POINT(-96.9 41.7)
2018-09-06,30,POINT(-78.3 36.6)
2018-08-27,37,POINT(-87.0 27.2)
2018-08-17,20,POINT(-117.0 27.6)
2018-03-08,21,POINT(-72.1 31.5)
2018-02-20,1,POINT(-112.6 24.4)
2018-04-07,36,POINT(-82.7 30.1)
2018-04-02,32,POINT(-88.2 40.5)
2018-09-21,6,POINT(-110.6 44.9)
2018-10-18,25,POINT(-111.5 30.0)
2018-04-06,5,POINT(-76.5 27.0)
2018-03-29,1,POINT(-99.0 45.0)
2018-03-19,5,POINT(-87.3 46.7)
2018-10-15,4,POINT(-94.8 32.3)
2018-04-30,9,POINT(-83.6 20.8)
2018-10-29,11,POINT(-96.0 40.8)
2018-06-14,15,POINT(-105.6 43.5)
2018-07-01,13,POINT(-101.8 20.5)
2018-08-11,7,POINT(-77.0 37.9)
2018-11-07,1,POINT(-96.6 37.7)
2018-01-07,19,POINT(-109.3 31.4)
2018-11-26,11,POINT(-73.3 42.5)
2018-09-20,8,POINT(-80.2 32.8)
2018-06-10,41,POINT(-117.2 40.3)
2018-05-31,28,POINT(-70.1 35.5)
2018-03-26,40,POINT(-85.3 27.5)
2018-05-27,14,POINT(-112.0 38.2)
2018-04-22,3,POINT(-108.1 42.1)
2018-02-05,24,POINT(-85.4 49.2)
2018-10-12,5,POINT(-81.0 31.4)
2018-07-07,12,POINT(-108.0 21.9)
2018-03-23,2,POINT(-107.2 49.6)
2018-01-02,35,POINT(-104.6 38.7)
2018-10-30,3,POINT(-90.1 48.4)
2018-07-16,47,POINT(-111.4 23.1)
2018-01-11,40,POINT(-114.8 30.3)
2018-08-22,13,POINT(-86.1 24.0)
2018-07-14,28,POINT(-81.0 45.1)
2018-04-29,20,POINT(-95.0 46.4)
2018-01-20,33,POINT(-101.8 35.0)
2018-09-18,12,POINT(-98.4 25.6)
2018-10-20,31,POINT(-100.6 23.8)
2018-09-13,13,POINT(-72.0 37.6)
2018-08-10,57,POINT(-81.6 35.2)
2018-08-14,14,POINT(-109.6 40.8)
2018-02-22,13,POINT(-100.8 29.2)
2018-12-21,31,POINT(-92.8 32.1)
2018-12-08,35,POINT(-89.4 20.6)
2018-12-30,17,POINT(-96.6 38.3)
2018-10-07,4,POINT(-79.5 32.7)
2018-03-22,13,POINT(-81.6 47.6)
2018-07-21,69,POINT(-94.7 39.3)
2018-06-07,28,POINT(-77.3 32.0)
2018-04-30,34,POINT(-82.4 27.9)
2018-02-28,1,POINT(-81.1 47.2)
2018-08-03,13,POINT(-72.2 20.5)
2018-05-08,21,POINT(-106.7 29.8)
2018-08-12,36,POINT(-106.6 48.3)
2018-07-28,2,POINT(-75.6 39.6)
2018-04-25,39,POINT(-81.4 36.0)
2018-07-28,16,POINT(-73.7 26.1)
2018-01-14,5,POINT(-116.8 45.0)
2018-01-09,8,POINT(-88.6 26.1)
2018-02-09,7,POINT(-112.8 27.4)
2018-08-25,16,POINT(-94.8 25.8)
2018-10-08,2,POINT(-112.2 24.7)
2018-12-25,4,POINT(-113.6 48.6)
2018-07-20,34,POINT(-119.4 38.1)
2018-09-03,3,POINT(-88.5 39.1)
2018-10-05,6,POINT(-102.0 48.6)
2018-08-23,13,POINT(-114.7 26.9)
2018-01-04,15,POINT(-103.9 20.2)
2018-06-03,29,POINT(-111.6 38.0)
2018-01-29,12,POINT(-72.9 35.2)
2018-04-19,32,POINT(-104.0 34.3)
2018-04-08,20,POINT(-103.3 21.9)
2018-08-03,3,POINT(-78.0 33.6)
2018-10-20,4,POINT(-87.6 28.6)
2018-03-16,12,POINT(-84.5 28.2)
2018-11-22,11,POINT(-88.2 26.7)
2018-05-26,28,POINT(-72.7 30.0)
2018-05-08,18,POINT(-109.6 30.6)
2018-12-07,10,POINT(-70.5 29.3)
2018-02-11,4,POINT(-78.5 49.4)
2018-12-22,6,POINT(-90.6 48.0)
2018-02-10,18,POINT(-86.9 37.2)
2018-02-03,12,POINT(-87.6 49.4)
2018-01-17,15,POINT(-117.1 49.7)
2018-06-14,4,POINT(-109.1 30.7)
2018-06-02,22,POINT(-71.9 33.4)
2018-03-17,39,POINT(-93.3 48.8)
2018-03-28,6,POINT(-101.1 38.3)
2018-04-27,14,POINT(-81.9 26.4)
2018-12-28,75,POINT(-93.8 40.7)
2018-12-08,9,POINT(-119.3 26.2)
2018-01-27,19,POINT(-83.2 30.2)
2018-11-09,2,POINT(-83.4 26.8)
2018-10-14,19,POINT(-111.7 27.3)
2018-05-14,2,POINT(-72.2 20.1)
2018-08-07,64,POINT(-108.8 46.4)
2018-06-17,26,POINT(-97.1 28.9)
2018-04-08,32,POINT(-114.3 22.6)
2018-09-25,25,POINT(-89.8 22.6)
2018-08-25,18,POINT(-101.2 36.7)
2018-11-05,12,POINT(-102.3 49.8)
2018-06-22,40,POINT(-78.7 24.4)
2018-07-09,63,POINT(-119.5 23.0)
2018-05-02,14,POINT(-80.1 33.1)
2018-02-15,54,POINT(-91.4 36.9)
2018-03-05,18,POINT(-70.7 28.8)
2018-05-10,16,POINT(-90.5 29.1)
2018-11-06,13,POINT(-117.2 32.7)
2018-12-29,5,POINT(-117.5 29.4)
2018-07-12,1,POINT(-75.8 47.5)
2018-11-03,6,POINT(-77.9 21.3)
2018-06-30,15,POINT(-102.7 27.0)
2018-10-19,10,POINT(-89.1 44.3)
2018-10-09,12,POINT(-95.5 45.0)
2018-01-29,79,POINT(-71.6 23.3)
2018-05-29,9,POINT(-72.5 49.2)
2018-09-24,13,POINT(-70.8 40.8)
2018-10-23,3,POINT(-76.7 28.2)
2018-01-11,1,POINT(-74.5 33.7)
2018-06-13,30,POINT(-109.1 28.9)
2018-04-23,17,POINT(-78.4 24.5)
2018-07-06,29,POINT(-84.6 28.7)
2018-10-22,4,POINT(-71.9 37.4)
2018-08-20,17,POINT(-91.4 44.8)
2018-08-15,6,POINT(-115.7 30.9)
2018-11-06,6,POINT(-90.1 30.4)
2018-04-08,1,POINT(-85.7 34.0)
2018-02-24,3,POINT(-109.0 39.3)
2018-04-21,8,POINT(-100.3 42.5)
2018-06-01,3,POINT(-90.1 29.8)
2018-09-03,86,POINT(-101.3 37.6)
2018-03-10,8,POINT(-101.3 31.7)
2018-11-08,3,POINT(-113.3 41.5)
2018-10-16,5,POINT(-73.0 24.9)
2018-09-07,18,POINT(-82.5 27.7)
2018-02-05,2,POINT(-119.9 32.8)
2018-08-27,40,POINT(-81.7 46.7)
2018-05-28,66,POINT(-83.0 37.2)
2018-08-15,6,POINT(-119.5 49.0)
2018-09-01,12,POINT(-101.5 23.1)
2018-12-03,1,POINT(-89.7 33.8)
2018-12-31,21,POINT(-97.4 32.6)
2018-07-20,11,POINT(-81.1 38.0)
2018-06-03,7,POINT(-98.7 44.4)
2018-03-14,5,POINT(-112.3 45.2)
2018-07-20,22,POINT(-71.2 40.1)
2018-10-23,11,POINT(-107.9 39.2)
2018-01-17,4,POINT(-84.1 48.5)
2018-05-09,24,POINT(-112.8 31.5)
2018-08-05,17,POINT(-103.5 45.0)
2018-03-02,40,POINT(-97.9 47.6)
2018-04-14,3,POINT(-110.4 34.7)
2018-02-11,31,POINT(-97.5 41.9)
2018-01-25,23,POINT(-112.1 31.3)
2018-02-08,3,POINT(-92.0 24.8)
2018-10-18,24,POINT(-86.8 37.6)
2018-05-11,12,POINT(-116.9 25.9)
2018-08-17,59,POINT(-76.4 33.7)
2018-04-18,4,POINT(-110.7 46.2)
2018-06-21,21,POINT(-108.7 22.6)
2018-04-12,10,POINT(-86.9 20.9)
2018-12-20,63,POINT(-96.6 38.2)
2018-01-12,9,POINT(-95.0 29.9)
2018-10-02,66,POINT(-113.6 32.5)
2018-04-11,47,POINT(-79.7 32.2)
2018-02-13,7,POINT(-89.1 22.6)
2018-11-01,33,POINT(-113.2 20.1)
2018-01-17,109,POINT(-101.3 47.0)
2018-11-26,6,POINT(-79.5 26.5)
2018-02-26,12,POINT(-91.6 32.8)
2018-11-07,15,POINT(-114.6 49.2)
2018-10-30,7,POINT(-101.4 44.8)
2018-01-12,1,POINT(-107.9 23.2)
2018-11-14,5,POINT(-94.1 35.3)
2018-03-21,7,POINT(-77.8 41.9)
2018-08-04,12,POINT(-98.2 41.0)
2018-12-05,4,POINT(-98.3 42.8)
2018-09-21,42,POINT(-74.7 33.7)
2018-05-29,25,POINT(-91.2 25.3)
2018-03-22,2,POINT(-91.7 33.9)
2018-08-03,22,POINT(-106.9 39.4)
2018-07-17,22,POINT(-89.6 38.3)
2018-07-19,63,POINT(-91.2 22.1)
2018-01-25,1,POINT(-100.2 21.9)
2018-03-30,6,POINT(-70.5 49.0)
2018-09-25,53,POINT(-75.9 24.6)
2018-05-23,54,POINT(-82.5 28.8)
2018-02-28,26,POINT(-93.1 43.0)
2018-12-31,30,POINT(-96.9 32.3)
2018-01-26,2,POINT(-110.8 25.4)
2018-02-16,15,POINT(-104.7 34.0)
2018-10-15,6,POINT(-81.3 37.1)
2018-09-23,4,POINT(-97.3 33.6)
2018-01-16,34,POINT(-75.9 47.6)
2018-07-18,3,POINT(-112.6 28.5)
2018-10-09,13,POINT(-94.6 39.8)
2018-03-27,56,POINT(-87.7 23.4)
2018-09-07,5,POINT(-94.2 31.8)
2018-09-27,77,POINT(-75.5 42.2)
2018-12-01,104,POINT(-70.5 26.7)
2018-04-27,17,POINT(-114.2 37.7)
2018-01-07,4,POINT(-113.5 24.6)
2018-05-17,8,POINT(-113.5 23.1)
2018-06-25,12,POINT(-85.9 35.7)
2018-11-24,8,POINT(-101.4 40.3)
2018-11-11,7,POINT(-83.3 23.4)
2018-08-03,72,POINT(-99.7 47.5)
2018-03-23,4,POINT(-88.6 26.8)
2018-08-11,27,POINT(-81.5 23.6)
2018-04-13,1,POINT(-92.6 26.1)
2018-09-30,19,POINT(-93.0 25.1)
2018-01-14,50,POINT(-115.6 22.7)
2018-06-08,7,POINT(-99.5 43.9)
2018-06-01,5,POINT(-92.7 34.9)
2018-04-18,22,POINT(-96.9 31.7)
2018-07-07,25,POINT(-75.0 48.5)
2018-10-28,24,POINT(-74.7 31.1)
2018-04-08,8,POINT(-78.9 25.0)
2018-05-11,6,POINT(-101.2 28.2)
2018-10-20,63,POINT(-84.1 27.2)
2018-06-20,52,POINT(-100.2 35.0)
2018-07-02,13,POINT(-108.4 28.7)
2018-12-30,38,POINT(-102.9 35.5)
2018-02-08,13,POINT(-116.5 40.1)
2018-01-15,12,POINT(-103.4 43.3)
2018-01-04,4,POINT(-97.0 41.3)
2018-12-15,12,POINT(-72.2 26.2)
2018-07-29,16,POINT(-104.3 23.5)
2018-06-10,1,POINT(-74.9 36.3)
2018-01-16,12,POINT(-108.6 26.0)
2018-04-18,31,POINT(-110.5 22.5)
2018-11-07,23,POINT(-94.1 35.8)
2018-08-15,21,POINT(-86.4 29.8)
2018-06-19,49,POINT(-117.8 42.7)
2018-02-03,1,POINT(-108.9 29.4)
2018-09-08,17,POINT(-97.2 49.4)
2018-09-04,31,POINT(-103.4 42.8)
2018-09-26,16,POINT(-84.4 21.7)
2018-05-21,8,POINT(-94.4 35.3)
2018-10-01,3,POINT(-112.0 36.9)
2018-04-06,44,POINT(-75.3 40.9)
2018-08-15,13,POINT(-105.4 34.9)
2018-02-08,43,POINT(-83.4 34.5)
2018-10-29,18,POINT(-81.0 31.0)
2018-01-29,23,POINT(-71.8 28.1)
2018-11-14,33,POINT(-95.1 48.4)
2018-09-02,22,POINT(-89.2 29.5)
2018-08-24,11,POINT(-103.3 21.9)
2018-07-04,15,POINT(-86.1 25.0)
2018-09-29,33,POINT(-96.8 45.7)
2018-08-24,10,POINT(-98.1 37.6)
2018-08-27,10,POINT(-77.2 43.4)
2018-09-23,3,POINT(-117.5 44.3)
2018-12-25,50,POINT(-75.9 44.7)
2018-12-06,2,POINT(-77.4 36.5)
2018-03-06,21,POINT(-94.7 25.3)
2018-06-26,11,POINT(-95.5 24.4)
2018-01-03,11,POINT(-101.9 37.2)
2018-05-22,23,POINT(-70.3 31.0)
2018-06-07,2,POINT(-114.4 36.7)
2018-11-20,19,POINT(-90.5 35.0)
2018-05-26,30,POINT(-85.9 38.1)
2018-10-20,36,POINT(-73.3 21.0)
2018-06-02,4,POINT(-81.0 21.0)
2018-07-12,46,POINT(-87.8 41.6)
2018-03-14,22,POINT(-114.2 25.8)
2018-11-01,43,POINT(-101.3 39.6)
2018-12-10,14,POINT(-113.1 36.4)
2018-05-20,16,POINT(-75.9 49.5)
2018-07-06,51,POINT(-82.5 45.1)
2018-10-20,47,POINT(-82.1 32.4)
2018-03-02,12,POINT(-87.4 38.5)
2018-07-17,7,POINT(-94.6 23.5)
2018-10-22,10,POINT(-112.5 31.6)
2018-11-15,10,POINT(-103.5 42.0)
2018-10-29,7,POINT(-113.2 38.7)
2018-12-10,7,POINT(-83.8 34.5)
2018-01-11,40,POINT(-112.0 25.3)
2018-03-03,2,POINT(-84.9 44.1)
2018-11-29,23,POINT(-85.4 28.2)
2018-08-14,4,POINT(-97.0 44.6)
2018-06-02,9,POINT(-113.2 38.3)
2018-07-18,2,POINT(-104.3 31.2)
2018-02-21,7,POINT(-104.0 21.2)
2018-09-17,30,POINT(-85.0 27.0)
2018-02-28,44,POINT(-114.3 46.7)
2018-03-13,6,POINT(-78.5 44.5)
2018-05-28,13,POINT(-81.9 37.2)
2018-12-15,13,POINT(-110.7 34.0)
2018-03-04,42,POINT(-84.0 39.4)
2018-11-06,29,POINT(-86.6 34.0)
2018-08-31,15,POINT(-82.6 39.3)
2018-11-26,23,POINT(-110.6 29.2)
2018-04-17,38,POINT(-112.1 45.2)
2018-08-14,1,POINT(-108.2 41.1)
2018-11-09,11,POINT(-101.7 29.9)
2018-08-06,48,POINT(-80.3 44.9)
2018-08-29,27,POINT(-83.1 34.6)
2018-09-16,16,POINT(-73.7 25.2)
2018-09-19,16,POINT(-117.1 22.3)
2018-01-05,9,POINT(-119.4 41.0)
2018-09-18,15,POINT(-85.0 46.0)
2018-02-23,22,POINT(-106.0 44.2)
2018-02-16,11,POINT(-103.3 39.7)
2018-08-03,26,POINT(-92.7 24.2)
2018-06-26,40,POINT(-114.9 22.8)
2018-01-09,4,POINT(-87.9 30.4)
2018-04-09,13,POINT(-103.7 45.6)
2018-01-20,11,POINT(-88.4 48.9)
2018-08-29,24,POINT(-78.3 27.2)
2018-03-02,6,POINT(-111.4 42.9)
2018-06-27,21,POINT(-73.5 37.2)
2018-12-04,42,POINT(-93.5 21.0)
2018-03-03,11,POINT(-73.9 36.3)
2018-05-25,49,POINT(-109.6 44.2)
2018-08-04,100,POINT(-89.8 28.3)
2018-01-03,3,POINT(-99.8 46.9)
2018-06-09,6,POINT(-81.3 27.1)
2018-08-15,61,POINT(-89.7 22.3)
2018-09-26,64,POINT(-95.3 24.8)
2018-04-30,3,POINT(-74.4 45.1)
2018-03-30,1,POINT(-101.1 32.5)
2018-11-25,4,POINT(-109.0 43.9)
2018-03-09,111,POINT(-89.6 35.9)
2018-12-23,4,POINT(-88.8 34.4)
2018-04-08,14,POINT(-98.0 44.2)
2018-09-24,38,POINT(-95.7 32.7)
2018-04-15,1,POINT(-72.0 44.1)
2018-11-19,19,POINT(-83.4 23.0)
2018-05-03,7,POINT(-114.5 39.1)
2018-01-29,40,POINT(-109.4 41.1)
2018-05-17,7,POINT(-71.2 47.0)
2018-07-14,24,POINT(-83.7 26.7)
2018-08-14,23,POINT(-74.2 38.1)
2018-11-28,6,POINT(-104.8 33.0)
2018-06-19,1,POINT(-82.9 31.5)
2018-01-09,11,POINT(-84.3 23.2)
2018-02-09,7,POINT(-105.3 24.0)
2018-01-25,34,POINT(-92.5 45.1)
2018-09-18,33,POINT(-88.6 42.5)
2018-08-14,13,POINT(-95.9 31.5)
2018-05-04,19,POINT(-78.6 44.9)
2018-02-07,19,POINT(-78.4 22.4)
2018-11-24,36,POINT(-77.5 38.7)
2018-09-08,12,POINT(-79.8 46.0)
2018-06-25,7,POINT(-95.6 45.2)
2018-03-31,7,POINT(-100.9 31.2)
2018-02-06,16,POINT(-78.4 42.4)
2018-11-12,12,POINT(-95.5 32.8)
2018-06-25,12,POINT(-107.7 45.2)
2018-10-11,2,POINT(-94.6 35.9)
2018-03-22,26,POINT(-112.9 42.9)
2018-04-24,5,POINT(-85.4 22.4)
2018-02-09,5,POINT(-103.2 37.7)
2018-10-28,11,POINT(-107.0 36.5)
2018-08-12,6,POINT(-72.2 38.3)
2018-11-14,18,POINT(-81.2 40.9)
2018-12-15,10,POINT(-80.6 47.5)
2018-04-25,12,POINT(-88.8 43.6)
2018-07-05,16,POINT(-78.0 26.6)
2018-11-19,5,POINT(-82.0 44.8)
2018-02-25,4,POINT(-90.1 23.7)
2018-02-09,43,POINT(-71.9 38.7)
2018-12-20,12,POINT(-110.4 46.5)
2018-02-09,11,POINT(-72.8 23.0)
2018-12-13,1,POINT(-99.9 45.5)
2018-08-25,14,POINT(-93.6 44.0)
2018-10-16,17,POINT(-113.9 35.1)
2018-09-19,17,POINT(-93.0 29.3)
2018-08-04,25,POINT(-89.4 32.2)
2018-05-27,4,POINT(-70.1 49.1)
2018-12-02,6,POINT(-71.2 26.1)
2018-06-17,34,POINT(-71.7 37.4)
2018-04-02,59,POINT(-102.6 22.5)
2018-12-19,3,POINT(-70.4 26.5)
2018-02-28,14,POINT(-97.2 42.9)
2018-02-28,5,POINT(-77.4 29.1)
2018-10-31,2,POINT(-109.2 49.6)
2018-06-18,8,POINT(-94.7 35.0)
2018-09-26,4,POINT(-71.7 35.5)
2018-12-29,25,POINT(-72.6 21.1)
2018-02-14,16,POINT(-85.8 48.7)
2018-12-11,4,POINT(-80.1 25.2)
2018-06-30,1,POINT(-111.2 36.2)
2018-06-19,34,POINT(-83.9 31.9)
2018-12-22,4,POINT(-89.1 32.5)
2018-07-10,19,POINT(-115.4 39.3)
2018-06-04,9,POINT(-114.3 39.9)
2018-07-07,18,POINT(-114.6 24.6)
2018-01-07,8,POINT(-83.8 35.0)
2018-05-13,2,POINT(-112.9 43.7)
2018-08-23,6,POINT(-96.6 33.3)
2018-02-14,5,POINT(-102.2 25.0)
2018-11-10,12,POINT(-92.5 29.4)
2018-09-06,22,POINT(-84.7 26.4)
2018-01-31,7,POINT(-85.8 23.8)
2018-01-23,1,POINT(-94.2 31.3)
2018-06-09,15,POINT(-96.8 36.2)
2018-12-29,19,POINT(-100.1 22.2)
2018-06-07,66,POINT(-76.9 38.1)
2018-02-08,18,POINT(-103.5 49.8)
2018-03-23,13,POINT(-107.0 48.9)
2018-12-22,18,POINT(-82.8 44.9)
2018-09-15,53,POINT(-102.0 28.0)
2018-07-25,36,POINT(-77.7 20.7)
2018-03-18,8,POINT(-103.6 45.0)
2018-01-12,6,POINT(-84.9 21.7)
2018-10-22,7,POINT(-117.7 26.2)
2018-08-12,15,POINT(-100.7 36.3)
2018-01-13,28,POINT(-102.8 25.4)
2018-02-15,14,POINT(-79.2 45.0)
2018-06-04,2,POINT(-71.6 43.3)
2018-04-23,26,POINT(-97.0 42.7)
2018-08-21,33,POINT(-78.8 44.5)
2018-01-17,7,POINT(-85.0 26.6)
2018-12-26,22,POINT(-71.6 41.9)
2018-08-11,12,POINT(-79.4 30.7)
2018-12-20,44,POINT(-116.1 40.0)
2018-07-07,38,POINT(-84.3 23.7)
2018-12-10,15,POINT(-93.2 41.2)
2018-12-31,24,POINT(-119.2 49.2)
2018-06-12,43,POINT(-107.4 21.3)
2018-11-22,14,POINT(-73.9 22.8)
2018-03-15,8,POINT(-73.7 23.7)
2018-08-21,29,POINT(-80.1 32.9)
2018-08-12,5,POINT(-70.9 28.7)
2018-11-15,10,POINT(-79.7 44.2)
2018-03-01,41,POINT(-119.5 34.2)
2018-12-01,26,POINT(-105.6 34.5)
2018-08-10,11,POINT(-118.5 41.5)
2018-02-06,5,POINT(-115.3 30.9)
2018-10-05,9,POINT(-109.1 30.6)
2018-07-15,7,POINT(-94.8 42.7)
2018-12-18,4,POINT(-77.6 43.4)
2018-08-30,28,POINT(-76.9 20.4)
2018-11-20,6,POINT(-89.2 24.3)
2018-08-07,13,POINT(-73.6 26.4)
2018-07-11,10,POINT(-95.0 30.5)
2018-01-17,81,POINT(-75.5 28.7)
2018-01-12,10,POINT(-97.3 40.1)
2018-07-12,2,POINT(-106.1 44.8)
2018-01-22,2,POINT(-74.2 25.8)
2018-04-30,18,POINT(-100.6 36.9)
2018-07-29,19,POINT(-94.8 31.0)
2018-11-02,11,POINT(-103.6 35.2)
2018-09-27,12,POINT(-86.9 38.6)
2018-07-11,2,POINT(-70.2 46.8)
2018-06-24,15,POINT(-118.7 25.8)
2018-10-12,15,POINT(-75.0 22.6)
2018-07-23,4,POINT(-119.8 38.8)
2018-06-13,3,POINT(-101.8 31.8)
2018-09-08,3,POINT(-111.6 24.9)
2018-08-15,3,POINT(-82.1 23.5)
2018-01-07,19,POINT(-117.5 36.8)
2018-01-29,5,POINT(-92.3 29.0)
2018-02-02,6,POINT(-105.3 49.9)
2018-05-14,4,POINT(-113.3 32.2)
2018-03-20,64,POINT(-81.4 26.4)
2018-02-27,39,POINT(-109.1 38.9)
2018-01-26,6,POINT(-108.8 27.3)
2018-08-14,8,POINT(-106.2 34.8)
2018-10-12,5,POINT(-90.7 34.5)
2018-01-04,14,POINT(-87.0 33.6)
2018-04-09,1,POINT(-119.1 43.9)
2018-02-08,23,POINT(-107.9 26.5)
2018-09-28,15,POINT(-98.5 47.1)
2018-10-12,46,POINT(-103.4 43.7)
2018-06-06,4,POINT(-75.8 30.0)
2018-03-16,33,POINT(-80.6 25.4)
2018-10-15,32,POINT(-88.7 28.4)
2018-05-10,3,POINT(-103.1 30.0)
2018-06-24,11,POINT(-85.0 36.7)
2018-03-25,4,POINT(-77.8 21.4)
2018-01-22,6,POINT(-90.3 47.4)
2018-01-27,7,POINT(-80.8 23.0)
2018-07-14,17,POINT(-82.5 28.4)
2018-12-03,11,POINT(-91.4 23.3)
2018-08-24,60,POINT(-104.4 27.7)
2018-04-02,3,POINT(-82.7 45.1)
2018-01-21,73,POINT(-109.7 38.5)
2018-10-30,6,POINT(-81.0 26.8)
2018-12-23,30,POINT(-79.8 46.2)
2018-03-25,9,POINT(-78.9 44.0)
2018-09-19,4,POINT(-96.4 42.6)
2018-05-27,40,POINT(-110.4 45.4)
2018-09-14,8,POINT(-115.0 38.6)
2018-02-27,22,POINT(-82.8 35.0)
2018-01-15,17,POINT(-75.7 31.2)
2018-06-11,13,POINT(-87.5 26.7)
2018-06-12,14,POINT(-112.8 36.7)
2018-11-16,27,POINT(-73.3 46.7)
2018-10-08,2,POINT(-70.5 37.8)
2018-10-07,23,POINT(-98.3 47.6)
2018-01-12,46,POINT(-90.3 30.7)
2018-10-01,2,POINT(-81.1 40.9)
2018-09-28,4,POINT(-83.2 39.5)
2018-07-27,26,POINT(-71.6 40.1)
2018-01-27,12,POINT(-114.3 39.4)
2018-03-13,11,POINT(-91.0 26.6)
2018-03-01,3,POINT(-85.4 24.3)
2018-05-25,15,POINT(-75.5 49.4)
2018-04-03,3,POINT(-76.3 21.4)
2018-11-05,13,POINT(-71.1 34.0)
2018-01-08,29,POINT(-94.4 32.8)
2018-03-20,6,POINT(-78.5 30.8)
2018-01-27,14,POINT(-98.6 43.5)
2018-06-23,97,POINT(-98.9 42.4)
2018-02-19,24,POINT(-107.3 47.2)
2018-07-18,37,POINT(-79.1 31.9)
2018-12-15,11,POINT(-70.7 36.9)
2018-06-30,30,POINT(-107.2 46.8)
2018-01-24,1,POINT(-117.2 49.8)
2018-11-12,3,POINT(-79.2 49.1)
2018-02-15,5,POINT(-89.0 41.5)
2018-01-15,11,POINT(-72.0 24.3)
2018-06-02,38,POINT(-107.4 20.7)
2018-08-10,9,POINT(-116.4 44.8)
2018-07-25,22,POINT(-95.4 45.2)
2018-09-30,25,POINT(-115.7 42.4)
2018-08-24,18,POINT(-106.9 28.4)
2018-12-06,9,POINT(-113.7 39.2)
2018-08-16,18,POINT(-108.8 29.5)
2018-01-09,9,POINT(-114.7 33.5)
2018-06-15,2,POINT(-72.3 31.5)
2018-11-15,99,POINT(-106.1 47.4)
2018-08-02,3,POINT(-97.8 27.0)
2018-04-27,2,POINT(-75.1 37.3)
2018-12-10,43,POINT(-86.1 30.8)
2018-03-13,8,POINT(-89.1 39.9)
2018-03-05,22,POINT(-84.7 36.9)
2018-07-24,8,POINT(-78.6 47.7)
2018-07-28,10,POINT(-76.1 23.0)
2018-03-13,7,POINT(-87.9 26.6)
2018-10-04,9,POINT(-75.5 43.0)
2018-10-01,11,POINT(-93.2 31.1)
2018-11-16,26,POINT(-106.1 25.0)
2018-12-04,15,POINT(-76.0 35.1)
2018-04-05,58,POINT(-92.9 39.6)
2018-06-15,1,POINT(-74.7 21.3)
2018-02-01,14,POINT(-118.0 28.7)
2018-01-11,18,POINT(-100.1 44.3)
2018-10-28,51,POINT(-72.6 35.6)
2018-08-05,2,POINT(-107.5 21.1)
2018-10-16,18,POINT(-72.9 28.5)
2018-04-12,39,POINT(-72.3 39.2)
2018-09-24,6,POINT(-75.9 26.0)
2018-08-02,42,POINT(-91.8 44.8)
2018-06-28,1,POINT(-87.7 40.3)
2018-03-29,27,POINT(-76.5 34.1)
2018-02-10,55,POINT(-81.2 47.5)
2018-03-17,22,POINT(-88.5 31.8)
2018-02-15,12,POINT(-70.9 27.1)
2018-06-09,1,POINT(-85.7 39.8)
2018-03-21,51,POINT(-71.2 37.2)
2018-11-06,13,POINT(-117.1 30.1)
2018-03-27,1,POINT(-113.1 30.3)
2018-04-02,24,POINT(-97.4 31.9)
2018-05-28,14,POINT(-100.8 28.7)
2018-06-10,3,POINT(-80.9 41.3)
2018-07-21,5,POINT(-112.0 39.5)
2018-08-30,2,POINT(-71.2 33.2)
2018-12-19,18,POINT(-104.2 31.9)
2018-01-02,20,POINT(-98.6 31.0)
2018-08-13,15,POINT(-106.3 28.5)
2018-10-16,34,POINT(-91.0 22.6)
2018-08-21,40,POINT(-117.1 28.0)
2018-03-18,20,POINT(-112.5 29.6)
2018-04-26,1,POINT(-82.7 36.4)
2018-06-03,24,POINT(-110.7 43.2)
2018-04-13,11,POINT(-108.2 31.9)
2018-07-13,17,POINT(-80.4 48.3)
2018-06-15,21,POINT(-115.3 44.8)
2018-12-25,9,POINT(-98.1 49.5)
2018-03-31,50,POINT(-118.8 46.3)
2018-06-23,3,POINT(-102.7 38.5)
2018-05-02,23,POINT(-85.1 38.0)
2018-05-23,1,POINT(-115.5 23.9)
2018-04-16,52,POINT(-75.6 41.7)
2018-11-01,3,POINT(-74.5 38.0)
2018-12-26,2,POINT(-114.8 35.2)
2018-11-13,9,POINT(-70.5 40.8)
2018-05-03,10,POINT(-105.1 33.3)
2018-01-09,5,POINT(-115.8 35.7)
2018-09-19,18,POINT(-119.7 32.0)
2018-03-14,12,POINT(-99.6 41.5)
2018-12-25,1,POINT(-88.5 46.3)
2018-08-11,8,POINT(-103.4 45.2)
2018-02-10,34,POINT(-78.2 43.6)
2018-07-23,24,POINT(-84.2 20.4)
2018-09-21,26,POINT(-102.5 47.4)
2018-11-24,24,POINT(-83.3 28.2)
2018-06-27,8,POINT(-73.0 46.6)
2018-12-14,3,POINT(-115.3 25.9)
2018-11-14,7,POINT(-104.7 33.2)
2018-03-25,36,POINT(-96.8 42.5)
2018-11-14,79,POINT(-95.1 39.2)
2018-04-21,14,POINT(-92.9 32.5)
2018-09-08,1,POINT(-105.0 40.4)
2018-01-07,4,POINT(-86.6 36.5)
2018-03-25,8,POINT(-87.7 28.3)
2018-07-27,18,POINT(-91.1 39.4)
2018-11-10,2,POINT(-114.3 26.1)
2018-01-22,58,POINT(-96.2 40.8)
2018-01-03,10,POINT(-102.2 20.1)
2018-05-07,49,POINT(-95.4 36.5)
2018-10-24,31,POINT(-73.9 32.0)
2018-07-07,29,POINT(-96.0 29.1)
2018-12-28,19,POINT(-119.3 35.5)
2018-01-14,20,POINT(-98.1 39.4)
2018-01-12,21,POINT(-79.0 49.0)
2018-03-28,20,POINT(-81.0 45.0)
2018-01-12,17,POINT(-94.3 41.5)
2018-01-25,86,POINT(-107.5 34.4)
2018-10-28,27,POINT(-96.7 31.8)
2018-08-31,31,POINT(-91.8 21.0)
2018-05-02,42,POINT(-70.0 30.8)
2018-05-27,5,POINT(-87.8 45.5)
2018-02-24,2,POINT(-85.3 31.5)
2018-08-26,14,POINT(-95.4 33.8)
2018-12-22,15,POINT(-102.3 28.2)
2018-06-22,36,POINT(-79.4 28.2)
2018-08-09,12,POINT(-95.3 21.9)
2018-04-29,17,POINT(-70.3 38.4)
2018-11-05,15,POINT(-97.1 33.4)
2018-07-02,1,POINT(-116.6 38.2)
2018-10-15,20,POINT(-85.9 36.4)
2018-11-03,36,POINT(-117.7 44.0)
2018-10-27,4,POINT(-107.5 42.5)
2018-03-23,19,POINT(-102.3 43.1)
2018-07-30,19,POINT(-83.0 35.0)
2018-05-30,4,POINT(-95.3 30.6)
2018-02-06,3,POINT(-118.6 48.0)
2018-12-18,79,POINT(-89.2 21.6)
2018-11-08,11,POINT(-99.4 24.6)
2018-12-27,6,POINT(-73.9 32.6)
2018-02-28,4,POINT(-95.0 38.4)
2018-05-11,23,POINT(-84.6 20.2)
2018-07-21,19,POINT(-109.1 41.6)
2018-08-31,21,POINT(-82.0 36.8)
2018-02-04,2,POINT(-84.0 34.5)
2018-04-03,45,POINT(-74.8 32.7)
2018-07-26,10,POINT(-118.3 35.6)
2018-12-19,8,POINT(-97.6 24.9)
2018-11-28,13,POINT(-86.0 23.3)
2018-11-01,10,POINT(-115.2 28.7)
2018-12-16,40,POINT(-99.5 41.3)
2018-08-01,53,POINT(-72.9 37.6)
2018-06-08,8,POINT(-98.2 34.4)
2018-01-24,40,POINT(-70.7 37.1)
2018-10-20,31,POINT(-117.2 36.8)
2018-01-04,54,POINT(-84.1 29.2)
2018-08-08,6,POINT(-90.9 22.9)
2018-12-30,18,POINT(-95.0 46.9)
2018-01-20,7,POINT(-71.5 38.0)
2018-06-01,35,POINT(-113.5 40.9)
2018-02-19,1,POINT(-75.2 33.9)
2018-06-26,17,POINT(-85.4 42.7)
2018-04-06,9,POINT(-107.1 37.5)
2018-04-15,8,POINT(-74.9 21.6)
2018-09-07,21,POINT(-98.5 46.7)
2018-04-27,39,POINT(-79.3 29.2)
2018-12-20,19,POINT(-100.6 24.1)
2018-08-16,39,POINT(-77.5 22.6)
2018-03-07,7,POINT(-88.2 41.6)
2018-12-01,15,POINT(-112.9 41.1)
2018-09-19,12,POINT(-87.5 41.0)
2018-10-22,1,POINT(-110.4 47.5)
2018-08-31,17,POINT(-99.4 30.5)
2018-07-05,22,POINT(-111.5 36.8)
2018-09-03,18,POINT(-118.9 38.6)
2018-05-05,27,POINT(-109.4 49.4)
2018-09-25,17,POINT(-93.2 29.4)
2018-05-11,2,POINT(-95.9 48.7)
2018-08-25,3,POINT(-94.9 24.5)
2018-01-18,19,POINT(-107.6 42.9)
2018-02-09,7,POINT(-85.7 39.0)
2018-01-21,2,POINT(-84.8 44.5)
2018-08-13,12,POINT(-102.1 20.9)
2018-12-21,17,POINT(-75.9 22.3)
2018-10-09,8,POINT(-87.8 22.1)
2018-01-08,26,POINT(-84.3 37.8)
2018-04-10,21,POINT(-106.1 38.1)
2018-08-28,9,POINT(-120.0 47.2)
2018-03-28,29,POINT(-76.7 34.0)
2018-10-25,21,POINT(-78.9 22.0)
2018-01-14,21,POINT(-113.8 26.3)
2018-11-30,17,POINT(-101.3 20.2)
2018-01-02,1,POINT(-86.9 43.3)
2018-10-20,24,POINT(-87.4 44.5)
2018-11-21,10,POINT(-77.0 49.9)
2018-02-10,58,POINT(-113.0 32.4)
2018-11-14,35,POINT(-98.5 20.6)
2018-11-12,18,POINT(-115.1 27.0)
2018-04-21,6,POINT(-100.5 37.6)
2018-01-14,5,POINT(-119.2 48.9)
2018-08-19,9,POINT(-75.1 23.1)
2018-03-25,13,POINT(-93.6 23.6)
2018-05-10,8,POINT(-77.5 41.1)
2018-08-19,15,POINT(-117.0 40.0)
2018-11-22,4,POINT(-108.6 27.5)
2018-05-25,77,POINT(-107.0 44.4)
2018-12-11,3,POINT(-100.7 23.9)
2018-01-28,54,POINT(-79.9 47.8)
2018-03-07,49,POINT(-100.7 26.0)
2018-06-12,15,POINT(-109.8 22.4)
2018-08-17,26,POINT(-116.8 30.2)
2018-09-18,12,POINT(-116.0 25.6)
2018-06-13,20,POINT(-82.0 35.8)
2018-10-28,9,POINT(-97.8 40.6)
2018-10-30,8,POINT(-83.7 34.7)
2018-10-14,18,POINT(-85.9 39.8)
2018-01-10,14,POINT(-113.2 30.9)
2018-07-14,18,POINT(-112.9 20.8)
2018-04-28,7,POINT(-82.2 49.2)
2018-09-27,10,POINT(-83.9 44.6)
2018-03-21,2,POINT(-101.1 22.2)
2018-04-03,2,POINT(-116.1 33.5)
2018-09-23,6,POINT(-119.4 39.1)
2018-11-28,2,POINT(-105.6 25.7)
2018-12-16,3,POINT(-119.5 37.3)
2018-12-27,34,POINT(-108.5 36.0)
2018-09-14,1,POINT(-99.0 26.2)
2018-05-13,22,POINT(-113.9 24.2)
2018-10-03,7,POINT(-114.8 42.8)
2018-09-21,42,POINT(-75.2 29.7)
2018-06-20,14,POINT(-90.7 27.3)
2018-01-01,8,POINT(-73.3 42.1)
2018-11-09,15,POINT(-102.7 42.1)
2018-03-05,10,POINT(-86.1 28.3)
2018-10-11,17,POINT(-109.8 46.2)
2018-05-01,3,POINT(-89.1 40.6)
2018-04-17,117,POINT(-113.5 30.4)
2018-06-24,12,POINT(-119.9 32.8)
2018-07-23,9,POINT(-73.4 41.8)
2018-06-14,25,POINT(-92.3 26.3)
2018-11-01,10,POINT(-73.7 34.1)
2018-04-30,36,POINT(-103.3 39.6)
2018-02-13,13,POINT(-103.6 36.2)
2018-11-08,26,POINT(-100.0 38.2)
2018-06-05,3,POINT(-84.7 36.4)
2018-07-26,38,POINT(-91.7 26.0)
2018-04-18,27,POINT(-73.7 32.3)
2018-09-08,5,POINT(-118.7 36.0)
2018-11-30,4,POINT(-84.6 43.4)
2018-05-10,8,POINT(-103.5 39.6)
2018-10-20,75,POINT(-111.0 32.8)
2018-01-20,6,POINT(-94.5 49.2)
2018-10-09,13,POINT(-94.7 23.2)
2018-10-12,1,POINT(-113.1 26.2)
2018-01-01,11,POINT(-109.9 30.2)
2018-04-29,17,POINT(-99.6 26.9)
2018-02-04,62,POINT(-99.6 38.8)
2018-07-17,15,POINT(-104.1 21.2)
2018-09-02,35,POINT(-112.6 25.3)
2018-02-28,16,POINT(-119.8 28.8)
2018-11-21,1,POINT(-71.5 40.5)
2018-06-10,8,POINT(-72.8 46.3)
2018-06-28,18,POINT(-95.8 44.0)
2018-07-25,61,POINT(-70.2 25.5)
2018-01-12,40,POINT(-86.3 37.0)
2018-10-03,6,POINT(-116.6 20.9)
2018-06-30,5,POINT(-114.1 29.3)
2018-08-30,5,POINT(-74.2 44.2)
2018-08-04,52,POINT(-88.5 33.7)
2018-09-08,39,POINT(-77.8 24.5)
2018-10-26,30,POINT(-75.1 33.2)
2018-05-06,10,POINT(-97.6 25.9)
2018-08-05,15,POINT(-117.6 31.8)
2018-11-02,13,POINT(-110.6 34.6)
2018-10-12,6,POINT(-116.7 30.5)
2018-07-04,15,POINT(-110.6 48.1)
2018-02-08,1,POINT(-99.5 36.9)
2018-08-11,3,POINT(-114.1 45.3)
2018-07-03,44,POINT(-111.7 42.8)
2018-06-27,28,POINT(-97.7 39.8)
2018-10-21,11,POINT(-103.0 34.9)
2018-12-06,15,POINT(-96.6 20.1)
2018-05-31,10,POINT(-98.5 38.4)
2018-05-06,28,POINT(-87.8 30.7)
2018-10-28,31,POINT(-73.1 23.5)
2018-11-04,29,POINT(-114.6 33.3)
2018-12-02,26,POINT(-115.0 42.1)
2018-08-22,5,POINT(-77.4 48.9)
2018-01-08,9,POINT(-94.7 31.2)
2018-12-07,13,POINT(-81.7 36.3)
2018-05-09,9,POINT(-109.2 45.5)
2018-09-21,29,POINT(-78.6 30.0)
2018-06-06,8,POINT(-73.8 24.3)
2018-12-18,3,POINT(-88.2 28.5)
2018-12-24,11,POINT(-114.7 47.0)
2018-01-05,79,POINT(-75.2 24.8)
2018-03-27,6,POINT(-80.4 29.9)
2018-06-24,19,POINT(-82.5 33.9)
2018-10-17,12,POINT(-118.2 45.4)
2018-07-12,2,POINT(-80.1 48.1)
2018-11-07,14,POINT(-113.1 32.8)
2018-04-29,25,POINT(-108.9 48.0)
2018-08-06,15,POINT(-91.1 24.8)
2018-04-24,42,POINT(-106.8 24.7)
2018-05-25,7,POINT(-86.9 48.5)
2018-01-26,2,POINT(-89.6 35.3)
2018-05-16,56,POINT(-114.6 25.6)
2018-10-30,10,POINT(-87.2 34.6)
2018-08-20,18,POINT(-73.8 43.5)
2018-03-17,32,POINT(-111.9 44.8)
2018-11-24,8,POINT(-90.1 45.9)
2018-12-11,26,POINT(-102.9 37.1)
2018-10-29,3,POINT(-97.0 46.0)
2018-10-16,7,POINT(-105.6 35.3)
2018-01-01,4,POINT(-102.3 38.2)
2018-05-27,34,POINT(-118.6 42.8)
2018-10-14,6,POINT(-70.9 32.8)
2018-05-22,26,POINT(-88.8 22.2)
2018-02-22,58,POINT(-95.0 30.5)
2018-10-31,16,POINT(-100.8 38.7)
2018-03-10,16,POINT(-93.0 25.8)
2018-12-27,13,POINT(-101.0 24.5)
2018-03-31,8,POINT(-102.0 28.8)
2018-08-08,13,POINT(-96.8 21.0)
2018-07-11,19,POINT(-106.2 42.3)
2018-03-04,86,POINT(-111.0 27.8)
2018-03-14,56,POINT(-92.2 23.7)
2018-06-10,40,POINT(-77.9 41.0)
2018-06-18,44,POINT(-112.4 45.3)
2018-03-30,13,POINT(-118.4 20.6)
2018-06-25,22,POINT(-107.7 27.0)
2018-09-26,46,POINT(-71.0 48.4)
2018-03-14,10,POINT(-78.6 31.6)
2018-09-02,66,POINT(-90.2 48.2)
2018-03-18,11,POINT(-73.5 28.2)
2018-06-08,19,POINT(-97.7 26.5)
2018-11-20,25,POINT(-70.8 26.4)
2018-04-08,61,POINT(-105.2 22.6)
2018-04-12,6,POINT(-108.0 46.9)
2018-05-12,28,POINT(-88.1 49.4)
2018-04-12,15,POINT(-101.1 48.6)
2018-01-19,7,POINT(-88.7 45.6)
2018-03-23,30,POINT(-104.8 45.4)
2018-10-06,17,POINT(-89.1 39.8)
2018-12-05,22,POINT(-106.2 44.8)
2018-12-31,8,POINT(-117.5 26.3)
2018-11-27,14,POINT(-74.4 31.6)
2018-05-09,20,POINT(-75.8 39.2)
2018-12-10,11,POINT(-71.5 46.2)
2018-11-06,5,POINT(-84.2 39.8)
2018-03-30,66,POINT(-85.9 45.2)
2018-08-01,15,POINT(-92.0 34.2)
2018-05-23,27,POINT(-113.7 41.5)
2018-03-06,11,POINT(-110.5 49.4)
2018-03-17,9,POINT(-105.5 24.6)
2018-07-18,11,POINT(-75.5 47.8)
2018-05-23,11,POINT(-111.4 35.7)
2018-11-12,16,POINT(-73.9 39.3)
2018-04-03,16,POINT(-93.9 46.3)
2018-11-01,14,POINT(-84.2 32.3)
2018-08-12,3,POINT(-114.5 32.6)
2018-10-18,14,POINT(-106.5 35.8)
2018-04-12,4,POINT(-72.1 20.6)
2018-09-24,3,POINT(-106.7 34.9)
2018-12-21,54,POINT(-105.2 28.7)
2018-04-20,19,POINT(-110.1 47.8)
2018-11-26,22,POINT(-113.5 22.6)
2018-09-22,11,POINT(-108.3 33.8)
2018-01-03,48,POINT(-87.9 48.4)
2018-03-26,21,POINT(-97.2 47.0)
2018-10-09,30,POINT(-92.3 41.0)
2018-11-24,10,POINT(-113.9 37.7)
2018-10-31,65,POINT(-79.9 28.4)
2018-04-27,35,POINT(-80.8 31.0)
2018-08-09,39,POINT(-118.9 22.7)
2018-06-03,4,POINT(-100.8 43.6)
2018-06-02,7,POINT(-116.6 29.7)
2018-01-12,7,POINT(-80.4 40.0)
2018-05-13,7,POINT(-83.1 30.7)
2018-10-31,39,POINT(-74.9 33.9)
2018-10-20,1,POINT(-108.2 36.7)
2018-10-27,2,POINT(-97.2 44.1)
2018-08-16,7,POINT(-110.8 26.3)
2018-09-28,5,POINT(-101.4 32.0)
2018-02-12,6,POINT(-93.9 23.9)
2018-12-09,32,POINT(-117.3 22.3)
2018-11-22,17,POINT(-84.3 38.1)
2018-10-29,1,POINT(-92.8 25.7)
2018-12-30,12,POINT(-78.6 21.8)
2018-01-21,11,POINT(-106.4 46.9)
2018-04-17,3,POINT(-74.8 36.0)
2018-12-02,23,POINT(-70.1 24.0)
2018-10-30,25,POINT(-74.0 21.6)
2018-04-27,26,POINT(-81.1 23.6)
2018-05-04,27,POINT(-79.4 34.1)
2018-10-08,1,POINT(-91.3 40.1)
2018-10-19,62,POINT(-110.5 39.2)
2018-07-22,34,POINT(-86.1 24.3)
2018-02-20,47,POINT(-84.4 39.0)
2018-09-28,1,POINT(-70.7 32.1)
2018-11-20,55,POINT(-92.9 33.9)
2018-10-04,34,POINT(-106.4 44.0)
2018-05-21,37,POINT(-85.8 30.0)
2018-10-02,2,POINT(-71.0 24.4)
2018-10-17,27,POINT(-111.1 46.2)
2018-11-30,65,POINT(-103.7 26.4)
2018-02-21,23,POINT(-92.9 28.8)
2018-01-27,17,POINT(-111.5 41.2)
2018-06-06,59,POINT(-118.9 40.5)
2018-08-27,12,POINT(-103.2 44.0)
2018-06-05,19,POINT(-76.7 25.5)
2018-10-18,13,POINT(-117.8 30.6)
2018-05-16,55,POINT(-98.6 23.8)
2018-05-24,2,POINT(-81.9 36.2)
2018-04-16,14,POINT(-72.3 28.8)
2018-06-07,24,POINT(-70.7 40.7)
2018-05-26,32,POINT(-98.9 20.0)
2018-01-02,18,POINT(-72.5 21.8)
2018-03-18,48,POINT(-118.2 33.0)
2018-05-12,57,POINT(-82.7 48.7)
2018-03-31,2,POINT(-87.9 46.7)
2018-12-11,11,POINT(-107.5 49.8)
2018-12-16,1,POINT(-94.6 32.5)
2018-09-20,8,POINT(-113.5 21.4)
2018-12-17,16,POINT(-76.4 29.2)
2018-04-18,49,POINT(-102.1 40.3)
2018-03-15,38,POINT(-88.7 24.1)
2018-02-08,3,POINT(-112.1 29.0)
2018-06-08,2,POINT(-109.7 21.7)
2018-03-12,18,POINT(-70.4 34.2)
2018-11-08,16,POINT(-82.3 26.3)
2018-08-29,7,POINT(-71.9 22.7)
2018-10-25,46,POINT(-105.2 32.3)
2018-02-05,53,POINT(-111.8 30.5)
2018-03-25,11,POINT(-94.8 36.1)
2018-09-20,45,POINT(-95.3 42.5)
2018-11-06,10,POINT(-111.3 23.4)
2018-06-21,27,POINT(-83.3 43.7)
2018-06-22,13,POINT(-101.9 20.8)
2018-12-28,3,POINT(-110.7 33.3)
2018-02-16,53,POINT(-103.4 37.6)
2018-05-21,13,POINT(-91.8 48.7)
2018-04-28,27,POINT(-83.7 37.2)
2018-10-04,10,POINT(-95.9 24.8)
2018-08-02,1,POINT(-93.7 35.5)
2018-08-08,3,POINT(-113.1 31.9)
2018-01-26,14,POINT(-74.3 34.4)
2018-01-09,24,POINT(-73.6 25.9)
2018-09-28,9,POINT(-85.8 35.0)
2018-01-10,24,POINT(-119.1 24.5)
2018-05-01,24,POINT(-93.1 42.3)
2018-05-05,25,POINT(-88.5 37.8)
2018-06-19,14,POINT(-70.3 22.4)
2018-03-13,50,POINT(-70.2 46.7)
2018-06-01,14,POINT(-77.1 38.5)
2018-07-27,12,POINT(-116.8 29.5)
2018-02-18,5,POINT(-72.3 21.4)
2018-06-03,8,POINT(-89.4 39.0)
2018-12-13,1,POINT(-80.0 31.2)
2018-10-20,21,POINT(-99.6 47.2)
2018-03-09,6,POINT(-104.0 21.0)
2018-02-19,8,POINT(-96.8 21.2)
2018-06-01,30,POINT(-112.7 48.5)
2018-01-19,8,POINT(-102.1 48.9)
2018-04-10,6,POINT(-77.1 20.8)
2018-03-01,4,POINT(-118.1 41.5)
2018-06-16,30,POINT(-112.5 26.6)
2018-07-21,3,POINT(-113.7 41.0)
2018-12-11,13,POINT(-99.8 46.1)
2018-05-26,15,POINT(-70.2 23.0)
2018-06-13,24,POINT(-111.3 27.2)
2018-08-30,21,POINT(-112.7 20.7)
2018-03-10,34,POINT(-74.2 21.3)
2018-06-24,1,POINT(-75.9 20.9)
2018-02-18,8,POINT(-118.4 44.0)
2018-04-18,7,POINT(-82.4 28.9)
2018-08-14,4,POINT(-87.2 34.8)
2018-06-10,7,POINT(-81.6 43.6)
2018-04-29,8,POINT(-95.3 34.8)
2018-05-29,15,POINT(-70.4 32.9)
2018-05-30,22,POINT(-117.8 20.3)
2018-10-20,10,POINT(-108.3 37.0)
2018-05-23,26,POINT(-100.2 23.7)
2018-06-09,9,POINT(-97.5 42.9)
2018-01-11,7,POINT(-73.9 27.7)
2018-05-18,16,POINT(-92.0 40.2)
2018-03-19,1,POINT(-117.7 39.4)
2018-03-18,2,POINT(-99.6 38.5)
2018-09-11,11,POINT(-99.2 28.0)
2018-09-15,58,POINT(-71.7 28.0)
2018-11-16,26,POINT(-90.0 45.9)
2018-10-18,2,POINT(-88.2 20.4)
2018-09-20,38,POINT(-84.3 25.4)
2018-03-26,27,POINT(-81.5 38.3)
2018-05-26,19,POINT(-88.2 44.5)
2018-11-19,35,POINT(-108.1 30.8)
2018-02-11,11,POINT(-76.3 39.6)
2018-05-05,6,POINT(-83.4 36.7)
2018-06-16,15,POINT(-82.9 21.9)
2018-08-29,16,POINT(-70.2 38.7)
2018-10-07,16,POINT(-79.9 44.4)
2018-07-07,17,POINT(-78.5 49.8)
2018-10-29,60,POINT(-72.4 20.9)
2018-01-19,47,POINT(-112.4 39.8)
2018-03-09,42,POINT(-95.1 32.4)
2018-08-06,33,POINT(-91.0 20.3)
2018-04-12,58,POINT(-103.5 38.4)
2018-02-11,3,POINT(-78.0 23.7)
2018-10-15,7,POINT(-81.9 31.4)
2018-06-16,14,POINT(-84.0 27.8)
2018-04-19,38,POINT(-70.1 30.8)
2018-02-05,15,POINT(-107.0 34.8)
2018-08-20,28,POINT(-83.2 30.8)
2018-08-17,3,POINT(-92.4 36.6)
2018-12-19,6,POINT(-104.4 27.2)
2018-06-13,27,POINT(-112.0 39.1)
2018-03-14,4,POINT(-75.2 45.6)
2018-05-16,9,POINT(-90.2 26.7)
2018-12-19,7,POINT(-78.8 35.2)
2018-03-11,9,POINT(-92.7 39.5)
2018-07-15,25,POINT(-109.0 36.9)
2018-09-26,10,POINT(-103.1 31.0)
2018-02-18,17,POINT(-100.9 39.3)
2018-11-12,3,POINT(-71.4 20.8)
2018-05-10,33,POINT(-119.7 31.1)
2018-01-05,10,POINT(-70.7 36.0)
2018-01-27,21,POINT(-71.0 20.6)
2018-06-09,26,POINT(-70.2 35.2)
2018-05-29,5,POINT(-96.2 39.6)
2018-09-21,44,POINT(-71.8 42.8)
2018-08-18,20,POINT(-100.2 23.4)
2018-07-19,12,POINT(-118.7 49.7)
2018-02-19,5,POINT(-108.8 38.2)
2018-03-08,58,POINT(-72.7 30.9)
2018-10-27,29,POINT(-119.3 27.5)
2018-02-27,5,POINT(-92.7 37.2)
2018-09-16,9,POINT(-116.2 46.5)
2018-12-08,34,POINT(-105.7 35.6)
2018-11-22,24,POINT(-115.6 39.8)
2018-05-10,30,POINT(-77.0 30.7)
2018-08-03,12,POINT(-90.4 31.6)
2018-06-21,26,POINT(-74.9 28.6)
2018-09-15,10,POINT(-85.6 41.2)
2018-04-12,5,POINT(-71.4 30.8)
2018-07-28,21,POINT(-94.5 25.7)
2018-10-18,75,POINT(-88.1 31.1)
2018-12-20,8,POINT(-91.2 45.6)
2018-10-13,13,POINT(-95.8 42.1)
2018-04-26,23,POINT(-77.7 30.0)
2018-09-21,16,POINT(-87.8 47.2)
2018-05-30,38,POINT(-79.9 22.2)
2018-10-27,29,POINT(-80.7 21.5)
2018-02-05,2,POINT(-110.4 23.8)
2018-11-29,130,POINT(-87.5 23.5)
2018-10-14,28,POINT(-110.0 22.6)
2018-10-30,40,POINT(-90.8 39.8)
2018-11-07,22,POINT(-86.1 38.0)
2018-07-27,39,POINT(-70.1 39.4)
2018-04-16,3,POINT(-118.5 40.7)
2018-06-07,9,POINT(-115.4 42.7)
2018-05-01,42,POINT(-116.1 26.2)
2018-02-24,5,POINT(-100.1 38.7)
2018-01-12,2,POINT(-78.9 37.4)
2018-05-25,32,POINT(-77.8 48.3)
2018-05-16,37,POINT(-83.2 27.0)
2018-01-03,4,POINT(-75.2 21.8)
2018-05-24,39,POINT(-103.9 39.6)
2018-01-30,24,POINT(-115.6 42.2)
2018-08-25,15,POINT(-117.1 28.5)
2018-10-06,36,POINT(-77.4 37.1)
2018-12-14,11,POINT(-83.5 21.8)
2018-04-25,5,POINT(-85.1 48.8)
2018-04-14,7,POINT(-103.0 23.3)
2018-04-28,15,POINT(-101.0 22.0)
2018-01-05,16,POINT(-72.1 21.3)
2018-12-26,33,POINT(-116.8 32.8)
2018-09-05,32,POINT(-81.3 22.9)
2018-12-30,18,POINT(-104.5 42.3)
2018-11-17,31,POINT(-118.0 47.0)
2018-05-01,5,POINT(-82.9 27.8)
2018-10-13,2,POINT(-103.5 38.9)
2018-05-29,42,POINT(-83.9 21.3)
2018-03-25,2,POINT(-84.6 31.6)
2018-08-19,6,POINT(-93.3 28.8)
2018-10-15,24,POINT(-81.1 26.9)
2018-06-10,11,POINT(-90.9 39.3)
2018-09-29,42,POINT(-105.7 23.9)
2018-02-07,8,POINT(-83.3 45.8)
2018-08-14,1,POINT(-90.5 39.9)
2018-05-22,8,POINT(-119.4 41.3)
2018-10-19,18,POINT(-74.9 48.1)
2018-05-31,10,POINT(-92.7 48.3)
2018-04-24,16,POINT(-76.6 36.5)
2018-08-25,42,POINT(-75.9 34.9)
2018-03-07,49,POINT(-97.8 30.1)
2018-12-27,7,POINT(-94.6 41.5)
2018-12-07,13,POINT(-99.2 36.1)
2018-09-15,16,POINT(-97.5 48.0)
2018-09-06,60,POINT(-75.2 27.2)
2018-11-27,132,POINT(-80.6 29.3)
2018-11-19,6,POINT(-113.7 29.5)
2018-06-29,26,POINT(-89.5 44.2)
2018-07-09,10,POINT(-70.2 23.0)
2018-06-03,1,POINT(-90.2 33.7)
2018-07-15,1,POINT(-80.7 32.8)
2018-11-07,13,POINT(-81.5 22.2)
2018-09-19,14,POINT(-102.5 32.3)
2018-05-23,1,POINT(-101.4 35.4)
2018-12-08,24,POINT(-83.8 22.0)
2018-11-12,7,POINT(-95.0 35.3)
2018-04-11,17,POINT(-91.5 48.8)
2018-09-01,8,POINT(-84.4 49.4)
2018-01-12,4,POINT(-81.1 36.0)
2018-08-27,11,POINT(-106.4 35.5)
2018-02-18,6,POINT(-112.7 28.6)
2018-02-11,16,POINT(-105.4 49.9)
2018-06-15,5,POINT(-94.6 28.2)
2018-03-23,15,POINT(-102.9 33.6)
2018-10-18,4,POINT(-91.6 20.1)
2018-06-07,23,POINT(-117.3 30.5)
2018-08-04,29,POINT(-94.5 22.1)
2018-06-07,3,POINT(-101.6 42.3)
2018-05-14,13,POINT(-93.3 36.8)
2018-03-08,2,POINT(-98.9 37.2)
2018-12-02,19,POINT(-105.8 28.6)
2018-01-07,7,POINT(-74.8 44.4)
2018-01-14,15,POINT(-110.8 20.1)
2018-03-14,15,POINT(-85.9 30.0)
2018-06-12,52,POINT(-73.8 39.8)
2018-03-07,16,POINT(-93.1 47.2)
2018-12-13,18,POINT(-76.2 27.0)
2018-05-10,11,POINT(-113.8 36.2)
2018-07-25,60,POINT(-95.3 36.1)
2018-10-03,31,POINT(-97.1 46.2)
2018-09-13,7,POINT(-119.6 21.5)
2018-09-23,38,POINT(-97.8 32.7)
2018-01-25,12,POINT(-101.5 25.5)
2018-10-08,36,POINT(-86.5 20.6)
2018-09-10,35,POINT(-73.1 24.4)
2018-11-06,5,POINT(-115.7 49.3)
2018-10-16,25,POINT(-103.6 26.4)
2018-06-13,7,POINT(-97.8 48.1)
2018-04-05,8,POINT(-97.2 26.2)
2018-09-27,8,POINT(-81.3 47.9)
2018-11-17,26,POINT(-97.8 39.6)
2018-04-20,6,POINT(-118.6 23.4)
2018-12-02,1,POINT(-84.5 37.5)
2018-11-06,26,POINT(-75.8 29.6)
2018-08-26,4,POINT(-94.3 31.5)
2018-01-25,3,POINT(-90.9 33.2)
2018-05-21,6,POINT(-111.9 32.7)
2018-04-27,10,POINT(-109.0 39.9)
2018-01-25,13,POINT(-108.2 43.1)
2018-03-20,1,POINT(-98.5 29.9)
2018-03-09,71,POINT(-73.6 47.7)
2018-06-22,26,POINT(-93.9 48.2)
2018-01-12,8,POINT(-110.4 21.2)
2018-10-15,8,POINT(-106.7 20.4)
2018-05-08,12,POINT(-100.8 32.8)
2018-04-06,20,POINT(-88.8 37.7)
2018-04-02,4,POINT(-98.0 28.3)
2018-05-21,5,POINT(-100.4 27.8)
2018-01-31,40,POINT(-91.8 40.4)
2018-11-30,6,POINT(-107.9 38.1)
2018-01-20,10,POINT(-116.1 25.0)
2018-05-26,42,POINT(-118.8 46.5)
2018-11-12,22,POINT(-107.4 40.4)
2018-06-09,9,POINT(-115.4 30.9)
2018-12-15,24,POINT(-103.2 40.5)
2018-02-12,1,POINT(-81.4 23.4)
2018-09-11,27,POINT(-84.2 34.0)
2018-05-10,14,POINT(-89.5 25.1)
2018-03-01,34,POINT(-77.4 21.2)
2018-05-31,62,POINT(-105.9 30.1)
2018-10-14,53,POINT(-75.7 24.5)
2018-01-05,48,POINT(-100.0 39.0)
2018-09-23,15,POINT(-100.0 40.2)
2018-12-11,9,POINT(-99.7 24.5)
2018-05-10,13,POINT(-115.1 20.7)
2018-09-24,24,POINT(-71.2 43.8)
2018-06-27,44,POINT(-113.1 20.1)
2018-09-10,5,POINT(-103.0 30.3)
2018-02-25,51,POINT(-104.0 34.8)
2018-03-24,34,POINT(-116.3 44.6)
2018-04-09,78,POINT(-112.4 45.2)
2018-05-29,43,POINT(-117.8 41.7)
2018-11-25,7,POINT(-105.4 27.4)
2018-06-05,3,POINT(-76.7 41.6)
2018-07-09,3,POINT(-103.0 27.4)
2018-09-20,7,POINT(-113.8 26.4)
2018-03-21,20,POINT(-87.7 36.4)
2018-09-09,33,POINT(-70.2 40.4)
2018-04-07,46,POINT(-108.4 21.6)
2018-09-17,20,POINT(-106.0 21.8)
2018-09-17,1,POINT(-71.4 43.5)
2018-04-13,5,POINT(-111.1 45.8)
2018-02-09,3,POINT(-94.4 38.1)
2018-09-30,10,POINT(-108.0 32.9)
2018-04-11,14,POINT(-73.4 45.4)
2018-12-25,1,POINT(-70.9 41.9)
2018-11-04,9,POINT(-79.3 37.4)
2018-08-09,4,POINT(-104.3 29.6)
2018-11-04,21,POINT(-99.8 25.9)
2018-05-04,13,POINT(-107.9 32.6)
2018-08-19,14,POINT(-75.5 28.6)
2018-06-27,12,POINT(-74.3 30.2)
2018-03-04,63,POINT(-99.1 35.5)
2018-04-26,5,POINT(-87.2 25.1)
2018-07-10,15,POINT(-111.7 44.2)
2018-03-03,27,POINT(-98.3 24.4)
2018-09-13,17,POINT(-88.4 34.4)
2018-01-07,53,POINT(-100.7 42.4)
2018-06-04,10,POINT(-102.1 34.6)
2018-04-02,13,POINT(-120.0 30.8)
2018-01-14,2,POINT(-79.8 34.2)
2018-08-17,19,POINT(-75.5 45.5)
2018-03-27,7,POINT(-71.5 49.7)
2018-05-13,4,POINT(-84.0 38.9)
2018-07-02,16,POINT(-92.6 43.8)
2018-03-03,16,POINT(-106.5 20.4)
2018-08-07,2,POINT(-70.0 46.4)
2018-09-03,24,POINT(-90.5 48.6)
2018-08-18,20,POINT(-85.9 37.3)
2018-03-20,5,POINT(-85.9 42.6)
2018-05-29,13,POINT(-77.7 35.4)
2018-05-18,26,POINT(-119.5 28.6)
2018-11-10,16,POINT(-109.0 45.6)
2018-03-06,11,POINT(-86.7 37.9)
2018-01-13,8,POINT(-75.2 37.4)
2018-08-01,19,POINT(-85.7 39.8)
2018-08-30,56,POINT(-99.3 45.7)
2018-08-01,23,POINT(-101.9 42.0)
2018-06-30,2,POINT(-83.1 26.3)
2018-12-04,13,POINT(-82.9 34.0)
2018-06-22,45,POINT(-89.6 49.4)
2018-06-09,2,POINT(-105.4 36.6)
2018-06-13,90,POINT(-73.7 48.1)
2018-07-07,60,POINT(-92.4 44.4)
2018-07-10,2,POINT(-80.5 40.0)
2018-11-04,55,POINT(-109.3 30.5)
2018-09-13,10,POINT(-102.8 29.1)
2018-07-02,38,POINT(-76.3 39.3)
2018-04-27,11,POINT(-117.5 33.0)
2018-10-09,12,POINT(-94.4 44.0)
2018-07-15,21,POINT(-95.9 42.8)
2018-02-03,30,POINT(-82.4 29.4)
2018-02-21,1,POINT(-105.9 41.1)
2018-04-22,18,POINT(-109.0 34.8)
2018-09-09,5,POINT(-73.7 29.7)
2018-03-23,9,POINT(-91.4 32.4)
2018-08-20,9,POINT(-114.8 46.9)
2018-08-15,13,POINT(-110.3 30.8)
2018-08-21,9,POINT(-70.1 28.6)
2018-08-09,3,POINT(-110.2 30.6)
2018-02-11,4,POINT(-89.5 26.4)
2018-01-21,1,POINT(-99.0 36.3)
2018-02-11,13,POINT(-75.7 24.4)
2018-04-23,62,POINT(-82.2 44.5)
2018-04-15,3,POINT(-90.2 26.8)
2018-07-11,59,POINT(-119.5 37.9)
2018-01-17,27,POINT(-76.0 23.8)
2018-04-30,21,POINT(-97.8 49.4)
2018-05-09,21,POINT(-73.4 33.6)
2018-05-10,36,POINT(-95.2 44.7)
2018-03-01,3,POINT(-85.3 43.1)
2018-02-17,15,POINT(-116.5 41.4)
2018-01-29,24,POINT(-82.7 44.8)
2018-04-07,18,POINT(-103.1 23.0)
2018-01-10,36,POINT(-102.4 40.4)
2018-08-30,2,POINT(-114.1 28.0)
2018-11-10,24,POINT(-112.7 43.6)
2018-08-20,16,POINT(-110.7 48.7)
2018-10-04,10,POINT(-103.6 47.0)
2018-10-11,9,POINT(-75.4 23.4)
2018-07-22,20,POINT(-101.6 31.1)
2018-09-04,45,POINT(-83.8 30.9)
2018-10-17,14,POINT(-115.9 23.7)
2018-09-21,35,POINT(-90.4 22.9)
2018-08-02,11,POINT(-95.9 31.5)
2018-07-19,3,POINT(-71.1 49.8)
2018-03-20,2,POINT(-77.7 37.1)
2018-12-09,2,POINT(-97.3 38.7)
2018-12-10,10,POINT(-81.2 34.1)
2018-06-22,9,POINT(-110.3 39.9)
2018-03-10,26,POINT(-91.9 48.7)
2018-03-28,28,POINT(-116.3 37.7)
2018-04-11,2,POINT(-102.6 22.0)
2018-01-08,5,POINT(-108.7 34.8)
2018-11-29,7,POINT(-84.1 49.8)
2018-07-19,16,POINT(-95.5 31.6)
2018-03-28,4,POINT(-82.4 37.8)
2018-02-12,3,POINT(-94.2 23.2)
2018-04-19,58,POINT(-115.7 24.2)
2018-06-01,33,POINT(-83.2 46.2)
2018-01-17,4,POINT(-78.3 29.0)
2018-05-13,11,POINT(-74.8 29.2)
2018-05-28,9,POINT(-91.4 31.6)
2018-10-04,32,POINT(-82.3 49.0)
2018-08-20,15,POINT(-82.4 22.5)
2018-11-10,3,POINT(-112.2 44.6)
2018-08-16,27,POINT(-111.8 30.2)
2018-05-19,11,POINT(-116.5 45.5)
2018-07-30,7,POINT(-104.0 49.8)
2018-01-28,10,POINT(-96.3 30.5)
2018-02-20,14,POINT(-70.1 23.9)
2018-09-18,9,POINT(-98.5 24.3)
2018-09-18,6,POINT(-83.7 42.8)
2018-12-16,11,POINT(-85.3 24.3)
2018-12-18,1,POINT(-109.8 27.8)
2018-01-08,30,POINT(-117.1 26.1)
2018-11-16,4,POINT(-92.7 30.7)
2018-05-18,1,POINT(-85.0 22.2)
2018-02-07,22,POINT(-70.1 45.7)
2018-04-21,30,POINT(-102.1 45.8)
2018-08-08,34,POINT(-75.2 32.4)
2018-12-03,14,POINT(-100.9 38.4)
2018-08-11,5,POINT(-85.5 39.3)
2018-05-16,27,POINT(-90.1 42.5)
2018-09-13,25,POINT(-117.4 35.6)
2018-12-26,6,POINT(-116.1 35.3)
2018-11-25,47,POINT(-119.0 38.9)
2018-02-18,3,POINT(-101.5 41.1)
2018-10-19,82,POINT(-82.7 30.4)
2018-11-20,40,POINT(-111.4 29.9)
2018-03-19,24,POINT(-89.7 28.1)
2018-04-15,56,POINT(-105.6 36.5)
2018-06-18,26,POINT(-80.2 30.8)
2018-08-05,5,POINT(-80.1 36.2)
2018-04-29,12,POINT(-81.2 32.2)
2018-07-09,2,POINT(-93.8 45.1)
2018-09-12,10,POINT(-105.8 22.2)
2018-09-23,28,POINT(-79.5 37.2)
2018-05-29,10,POINT(-110.7 37.3)
2018-06-13,9,POINT(-105.5 31.5)
2018-05-20,19,POINT(-110.8 32.6)
2018-12-13,42,POINT(-86.3 44.0)
2018-09-15,1,POINT(-85.7 28.4)
2018-09-26,10,POINT(-87.4 46.1)
2018-06-30,4,POINT(-99.2 46.9)
2018-06-09,24,POINT(-115.0 39.5)
2018-12-17,3,POINT(-74.4 43.2)
2018-10-15,22,POINT(-94.6 38.4)
2018-10-15,7,POINT(-99.7 35.8)
2018-08-14,5,POINT(-90.6 49.0)
2018-01-11,56,POINT(-110.4 28.5)
2018-01-10,1,POINT(-113.4 24.6)
2018-09-28,12,POINT(-99.7 28.6)
2018-09-30,1,POINT(-108.6 38.4)
2018-07-02,14,POINT(-107.8 25.6)
2018-06-02,14,POINT(-75.4 47.3)
2018-11-11,8,POINT(-93.5 32.3)
2018-11-30,3,POINT(-95.8 45.5)
2018-05-04,10,POINT(-85.5 27.5)
2018-04-24,23,POINT(-72.4 29.4)
2018-10-05,31,POINT(-114.4 21.8)
2018-08-01,16,POINT(-78.3 27.7)
2018-06-21,18,POINT(-90.8 34.7)
2018-10-15,5,POINT(-112.7 48.4)
2018-06-23,7,POINT(-105.1 31.7)
2018-04-23,4,POINT(-95.9 39.2)
2018-05-02,6,POINT(-85.4 32.8)
2018-02-01,6,POINT(-107.9 21.4)
2018-08-10,15,POINT(-93.3 35.1)
2018-04-29,17,POINT(-85.8 22.0)
2018-02-08,58,POINT(-97.6 46.5)
2018-09-25,5,POINT(-76.8 42.6)
2018-08-21,21,POINT(-76.5 31.4)
2018-01-18,34,POINT(-96.5 39.2)
2018-05-29,17,POINT(-71.4 23.4)
2018-05-29,6,POINT(-116.2 41.1)
2018-05-06,7,POINT(-119.8 44.7)
2018-10-29,1,POINT(-101.0 44.7)
2018-12-26,8,POINT(-89.9 28.5)
2018-08-26,28,POINT(-88.5 27.9)
2018-05-15,1,POINT(-96.2 35.6)
2018-05-31,5,POINT(-113.8 49.0)
2018-08-24,25,POINT(-111.5 47.6)
2018-08-12,31,POINT(-77.4 30.8)
2018-07-22,13,POINT(-76.6 43.4)
2018-09-13,24,POINT(-86.3 47.6)
2018-03-27,10,POINT(-86.8 27.8)
2018-05-30,4,POINT(-90.1 44.9)
2018-08-23,11,POINT(-109.9 28.0)
2018-12-11,18,POINT(-98.6 30.3)
2018-01-22,60,POINT(-85.2 26.0)
2018-12-14,2,POINT(-93.1 35.2)
2018-10-12,15,POINT(-119.1 45.3)
2018-09-26,8,POINT(-72.3 35.8)
2018-09-15,15,POINT(-77.8 23.7)
2018-01-29,1,POINT(-107.0 27.6)
2018-08-01,8,POINT(-89.2 36.9)
2018-10-10,35,POINT(-73.8 37.5)
2018-02-19,17,POINT(-115.2 37.3)
2018-04-05,12,POINT(-94.8 22.3)
2018-03-29,7,POINT(-97.2 42.6)
2018-02-13,8,POINT(-99.5 47.3)
2018-10-05,10,POINT(-78.2 35.3)
2018-06-20,37,POINT(-101.0 41.6)
2018-07-08,69,POINT(-116.8 47.4)
2018-12-19,12,POINT(-116.7 39.3)
2018-07-03,10,POINT(-117.9 40.2)
2018-01-03,38,POINT(-99.5 41.6)
2018-07-10,12,POINT(-84.1 27.8)
2018-04-28,17,POINT(-109.8 37.5)
2018-01-19,6,POINT(-87.7 45.3)
2018-01-23,28,POINT(-85.6 28.9)
2018-01-30,16,POINT(-107.2 46.9)
2018-10-22,34,POINT(-90.0 38.6)
2018-04-18,31,POINT(-85.8 32.7)
2018-10-08,5,POINT(-96.7 38.7)
2018-05-08,26,POINT(-103.2 32.1)
2018-08-17,33,POINT(-89.0 45.1)
2018-04-21,9,POINT(-71.1 34.5)
2018-05-16,4,POINT(-98.7 47.0)
2018-12-28,1,POINT(-100.4 35.3)
2018-07-05,12,POINT(-96.8 39.8)
2018-05-24,9,POINT(-116.2 49.9)
2018-03-13,17,POINT(-92.3 24.4)
2018-05-09,5,POINT(-103.6 42.1)
2018-12-30,40,POINT(-113.9 24.2)
2018-09-18,6,POINT(-96.7 45.2)
2018-01-03,6,POINT(-119.8 37.9)
2018-04-14,14,POINT(-99.9 48.1)
2018-08-12,14,POINT(-114.7 46.0)
2018-11-16,5,POINT(-118.8 22.2)
2018-12-28,7,POINT(-78.8 24.1)
2018-12-20,4,POINT(-74.2 38.0)
2018-01-10,26,POINT(-109.6 35.5)
2018-10-29,30,POINT(-93.0 25.1)
2018-08-19,13,POINT(-106.1 23.9)
2018-08-07,26,POINT(-95.3 36.9)
2018-03-07,27,POINT(-98.2 21.5)
2018-04-22,3,POINT(-106.5 46.2)
2018-01-13,68,POINT(-85.0 44.2)
2018-03-27,35,POINT(-113.7 43.6)
2018-08-22,5,POINT(-117.3 20.5)
2018-03-31,5,POINT(-81.6 21.4)
2018-11-10,3,POINT(-86.7 36.5)
2018-02-23,3,POINT(-95.1 49.8)
2018-01-12,28,POINT(-96.6 30.3)
2018-07-28,13,POINT(-95.1 30.3)
2018-01-14,31,POINT(-98.1 24.0)
2018-05-01,28,POINT(-100.4 40.2)
2018-01-20,19,POINT(-95.0 39.4)
2018-03-16,24,POINT(-93.6 23.0)
2018-08-31,1,POINT(-85.4 34.0)
2018-08-11,8,POINT(-84.4 40.0)
2018-03-11,21,POINT(-101.1 34.8)
2018-11-08,1,POINT(-99.3 40.2)
2018-07-30,1,POINT(-101.3 44.5)
2018-04-11,39,POINT(-93.2 40.6)
2018-07-05,24,POINT(-97.3 38.5)
2018-05-12,7,POINT(-75.5 45.6)
2018-04-21,24,POINT(-85.2 47.0)
2018-05-12,32,POINT(-75.1 31.7)
2018-01-20,8,POINT(-84.5 25.2)
2018-01-24,1,POINT(-71.5 44.5)
2018-08-15,54,POINT(-88.2 26.4)
2018-06-03,9,POINT(-71.8 47.9)
2018-10-20,3,POINT(-112.1 20.7)
2018-08-18,14,POINT(-117.4 47.6)
2018-11-06,30,POINT(-91.0 37.7)
2018-12-25,6,POINT(-70.8 43.2)
2018-07-21,7,POINT(-99.1 32.0)
2018-02-07,6,POINT(-109.4 49.8)
2018-09-17,96,POINT(-93.9 26.8)
2018-07-07,5,POINT(-87.6 27.9)
2018-02-26,18,POINT(-104.2 21.5)
2018-01-20,52,POINT(-84.3 48.2)
2018-09-30,4,POINT(-71.2 33.7)
2018-04-29,71,POINT(-75.2 40.2)
2018-03-12,59,POINT(-105.4 40.6)
2018-01-04,44,POINT(-103.7 46.2)
2018-08-09,5,POINT(-101.4 39.9)
2018-01-14,21,POINT(-100.3 36.9)
2018-01-03,29,POINT(-115.0 41.3)
2018-08-04,86,POINT(-81.9 42.5)
2018-08-17,4,POINT(-101.7 25.6)
2018-12-02,30,POINT(-76.0 23.3)
2018-07-05,9,POINT(-73.7 22.2)
2018-02-24,4,POINT(-118.8 31.2)
2018-09-11,11,POINT(-70.6 34.9)
2018-01-24,32,POINT(-84.5 38.5)
2018-06-11,13,POINT(-94.0 48.7)
2018-06-07,16,POINT(-100.5 29.9)
2018-03-23,107,POINT(-94.1 42.8)
2018-06-08,11,POINT(-103.8 35.9)
2018-07-07,20,POINT(-88.9 26.6)
2018-03-01,10,POINT(-115.4 38.5)
2018-11-01,10,POINT(-88.9 49.0)
2018-11-15,24,POINT(-106.2 23.7)
2018-07-30,56,POINT(-119.1 35.2)
2018-06-01,16,POINT(-92.4 21.5)
2018-04-19,30,POINT(-91.1 29.6)
2018-03-17,2,POINT(-98.7 38.6)
2018-01-30,5,POINT(-116.4 45.2)
2018-11-10,14,POINT(-75.3 41.9)
2018-04-27,1,POINT(-89.4 33.9)
2018-12-22,6,POINT(-114.2 47.3)
2018-07-11,15,POINT(-94.5 29.1)
2018-01-19,1,POINT(-95.1 42.6)
2018-06-22,7,POINT(-117.0 34.2)
2018-08-16,15,POINT(-89.7 47.0)
2018-12-16,18,POINT(-79.6 43.9)
2018-07-02,53,POINT(-82.5 47.0)
2018-04-23,21,POINT(-109.9 26.4)
2018-07-02,11,POINT(-76.9 40.0)
2018-05-26,54,POINT(-102.9 42.2)
2018-11-15,31,POINT(-72.7 42.3)
2018-04-26,5,POINT(-116.4 35.1)
2018-04-23,3,POINT(-95.7 20.3)
2018-09-08,23,POINT(-90.1 27.8)
2018-09-08,17,POINT(-107.6 29.7)
2018-10-30,32,POINT(-81.4 45.6)
2018-11-09,27,POINT(-88.7 45.2)
2018-04-28,20,POINT(-119.1 23.1)
2018-10-28,86,POINT(-89.6 48.5)
2018-06-10,16,POINT(-95.4 25.5)
2018-07-17,3,POINT(-110.2 32.4)
2018-09-17,36,POINT(-70.2 26.5)
2018-05-28,6,POINT(-75.1 45.8)
2018-08-28,31,POINT(-105.4 42.5)
2018-02-16,63,POINT(-92.9 30.6)
2018-07-17,24,POINT(-104.2 40.5)
2018-02-16,19,POINT(-81.2 25.5)
2018-03-19,13,POINT(-73.5 31.5)
2018-05-04,10,POINT(-102.1 31.3)
2018-03-16,9,POINT(-79.7 27.1)
2018-12-25,21,POINT(-95.1 46.3)
2018-05-17,28,POINT(-100.2 40.4)
2018-03-31,23,POINT(-73.1 28.4)
2018-11-21,5,POINT(-94.5 27.3)
2018-03-02,14,POINT(-96.6 20.5)
2018-05-18,32,POINT(-86.4 30.4)
2018-02-19,13,POINT(-106.9 35.8)
2018-09-16,16,POINT(-103.8 28.3)
2018-04-17,30,POINT(-73.4 41.0)
2018-04-23,22,POINT(-86.1 32.4)
2018-12-16,11,POINT(-78.7 29.5)
2018-09-11,46,POINT(-106.4 48.2)
2018-04-28,4,POINT(-92.8 27.9)
2018-07-17,109,POINT(-71.4 31.9)
2018-12-03,3,POINT(-104.1 31.5)
2018-12-31,1,POINT(-112.0 27.2)
2018-02-20,45,POINT(-94.5 26.5)
2018-09-02,6,POINT(-100.6 29.1)
2018-02-04,27,POINT(-112.0 45.9)
2018-10-29,34,POINT(-75.6 43.0)
2018-03-10,40,POINT(-70.5 40.4)
2018-12-15,96,POINT(-91.6 33.7)
2018-11-16,7,POINT(-81.3 35.2)
2018-02-18,25,POINT(-77.0 28.0)
2018-03-15,3,POINT(-85.0 22.2)
2018-07-11,11,POINT(-117.8 29.9)
2018-09-18,38,POINT(-112.1 34.9)
2018-12-22,10,POINT(-116.5 21.7)
2018-03-11,18,POINT(-119.5 22.6)
2018-03-31,15,POINT(-104.7 27.9)
2018-09-17,21,POINT(-100.4 31.0)
2018-05-06,73,POINT(-107.9 31.8)
2018-08-19,2,POINT(-116.8 23.5)
2018-10-22,18,POINT(-93.5 26.8)
2018-05-09,40,POINT(-106.3 27.8)
2018-10-07,14,POINT(-80.2 22.0)
2018-11-09,2,POINT(-119.6 29.8)
2018-04-10,17,POINT(-77.9 22.2)
2018-11-22,9,POINT(-72.3 41.1)
2018-10-24,4,POINT(-84.2 31.6)
2018-07-01,38,POINT(-83.3 29.8)
2018-06-23,15,POINT(-73.3 23.8)
2018-11-12,55,POINT(-109.5 26.8)
2018-12-30,33,POINT(-70.3 27.0)
2018-07-07,24,POINT(-81.3 49.6)
2018-02-26,1,POINT(-83.7 45.1)
2018-01-31,12,POINT(-101.9 20.5)
2018-03-25,5,POINT(-92.7 38.5)
2018-06-01,49,POINT(-87.3 27.7)
2018-02-05,4,POINT(-89.0 23.1)
2018-08-01,7,POINT(-84.8 41.2)
2018-12-30,15,POINT(-115.9 23.9)
2018-04-16,7,POINT(-102.2 33.3)
2018-12-08,5,POINT(-98.3 39.0)
2018-08-08,19,POINT(-107.0 36.6)
2018-06-12,2,POINT(-111.4 49.3)
2018-08-08,2,POINT(-113.1 43.6)
2018-09-27,10,POINT(-101.7 43.2)
2018-04-30,26,POINT(-95.3 30.7)
2018-12-02,17,POINT(-116.9 20.3)
2018-07-01,11,POINT(-72.7 42.0)
2018-04-16,17,POINT(-81.7 50.0)
2018-08-05,10,POINT(-83.5 32.2)
2018-07-24,56,POINT(-111.4 49.6)
2018-03-11,2,POINT(-89.8 24.3)
2018-02-13,23,POINT(-93.5 28.9)
2018-11-25,45,POINT(-70.9 25.1)
2018-10-28,33,POINT(-82.6 34.3)
2018-08-16,5,POINT(-91.2 43.9)
2018-07-03,8,POINT(-77.5 30.2)
2018-04-17,26,POINT(-112.2 47.2)
2018-03-25,2,POINT(-119.2 36.3)
2018-12-04,34,POINT(-85.5 34.0)
2018-09-07,26,POINT(-115.1 43.6)
2018-12-29,27,POINT(-114.2 23.0)
2018-01-21,3,POINT(-82.8 43.2)
2018-07-15,26,POINT(-106.5 27.3)
2018-06-27,23,POINT(-88.6 28.4)
2018-01-07,36,POINT(-74.1 38.0)
2018-03-11,1,POINT(-104.2 47.1)
2018-05-07,1,POINT(-109.1 37.4)
2018-06-09,10,POINT(-114.7 39.5)
2018-09-05,4,POINT(-113.5 43.3)
2018-07-22,17,POINT(-116.9 27.8)
2018-05-28,50,POINT(-115.6 44.8)
2018-05-23,10,POINT(-98.4 32.5)
2018-07-18,38,POINT(-104.0 25.3)
2018-06-03,1,POINT(-84.7 30.5)
2018-05-22,4,POINT(-76.5 27.4)
2018-11-09,1,POINT(-80.8 26.9)
2018-06-14,8,POINT(-93.5 28.5)
2018-11-10,48,POINT(-114.9 25.4)
2018-01-21,3,POINT(-84.5 40.0)
2018-03-23,19,POINT(-101.9 37.4)
2018-03-10,13,POINT(-115.7 39.5)
2018-05-11,56,POINT(-77.9 30.3)
2018-03-28,3,POINT(-103.1 43.1)
2018-08-06,5,POINT(-109.1 23.9)
2018-11-01,1,POINT(-76.4 37.1)
2018-12-11,12,POINT(-74.9 28.3)
2018-12-07,7,POINT(-103.1 35.8)
2018-06-10,41,POINT(-102.3 29.7)
2018-06-27,19,POINT(-91.0 43.7)
2018-04-27,20,POINT(-83.3 46.7)
2018-07-15,16,POINT(-116.8 42.3)
2018-11-23,2,POINT(-90.3 25.3)
2018-03-27,12,POINT(-72.4 28.2)
2018-10-16,153,POINT(-106.9 47.6)
2018-03-22,37,POINT(-74.6 33.1)
2018-06-01,45,POINT(-72.5 48.2)
2018-03-02,35,POINT(-106.5 31.8)
2018-03-02,3,POINT(-82.3 48.6)
2018-12-20,6,POINT(-108.1 47.8)
2018-01-28,1,POINT(-83.1 39.8)
2018-02-12,8,POINT(-80.1 20.3)
2018-06-18,3,POINT(-107.6 32.0)
2018-03-27,13,POINT(-84.2 47.3)
2018-06-26,23,POINT(-79.4 46.6)
2018-01-17,42,POINT(-102.1 25.6)
2018-04-08,28,POINT(-111.6 32.0)
2018-07-17,56,POINT(-115.4 45.1)
2018-04-08,2,POINT(-91.2 37.3)
2018-03-06,1,POINT(-71.1 45.4)
2018-11-26,22,POINT(-78.9 44.8)
2018-12-07,7,POINT(-98.2 47.2)
2018-01-05,6,POINT(-93.2 23.5)
2018-01-02,9,POINT(-106.0 24.4)
2018-01-22,7,POINT(-111.8 22.5)
2018-04-22,15,POINT(-95.9 48.1)
2018-02-26,12,POINT(-96.8 34.3)
2018-03-07,15,POINT(-93.9 21.9)
2018-11-26,23,POINT(-72.4 29.6)
2018-04-08,10,POINT(-89.8 30.5)
2018-05-24,6,POINT(-89.7 44.3)
2018-05-05,4,POINT(-113.6 42.1)
2018-06-16,9,POINT(-70.2 40.7)
2018-03-27,28,POINT(-81.4 20.7)
2018-03-17,29,POINT(-76.1 47.3)
2018-12-10,22,POINT(-99.3 26.5)
2018-10-21,6,POINT(-94.9 38.9)
2018-02-28,18,POINT(-93.9 21.9)
2018-05-18,17,POINT(-110.3 22.4)
2018-04-09,14,POINT(-85.5 20.3)
2018-07-11,16,POINT(-74.9 37.0)
2018-08-31,14,POINT(-111.8 38.9)
2018-11-15,17,POINT(-115.7 21.5)
2018-02-18,26,POINT(-83.1 28.7)
2018-02-01,3,POINT(-106.3 45.5)
2018-10-04,28,POINT(-88.8 23.0)
2018-01-20,3,POINT(-85.2 26.5)
2018-06-03,2,POINT(-103.9 32.7)
2018-03-09,75,POINT(-79.2 45.3)
2018-08-02,63,POINT(-92.5 27.6)
2018-05-23,2,POINT(-76.6 49.9)
2018-08-20,12,POINT(-81.8 30.7)
2018-08-01,5,POINT(-76.6 31.6)
2018-03-20,14,POINT(-119.0 23.7)
2018-08-02,36,POINT(-107.8 40.4)
2018-04-26,61,POINT(-115.5 27.3)
2018-04-02,21,POINT(-97.9 38.9)
2018-09-27,9,POINT(-75.5 26.7)
2018-06-17,19,POINT(-96.6 31.6)
2018-02-27,8,POINT(-77.5 45.7)
2018-10-11,49,POINT(-103.6 42.2)
2018-01-26,41,POINT(-103.0 24.6)
2018-03-07,17,POINT(-75.2 38.2)
2018-09-05,8,POINT(-98.7 38.9)
2018-09-11,7,POINT(-80.5 22.7)
2018-02-13,1,POINT(-108.2 34.0)
2018-04-07,34,POINT(-72.6 27.8)
2018-02-11,12,POINT(-91.3 34.0)
2018-08-15,8,POINT(-82.0 43.3)
2018-09-19,13,POINT(-115.5 24.7)
2018-06-16,35,POINT(-95.4 23.7)
2018-10-06,3,POINT(-74.9 28.1)
2018-03-30,39,POINT(-76.1 48.6)
2018-06-27,46,POINT(-117.7 42.4)
2018-07-16,59,POINT(-104.8 20.6)
2018-11-03,11,POINT(-97.8 32.0)
2018-09-24,5,POINT(-111.4 27.7)
2018-09-25,10,POINT(-83.5 39.1)
2018-03-15,9,POINT(-110.8 33.8)
2018-01-08,4,POINT(-102.7 48.9)
2018-10-24,19,POINT(-86.8 26.6)
2018-06-13,13,POINT(-95.9 37.6)
2018-03-26,41,POINT(-83.1 41.0)
2018-03-13,1,POINT(-71.9 44.8)
2018-02-24,21,POINT(-114.2 32.2)
2018-02-16,29,POINT(-84.5 40.6)
2018-08-26,29,POINT(-108.5 29.1)
2018-04-14,44,POINT(-99.3 33.1)
2018-07-29,27,POINT(-118.4 46.9)
2018-02-11,53,POINT(-113.2 48.5)
2018-11-12,9,POINT(-104.0 41.6)
2018-09-25,14,POINT(-102.9 31.2)
2018-09-20,1,POINT(-75.0 44.6)
2018-12-02,1,POINT(-82.9 20.8)
2018-12-31,6,POINT(-71.4 23.1)
2018-09-16,3,POINT(-90.0 39.8)
2018-10-10,7,POINT(-107.9 28.7)
2018-04-24,4,POINT(-103.6 48.5)
2018-12-29,1,POINT(-104.0 33.1)
2018-02-09,49,POINT(-103.7 32.9)
2018-08-08,1,POINT(-86.4 40.3)
2018-05-09,27,POINT(-93.5 43.0)
2018-01-08,4,POINT(-100.7 34.3)
2018-04-11,49,POINT(-112.5 26.4)
2018-06-25,45,POINT(-118.9 43.2)
2018-04-17,22,POINT(-109.1 29.6)
2018-04-11,23,POINT(-114.6 25.3)
2018-09-17,1,POINT(-80.7 38.9)
2018-09-03,84,POINT(-114.4 22.7)
2018-10-02,43,POINT(-83.8 49.1)
2018-02-01,46,POINT(-100.7 39.0)
2018-05-17,22,POINT(-116.3 49.6)
2018-01-12,9,POINT(-79.4 30.2)
2018-10-29,45,POINT(-91.0 49.1)
2018-01-16,7,POINT(-108.2 24.4)
2018-05-09,17,POINT(-75.3 21.2)
2018-03-04,3,POINT(-117.7 21.0)
2018-04-19,52,POINT(-109.9 33.9)
2018-01-21,4,POINT(-82.4 22.5)
2018-06-07,6,POINT(-84.5 35.4)
2018-09-26,17,POINT(-105.5 29.8)
2018-06-11,29,POINT(-116.9 30.1)
2018-09-17,20,POINT(-77.1 39.1)
2018-04-12,6,POINT(-104.3 24.9)
2018-08-11,1,POINT(-110.2 43.0)
2018-02-28,29,POINT(-94.2 37.5)
2018-09-04,85,POINT(-74.5 47.4)
2018-05-08,34,POINT(-117.8 30.9)
2018-10-10,13,POINT(-81.7 49.5)
2018-11-21,47,POINT(-91.4 37.3)
2018-01-25,11,POINT(-98.7 49.2)
2018-05-11,15,POINT(-82.8 20.8)
2018-12-19,13,POINT(-71.7 41.8)
2018-07-15,12,POINT(-108.5 44.5)
2018-10-08,30,POINT(-112.8 21.6)
2018-06-03,15,POINT(-74.4 37.4)
2018-05-13,8,POINT(-86.6 44.1)
2018-08-15,6,POINT(-98.1 36.8)
2018-07-08,1,POINT(-91.3 21.9)
2018-09-22,18,POINT(-82.7 40.8)
2018-05-14,6,POINT(-81.3 21.8)
2018-07-30,4,POINT(-74.0 44.5)
2018-03-01,22,POINT(-98.7 21.3)
2018-12-30,23,POINT(-105.3 24.1)
2018-12-30,28,POINT(-88.0 28.3)
2018-08-01,15,POINT(-99.2 39.0)
2018-08-04,45,POINT(-90.3 49.3)
2018-08-14,56,POINT(-99.0 23.5)
2018-05-11,33,POINT(-112.4 24.3)
2018-03-17,21,POINT(-96.5 31.1)
2018-10-13,8,POINT(-85.5 45.1)
2018-10-04,82,POINT(-80.0 34.0)
2018-06-05,7,POINT(-95.3 29.6)
2018-09-05,5,POINT(-111.7 36.8)
2018-08-06,12,POINT(-99.3 27.8)
2018-07-09,2,POINT(-80.7 32.0)
2018-06-12,77,POINT(-99.4 30.0)
2018-06-29,18,POINT(-85.2 44.1)
2018-02-03,17,POINT(-94.6 47.7)
2018-02-10,22,POINT(-107.9 42.8)
2018-11-03,14,POINT(-80.2 33.2)
2018-12-04,1,POINT(-115.8 35.1)
2018-11-10,19,POINT(-93.8 23.8)
2018-03-16,26,POINT(-109.6 42.4)
2018-10-06,11,POINT(-116.6 37.9)
2018-06-25,29,POINT(-94.9 47.1)
2018-05-30,6,POINT(-95.0 26.0)
2018-09-30,6,POINT(-84.7 42.8)
2018-11-21,4,POINT(-82.8 40.5)
2018-04-18,10,POINT(-83.6 28.0)
2018-05-19,38,POINT(-99.5 40.0)
2018-12-16,36,POINT(-88.4 47.7)
2018-09-28,10,POINT(-91.2 47.6)
2018-12-13,18,POINT(-98.9 41.6)
2018-10-16,26,POINT(-90.1 21.4)
2018-07-31,6,POINT(-72.6 46.2)
2018-09-29,4,POINT(-110.4 39.7)
2018-03-07,72,POINT(-74.7 29.3)
2018-09-05,20,POINT(-117.3 25.6)
2018-06-05,80,POINT(-104.6 23.5)
2018-02-16,9,POINT(-105.6 21.5)
2018-07-20,25,POINT(-88.7 42.6)
2018-05-28,6,POINT(-113.4 27.1)
2018-05-04,7,POINT(-75.9 20.7)
2018-01-01,15,POINT(-78.6 31.9)
2018-09-04,8,POINT(-87.4 34.5)
2018-12-09,4,POINT(-97.1 25.1)
2018-05-08,7,POINT(-73.4 21.3)
2018-07-10,1,POINT(-78.5 25.7)
2018-03-08,25,POINT(-95.0 40.4)
2018-01-04,14,POINT(-84.9 22.5)
2018-10-30,2,POINT(-91.7 36.7)
2018-10-21,4,POINT(-90.6 24.4)
2018-05-23,3,POINT(-103.5 25.9)
2018-07-10,19,POINT(-96.9 31.8)
2018-01-21,2,POINT(-116.1 23.0)
2018-08-15,29,POINT(-102.1 25.2)
2018-11-09,1,POINT(-85.2 30.5)
2018-04-27,6,POINT(-72.3 29.9)
2018-10-29,45,POINT(-71.8 42.5)
2018-05-22,26,POINT(-92.2 22.2)
2018-02-08,2,POINT(-89.7 45.8)
2018-12-21,35,POINT(-110.7 44.5)
2018-09-09,14,POINT(-85.2 43.0)
2018-11-29,38,POINT(-116.5 29.3)
2018-07-26,19,POINT(-105.8 44.7)
2018-07-29,23,POINT(-86.6 25.5)
2018-04-25,101,POINT(-104.5 23.7)
2018-08-13,6,POINT(-117.5 21.3)
2018-05-14,20,POINT(-78.4 48.2)
2018-09-08,13,POINT(-104.5 29.2)
2018-08-07,1,POINT(-116.8 47.5)
2018-04-01,1,POINT(-116.3 28.2)
2018-12-20,3,POINT(-107.4 47.2)
2018-02-15,21,POINT(-111.1 47.1)
2018-02-07,17,POINT(-81.3 47.7)
2018-05-22,17,POINT(-103.9 34.9)
2018-04-10,1,POINT(-79.8 46.0)
2018-11-24,13,POINT(-111.3 48.5)
2018-07-09,52,POINT(-95.4 29.7)
2018-02-04,11,POINT(-85.6 32.6)
2018-05-27,20,POINT(-87.4 41.6)
2018-01-30,31,POINT(-89.9 29.0)
2018-11-30,31,POINT(-73.8 42.6)
2018-03-25,15,POINT(-108.6 22.2)
2018-10-08,40,POINT(-95.3 35.7)
2018-12-10,10,POINT(-75.8 23.7)
2018-09-27,44,POINT(-116.1 28.8)
2018-06-03,6,POINT(-117.2 27.8)
2018-04-12,7,POINT(-108.3 45.2)
2018-08-03,2,POINT(-88.3 25.8)
2018-05-30,32,POINT(-107.0 44.3)
2018-03-24,11,POINT(-110.5 43.8)
2018-04-20,6,POINT(-97.1 35.0)
2018-10-02,6,POINT(-89.3 27.0)
2018-07-20,47,POINT(-107.6 26.8)
2018-10-11,36,POINT(-105.0 33.9)
2018-06-22,17,POINT(-89.3 20.3)
2018-11-23,20,POINT(-72.7 35.9)
2018-07-25,13,POINT(-86.3 48.6)
2018-03-04,10,POINT(-80.9 24.6)
2018-03-14,50,POINT(-101.7 37.2)
2018-09-08,3,POINT(-106.4 48.9)
2018-05-04,11,POINT(-97.3 45.8)
2018-05-01,9,POINT(-79.6 45.5)
2018-10-02,14,POINT(-97.2 44.7)
2018-04-30,13,POINT(-77.7 29.3)
2018-11-13,15,POINT(-70.6 46.7)
2018-06-13,4,POINT(-116.4 48.2)
2018-10-13,15,POINT(-117.7 34.9)
2018-09-22,6,POINT(-112.5 30.6)
2018-11-16,5,POINT(-100.8 32.4)
2018-06-10,2,POINT(-113.4 30.0)
2018-11-04,29,POINT(-76.5 26.4)
2018-03-30,12,POINT(-118.8 38.6)
2018-05-22,20,POINT(-104.2 36.9)
2018-07-22,27,POINT(-110.8 33.9)
2018-11-05,23,POINT(-73.4 22.9)
2018-08-15,13,POINT(-86.5 43.9)
2018-11-30,10,POINT(-74.4 25.2)
2018-08-10,10,POINT(-71.4 23.4)
2018-02-10,21,POINT(-95.1 38.7)
2018-07-15,14,POINT(-108.3 32.0)
2018-03-09,38,POINT(-110.3 21.8)
2018-09-21,42,POINT(-108.9 30.7)
2018-01-02,4,POINT(-84.6 43.2)
2018-12-27,3,POINT(-118.0 38.5)
2018-05-05,20,POINT(-117.4 30.9)
2018-04-20,8,POINT(-89.6 25.8)
2018-03-27,1,POINT(-87.9 39.0)
2018-04-30,44,POINT(-86.7 46.6)
2018-05-07,6,POINT(-101.4 39.4)
2018-09-12,53,POINT(-79.7 44.4)
2018-07-02,26,POINT(-93.3 35.6)
2018-01-16,29,POINT(-114.7 41.5)
2018-03-03,5,POINT(-80.1 46.9)
2018-06-07,6,POINT(-72.3 43.2)
2018-09-25,15,POINT(-117.0 47.3)
2018-02-04,4,POINT(-100.4 32.9)
2018-09-24,8,POINT(-95.6 47.1)
2018-03-05,8,POINT(-112.7 38.6)
2018-02-19,4,POINT(-76.6 46.1)
2018-09-12,5,POINT(-105.8 21.2)
2018-05-29,32,POINT(-80.8 39.7)
2018-11-21,4,POINT(-86.5 45.4)
2018-10-31,1,POINT(-90.1 25.2)
2018-10-03,20,POINT(-110.4 39.9)
2018-12-23,75,POINT(-109.0 44.7)
2018-06-21,9,POINT(-117.6 28.6)
2018-07-20,3,POINT(-108.0 32.2)
2018-11-20,17,POINT(-102.7 37.1)
2018-02-04,48,POINT(-78.3 35.6)
2018-08-04,31,POINT(-101.7 21.2)
2018-03-06,20,POINT(-82.3 23.0)
2018-01-08,8,POINT(-98.0 23.0)
2018-10-28,16,POINT(-80.8 27.9)
2018-12-09,2,POINT(-71.2 27.4)
2018-11-28,23,POINT(-108.0 42.3)
2018-03-17,26,POINT(-76.9 37.2)
2018-06-23,68,POINT(-88.9 42.9)
2018-02-16,7,POINT(-79.1 22.1)
2018-01-15,1,POINT(-87.4 34.6)
2018-12-27,16,POINT(-98.8 29.7)
2018-05-27,25,POINT(-108.6 45.5)
2018-01-26,32,POINT(-116.5 41.2)
2018-11-04,5,POINT(-93.2 46.1)
2018-04-03,7,POINT(-70.5 21.4)
2018-08-20,15,POINT(-83.1 41.6)
2018-01-21,9,POINT(-103.6 36.2)
2018-11-03,40,POINT(-78.6 44.8)
2018-02-07,13,POINT(-81.6 35.2)
2018-10-03,33,POINT(-105.9 36.2)
2018-06-06,18,POINT(-119.3 21.6)
2018-06-28,30,POINT(-114.1 40.1)
2018-05-12,9,POINT(-76.1 28.2)
2018-11-07,36,POINT(-78.2 20.6)
2018-12-14,7,POINT(-105.2 22.0)
2018-01-28,16,POINT(-105.7 48.7)
2018-09-17,5,POINT(-80.4 30.4)
2018-03-17,13,POINT(-73.1 46.0)
2018-03-08,8,POINT(-81.0 48.8)
2018-12-08,7,POINT(-89.7 48.3)
2018-07-13,69,POINT(-107.9 46.5)
2018-06-11,4,POINT(-93.7 46.8)
2018-12-13,31,POINT(-108.3 28.7)
2018-12-27,83,POINT(-79.6 24.5)
2018-09-14,1,POINT(-100.7 39.2)
2018-03-13,25,POINT(-78.3 34.6)
2018-03-28,6,POINT(-100.9 23.0)
2018-09-19,1,POINT(-78.8 40.3)
2018-08-02,11,POINT(-103.3 36.9)
2018-06-02,55,POINT(-98.0 45.9)
2018-07-29,1,POINT(-89.2 38.3)
2018-03-02,18,POINT(-116.5 37.2)
2018-09-25,14,POINT(-72.6 33.2)
2018-09-19,42,POINT(-91.3 33.9)
2018-08-06,2,POINT(-94.6 48.6)
2018-10-10,23,POINT(-78.0 24.2)
2018-05-16,23,POINT(-76.7 33.4)
2018-12-28,23,POINT(-93.9 39.7)
2018-04-03,58,POINT(-73.6 33.0)
2018-04-19,35,POINT(-116.8 28.5)
2018-08-29,1,POINT(-114.3 28.6)
2018-12-21,13,POINT(-90.2 27.0)
2018-05-22,11,POINT(-102.3 30.3)
2018-10-18,8,POINT(-96.8 46.2)
2018-08-25,13,POINT(-103.6 35.2)
2018-12-06,10,POINT(-99.8 27.2)
2018-11-08,12,POINT(-78.9 31.5)
2018-06-26,78,POINT(-90.3 23.2)
2018-05-21,2,POINT(-70.1 47.1)
2018-07-08,52,POINT(-80.7 32.2)
2018-02-18,14,POINT(-106.3 49.4)
2018-10-29,20,POINT(-106.8 30.4)
2018-07-09,36,POINT(-103.2 45.1)
2018-05-16,9,POINT(-77.8 27.7)
2018-02-12,12,POINT(-118.6 22.3)
2018-12-19,11,POINT(-108.5 21.0)
2018-03-31,10,POINT(-74.8 38.2)
2018-10-22,52,POINT(-88.0 29.3)
2018-12-07,36,POINT(-108.7 33.3)
2018-09-02,3,POINT(-109.0 44.6)
2018-07-11,3,POINT(-76.9 27.4)
2018-11-14,12,POINT(-75.3 29.3)
2018-04-16,3,POINT(-107.2 45.4)
2018-12-29,20,POINT(-99.0 34.8)
2018-11-06,4,POINT(-78.3 44.8)
2018-08-21,15,POINT(-81.4 31.2)
2018-09-22,1,POINT(-79.3 32.0)
2018-12-10,8,POINT(-94.1 25.0)
2018-02-06,23,POINT(-74.4 47.5)
2018-11-01,14,POINT(-103.7 46.9)
2018-02-10,77,POINT(-112.2 49.5)
2018-01-17,42,POINT(-84.6 32.1)
2018-12-10,9,POINT(-93.0 44.6)
2018-10-04,1,POINT(-77.3 32.4)
2018-11-03,38,POINT(-115.9 33.6)
2018-02-28,49,POINT(-77.8 44.9)
2018-07-02,35,POINT(-105.3 25.3)
2018-02-10,3,POINT(-87.3 26.6)
2018-02-08,124,POINT(-118.0 29.4)
2018-07-11,6,POINT(-89.5 43.6)
2018-09-24,26,POINT(-84.1 31.2)
2018-05-27,48,POINT(-101.6 30.7)
2018-11-29,6,POINT(-109.2 50.0)
2018-05-07,48,POINT(-93.1 31.5)
2018-02-15,8,POINT(-78.3 27.4)
2018-02-14,75,POINT(-103.8 38.7)
2018-01-01,7,POINT(-107.4 44.1)
2018-06-17,62,POINT(-106.1 22.1)
2018-04-18,2,POINT(-72.5 38.6)
2018-01-19,25,POINT(-102.0 21.1)
2018-11-28,16,POINT(-119.8 35.8)
2018-03-13,13,POINT(-80.9 27.7)
2018-04-19,6,POINT(-85.0 29.2)
2018-09-25,25,POINT(-113.6 34.0)
2018-08-28,5,POINT(-70.8 47.8)
2018-10-28,17,POINT(-89.6 41.3)
2018-03-31,6,POINT(-95.0 48.1)
2018-04-13,63,POINT(-100.9 39.8)
2018-09-07,1,POINT(-75.1 20.2)
2018-01-08,5,POINT(-107.8 28.0)
2018-06-02,6,POINT(-105.7 47.2)
2018-12-13,11,POINT(-113.9 39.3)
2018-06-23,6,POINT(-82.0 49.4)
2018-12-09,14,POINT(-90.2 24.7)
2018-06-07,42,POINT(-89.5 28.9)
2018-08-03,25,POINT(-109.1 30.9)
2018-06-26,18,POINT(-87.4 29.8)
2018-06-24,2,POINT(-81.7 27.6)
2018-12-06,24,POINT(-102.1 33.3)
2018-12-04,4,POINT(-79.9 39.3)
2018-05-26,31,POINT(-102.6 29.3)
2018-11-20,6,POINT(-82.1 22.4)
2018-06-10,11,POINT(-118.3 41.3)
2018-05-07,9,POINT(-92.4 33.8)
2018-03-23,40,POINT(-71.5 36.7)
2018-05-27,3,POINT(-70.9 33.7)
2018-08-27,17,POINT(-105.9 46.7)
2018-03-25,4,POINT(-97.9 36.8)
2018-04-23,25,POINT(-116.9 47.7)
2018-08-13,48,POINT(-76.3 35.3)
2018-11-28,12,POINT(-91.6 28.8)
2018-08-31,14,POINT(-100.7 30.7)
2018-05-23,53,POINT(-114.4 35.7)
2018-02-10,15,POINT(-72.7 35.9)
2018-09-15,14,POINT(-93.5 40.6)
2018-10-12,18,POINT(-105.9 26.7)
2018-04-15,24,POINT(-102.5 39.8)
2018-07-21,3,POINT(-106.5 43.4)
2018-11-03,35,POINT(-89.9 40.3)
2018-11-27,12,POINT(-73.5 34.5)
2018-09-23,2,POINT(-77.2 49.8)
2018-07-29,31,POINT(-97.0 32.1)
2018-02-20,10,POINT(-78.7 23.2)
2018-04-28,3,POINT(-98.8 44.6)
2018-07-20,21,POINT(-107.4 26.4)
2018-02-08,43,POINT(-70.8 41.4)
2018-01-28,44,POINT(-104.8 25.4)
2018-09-16,64,POINT(-103.8 20.5)
2018-03-25,41,POINT(-70.5 24.8)
2018-06-04,1,POINT(-113.3 31.3)
2018-04-27,10,POINT(-82.0 23.2)
2018-01-02,35,POINT(-73.2 25.9)
2018-04-03,10,POINT(-94.4 42.9)
2018-06-15,19,POINT(-119.9 43.1)
2018-12-16,19,POINT(-101.2 44.5)
2018-10-23,10,POINT(-114.4 45.2)
2018-09-15,47,POINT(-99.2 32.6)
2018-03-22,14,POINT(-80.5 46.0)
2018-09-25,13,POINT(-98.1 35.8)
2018-08-23,120,POINT(-98.4 34.1)
2018-11-17,14,POINT(-92.2 41.6)
2018-11-07,4,POINT(-90.9 26.4)
2018-10-28,15,POINT(-77.2 43.7)
2018-12-23,34,POINT(-104.6 32.9)
2018-08-01,30,POINT(-78.9 23.8)
2018-03-03,32,POINT(-91.7 23.6)
2018-02-18,25,POINT(-105.0 24.9)
2018-05-07,6,POINT(-105.2 46.7)
2018-08-11,40,POINT(-101.9 49.7)
2018-10-06,45,POINT(-88.9 30.7)
2018-10-21,5,POINT(-108.5 28.8)
2018-10-11,3,POINT(-74.0 26.6)
2018-10-04,75,POINT(-91.3 44.7)
2018-04-17,41,POINT(-74.0 26.3)
2018-05-26,45,POINT(-117.7 47.7)
2018-04-09,44,POINT(-102.9 40.0)
2018-03-14,16,POINT(-118.9 46.9)
2018-05-02,21,POINT(-106.4 36.6)
2018-01-30,16,POINT(-76.9 40.7)
2018-07-07,2,POINT(-118.2 38.6)
2018-12-30,28,POINT(-98.2 44.9)
2018-12-20,15,POINT(-114.1 45.1)
2018-10-15,21,POINT(-99.2 37.7)
2018-07-14,14,POINT(-78.1 39.0)
2018-06-05,14,POINT(-88.8 47.7)
2018-06-21,4,POINT(-83.2 47.9)
2018-12-01,7,POINT(-102.5 39.9)
2018-02-10,4,POINT(-72.8 20.2)
2018-03-04,5,POINT(-84.5 23.1)
2018-01-23,73,POINT(-98.9 45.7)
2018-12-26,4,POINT(-98.7 22.5)
2018-03-16,7,POINT(-74.1 26.4)
2018-02-17,18,POINT(-91.2 26.9)
2018-06-09,19,POINT(-84.7 38.0)
2018-11-09,4,POINT(-99.1 37.3)
2018-04-28,32,POINT(-108.8 28.7)
2018-04-10,31,POINT(-83.8 26.2)
2018-06-16,6,POINT(-89.6 42.9)
2018-10-17,7,POINT(-94.9 48.1)
2018-06-05,56,POINT(-88.8 21.6)
2018-01-07,35,POINT(-109.6 24.0)
2018-07-15,24,POINT(-80.3 39.3)
2018-02-25,2,POINT(-72.6 44.1)
2018-11-17,11,POINT(-75.4 43.7)
2018-07-12,17,POINT(-103.9 41.6)
2018-02-16,5,POINT(-99.7 46.6)
2018-05-28,12,POINT(-79.6 26.5)
2018-10-02,19,POINT(-90.2 23.2)
2018-06-06,8,POINT(-92.6 38.5)
2018-07-21,31,POINT(-73.7 44.7)
2018-05-06,37,POINT(-93.2 37.5)
2018-11-01,8,POINT(-94.3 48.9)
2018-10-21,37,POINT(-117.9 43.9)
2018-03-05,3,POINT(-116.5 41.0)
2018-11-21,37,POINT(-119.6 21.8)
2018-06-25,4,POINT(-74.3 23.2)
2018-04-26,2,POINT(-99.6 43.5)
2018-07-23,21,POINT(-96.6 25.9)
2018-11-17,13,POINT(-77.7 20.9)
2018-01-31,48,POINT(-89.5 47.3)
2018-04-23,10,POINT(-89.5 46.7)
2018-12-31,7,POINT(-105.2 26.6)
2018-11-21,14,POINT(-78.3 43.4)
2018-12-10,13,POINT(-111.7 21.4)
2018-03-08,9,POINT(-117.3 28.6)
2018-03-16,24,POINT(-110.4 38.7)
2018-02-14,29,POINT(-106.6 42.9)
2018-09-17,39,POINT(-105.9 20.3)
2018-06-03,73,POINT(-86.5 29.8)
2018-06-04,7,POINT(-109.1 26.4)
2018-12-29,26,POINT(-86.2 50.0)
2018-08-22,11,POINT(-115.4 40.1)
2018-02-20,23,POINT(-112.6 32.2)
2018-11-02,13,POINT(-94.6 22.3)
2018-09-19,102,POINT(-73.9 38.0)
2018-11-11,27,POINT(-77.0 39.3)
2018-05-05,61,POINT(-71.6 44.5)
2018-09-02,37,POINT(-87.5 28.7)
2018-01-30,47,POINT(-86.2 49.4)
2018-05-02,34,POINT(-88.7 33.2)
2018-05-05,13,POINT(-88.9 28.9)
2018-02-06,6,POINT(-112.6 30.5)
2018-06-19,10,POINT(-92.8 35.6)
2018-05-04,1,POINT(-100.7 48.1)
2018-12-23,15,POINT(-97.9 42.1)
2018-02-04,15,POINT(-93.8 37.3)
2018-03-28,15,POINT(-113.6 24.9)
2018-05-14,74,POINT(-102.0 24.5)
2018-07-15,49,POINT(-116.8 35.1)
2018-10-01,4,POINT(-71.0 41.9)
2018-07-20,10,POINT(-114.1 42.5)
2018-10-12,12,POINT(-107.1 26.8)
2018-03-18,9,POINT(-75.4 23.0)
2018-02-28,33,POINT(-95.9 31.5)
2018-05-06,15,POINT(-113.2 47.5)
2018-04-19,17,POINT(-100.8 36.4)
2018-08-12,39,POINT(-114.2 29.6)
2018-10-05,33,POINT(-110.0 29.7)
2018-03-09,3,POINT(-117.4 24.0)
2018-03-10,26,POINT(-98.1 34.2)
2018-06-14,12,POINT(-79.7 43.7)
2018-11-01,7,POINT(-90.7 49.1)
2018-06-11,2,POINT(-89.7 35.0)
2018-12-31,14,POINT(-110.0 25.0)
2018-12-08,9,POINT(-102.8 40.5)
2018-11-05,6,POINT(-77.7 42.7)
2018-12-09,24,POINT(-115.6 22.2)
2018-02-11,30,POINT(-77.1 45.5)
2018-12-20,6,POINT(-95.8 44.9)
2018-04-19,2,POINT(-78.1 34.2)
2018-02-20,38,POINT(-104.1 36.8)
2018-09-07,1,POINT(-103.1 41.4)
2018-12-07,56,POINT(-82.4 40.3)
2018-01-21,20,POINT(-80.8 20.5)
2018-10-27,8,POINT(-108.5 23.7)
2018-05-19,6,POINT(-71.4 24.9)
2018-12-25,1,POINT(-115.8 42.7)
2018-11-20,6,POINT(-116.6 33.2)
2018-04-02,3,POINT(-90.2 36.4)
2018-10-07,19,POINT(-83.9 43.2)
2018-05-05,4,POINT(-72.0 30.2)
2018-04-21,16,POINT(-99.8 42.5)
2018-12-20,18,POINT(-118.7 33.3)
2018-05-19,8,POINT(-89.9 31.3)
2018-09-30,1,POINT(-105.5 30.0)
2018-04-09,1,POINT(-98.4 48.9)
2018-09-09,1,POINT(-95.6 43.2)
2018-12-04,27,POINT(-116.8 20.6)
2018-04-14,8,POINT(-95.7 48.7)
2018-08-02,32,POINT(-98.7 43.3)
2018-09-06,12,POINT(-84.4 24.5)
2018-06-01,13,POINT(-87.7 22.3)
2018-09-07,15,POINT(-110.7 29.2)
2018-10-02,25,POINT(-109.7 38.7)
2018-06-14,7,POINT(-107.4 38.5)
2018-12-07,3,POINT(-111.1 28.3)
2018-01-08,17,POINT(-87.1 33.4)
2018-10-11,8,POINT(-70.3 26.4)
2018-01-05,12,POINT(-87.4 21.5)
2018-05-25,21,POINT(-89.7 35.5)
2018-04-11,14,POINT(-99.5 30.4)
2018-06-13,20,POINT(-104.4 36.3)
2018-05-27,16,POINT(-74.4 48.4)
2018-03-05,27,POINT(-71.5 24.3)
2018-04-01,25,POINT(-95.2 20.1)
2018-04-27,16,POINT(-105.5 22.3)
2018-12-20,23,POINT(-81.5 33.9)
2018-09-24,42,POINT(-113.4 41.2)
2018-11-06,12,POINT(-81.7 37.4)
2018-06-22,11,POINT(-79.1 34.8)
2018-02-16,29,POINT(-113.8 30.6)
2018-05-20,18,POINT(-71.2 29.3)
2018-09-03,2,POINT(-70.7 31.3)
2018-05-29,45,POINT(-73.2 38.3)
2018-09-03,1,POINT(-95.2 25.0)
2018-01-05,28,POINT(-107.7 43.1)
2018-07-03,29,POINT(-90.9 37.3)
2018-01-20,62,POINT(-99.0 28.1)
2018-02-15,2,POINT(-109.7 35.0)
2018-01-12,19,POINT(-98.8 48.9)
2018-03-11,12,POINT(-86.8 20.6)
2018-01-17,9,POINT(-116.5 26.0)
2018-05-27,2,POINT(-103.3 33.5)
2018-06-03,17,POINT(-119.1 39.2)
2018-10-31,14,POINT(-82.5 26.4)
2018-04-18,3,POINT(-88.0 47.9)
2018-08-24,19,POINT(-116.9 39.3)
2018-11-04,27,POINT(-71.8 46.3)
2018-12-18,30,POINT(-118.9 29.9)
2018-03-11,48,POINT(-90.5 44.9)
2018-07-02,11,POINT(-81.2 31.3)
2018-09-07,62,POINT(-80.6 27.6)
2018-08-16,41,POINT(-118.3 47.3)
2018-04-12,8,POINT(-74.7 22.8)
2018-03-16,4,POINT(-74.1 48.3)
2018-08-04,12,POINT(-91.9 33.8)
2018-07-22,11,POINT(-95.9 49.8)
2018-07-11,18,POINT(-117.8 36.2)
2018-09-06,18,POINT(-91.9 42.7)
2018-08-30,28,POINT(-99.5 20.2)
2018-06-28,15,POINT(-81.4 34.9)
2018-08-07,3,POINT(-99.8 42.1)
2018-03-23,40,POINT(-85.8 43.5)
2018-04-02,8,POINT(-114.9 24.7)
2018-06-24,72,POINT(-113.4 32.6)
2018-08-27,3,POINT(-113.0 32.6)
2018-09-17,64,POINT(-117.7 23.1)
2018-12-31,2,POINT(-92.9 33.3)
2018-06-12,6,POINT(-80.3 44.2)
2018-02-17,1,POINT(-89.5 29.0)
2018-11-25,25,POINT(-91.3 33.0)
2018-11-24,38,POINT(-86.0 48.8)
2018-04-26,12,POINT(-103.0 21.0)
2018-12-03,53,POINT(-101.9 37.7)
2018-12-03,18,POINT(-104.3 42.3)
2018-08-13,20,POINT(-84.4 42.8)
2018-12-18,38,POINT(-111.9 41.5)
2018-11-24,8,POINT(-119.3 41.8)
2018-05-27,9,POINT(-90.2 21.8)
2018-03-04,48,POINT(-72.9 36.0)
2018-10-21,47,POINT(-89.5 43.5)
2018-11-19,76,POINT(-80.9 22.8)
2018-11-21,47,POINT(-86.4 20.4)
2018-01-13,3,POINT(-95.1 44.4)
2018-07-08,35,POINT(-84.1 41.4)
2018-10-14,11,POINT(-78.8 32.4)
2018-07-27,94,POINT(-108.8 48.2)
2018-04-24,13,POINT(-103.2 43.0)
2018-01-22,17,POINT(-108.8 49.0)
2018-12-15,16,POINT(-97.4 47.9)
2018-08-02,8,POINT(-75.7 34.4)
2018-06-20,2,POINT(-102.7 42.6)
2018-11-19,46,POINT(-101.3 40.1)
2018-02-23,33,POINT(-77.0 44.3)
2018-10-25,4,POINT(-94.2 43.6)
2018-11-16,30,POINT(-93.2 24.6)
2018-05-06,20,POINT(-77.0 27.0)
2018-10-04,11,POINT(-95.5 28.0)
2018-07-23,6,POINT(-85.9 44.6)
2018-07-13,40,POINT(-115.7 44.3)
2018-06-18,25,POINT(-111.1 34.9)
2018-06-01,16,POINT(-99.8 37.4)
2018-02-04,19,POINT(-95.3 44.8)
2018-07-03,2,POINT(-71.7 29.4)
2018-10-13,13,POINT(-71.5 21.5)
2018-02-26,5,POINT(-77.4 34.5)
2018-08-10,5,POINT(-104.2 47.4)
2018-10-30,22,POINT(-71.8 43.7)
2018-06-12,49,POINT(-85.5 31.0)
2018-01-19,11,POINT(-100.4 21.9)
2018-09-21,5,POINT(-84.9 39.1)
2018-10-09,21,POINT(-119.2 45.0)
2018-04-23,41,POINT(-112.7 39.9)
2018-11-23,28,POINT(-78.5 32.8)
2018-01-30,41,POINT(-87.7 23.7)
2018-05-15,16,POINT(-101.8 47.3)
2018-03-08,28,POINT(-95.0 28.3)
2018-03-06,4,POINT(-74.7 26.7)
2018-10-19,9,POINT(-88.4 44.5)
2018-01-25,10,POINT(-100.1 49.4)
2018-02-06,15,POINT(-114.0 39.8)
2018-01-01,53,POINT(-105.3 38.7)
2018-02-06,42,POINT(-71.1 29.6)
2018-05-21,3,POINT(-98.1 20.6)
2018-08-20,4,POINT(-96.4 25.8)
2018-05-16,9,POINT(-95.1 37.5)
2018-07-07,7,POINT(-75.8 24.5)
2018-05-08,20,POINT(-89.8 46.5)
2018-07-20,47,POINT(-85.3 25.6)
2018-05-07,66,POINT(-100.5 35.7)
2018-09-14,22,POINT(-118.5 35.4)
2018-06-13,37,POINT(-73.5 38.1)
2018-02-04,15,POINT(-72.5 29.8)
2018-07-13,5,POINT(-72.5 46.2)
2018-07-10,15,POINT(-72.8 33.3)
2018-04-14,17,POINT(-79.2 41.0)
2018-01-23,28,POINT(-85.8 39.1)
2018-09-22,5,POINT(-77.8 23.5)
2018-10-17,10,POINT(-90.0 38.7)
2018-09-17,10,POINT(-113.3 36.5)
2018-12-24,65,POINT(-100.4 47.0)
2018-03-16,12,POINT(-71.4 46.4)
2018-12-21,29,POINT(-102.4 24.5)
2018-03-13,28,POINT(-76.6 22.5)
2018-09-16,7,POINT(-115.3 28.8)
2018-07-07,17,POINT(-103.3 49.6)
2018-06-22,45,POINT(-102.5 20.6)
2018-10-17,13,POINT(-117.4 40.2)
2018-02-14,59,POINT(-114.0 38.3)
2018-03-02,5,POINT(-110.3 39.4)
2018-03-24,2,POINT(-78.1 26.5)
2018-05-03,45,POINT(-116.8 26.8)
2018-12-24,38,POINT(-105.1 32.9)
2018-01-16,99,POINT(-119.5 22.9)
2018-03-07,23,POINT(-85.2 22.2)
2018-05-25,56,POINT(-89.0 22.7)
2018-06-11,36,POINT(-87.8 37.2)
2018-08-22,38,POINT(-101.3 31.9)
2018-05-24,17,POINT(-109.6 28.8)
2018-12-24,10,POINT(-84.0 29.5)
2018-07-07,55,POINT(-79.4 26.2)
2018-11-18,12,POINT(-113.1 32.3)
2018-01-13,16,POINT(-95.7 26.1)
2018-07-03,12,POINT(-107.6 40.9)
2018-04-21,17,POINT(-111.6 23.7)
2018-10-17,13,POINT(-83.3 48.4)
2018-10-22,1,POINT(-93.1 22.7)
2018-08-03,43,POINT(-109.2 48.3)
2018-04-30,12,POINT(-104.5 45.0)
2018-02-24,18,POINT(-71.7 40.4)
2018-01-27,3,POINT(-77.6 47.4)
2018-04-28,1,POINT(-76.0 24.2)
2018-08-09,6,POINT(-97.0 25.3)
2018-08-19,25,POINT(-88.8 27.6)
2018-02-22,3,POINT(-101.2 27.3)
2018-10-22,48,POINT(-116.1 29.3)
2018-11-17,5,POINT(-99.9 37.3)
2018-08-21,5,POINT(-90.3 20.8)
2018-06-07,5,POINT(-105.6 31.5)
2018-09-26,1,POINT(-77.6 27.4)
2018-01-21,30,POINT(-112.4 38.2)
2018-02-22,42,POINT(-101.6 49.6)
2018-10-02,20,POINT(-113.8 35.5)
2018-11-09,5,POINT(-99.8 32.8)
2018-10-08,7,POINT(-118.0 31.0)
2018-08-02,13,POINT(-106.4 43.5)
2018-01-31,62,POINT(-100.0 22.2)
2018-12-03,6,POINT(-96.1 48.8)
2018-07-02,27,POINT(-92.8 32.5)
2018-01-23,12,POINT(-106.3 29.4)
2018-02-01,8,POINT(-93.8 49.2)
2018-03-15,13,POINT(-94.5 48.1)
2018-01-10,2,POINT(-104.2 39.3)
2018-02-23,33,POINT(-78.5 20.6)
2018-02-21,6,POINT(-92.7 42.5)
2018-05-28,26,POINT(-103.4 30.1)
2018-06-09,2,POINT(-72.6 31.6)
2018-01-14,63,POINT(-77.7 24.8)
2018-06-27,5,POINT(-70.9 35.7)
2018-02-22,43,POINT(-85.4 42.3)
2018-12-01,34,POINT(-101.1 28.2)
2018-01-22,69,POINT(-106.0 48.2)
2018-01-30,13,POINT(-86.8 25.8)
2018-07-10,26,POINT(-71.0 22.0)
2018-09-17,10,POINT(-88.7 39.3)
2018-07-24,5,POINT(-75.9 45.5)
2018-02-28,12,POINT(-103.5 48.6)
2018-09-21,4,POINT(-99.7 43.0)
2018-01-12,81,POINT(-74.7 26.0)
2018-04-29,3,POINT(-82.2 49.3)
2018-10-17,18,POINT(-70.9 47.6)
2018-12-04,20,POINT(-81.3 24.9)
2018-09-05,16,POINT(-97.6 36.8)
2018-12-20,22,POINT(-93.4 36.7)
2018-05-07,3,POINT(-75.0 33.3)
2018-03-16,17,POINT(-92.4 49.5)
2018-12-27,7,POINT(-107.2 21.8)
2018-07-23,57,POINT(-98.2 38.8)
2018-02-18,29,POINT(-94.2 26.2)
2018-03-20,72,POINT(-115.2 35.8)
2018-08-29,1,POINT(-82.8 43.4)
2018-12-15,7,POINT(-114.5 27.4)
2018-06-03,5,POINT(-99.8 31.8)
2018-10-01,1,POINT(-79.8 48.5)
2018-04-06,6,POINT(-96.6 42.8)
2018-08-02,23,POINT(-77.9 37.2)
2018-10-21,6,POINT(-102.9 26.7)
2018-07-28,15,POINT(-72.1 32.8)
2018-12-09,44,POINT(-109.5 43.2)
2018-03-29,24,POINT(-118.1 44.6)
2018-11-02,11,POINT(-76.4 27.3)
2018-09-21,10,POINT(-82.4 39.9)
2018-11-21,13,POINT(-108.4 22.9)
2018-11-16,4,POINT(-70.8 20.7)
2018-06-06,21,POINT(-94.9 36.5)
2018-06-05,10,POINT(-72.4 26.7)
2018-05-19,39,POINT(-94.7 22.4)
2018-05-01,29,POINT(-96.4 41.9)
2018-03-06,19,POINT(-97.5 34.9)
2018-04-17,10,POINT(-103.3 43.9)
2018-05-27,5,POINT(-93.3 39.9)
2018-05-17,30,POINT(-97.4 41.9)
2018-06-11,14,POINT(-118.2 29.2)
2018-04-10,6,POINT(-107.0 27.9)
2018-12-04,5,POINT(-109.3 38.0)
2018-11-03,4,POINT(-76.6 26.0)
2018-05-21,31,POINT(-90.1 44.5)
2018-03-24,6,POINT(-81.8 35.7)
2018-06-26,15,POINT(-72.2 26.8)
2018-07-17,13,POINT(-87.8 38.8)
2018-04-22,18,POINT(-70.9 48.4)
2018-02-25,42,POINT(-104.4 22.5)
2018-06-28,41,POINT(-110.7 23.3)
2018-07-05,12,POINT(-99.8 45.3)
2018-08-06,1,POINT(-96.5 23.3)
2018-11-12,12,POINT(-75.2 21.2)
2018-08-05,19,POINT(-92.0 30.4)
2018-04-30,17,POINT(-105.4 34.0)
2018-06-24,22,POINT(-82.9 37.1)
2018-01-23,4,POINT(-94.7 35.2)
2018-08-01,21,POINT(-111.9 47.4)
2018-08-23,5,POINT(-91.2 43.1)
2018-01-13,28,POINT(-74.4 49.5)
2018-04-11,9,POINT(-77.9 34.3)
2018-01-24,25,POINT(-90.7 22.5)
2018-12-30,1,POINT(-101.1 48.7)
2018-01-11,11,POINT(-115.7 20.1)
2018-09-30,25,POINT(-96.5 43.3)
2018-10-08,6,POINT(-82.4 20.9)
2018-04-04,32,POINT(-102.0 42.8)
2018-07-20,20,POINT(-108.2 48.1)
2018-01-21,18,POINT(-73.4 31.7)
2018-12-06,9,POINT(-78.9 27.2)
2018-07-30,14,POINT(-88.1 26.8)
2018-05-20,19,POINT(-113.2 34.8)
2018-10-20,13,POINT(-112.8 25.1)
2018-10-25,24,POINT(-114.8 40.2)
2018-04-11,12,POINT(-89.2 31.1)
2018-10-31,5,POINT(-114.2 29.7)
2018-12-25,5,POINT(-77.9 33.8)
2018-01-28,1,POINT(-70.4 36.3)
2018-02-10,8,POINT(-101.7 24.3)
2018-12-21,28,POINT(-97.3 41.2)
2018-10-30,32,POINT(-84.4 46.5)
2018-05-26,5,POINT(-73.1 28.3)
2018-09-13,64,POINT(-75.3 25.4)
2018-08-15,14,POINT(-117.1 42.8)
2018-08-24,50,POINT(-111.5 25.5)
2018-12-27,25,POINT(-82.3 21.2)
2018-01-13,26,POINT(-85.6 38.6)
2018-07-29,2,POINT(-113.3 27.2)
2018-08-17,5,POINT(-94.9 25.2)
2018-04-10,1,POINT(-81.0 49.4)
2018-01-31,26,POINT(-109.1 28.8)
2018-01-16,9,POINT(-76.4 47.1)
2018-05-17,31,POINT(-117.4 25.3)
2018-11-25,9,POINT(-80.9 44.6)
2018-06-15,35,POINT(-89.2 35.1)
2018-11-06,3,POINT(-104.2 22.4)
2018-04-10,4,POINT(-84.0 42.0)
2018-04-19,9,POINT(-80.9 46.8)
2018-12-09,11,POINT(-73.3 24.9)
2018-06-22,9,POINT(-101.6 41.8)
2018-08-25,29,POINT(-85.7 33.4)
2018-06-11,3,POINT(-89.9 42.6)
2018-08-04,9,POINT(-93.7 41.4)
2018-09-21,37,POINT(-75.5 20.8)
2018-09-20,2,POINT(-119.8 25.4)
2018-10-19,58,POINT(-105.9 34.1)
2018-10-01,86,POINT(-93.1 48.0)
2018-01-03,2,POINT(-111.1 30.3)
2018-01-28,7,POINT(-74.6 38.9)
2018-11-22,10,POINT(-87.6 20.4)
2018-05-29,30,POINT(-96.1 41.3)
2018-01-28,19,POINT(-79.3 38.1)
2018-11-06,21,POINT(-97.5 41.5)
2018-03-06,29,POINT(-92.1 47.1)
2018-12-22,3,POINT(-119.9 24.4)
2018-01-21,36,POINT(-101.7 27.8)
2018-09-09,25,POINT(-113.1 49.9)
2018-08-23,18,POINT(-85.5 24.7)
2018-08-15,45,POINT(-96.0 41.6)
2018-01-13,25,POINT(-104.9 41.8)
2018-11-09,5,POINT(-96.6 40.5)
2018-02-18,12,POINT(-109.5 26.8)
2018-04-28,14,POINT(-73.7 26.5)
2018-02-23,2,POINT(-117.3 40.0)
2018-05-18,62,POINT(-76.7 25.6)
2018-02-22,3,POINT(-94.4 39.8)
2018-02-13,24,POINT(-89.1 34.8)
2018-10-30,15,POINT(-104.9 31.6)
2018-02-22,1,POINT(-71.7 29.0)
2018-03-15,52,POINT(-105.9 48.4)
2018-02-15,39,POINT(-90.6 35.2)
2018-01-13,15,POINT(-70.3 36.8)
2018-06-14,6,POINT(-75.9 48.5)
2018-04-12,3,POINT(-93.2 39.6)
2018-10-07,10,POINT(-70.5 48.7)
2018-09-15,6,POINT(-84.9 23.2)
2018-12-03,15,POINT(-109.6 45.4)
2018-12-22,68,POINT(-99.7 30.1)
2018-05-18,18,POINT(-103.3 44.3)
2018-06-12,45,POINT(-102.8 45.7)
2018-04-21,22,POINT(-82.0 28.1)
2018-04-12,13,POINT(-90.8 32.3)
2018-01-17,39,POINT(-118.1 41.8)
2018-09-25,13,POINT(-76.1 23.0)
2018-07-01,41,POINT(-105.2 42.7)
2018-01-24,7,POINT(-70.1 23.3)
2018-01-29,3,POINT(-72.3 47.4)
2018-06-20,39,POINT(-73.0 28.3)
2018-08-16,18,POINT(-79.4 37.3)
2018-07-07,44,POINT(-109.0 23.5)
2018-12-12,56,POINT(-93.4 28.1)
2018-08-18,2,POINT(-108.8 32.1)
2018-11-17,14,POINT(-107.0 34.6)
2018-12-06,10,POINT(-89.5 20.0)
2018-04-29,20,POINT(-118.0 46.7)
2018-06-05,32,POINT(-71.5 20.2)
2018-09-29,7,POINT(-74.1 43.2)
2018-06-24,17,POINT(-101.0 34.1)
2018-04-14,25,POINT(-94.2 35.7)
2018-04-02,3,POINT(-96.7 26.2)
2018-07-05,34,POINT(-75.9 38.2)
2018-10-10,19,POINT(-85.6 36.1)
2018-06-30,60,POINT(-106.1 24.9)
2018-06-19,9,POINT(-97.7 27.1)
2018-07-06,3,POINT(-98.6 22.0)
2018-06-24,15,POINT(-72.0 22.0)
2018-08-10,2,POINT(-111.2 20.4)
2018-08-21,70,POINT(-115.5 26.6)
2018-06-11,1,POINT(-76.0 40.4)
2018-05-14,29,POINT(-75.2 29.5)
2018-08-12,15,POINT(-76.4 30.3)
2018-06-02,10,POINT(-94.5 24.0)
2018-02-02,2,POINT(-87.0 37.3)
2018-02-24,20,POINT(-91.8 30.3)
2018-01-07,18,POINT(-116.5 40.3)
2018-09-01,7,POINT(-90.2 42.2)
2018-11-09,49,POINT(-119.3 37.5)
2018-05-06,8,POINT(-103.8 28.3)
2018-01-12,12,POINT(-73.4 35.3)
2018-01-16,16,POINT(-104.8 27.6)
2018-07-27,3,POINT(-73.0 47.1)
2018-02-12,54,POINT(-107.5 43.0)
2018-05-15,10,POINT(-104.3 34.8)
2018-08-16,2,POINT(-88.6 49.0)
2018-04-21,10,POINT(-81.9 36.4)
2018-11-03,19,POINT(-94.9 29.9)
2018-06-09,15,POINT(-75.9 22.9)
2018-11-27,24,POINT(-118.0 36.3)
2018-09-21,2,POINT(-73.9 45.8)
2018-08-13,7,POINT(-110.2 46.0)
2018-08-05,35,POINT(-75.8 38.1)
2018-02-14,2,POINT(-100.0 31.8)
2018-08-02,39,POINT(-78.4 39.5)
2018-02-28,2,POINT(-86.4 42.9)
2018-05-12,36,POINT(-111.2 32.3)
2018-04-14,9,POINT(-74.1 34.3)
2018-07-14,19,POINT(-107.7 40.4)
2018-06-06,4,POINT(-107.8 46.3)
2018-04-08,2,POINT(-79.3 43.7)
2018-08-14,5,POINT(-114.7 20.7)
2018-07-24,3,POINT(-108.9 23.7)
2018-03-20,8,POINT(-94.8 45.6)
2018-05-04,15,POINT(-78.5 45.0)
2018-08-06,18,POINT(-112.6 31.7)
2018-01-04,32,POINT(-92.6 37.5)
2018-03-31,22,POINT(-84.4 47.2)
2018-04-14,19,POINT(-77.0 47.3)
2018-04-29,11,POINT(-73.2 43.5)
2018-05-13,13,POINT(-80.8 26.3)
2018-11-08,11,POINT(-87.4 41.9)
2018-04-06,37,POINT(-98.3 23.0)
2018-11-27,6,POINT(-114.4 46.8)
2018-05-23,1,POINT(-84.5 24.5)
2018-10-15,22,POINT(-70.4 39.9)
2018-01-28,5,POINT(-83.2 38.3)
2018-10-05,45,POINT(-119.2 43.3)
2018-08-21,40,POINT(-95.2 36.5)
2018-01-17,2,POINT(-89.3 21.8)
2018-02-28,3,POINT(-85.5 41.2)
2018-03-31,14,POINT(-84.0 31.5)
2018-07-18,19,POINT(-92.1 29.6)
2018-12-28,7,POINT(-108.8 49.8)
2018-01-26,26,POINT(-72.9 37.7)
2018-01-25,19,POINT(-85.2 41.3)
2018-10-28,8,POINT(-108.2 35.8)
2018-12-05,1,POINT(-103.9 43.1)
2018-09-24,28,POINT(-73.9 42.6)
2018-06-30,5,POINT(-75.6 39.7)
2018-12-26,36,POINT(-99.7 49.9)
2018-03-09,11,POINT(-118.1 33.8)
2018-12-17,18,POINT(-117.6 41.2)
2018-11-17,42,POINT(-105.8 43.9)
2018-02-18,40,POINT(-88.5 31.3)
2018-06-24,10,POINT(-90.8 33.7)
2018-02-21,5,POINT(-88.3 49.1)
2018-04-12,30,POINT(-84.1 21.0)
2018-08-04,12,POINT(-119.0 30.1)
2018-07-07,5,POINT(-114.7 34.6)
2018-02-26,47,POINT(-102.0 20.0)
2018-02-16,5,POINT(-112.3 47.0)
2018-06-08,1,POINT(-116.2 28.6)
2018-06-23,1,POINT(-88.0 27.7)
2018-08-30,20,POINT(-79.2 44.6)
2018-10-09,22,POINT(-82.4 28.3)
2018-08-29,8,POINT(-79.1 39.7)
2018-01-05,8,POINT(-86.7 44.6)
2018-03-25,9,POINT(-83.2 43.8)
2018-11-04,23,POINT(-106.4 43.5)
2018-12-27,2,POINT(-70.3 22.7)
2018-09-05,53,POINT(-110.8 22.4)
2018-02-23,6,POINT(-109.3 29.2)
2018-06-10,161,POINT(-105.6 21.1)
2018-08-14,4,POINT(-71.2 35.0)
2018-01-15,30,POINT(-70.6 31.8)
2018-08-12,6,POINT(-80.3 36.7)
2018-03-02,2,POINT(-88.5 29.0)
2018-05-02,42,POINT(-94.0 34.6)
2018-10-04,40,POINT(-71.5 30.0)
2018-02-15,11,POINT(-85.2 25.9)
2018-10-21,25,POINT(-72.8 39.5)
2018-03-03,17,POINT(-104.2 40.2)
2018-03-27,39,POINT(-103.3 44.9)
2018-07-29,8,POINT(-77.3 46.2)
2018-03-19,15,POINT(-112.5 41.1)
2018-07-21,14,POINT(-72.7 40.6)
2018-10-29,9,POINT(-94.6 21.7)
2018-08-11,45,POINT(-73.7 23.3)
2018-08-10,4,POINT(-103.2 44.4)
2018-01-03,4,POINT(-84.2 27.0)
2018-01-06,18,POINT(-95.9 30.7)
2018-04-03,22,POINT(-88.7 24.4)
2018-01-08,5,POINT(-94.8 25.9)
2018-08-23,10,POINT(-71.6 43.3)
2018-04-18,59,POINT(-85.4 27.9)
2018-06-10,6,POINT(-107.4 33.5)
2018-07-28,23,POINT(-74.5 24.6)
2018-08-28,27,POINT(-105.3 40.3)
2018-11-27,12,POINT(-101.4 41.8)
2018-11-29,56,POINT(-114.9 30.9)
2018-02-19,27,POINT(-75.0 43.5)
2018-01-11,13,POINT(-105.7 27.2)
2018-12-17,17,POINT(-107.1 40.8)
2018-06-05,24,POINT(-74.0 41.9)
2018-03-11,18,POINT(-79.7 49.1)
2018-06-18,43,POINT(-112.9 27.0)
2018-09-29,9,POINT(-81.5 22.8)
2018-03-09,8,POINT(-74.3 27.9)
2018-12-21,5,POINT(-116.1 23.7)
2018-09-09,1,POINT(-78.7 25.1)
2018-02-17,1,POINT(-92.6 30.0)
2018-07-03,41,POINT(-86.5 32.4)
2018-11-16,23,POINT(-95.4 47.1)
2018-07-06,22,POINT(-85.1 25.9)
2018-03-31,20,POINT(-118.3 49.2)
2018-11-28,38,POINT(-81.9 44.3)
2018-05-19,14,POINT(-118.3 46.4)
2018-12-23,41,POINT(-97.2 47.9)
2018-03-30,9,POINT(-112.5 42.6)
2018-10-01,53,POINT(-78.8 43.7)
2018-01-19,24,POINT(-104.3 33.1)
2018-11-07,6,POINT(-97.3 35.3)
2018-12-24,17,POINT(-98.6 48.0)
2018-06-03,16,POINT(-81.4 31.3)
2018-09-17,3,POINT(-95.9 21.3)
2018-04-18,18,POINT(-80.6 42.9)
2018-10-12,8,POINT(-116.3 37.2)
2018-02-28,2,POINT(-110.4 44.4)
2018-05-05,60,POINT(-92.4 22.3)
2018-12-20,21,POINT(-72.6 38.6)
2018-09-30,42,POINT(-116.3 27.4)
2018-04-17,23,POINT(-117.8 47.1)
2018-10-26,9,POINT(-112.2 23.3)
2018-09-02,15,POINT(-87.9 45.3)
2018-12-02,23,POINT(-100.1 22.7)
2018-09-04,65,POINT(-78.7 20.8)
2018-01-08,6,POINT(-116.4 27.1)
2018-05-21,42,POINT(-110.2 30.0)
2018-12-28,52,POINT(-105.0 38.8)
2018-01-08,23,POINT(-88.7 24.0)
2018-12-18,54,POINT(-85.7 33.1)
2018-04-04,11,POINT(-113.8 26.1)
2018-11-17,62,POINT(-72.8 45.7)
2018-02-08,25,POINT(-102.9 21.3)
2018-03-22,1,POINT(-84.3 30.7)
2018-07-06,48,POINT(-93.8 38.9)
2018-03-25,14,POINT(-108.9 47.4)
2018-03-29,13,POINT(-77.7 46.0)
2018-08-30,17,POINT(-79.1 46.9)
2018-12-08,4,POINT(-100.2 21.9)
2018-04-03,13,POINT(-90.6 45.2)
2018-03-27,36,POINT(-107.1 43.4)
2018-02-13,1,POINT(-85.5 47.1)
2018-05-17,7,POINT(-104.5 29.3)
2018-03-15,1,POINT(-77.8 47.4)
2018-02-05,11,POINT(-109.1 32.1)
2018-04-11,27,POINT(-119.3 39.0)
2018-06-05,33,POINT(-106.6 32.7)
2018-09-12,59,POINT(-110.4 32.8)
2018-06-20,19,POINT(-94.6 36.4)
2018-08-04,6,POINT(-109.8 30.7)
2018-06-19,52,POINT(-81.8 43.8)
2018-09-09,30,POINT(-107.9 39.0)
2018-12-26,18,POINT(-84.7 40.7)
2018-11-18,24,POINT(-91.1 26.9)
2018-02-24,52,POINT(-70.7 49.1)
2018-04-01,25,POINT(-70.0 39.8)
2018-10-05,10,POINT(-76.5 25.9)
2018-04-11,25,POINT(-82.0 42.5)
2018-06-04,1,POINT(-100.7 25.2)
2018-12-15,10,POINT(-82.3 21.9)
2018-12-30,11,POINT(-72.2 35.8)
2018-05-21,4,POINT(-118.8 36.6)
2018-06-22,1,POINT(-93.1 25.7)
2018-01-10,3,POINT(-109.1 30.5)
2018-08-16,22,POINT(-92.1 48.4)
2018-09-22,33,POINT(-96.7 28.6)
2018-09-05,89,POINT(-91.2 24.7)
2018-09-04,9,POINT(-92.5 49.8)
2018-06-04,19,POINT(-72.0 29.1)
2018-02-03,56,POINT(-92.4 40.4)
2018-05-09,4,POINT(-77.7 26.9)
2018-06-09,26,POINT(-104.0 36.5)
2018-03-30,29,POINT(-98.1 31.6)
2018-04-03,2,POINT(-96.5 48.8)
2018-11-23,40,POINT(-106.1 33.0)
2018-08-29,34,POINT(-101.0 37.5)
2018-11-19,1,POINT(-90.1 48.3)
2018-04-27,2,POINT(-91.0 49.7)
2018-04-04,2,POINT(-88.2 23.0)
2018-06-12,9,POINT(-102.4 45.0)
2018-04-09,15,POINT(-104.2 31.5)
2018-04-23,16,POINT(-89.4 37.8)
2018-12-25,7,POINT(-113.4 31.3)
2018-04-01,49,POINT(-107.3 32.0)
2018-12-12,10,POINT(-117.9 24.8)
2018-07-25,1,POINT(-116.4 37.2)
2018-01-17,8,POINT(-107.8 36.4)
2018-10-01,16,POINT(-119.0 25.7)
2018-06-22,11,POINT(-107.7 36.3)
2018-04-26,7,POINT(-87.3 49.2)
2018-12-15,3,POINT(-116.9 41.4)
2018-06-30,35,POINT(-98.2 34.4)
2018-04-01,112,POINT(-74.3 47.5)
2018-03-23,8,POINT(-80.4 37.3)
2018-11-20,10,POINT(-104.7 24.1)
2018-04-24,20,POINT(-73.8 36.4)
2018-09-14,26,POINT(-103.5 25.4)
2018-02-27,10,POINT(-116.4 43.0)
2018-06-03,48,POINT(-70.3 49.0)
2018-12-31,17,POINT(-76.5 30.8)
2018-04-26,12,POINT(-96.7 33.0)
2018-12-09,21,POINT(-86.7 32.6)
2018-09-23,62,POINT(-86.4 28.6)
2018-11-11,32,POINT(-110.3 43.8)
2018-07-22,1,POINT(-110.0 38.5)
2018-02-10,9,POINT(-96.5 21.9)
2018-04-15,13,POINT(-74.4 45.2)
2018-07-12,8,POINT(-119.5 25.6)
2018-10-05,25,POINT(-80.9 49.4)
2018-12-20,36,POINT(-117.1 31.3)
2018-08-25,27,POINT(-96.1 38.5)
2018-08-09,91,POINT(-88.1 22.3)
2018-03-09,7,POINT(-85.7 30.3)
2018-07-16,42,POINT(-117.1 44.1)
2018-09-13,30,POINT(-99.1 34.3)
2018-05-19,9,POINT(-90.8 47.1)
2018-11-08,27,POINT(-116.7 37.3)
2018-05-29,3,POINT(-113.2 47.9)
2018-04-09,32,POINT(-86.8 49.5)
2018-03-17,16,POINT(-93.9 33.6)
2018-10-09,7,POINT(-111.9 37.0)
2018-04-19,22,POINT(-93.2 45.0)
2018-07-07,21,POINT(-74.4 26.6)
2018-07-18,5,POINT(-119.2 45.8)
2018-10-30,1,POINT(-87.9 37.8)
2018-11-23,12,POINT(-116.3 41.8)
2018-06-03,17,POINT(-119.7 22.4)
2018-02-09,42,POINT(-112.5 43.0)
2018-05-13,53,POINT(-98.9 29.3)
2018-05-12,16,POINT(-79.9 44.2)
2018-10-06,29,POINT(-105.9 35.3)
2018-12-28,12,POINT(-88.7 28.2)
2018-03-25,28,POINT(-99.4 48.6)
2018-08-30,5,POINT(-108.3 43.0)
2018-04-26,10,POINT(-94.3 49.6)
2018-04-19,21,POINT(-80.1 30.9)
2018-08-09,1,POINT(-78.4 39.5)
2018-02-10,26,POINT(-77.7 38.3)
2018-05-27,37,POINT(-103.1 40.6)
2018-04-22,11,POINT(-80.3 21.1)
2018-04-13,12,POINT(-109.4 28.8)
2018-02-15,39,POINT(-83.1 47.3)
2018-11-20,30,POINT(-72.6 32.7)
2018-09-28,7,POINT(-119.3 48.8)
2018-07-14,8,POINT(-98.0 26.4)
2018-10-07,23,POINT(-87.6 49.9)
2018-10-10,17,POINT(-84.9 40.9)
2018-02-09,4,POINT(-111.2 43.3)
2018-07-08,8,POINT(-71.4 31.9)
2018-06-13,47,POINT(-89.2 47.2)
2018-01-24,24,POINT(-111.8 36.4)
2018-01-24,86,POINT(-119.0 40.4)
2018-01-04,30,POINT(-80.8 22.8)
2018-11-19,57,POINT(-116.0 39.0)
2018-10-17,5,POINT(-112.9 46.4)
2018-06-30,30,POINT(-91.3 25.3)
2018-09-05,1,POINT(-89.8 42.1)
2018-04-26,23,POINT(-85.7 20.8)
2018-10-06,13,POINT(-100.3 47.8)
2018-12-31,9,POINT(-81.3 49.5)
2018-03-10,40,POINT(-71.3 30.6)
2018-12-17,39,POINT(-106.4 23.2)
2018-09-11,1,POINT(-84.8 39.8)
2018-06-30,19,POINT(-73.6 20.9)
2018-11-14,10,POINT(-85.7 34.5)
2018-06-18,11,POINT(-85.9 28.2)
2018-11-09,36,POINT(-108.8 34.2)
2018-09-06,8,POINT(-93.2 20.5)
2018-07-07,58,POINT(-91.9 21.5)
2018-02-23,4,POINT(-85.0 20.5)
2018-11-22,22,POINT(-70.2 38.6)
2018-12-23,23,POINT(-118.3 36.8)
2018-11-09,6,POINT(-116.7 27.0)
2018-05-18,8,POINT(-116.1 39.4)
2018-06-17,37,POINT(-82.9 46.5)
2018-04-13,29,POINT(-113.2 28.3)
2018-03-26,8,POINT(-88.9 45.0)
2018-11-13,16,POINT(-103.8 39.9)
2018-07-31,2,POINT(-97.1 21.0)
2018-01-03,5,POINT(-109.2 31.3)
2018-06-28,14,POINT(-76.7 35.2)
2018-12-08,2,POINT(-90.7 42.0)
2018-10-30,38,POINT(-72.8 28.6)
2018-11-28,26,POINT(-91.3 49.5)
2018-02-07,58,POINT(-113.8 40.5)
2018-08-27,24,POINT(-111.5 31.2)
2018-06-18,57,POINT(-70.5 22.9)
2018-12-09,17,POINT(-83.7 25.4)
2018-11-10,19,POINT(-117.5 34.6)
2018-11-02,76,POINT(-84.8 34.8)
2018-01-30,21,POINT(-99.4 43.0)
2018-07-09,1,POINT(-104.6 41.8)
2018-12-23,26,POINT(-112.3 26.0)
2018-01-25,48,POINT(-78.0 37.8)
2018-04-22,32,POINT(-116.8 20.6)
2018-07-25,18,POINT(-105.5 32.0)
2018-07-04,23,POINT(-104.7 42.9)
2018-02-16,93,POINT(-112.0 32.0)
2018-08-16,2,POINT(-94.6 45.1)
2018-02-08,23,POINT(-119.4 49.3)
2018-01-16,7,POINT(-105.0 38.2)
2018-01-22,21,POINT(-73.3 24.4)
2018-08-01,19,POINT(-104.5 31.4)
2018-11-06,4,POINT(-102.0 20.3)
2018-05-29,5,POINT(-96.3 38.1)
2018-08-29,20,POINT(-91.9 44.6)
2018-09-29,3,POINT(-79.6 38.9)
2018-02-28,7,POINT(-110.5 43.6)
2018-10-14,37,POINT(-76.4 44.0)
2018-07-21,8,POINT(-82.1 45.5)
2018-02-01,14,POINT(-83.9 28.0)
2018-06-11,57,POINT(-115.7 46.1)
2018-09-12,6,POINT(-118.9 39.6)
2018-09-11,10,POINT(-90.3 28.7)
2018-01-09,19,POINT(-76.8 49.6)
2018-05-19,29,POINT(-90.8 48.5)
2018-01-10,47,POINT(-109.3 37.2)
2018-08-02,50,POINT(-115.5 45.3)
2018-09-30,30,POINT(-85.0 27.8)
2018-11-20,6,POINT(-83.9 32.5)
2018-02-17,1,POINT(-111.4 25.5)
2018-04-21,10,POINT(-118.6 35.6)
2018-06-02,4,POINT(-99.6 34.9)
2018-05-03,25,POINT(-90.9 26.4)
2018-12-23,22,POINT(-84.7 40.2)
2018-04-12,1,POINT(-79.5 23.5)
2018-08-29,37,POINT(-89.5 21.9)
2018-11-17,6,POINT(-114.5 31.5)
2018-07-10,12,POINT(-85.9 32.3)
2018-08-05,23,POINT(-70.8 29.6)
2018-02-20,12,POINT(-74.7 27.7)
2018-10-19,12,POINT(-76.4 30.2)
2018-03-22,2,POINT(-104.9 24.9)
2018-03-29,11,POINT(-82.5 32.1)
2018-07-13,29,POINT(-77.4 47.1)
2018-04-14,50,POINT(-86.1 26.7)
2018-09-28,11,POINT(-107.5 40.5)
2018-04-06,12,POINT(-72.3 24.3)
2018-07-17,25,POINT(-97.5 30.6)
2018-01-01,58,POINT(-113.5 29.6)
2018-06-16,7,POINT(-114.5 48.1)
2018-05-06,12,POINT(-87.6 32.8)
2018-11-09,32,POINT(-98.1 40.7)
2018-03-22,19,POINT(-115.3 38.1)
2018-09-08,3,POINT(-83.0 24.2)
2018-06-18,20,POINT(-80.0 48.2)
2018-03-14,5,POINT(-83.7 30.4)
2018-05-21,15,POINT(-109.9 21.3)
2018-03-11,16,POINT(-85.5 29.0)
2018-09-19,42,POINT(-119.5 30.1)
2018-12-06,13,POINT(-104.7 22.8)
2018-11-04,7,POINT(-100.1 38.6)
2018-09-02,6,POINT(-78.2 30.4)
2018-01-03,42,POINT(-100.5 38.9)
2018-12-03,4,POINT(-119.4 20.2)
2018-03-04,12,POINT(-102.4 49.5)
2018-02-18,5,POINT(-95.1 25.1)
2018-03-17,30,POINT(-72.5 39.8)
2018-06-24,13,POINT(-72.9 41.5)
2018-04-19,9,POINT(-111.0 25.1)
2018-07-02,9,POINT(-110.7 23.4)
2018-07-11,39,POINT(-111.8 24.6)
2018-03-06,17,POINT(-80.6 27.4)
2018-12-03,26,POINT(-119.7 25.0)
2018-09-28,46,POINT(-113.6 40.2)
2018-04-10,47,POINT(-93.1 32.6)
2018-02-01,8,POINT(-107.6 36.1)
2018-12-18,61,POINT(-115.4 21.4)
2018-05-08,1,POINT(-102.0 45.8)
2018-12-05,10,POINT(-106.3 25.1)
2018-02-12,46,POINT(-94.4 30.8)
2018-03-19,7,POINT(-71.0 22.2)
2018-11-10,7,POINT(-113.8 24.1)
2018-10-16,8,POINT(-101.4 40.0)
2018-09-27,19,POINT(-73.4 40.8)
2018-06-11,12,POINT(-76.2 40.3)
2018-07-08,26,POINT(-100.3 36.6)
2018-09-04,46,POINT(-85.1 48.6)
2018-08-04,23,POINT(-115.6 35.2)
2018-11-11,5,POINT(-84.4 33.5)
2018-12-05,54,POINT(-71.4 27.4)
2018-06-17,7,POINT(-93.1 23.0)
2018-12-05,4,POINT(-95.1 36.4)
2018-07-12,2,POINT(-110.6 29.4)
2018-10-10,17,POINT(-88.3 35.7)
2018-12-02,3,POINT(-90.5 26.2)
2018-01-13,3,POINT(-87.4 45.1)
2018-08-28,8,POINT(-118.7 50.0)
2018-11-16,7,POINT(-92.6 29.7)
2018-05-27,19,POINT(-90.3 45.3)
2018-07-23,34,POINT(-109.6 46.2)
2018-03-21,29,POINT(-109.6 49.9)
2018-02-12,7,POINT(-106.2 30.3)
2018-03-30,6,POINT(-84.4 42.7)
2018-05-28,68,POINT(-89.7 26.9)
2018-04-05,1,POINT(-77.7 38.7)
2018-05-31,43,POINT(-105.2 41.1)
2018-01-02,5,POINT(-74.4 42.2)
2018-01-22,59,POINT(-82.8 26.2)
2018-11-09,9,POINT(-100.2 45.5)
2018-11-24,12,POINT(-115.2 32.6)
2018-01-07,25,POINT(-107.2 26.5)
2018-07-25,18,POINT(-72.2 36.3)
2018-04-24,8,POINT(-104.5 45.9)
2018-09-29,17,POINT(-103.5 49.0)
2018-03-24,27,POINT(-110.5 42.4)
2018-06-28,1,POINT(-79.7 20.2)
2018-07-29,1,POINT(-106.2 24.0)
2018-11-24,13,POINT(-103.5 22.3)
2018-05-04,3,POINT(-99.3 23.0)
2018-04-23,22,POINT(-98.3 31.5)
2018-01-12,5,POINT(-99.4 30.2)
2018-05-06,12,POINT(-94.8 23.4)
2018-02-22,5,POINT(-79.3 46.5)
2018-11-27,16,POINT(-79.0 38.5)
2018-10-10,3,POINT(-80.1 43.9)
2018-05-20,1,POINT(-114.9 31.1)
2018-04-07,2,POINT(-80.0 32.3)
2018-01-05,62,POINT(-114.0 29.5)
2018-02-26,4,POINT(-113.8 33.2)
2018-11-30,25,POINT(-72.6 38.3)
2018-03-10,2,POINT(-79.0 34.8)
2018-04-28,3,POINT(-92.4 45.1)
2018-02-28,15,POINT(-76.3 47.0)
2018-02-02,13,POINT(-70.5 34.1)
2018-11-14,61,POINT(-89.5 27.2)
2018-02-19,58,POINT(-89.4 48.4)
2018-01-19,31,POINT(-82.3 42.1)
2018-08-02,19,POINT(-108.4 39.2)
2018-07-16,13,POINT(-111.6 42.4)
2018-02-16,9,POINT(-82.0 22.3)
2018-06-16,59,POINT(-102.8 22.0)
2018-10-16,19,POINT(-113.2 24.6)
2018-05-21,18,POINT(-104.3 24.4)
2018-03-25,6,POINT(-102.1 32.6)
2018-07-01,1,POINT(-71.7 24.7)
2018-03-20,59,POINT(-85.1 45.6)
2018-08-03,8,POINT(-93.5 37.3)
2018-01-14,12,POINT(-71.6 31.0)
2018-08-03,3,POINT(-74.8 22.1)
2018-05-08,37,POINT(-94.4 37.7)
2018-11-06,1,POINT(-74.7 23.5)
2018-09-05,36,POINT(-99.8 42.3)
2018-01-29,4,POINT(-108.5 44.1)
2018-10-07,44,POINT(-108.4 36.3)
2018-12-04,27,POINT(-86.9 24.5)
2018-11-15,4,POINT(-94.9 43.6)
2018-07-21,17,POINT(-87.1 29.2)
2018-12-27,8,POINT(-85.7 26.7)
2018-02-26,4,POINT(-118.9 34.1)
2018-08-06,40,POINT(-117.3 47.7)
2018-03-03,11,POINT(-93.4 28.9)
2018-06-06,11,POINT(-110.4 47.2)
2018-07-21,4,POINT(-88.4 21.6)
2018-01-17,10,POINT(-92.4 22.5)
2018-11-18,42,POINT(-90.7 41.0)
2018-01-06,10,POINT(-104.9 25.7)
2018-02-27,61,POINT(-88.0 29.5)
2018-11-21,59,POINT(-78.5 24.1)
2018-11-14,4,POINT(-70.1 30.0)
2018-06-18,4,POINT(-78.1 28.4)
2018-03-23,40,POINT(-92.1 42.1)
2018-08-07,10,POINT(-110.3 41.1)
2018-06-26,1,POINT(-85.9 48.6)
2018-07-23,7,POINT(-73.1 41.7)
2018-03-12,19,POINT(-109.4 40.8)
2018-09-23,33,POINT(-107.2 40.8)
2018-04-08,3,POINT(-112.5 46.5)
2018-12-11,3,POINT(-83.2 28.9)
2018-10-18,52,POINT(-99.7 29.0)
2018-07-27,28,POINT(-116.9 42.2)
2018-01-02,18,POINT(-76.3 26.9)
2018-05-04,30,POINT(-92.1 47.4)
2018-10-07,12,POINT(-103.4 36.0)
2018-03-15,29,POINT(-102.8 29.0)
2018-06-15,10,POINT(-105.5 43.3)
2018-01-22,6,POINT(-97.2 29.4)
2018-06-03,27,POINT(-103.1 48.9)
2018-10-22,11,POINT(-92.6 49.5)
2018-08-07,80,POINT(-81.3 40.0)
2018-06-06,9,POINT(-86.3 23.4)
2018-08-18,51,POINT(-105.3 27.9)
2018-01-20,55,POINT(-93.6 35.5)
2018-02-10,6,POINT(-78.0 45.5)
2018-05-28,33,POINT(-116.6 25.5)
2018-04-18,12,POINT(-116.1 23.1)
2018-03-25,50,POINT(-92.2 22.2)
2018-11-18,12,POINT(-88.0 35.2)
2018-11-05,28,POINT(-109.4 46.5)
2018-10-17,13,POINT(-82.7 21.3)
2018-11-19,6,POINT(-87.7 26.4)
2018-05-14,5,POINT(-73.8 40.8)
2018-07-26,12,POINT(-111.6 44.8)
2018-10-10,29,POINT(-82.4 44.2)
2018-09-23,19,POINT(-115.8 43.6)
2018-03-14,24,POINT(-91.7 23.9)
2018-12-18,7,POINT(-92.4 31.9)
2018-02-17,14,POINT(-100.6 49.5)
2018-11-22,1,POINT(-77.8 49.7)
2018-08-21,35,POINT(-119.8 38.1)
2018-04-10,92,POINT(-94.0 41.3)
2018-02-28,11,POINT(-109.1 48.5)
2018-09-15,1,POINT(-82.8 33.5)
2018-03-06,4,POINT(-117.8 24.1)
2018-03-24,22,POINT(-78.4 40.1)
2018-06-03,19,POINT(-78.1 48.8)
2018-09-23,32,POINT(-78.4 40.9)
2018-11-05,6,POINT(-112.4 44.1)
2018-03-20,29,POINT(-88.5 32.7)
2018-11-11,24,POINT(-119.3 22.9)
2018-05-30,8,POINT(-77.6 25.1)
2018-02-17,16,POINT(-83.9 49.5)
2018-09-05,4,POINT(-93.4 34.8)
2018-10-05,13,POINT(-83.5 20.4)
2018-12-22,43,POINT(-115.3 48.7)
2018-04-08,11,POINT(-93.6 34.9)
2018-01-25,37,POINT(-105.4 45.1)
2018-10-11,18,POINT(-71.4 36.5)
2018-10-28,5,POINT(-77.1 23.1)
2018-03-09,18,POINT(-83.3 38.5)
2018-01-07,15,POINT(-73.3 49.9)
2018-11-01,11,POINT(-102.7 21.0)
2018-05-17,3,POINT(-75.0 45.3)
2018-06-13,11,POINT(-103.7 27.1)
2018-03-24,2,POINT(-83.4 31.8)
2018-05-18,3,POINT(-83.2 31.2)
2018-03-14,11,POINT(-119.1 47.0)
2018-08-25,8,POINT(-101.9 35.1)
2018-02-15,52,POINT(-119.0 33.4)
2018-04-16,10,POINT(-70.1 44.5)
2018-10-15,29,POINT(-113.9 21.5)
2018-09-19,16,POINT(-92.9 22.6)
2018-06-25,25,POINT(-80.5 20.7)
2018-06-15,7,POINT(-109.9 40.6)
2018-05-25,57,POINT(-95.7 35.8)
2018-11-26,16,POINT(-89.6 46.3)
2018-10-10,36,POINT(-112.0 35.0)
2018-02-23,10,POINT(-81.1 26.7)
2018-06-27,3,POINT(-105.0 44.2)
2018-09-01,23,POINT(-109.4 28.8)
2018-12-07,1,POINT(-92.1 48.1)
2018-05-07,13,POINT(-99.5 27.5)
2018-09-28,5,POINT(-74.0 25.0)
2018-05-12,20,POINT(-76.0 34.8)
2018-04-03,78,POINT(-95.8 21.5)
2018-03-14,13,POINT(-102.0 21.1)
2018-09-05,35,POINT(-103.7 34.9)
2018-12-14,15,POINT(-106.6 26.5)
2018-09-30,14,POINT(-92.8 20.3)
2018-02-12,54,POINT(-79.8 28.9)
2018-02-10,45,POINT(-104.5 34.3)
2018-06-19,31,POINT(-110.5 31.8)
2018-07-31,8,POINT(-96.2 24.1)
2018-06-17,16,POINT(-116.5 37.4)
2018-02-08,6,POINT(-84.9 41.3)
2018-09-02,12,POINT(-94.1 40.3)
2018-05-31,14,POINT(-95.2 31.8)
2018-04-21,36,POINT(-105.0 24.1)
2018-02-16,46,POINT(-74.8 35.0)
2018-03-04,11,POINT(-115.5 46.7)
2018-08-13,1,POINT(-76.5 34.1)
2018-03-10,40,POINT(-101.2 25.9)
2018-10-26,4,POINT(-76.0 22.8)
2018-10-17,20,POINT(-83.6 48.3)
2018-10-23,1,POINT(-114.8 42.3)
2018-07-22,11,POINT(-78.4 29.4)
2018-03-02,86,POINT(-85.9 28.9)
2018-11-14,3,POINT(-118.4 46.9)
2018-11-10,12,POINT(-113.3 25.3)
2018-06-10,8,POINT(-88.2 36.1)
2018-11-27,48,POINT(-86.9 41.4)
2018-01-16,41,POINT(-82.7 31.9)
2018-12-04,6,POINT(-84.0 21.2)
2018-04-04,2,POINT(-87.0 26.8)
2018-10-31,20,POINT(-81.7 47.1)
2018-05-18,9,POINT(-91.2 35.7)
2018-12-04,23,POINT(-107.0 44.5)
2018-02-07,1,POINT(-74.4 36.7)
2018-05-07,3,POINT(-119.1 48.3)
2018-10-02,24,POINT(-101.7 47.3)
2018-06-13,5,POINT(-83.6 34.5)
2018-11-15,39,POINT(-98.6 29.5)
2018-03-18,2,POINT(-118.8 38.1)
2018-06-23,5,POINT(-116.7 40.2)
2018-12-24,131,POINT(-87.6 35.0)
2018-11-17,12,POINT(-71.8 44.7)
2018-04-01,25,POINT(-92.4 25.5)
2018-08-26,5,POINT(-94.7 30.0)
2018-09-21,19,POINT(-104.1 40.6)
2018-06-28,26,POINT(-107.2 27.4)
2018-07-28,8,POINT(-119.0 33.2)
2018-03-14,36,POINT(-106.4 48.9)
2018-04-17,19,POINT(-97.5 38.8)
2018-12-11,10,POINT(-110.1 48.5)
2018-10-22,17,POINT(-115.6 41.7)
2018-10-11,18,POINT(-84.1 41.7)
2018-12-19,4,POINT(-75.3 37.8)
2018-07-01,11,POINT(-73.2 24.3)
2018-02-06,9,POINT(-89.1 35.6)
2018-05-17,11,POINT(-117.4 27.6)
2018-12-04,29,POINT(-83.0 50.0)
2018-02-25,14,POINT(-114.5 28.0)
2018-07-06,57,POINT(-86.5 26.9)
2018-12-07,7,POINT(-81.0 38.7)
2018-09-15,11,POINT(-83.7 35.3)
2018-02-27,31,POINT(-72.4 20.6)
2018-12-29,16,POINT(-83.1 23.9)
2018-05-03,16,POINT(-85.3 44.3)
2018-07-07,2,POINT(-106.9 34.5)
2018-08-18,11,POINT(-73.8 24.4)
2018-06-17,7,POINT(-111.0 34.0)
2018-04-24,147,POINT(-74.8 27.6)
2018-09-09,8,POINT(-104.4 26.7)
2018-04-17,44,POINT(-113.5 48.7)
2018-02-06,23,POINT(-78.7 30.9)
2018-12-01,9,POINT(-119.9 21.4)
2018-04-02,16,POINT(-78.4 49.1)
2018-01-18,37,POINT(-106.9 43.8)
2018-12-20,43,POINT(-75.8 27.6)
2018-03-04,4,POINT(-85.4 32.3)
2018-05-30,9,POINT(-86.7 45.9)
2018-05-19,9,POINT(-101.7 30.7)
2018-07-05,1,POINT(-117.0 37.0)
2018-07-04,19,POINT(-78.5 36.0)
2018-07-24,39,POINT(-111.5 32.0)
2018-09-17,10,POINT(-101.4 39.2)
2018-08-02,27,POINT(-90.0 34.2)
2018-09-13,20,POINT(-95.9 20.6)
2018-05-15,10,POINT(-110.1 44.4)
2018-03-02,4,POINT(-113.0 23.4)
2018-12-29,25,POINT(-113.8 33.9)
2018-11-06,39,POINT(-76.8 37.4)
2018-03-29,24,POINT(-118.4 41.2)
2018-11-20,1,POINT(-71.1 32.3)
2018-07-26,5,POINT(-110.1 42.1)
2018-05-09,2,POINT(-114.5 23.9)
2018-11-07,17,POINT(-91.2 39.6)
2018-01-03,29,POINT(-116.0 44.8)
2018-08-30,3,POINT(-89.9 46.7)
2018-05-01,37,POINT(-77.5 37.4)
2018-04-12,17,POINT(-117.6 29.4)
2018-02-07,24,POINT(-80.0 24.9)
2018-12-07,72,POINT(-100.3 30.4)
2018-05-13,2,POINT(-112.0 36.2)
2018-07-21,47,POINT(-111.2 25.9)
2018-12-14,3,POINT(-74.1 48.6)
2018-01-21,10,POINT(-114.5 46.9)
2018-08-30,39,POINT(-76.7 21.0)
2018-04-19,48,POINT(-92.8 36.9)
2018-10-30,15,POINT(-118.0 43.7)
2018-03-25,19,POINT(-96.8 27.4)
2018-03-24,25,POINT(-79.1 35.7)
2018-10-18,36,POINT(-83.7 32.2)
2018-03-10,3,POINT(-95.6 25.9)
2018-05-09,34,POINT(-77.0 38.4)
2018-07-15,14,POINT(-114.0 49.8)
2018-05-20,12,POINT(-74.5 31.0)
2018-10-10,12,POINT(-77.7 36.6)
2018-11-08,15,POINT(-84.6 29.8)
2018-08-22,59,POINT(-79.1 46.3)
2018-01-23,16,POINT(-92.8 45.9)
2018-06-02,62,POINT(-86.2 25.4)
2018-10-04,4,POINT(-92.0 47.0)
2018-03-02,26,POINT(-102.2 24.5)
2018-11-15,34,POINT(-91.6 22.9)
2018-02-21,23,POINT(-107.1 39.6)
2018-12-10,19,POINT(-98.0 31.6)
2018-06-02,17,POINT(-106.0 35.9)
2018-08-25,40,POINT(-113.9 39.6)
2018-11-07,35,POINT(-103.9 21.6)
2018-10-29,3,POINT(-77.4 28.8)
2018-02-01,38,POINT(-100.9 33.8)
2018-02-24,11,POINT(-82.6 28.0)
2018-12-18,6,POINT(-111.2 21.5)
2018-02-05,41,POINT(-98.8 22.6)
2018-04-20,12,POINT(-114.3 44.1)
2018-06-26,34,POINT(-113.1 47.3)
2018-12-28,7,POINT(-89.1 24.6)
2018-11-10,1,POINT(-89.6 27.5)
2018-10-22,14,POINT(-109.3 39.6)
2018-12-02,3,POINT(-96.3 48.6)
2018-04-07,29,POINT(-76.8 29.0)
2018-08-01,7,POINT(-111.3 45.7)
2018-11-13,12,POINT(-119.0 35.2)
2018-05-17,2,POINT(-87.4 48.7)
2018-01-06,7,POINT(-117.3 24.1)
2018-04-19,31,POINT(-71.0 49.2)
2018-02-04,4,POINT(-89.5 33.2)
2018-02-08,21,POINT(-96.5 48.6)
2018-05-30,50,POINT(-98.5 33.8)
2018-04-28,23,POINT(-91.3 35.9)
2018-09-18,34,POINT(-115.5 44.1)
2018-03-28,3,POINT(-73.5 41.7)
2018-03-17,6,POINT(-88.7 38.6)
2018-11-09,45,POINT(-110.8 32.5)
2018-08-02,26,POINT(-91.9 43.8)
2018-10-12,21,POINT(-113.3 48.4)
2018-08-27,22,POINT(-119.1 20.3)
2018-06-14,11,POINT(-88.5 37.6)
2018-03-28,1,POINT(-87.6 46.0)
2018-05-21,31,POINT(-90.8 39.6)
2018-06-09,23,POINT(-110.8 44.0)
2018-02-15,13,POINT(-89.8 46.9)
2018-04-22,47,POINT(-117.2 42.5)
2018-02-14,9,POINT(-89.5 41.5)
2018-09-04,7,POINT(-92.3 48.9)
2018-04-14,42,POINT(-87.2 45.9)
2018-03-26,32,POINT(-75.2 44.5)
2018-05-14,15,POINT(-77.5 22.6)
2018-04-18,3,POINT(-71.0 27.2)
2018-01-18,5,POINT(-71.2 36.7)
2018-04-04,22,POINT(-81.4 41.3)
2018-05-30,10,POINT(-72.2 29.1)
2018-09-03,37,POINT(-76.6 22.8)
2018-10-16,60,POINT(-83.6 29.3)
2018-07-28,33,POINT(-116.2 43.1)
2018-05-06,10,POINT(-117.5 46.3)
2018-08-23,32,POINT(-78.1 47.4)
2018-05-02,9,POINT(-95.5 31.4)
2018-05-18,4,POINT(-79.3 31.2)
2018-04-25,1,POINT(-104.4 32.2)
2018-06-11,10,POINT(-100.1 31.3)
2018-07-20,47,POINT(-85.0 40.0)
2018-08-22,6,POINT(-74.2 30.7)
2018-01-28,5,POINT(-115.6 20.6)
2018-01-11,71,POINT(-76.9 33.2)
2018-07-25,1,POINT(-80.3 26.7)
2018-06-16,31,POINT(-104.2 20.9)
2018-09-04,8,POINT(-102.2 34.1)
2018-02-16,1,POINT(-117.7 26.2)
2018-09-03,50,POINT(-119.2 33.6)
2018-05-07,4,POINT(-96.1 28.3)
2018-05-27,17,POINT(-115.2 38.1)
2018-04-28,7,POINT(-110.3 49.7)
2018-06-01,2,POINT(-77.7 36.4)
2018-03-13,2,POINT(-91.4 39.4)
2018-12-29,3,POINT(-88.3 47.6)
2018-05-17,2,POINT(-110.6 31.2)
2018-06-24,29,POINT(-78.6 25.0)
2018-10-16,14,POINT(-76.6 28.5)
2018-01-19,9,POINT(-93.8 32.1)
2018-07-14,11,POINT(-74.4 39.4)
2018-11-26,53,POINT(-77.8 20.1)
2018-06-24,49,POINT(-83.4 45.6)
2018-12-20,26,POINT(-83.3 22.3)
2018-05-21,44,POINT(-114.7 47.0)
2018-09-03,8,POINT(-106.5 48.5)
2018-04-03,10,POINT(-116.7 49.7)
2018-08-27,20,POINT(-119.6 44.3)
2018-07-24,20,POINT(-112.1 24.3)
2018-02-17,14,POINT(-76.0 41.2)
2018-09-02,11,POINT(-108.0 26.1)
2018-11-16,86,POINT(-71.5 46.9)
2018-11-13,35,POINT(-90.1 29.5)
2018-10-22,12,POINT(-108.1 29.8)
2018-05-08,26,POINT(-95.1 47.5)
2018-12-10,7,POINT(-109.0 20.4)
2018-10-09,3,POINT(-70.8 25.8)
2018-01-17,9,POINT(-77.6 32.7)
2018-03-12,11,POINT(-118.7 41.0)
2018-09-26,1,POINT(-72.6 39.4)
2018-11-21,34,POINT(-83.9 40.1)
2018-10-09,9,POINT(-115.9 46.4)
2018-11-01,18,POINT(-86.5 23.6)
2018-01-07,2,POINT(-87.7 35.7)
2018-11-10,4,POINT(-109.1 41.8)
2018-11-01,45,POINT(-82.1 39.1)
2018-04-13,19,POINT(-115.6 33.4)
2018-11-05,61,POINT(-95.5 20.5)
2018-07-12,134,POINT(-119.5 21.8)
2018-08-29,10,POINT(-71.6 23.6)
2018-03-03,8,POINT(-82.4 30.3)
2018-01-17,40,POINT(-112.1 23.5)
2018-06-20,132,POINT(-102.9 32.8)
2018-01-25,20,POINT(-112.0 25.4)
2018-09-08,32,POINT(-81.7 43.4)
2018-09-10,31,POINT(-117.1 46.1)
2018-07-26,9,POINT(-78.0 31.7)
2018-01-29,18,POINT(-72.9 35.3)
2018-04-27,36,POINT(-86.2 48.6)
2018-10-09,24,POINT(-109.4 36.1)
2018-05-24,1,POINT(-102.0 49.9)
2018-01-25,9,POINT(-96.1 24.3)
2018-11-06,4,POINT(-89.8 45.9)
2018-06-05,6,POINT(-86.6 34.9)
2018-03-14,48,POINT(-92.3 20.7)
2018-04-30,1,POINT(-102.4 49.2)
2018-11-08,5,POINT(-75.5 49.0)
2018-11-17,8,POINT(-115.9 31.5)
2018-04-03,20,POINT(-96.7 48.6)
2018-03-27,16,POINT(-81.2 24.2)
2018-12-02,5,POINT(-117.0 40.4)
2018-12-30,4,POINT(-84.7 25.8)
2018-04-28,6,POINT(-79.0 27.4)
2018-08-21,14,POINT(-87.0 43.4)
2018-07-18,7,POINT(-119.4 31.3)
2018-07-25,59,POINT(-111.0 20.2)
2018-12-05,13,POINT(-102.9 32.4)
2018-05-27,2,POINT(-108.3 26.8)
2018-09-28,27,POINT(-71.9 40.5)
2018-05-19,8,POINT(-87.4 25.8)
2018-06-30,22,POINT(-105.2 45.3)
2018-01-30,7,POINT(-73.5 28.0)
2018-02-26,17,POINT(-83.0 31.8)
2018-08-20,30,POINT(-105.8 28.9)
2018-05-26,53,POINT(-101.1 39.3)
2018-02-17,7,POINT(-110.0 23.0)
2018-07-13,9,POINT(-71.4 34.3)
2018-08-12,13,POINT(-94.1 30.0)
2018-05-16,53,POINT(-75.2 46.5)
2018-01-22,47,POINT(-102.7 22.2)
2018-01-06,2,POINT(-77.0 44.9)
2018-07-23,3,POINT(-117.3 25.0)
2018-08-27,14,POINT(-70.9 22.7)
2018-07-04,3,POINT(-74.4 26.1)
2018-12-26,9,POINT(-101.8 23.1)
2018-10-19,4,POINT(-81.3 35.6)
2018-12-01,21,POINT(-82.4 49.6)
2018-08-08,60,POINT(-74.9 21.0)
2018-04-26,115,POINT(-104.6 33.8)
2018-11-09,10,POINT(-96.7 31.6)
2018-02-18,19,POINT(-76.8 30.2)
2018-06-22,39,POINT(-81.1 30.0)
2018-03-23,3,POINT(-100.3 46.9)
2018-11-18,24,POINT(-77.7 20.6)
2018-11-29,11,POINT(-117.7 43.2)
2018-02-14,5,POINT(-80.9 27.6)
2018-12-01,11,POINT(-109.7 31.5)
2018-01-20,2,POINT(-105.7 32.6)
2018-08-09,24,POINT(-95.3 29.1)
2018-05-03,6,POINT(-97.5 22.8)
2018-08-22,8,POINT(-94.0 23.4)
2018-08-09,3,POINT(-92.8 28.9)
2018-11-19,40,POINT(-103.4 44.7)
2018-12-05,14,POINT(-111.2 24.0)
2018-01-03,17,POINT(-81.6 42.3)
2018-07-01,17,POINT(-100.0 28.7)
2018-07-25,11,POINT(-94.7 46.5)
2018-11-16,5,POINT(-87.8 32.8)
2018-02-09,28,POINT(-74.5 25.2)
2018-02-28,3,POINT(-84.6 49.6)
2018-03-03,3,POINT(-117.7 25.3)
2018-05-12,25,POINT(-78.1 37.0)
2018-03-01,5,POINT(-70.5 37.1)
2018-11-27,8,POINT(-96.4 31.2)
2018-05-02,13,POINT(-71.5 48.5)
2018-04-17,12,POINT(-92.6 45.3)
2018-04-06,25,POINT(-97.0 44.9)
2018-12-13,20,POINT(-103.4 49.2)
2018-08-23,21,POINT(-87.1 33.7)
2018-03-03,26,POINT(-108.5 22.9)
2018-09-13,7,POINT(-114.8 43.0)
2018-02-18,8,POINT(-118.6 31.4)
2018-12-14,12,POINT(-105.4 25.7)
2018-06-08,8,POINT(-100.2 34.5)
2018-05-04,84,POINT(-92.4 47.8)
2018-11-13,34,POINT(-105.4 25.1)
2018-07-26,4,POINT(-70.8 45.5)
2018-02-17,1,POINT(-105.4 32.5)
2018-05-16,1,POINT(-98.0 24.1)
2018-07-20,6,POINT(-114.8 45.5)
2018-09-07,3,POINT(-107.0 49.1)
2018-11-10,16,POINT(-117.6 28.7)
2018-12-23,40,POINT(-92.0 29.1)
2018-11-14,27,POINT(-82.4 31.7)
2018-10-22,5,POINT(-110.2 44.4)
2018-11-10,11,POINT(-101.6 20.3)
2018-07-28,15,POINT(-119.2 26.7)
2018-12-21,34,POINT(-78.0 41.2)
2018-07-30,37,POINT(-81.0 32.2)
2018-07-11,49,POINT(-116.8 29.9)
2018-02-13,15,POINT(-101.8 46.2)
2018-01-29,24,POINT(-72.2 47.5)
2018-02-28,3,POINT(-100.4 48.4)
2018-03-12,17,POINT(-93.7 28.2)
2018-04-02,6,POINT(-102.2 47.4)
2018-09-22,12,POINT(-90.2 42.1)
2018-08-08,21,POINT(-71.1 24.6)
2018-08-03,6,POINT(-70.1 38.3)
2018-10-04,2,POINT(-81.3 20.8)
2018-03-05,1,POINT(-99.8 41.3)
2018-12-12,1,POINT(-95.3 42.0)
2018-10-19,1,POINT(-102.2 43.7)
2018-09-02,3,POINT(-70.7 25.2)
2018-03-03,6,POINT(-84.6 38.8)
2018-11-28,6,POINT(-97.6 25.4)
2018-06-19,87,POINT(-119.4 48.4)
2018-09-26,8,POINT(-94.0 40.3)
2018-09-24,3,POINT(-70.8 22.9)
2018-02-23,16,POINT(-93.8 25.6)
2018-01-16,40,POINT(-110.9 39.9)
2018-01-08,23,POINT(-118.9 34.3)
2018-04-14,8,POINT(-102.3 42.1)
2018-02-28,17,POINT(-74.1 28.4)
2018-11-09,26,POINT(-70.2 39.7)
2018-02-09,27,POINT(-72.7 25.3)
2018-08-25,22,POINT(-83.5 36.3)
2018-04-04,41,POINT(-92.1 48.7)
2018-08-10,41,POINT(-90.5 38.8)
2018-07-23,18,POINT(-93.1 21.5)
2018-05-18,12,POINT(-84.6 49.7)
2018-10-27,21,POINT(-99.1 24.7)
2018-07-26,35,POINT(-86.5 41.5)
2018-12-02,1,POINT(-113.9 36.0)
2018-03-22,97,POINT(-106.7 28.8)
2018-08-06,5,POINT(-78.2 25.3)
2018-01-02,13,POINT(-74.8 25.3)
2018-06-27,42,POINT(-93.0 45.8)
2018-12-12,6,POINT(-118.4 46.2)
2018-10-06,13,POINT(-73.7 34.0)
2018-05-26,3,POINT(-84.9 23.1)
2018-11-14,11,POINT(-99.3 46.5)
2018-08-12,4,POINT(-90.1 34.6)
2018-03-03,10,POINT(-98.5 33.2)
2018-10-21,10,POINT(-96.7 32.2)
2018-08-27,100,POINT(-75.7 31.0)
2018-07-14,106,POINT(-111.9 35.8)
2018-06-15,3,POINT(-114.8 38.1)
2018-08-10,26,POINT(-119.9 34.0)
2018-03-02,2,POINT(-104.3 46.9)
2018-05-09,1,POINT(-112.6 29.5)
2018-06-22,3,POINT(-109.0 37.3)
2018-06-05,68,POINT(-119.4 29.0)
2018-04-20,57,POINT(-108.6 42.6)
2018-09-26,5,POINT(-103.4 23.1)
2018-12-22,4,POINT(-118.4 25.7)
2018-10-05,6,POINT(-89.6 44.0)
2018-03-15,15,POINT(-91.6 25.5)
2018-07-26,17,POINT(-115.1 38.8)
2018-10-06,6,POINT(-90.2 49.1)
2018-11-22,29,POINT(-70.1 35.7)
2018-12-06,8,POINT(-72.8 25.6)
2018-12-23,52,POINT(-119.9 29.6)
2018-12-06,22,POINT(-80.2 44.7)
2018-07-23,12,POINT(-102.3 30.5)
2018-06-10,32,POINT(-116.8 41.7)
2018-01-28,35,POINT(-105.2 43.3)
2018-09-14,7,POINT(-103.9 35.0)
2018-06-14,9,POINT(-93.8 43.5)
2018-03-04,55,POINT(-86.9 29.5)
2018-01-22,4,POINT(-82.5 35.5)
2018-03-11,1,POINT(-107.7 40.6)
2018-04-06,13,POINT(-103.9 25.0)
2018-06-12,33,POINT(-104.6 28.2)
2018-03-20,30,POINT(-101.9 39.6)
2018-01-05,51,POINT(-70.0 39.7)
2018-11-12,16,POINT(-81.1 34.8)
2018-04-30,3,POINT(-71.3 43.9)
2018-10-29,18,POINT(-85.3 34.5)
2018-06-27,31,POINT(-99.7 46.4)
2018-06-25,2,POINT(-100.5 42.1)
2018-08-05,4,POINT(-95.6 29.4)
2018-02-25,1,POINT(-99.2 31.9)
2018-07-06,19,POINT(-78.6 40.0)
2018-08-20,44,POINT(-96.7 46.8)
2018-09-12,23,POINT(-105.2 25.4)
2018-04-14,81,POINT(-81.3 35.4)
2018-03-18,2,POINT(-77.3 23.6)
2018-08-18,47,POINT(-99.0 28.4)
2018-09-15,34,POINT(-86.6 40.6)
2018-09-21,8,POINT(-117.1 22.3)
2018-11-27,73,POINT(-93.5 39.9)
2018-07-01,7,POINT(-117.8 47.0)
2018-09-13,45,POINT(-118.5 49.1)
2018-02-07,43,POINT(-89.4 26.5)
2018-06-25,29,POINT(-104.8 42.5)
2018-01-27,17,POINT(-82.9 47.8)
2018-10-03,3,POINT(-75.2 22.7)
2018-05-20,16,POINT(-113.0 32.4)
2018-10-26,9,POINT(-83.8 47.6)
2018-10-14,32,POINT(-94.3 26.1)
2018-04-01,29,POINT(-114.4 48.0)
2018-03-02,49,POINT(-87.4 35.8)
2018-12-31,1,POINT(-89.5 23.0)
2018-12-13,34,POINT(-94.2 33.5)
2018-06-12,56,POINT(-73.7 29.8)
2018-12-17,32,POINT(-93.9 28.5)
2018-05-23,3,POINT(-70.5 36.2)
2018-09-10,2,POINT(-94.5 34.5)
2018-09-26,1,POINT(-114.2 34.5)
2018-10-18,20,POINT(-96.5 22.6)
2018-07-06,20,POINT(-110.9 44.1)
2018-10-31,87,POINT(-90.1 34.4)
2018-10-18,11,POINT(-85.3 44.6)
2018-03-27,9,POINT(-96.6 44.7)
2018-06-15,20,POINT(-115.1 29.5)
2018-04-24,35,POINT(-96.6 20.1)
2018-12-22,56,POINT(-115.9 47.3)
2018-07-02,33,POINT(-85.9 42.8)
2018-07-26,12,POINT(-80.5 23.2)
2018-09-13,21,POINT(-71.9 41.1)
2018-08-23,39,POINT(-112.6 20.6)
2018-12-21,14,POINT(-93.4 20.8)
2018-01-03,5,POINT(-91.6 35.8)
2018-07-27,4,POINT(-73.9 22.9)
2018-07-16,1,POINT(-88.6 48.9)
2018-12-07,26,POINT(-112.7 46.8)
2018-05-05,3,POINT(-98.2 39.5)
2018-05-18,6,POINT(-87.3 21.9)
2018-12-05,8,POINT(-85.0 29.7)
2018-01-25,17,POINT(-76.8 31.2)
2018-03-09,11,POINT(-111.0 34.4)
2018-03-02,23,POINT(-72.4 25.1)
2018-01-29,2,POINT(-117.0 37.3)
2018-01-19,3,POINT(-70.8 33.1)
2018-06-20,14,POINT(-77.1 48.4)
2018-03-15,9,POINT(-87.0 48.1)
2018-03-02,8,POINT(-83.3 37.0)
2018-06-02,2,POINT(-116.4 39.3)
2018-10-03,46,POINT(-117.9 24.1)
2018-02-17,24,POINT(-114.9 26.7)
2018-07-30,3,POINT(-115.6 47.0)
2018-12-09,2,POINT(-92.6 41.0)
2018-05-19,74,POINT(-109.2 25.7)
2018-04-20,23,POINT(-77.0 37.1)
2018-07-02,11,POINT(-97.7 48.0)
2018-01-28,25,POINT(-85.2 30.4)
2018-07-16,29,POINT(-87.4 25.6)
2018-07-10,31,POINT(-104.0 48.3)
2018-11-11,13,POINT(-107.8 33.8)
2018-02-20,12,POINT(-102.9 32.5)
2018-05-29,1,POINT(-80.2 28.0)
2018-09-25,53,POINT(-90.7 46.7)
2018-02-19,19,POINT(-107.3 45.4)
2018-09-03,5,POINT(-79.1 32.1)
2018-04-23,51,POINT(-117.3 20.9)
2018-06-19,50,POINT(-85.0 33.4)
2018-06-15,91,POINT(-98.0 25.4)
2018-01-14,42,POINT(-83.4 24.3)
2018-07-22,123,POINT(-73.6 31.8)
2018-10-15,6,POINT(-82.5 23.0)
2018-07-08,37,POINT(-97.9 48.7)
2018-06-04,35,POINT(-112.5 21.4)
2018-02-24,6,POINT(-79.7 32.0)
2018-07-01,3,POINT(-97.0 24.9)
2018-07-29,78,POINT(-116.2 40.7)
2018-03-16,8,POINT(-84.0 22.4)
2018-10-04,41,POINT(-105.4 36.4)
2018-05-13,1,POINT(-117.6 43.2)
2018-12-09,1,POINT(-74.9 48.5)
2018-02-28,13,POINT(-95.8 41.0)
2018-12-11,6,POINT(-106.0 23.0)
2018-07-01,24,POINT(-84.2 22.7)
2018-12-05,17,POINT(-75.7 41.9)
2018-11-17,2,POINT(-120.0 26.5)
2018-03-05,4,POINT(-85.6 33.4)
2018-11-23,10,POINT(-81.6 49.3)
2018-09-17,5,POINT(-109.5 44.6)
2018-07-12,32,POINT(-95.5 45.4)
2018-05-23,11,POINT(-115.5 45.8)
2018-04-14,2,POINT(-82.7 38.6)
2018-08-02,14,POINT(-77.6 42.3)
2018-08-30,2,POINT(-114.6 30.8)
2018-07-28,3,POINT(-79.2 50.0)
2018-04-03,6,POINT(-81.4 28.4)
2018-05-22,40,POINT(-102.7 37.7)
2018-04-22,52,POINT(-85.5 28.5)
2018-02-28,36,POINT(-120.0 23.4)
2018-02-12,9,POINT(-73.4 37.0)
2018-07-26,7,POINT(-92.5 30.6)
2018-09-25,16,POINT(-89.0 37.5)
2018-10-23,26,POINT(-86.8 36.8)
2018-04-28,101,POINT(-91.9 36.3)
2018-01-20,3,POINT(-77.2 23.7)
2018-08-10,2,POINT(-89.5 33.2)
2018-06-15,24,POINT(-74.6 44.4)
2018-05-11,36,POINT(-90.9 29.5)
2018-06-05,38,POINT(-111.4 33.3)
2018-07-03,23,POINT(-74.3 34.8)
2018-03-31,62,POINT(-85.9 45.9)
2018-04-04,15,POINT(-85.0 39.7)
2018-01-13,50,POINT(-70.7 23.0)
2018-11-18,69,POINT(-116.2 46.0)
2018-10-20,38,POINT(-98.6 45.0)
2018-08-18,8,POINT(-108.0 42.6)
2018-11-18,5,POINT(-88.5 34.0)
2018-10-19,16,POINT(-79.7 42.7)
2018-01-26,13,POINT(-71.7 34.4)
2018-03-16,43,POINT(-97.3 42.1)
2018-12-30,3,POINT(-80.7 46.4)
2018-10-26,6,POINT(-74.1 46.7)
2018-05-30,28,POINT(-85.8 33.6)
2018-05-28,2,POINT(-107.9 45.8)
2018-01-08,8,POINT(-89.6 23.0)
2018-01-29,10,POINT(-71.5 23.1)
2018-10-23,20,POINT(-70.6 36.4)
2018-07-28,4,POINT(-87.9 39.6)
2018-05-08,40,POINT(-75.7 24.6)
2018-12-06,12,POINT(-110.0 34.2)
2018-04-26,50,POINT(-107.7 22.8)
2018-05-24,13,POINT(-72.4 38.1)
2018-11-14,7,POINT(-113.2 45.7)
2018-08-23,4,POINT(-110.4 42.1)
2018-01-07,1,POINT(-99.0 31.3)
2018-02-14,16,POINT(-90.5 49.8)
2018-08-27,3,POINT(-89.8 39.9)
2018-06-04,10,POINT(-105.4 44.5)
2018-06-30,18,POINT(-74.0 40.1)
2018-08-03,7,POINT(-74.2 49.7)
2018-03-29,4,POINT(-100.4 44.6)
2018-09-13,30,POINT(-98.3 35.6)
2018-03-14,59,POINT(-84.9 31.0)
2018-06-28,3,POINT(-86.9 40.5)
2018-07-31,4,POINT(-100.9 37.7)
2018-10-20,65,POINT(-99.3 38.9)
2018-08-22,1,POINT(-102.6 30.3)
2018-08-27,77,POINT(-108.2 32.9)
2018-08-11,1,POINT(-97.1 36.7)
2018-04-29,42,POINT(-85.7 45.2)
2018-11-09,8,POINT(-82.9 42.9)
2018-09-21,56,POINT(-81.1 23.6)
2018-07-26,8,POINT(-101.3 27.4)
2018-04-05,22,POINT(-81.8 20.8)
2018-08-10,2,POINT(-119.7 20.2)
2018-10-03,6,POINT(-96.1 26.7)
2018-08-19,30,POINT(-80.3 44.0)
2018-11-05,16,POINT(-88.5 47.1)
2018-04-29,53,POINT(-96.3 31.8)
2018-09-25,12,POINT(-87.8 36.9)
2018-09-30,41,POINT(-74.7 41.2)
2018-03-05,12,POINT(-91.7 48.6)
2018-10-25,78,POINT(-80.0 47.4)
2018-12-16,65,POINT(-71.0 21.7)
2018-01-11,8,POINT(-84.7 27.4)
2018-04-08,44,POINT(-91.3 21.5)
2018-03-12,38,POINT(-118.1 38.5)
2018-12-30,5,POINT(-101.3 41.3)
2018-02-27,20,POINT(-91.7 29.2)
2018-10-17,2,POINT(-80.1 45.6)
2018-09-08,37,POINT(-98.1 33.6)
2018-10-03,4,POINT(-72.0 50.0)
2018-02-19,2,POINT(-106.4 20.0)
2018-12-24,11,POINT(-82.8 23.3)
2018-08-04,18,POINT(-99.0 29.1)
2018-02-21,39,POINT(-95.7 20.8)
2018-09-28,74,POINT(-79.9 43.5)
2018-03-25,12,POINT(-105.2 21.6)
2018-10-20,2,POINT(-115.2 42.5)
2018-05-06,28,POINT(-94.0 21.6)
2018-10-23,17,POINT(-93.6 27.6)
2018-03-13,12,POINT(-80.1 45.2)
2018-10-23,8,POINT(-71.6 48.5)
2018-08-24,14,POINT(-117.2 32.4)
2018-02-25,9,POINT(-90.4 49.1)
2018-12-26,29,POINT(-85.9 38.8)
2018-04-20,16,POINT(-70.7 32.5)
2018-07-11,42,POINT(-72.9 44.1)
2018-04-03,16,POINT(-84.4 28.9)
2018-12-16,6,POINT(-93.9 28.0)
2018-02-25,39,POINT(-111.9 39.7)
2018-03-01,17,POINT(-100.8 31.7)
2018-05-18,5,POINT(-90.7 24.1)
2018-02-08,20,POINT(-83.7 22.0)
2018-01-28,9,POINT(-88.2 43.6)
2018-02-18,38,POINT(-84.3 40.3)
2018-05-05,13,POINT(-98.5 32.4)
2018-01-13,26,POINT(-83.6 46.9)
2018-02-05,3,POINT(-112.8 32.3)
2018-04-11,11,POINT(-111.9 41.3)
2018-10-09,82,POINT(-111.9 47.3)
2018-03-27,34,POINT(-75.5 45.2)
2018-01-04,4,POINT(-116.2 35.3)
2018-08-11,7,POINT(-79.9 40.4)
2018-12-04,9,POINT(-108.3 32.4)
2018-06-15,22,POINT(-96.6 39.4)
2018-12-10,29,POINT(-74.2 27.7)
2018-10-05,28,POINT(-90.7 33.0)
2018-05-10,15,POINT(-109.5 26.3)
2018-01-31,34,POINT(-105.8 21.1)
2018-01-11,12,POINT(-74.0 37.7)
2018-10-29,3,POINT(-98.6 45.9)
2018-04-06,17,POINT(-90.7 20.8)
2018-07-09,61,POINT(-97.0 25.9)
2018-07-11,32,POINT(-101.1 33.8)
2018-09-23,18,POINT(-108.8 40.0)
2018-05-08,21,POINT(-85.7 25.1)
2018-08-26,54,POINT(-84.1 21.7)
2018-12-21,12,POINT(-106.3 35.6)
2018-04-22,9,POINT(-80.5 44.6)
2018-11-12,76,POINT(-77.3 21.1)
2018-12-09,40,POINT(-74.0 30.5)
2018-05-25,8,POINT(-111.9 39.9)
2018-03-06,13,POINT(-104.8 23.9)
2018-09-04,11,POINT(-77.0 27.1)
2018-08-11,4,POINT(-110.1 36.1)
2018-11-09,64,POINT(-119.8 48.6)
2018-04-16,11,POINT(-76.5 28.6)
2018-06-30,42,POINT(-103.7 34.6)
2018-07-03,5,POINT(-99.3 32.0)
2018-08-14,16,POINT(-97.7 46.9)
2018-09-22,1,POINT(-77.6 22.2)
2018-10-05,29,POINT(-103.1 37.0)
2018-03-30,18,POINT(-75.4 45.4)
2018-06-25,20,POINT(-89.2 49.6)
2018-01-18,2,POINT(-93.6 41.0)
2018-04-16,5,POINT(-103.7 31.4)
2018-09-28,2,POINT(-107.8 32.4)
2018-11-15,7,POINT(-88.8 30.6)
2018-06-16,20,POINT(-97.7 38.1)
2018-01-13,17,POINT(-74.5 42.2)
2018-12-03,19,POINT(-95.4 44.6)
2018-02-01,16,POINT(-94.4 32.5)
2018-02-09,7,POINT(-99.2 41.5)
2018-05-28,6,POINT(-80.5 47.5)
2018-08-06,3,POINT(-98.8 47.6)
2018-08-07,38,POINT(-106.5 41.1)
2018-03-23,20,POINT(-76.9 39.1)
2018-11-29,5,POINT(-90.2 35.9)
2018-07-27,4,POINT(-90.4 25.5)
2018-07-20,42,POINT(-89.5 23.7)
2018-11-28,28,POINT(-84.1 34.6)
2018-02-07,22,POINT(-104.3 24.8)
2018-07-30,11,POINT(-118.3 37.3)
2018-11-23,7,POINT(-79.5 39.4)
2018-09-06,78,POINT(-113.6 35.8)
2018-08-15,32,POINT(-83.9 21.1)
2018-02-17,8,POINT(-115.9 21.7)
2018-01-18,38,POINT(-101.2 23.4)
2018-10-22,29,POINT(-116.8 24.6)
2018-07-15,8,POINT(-93.9 49.7)
2018-07-06,12,POINT(-87.3 30.3)
2018-12-11,5,POINT(-111.4 28.8)
2018-08-12,3,POINT(-101.4 21.6)
2018-11-14,26,POINT(-73.5 39.1)
2018-12-31,7,POINT(-97.9 39.6)
2018-12-03,35,POINT(-79.9 25.3)
2018-08-17,109,POINT(-73.6 47.6)
2018-03-18,2,POINT(-71.3 44.0)
2018-07-07,13,POINT(-75.1 26.9)
2018-12-12,33,POINT(-104.1 34.6)
2018-09-27,32,POINT(-71.9 33.8)
2018-04-05,29,POINT(-79.4 30.5)
2018-11-06,9,POINT(-78.1 44.5)
2018-05-12,13,POINT(-119.2 23.3)
2018-02-08,19,POINT(-72.3 32.5)
2018-03-13,73,POINT(-81.1 32.8)
2018-10-08,8,POINT(-81.6 34.1)
2018-11-29,52,POINT(-115.9 45.8)
2018-06-09,7,POINT(-108.4 26.5)
2018-07-06,91,POINT(-71.9 23.1)
2018-07-10,23,POINT(-95.0 38.5)
2018-04-30,13,POINT(-100.1 25.2)
2018-08-08,20,POINT(-78.0 22.2)
2018-02-22,7,POINT(-115.6 32.8)
2018-08-10,7,POINT(-99.2 26.6)
2018-05-11,3,POINT(-101.2 30.8)
2018-08-25,3,POINT(-102.5 27.8)
2018-09-03,9,POINT(-104.6 22.8)
2018-08-14,29,POINT(-109.5 36.8)
2018-07-27,19,POINT(-111.4 20.8)
2018-04-06,3,POINT(-88.0 49.0)
2018-07-19,39,POINT(-74.0 30.2)
2018-09-04,19,POINT(-94.6 40.9)
2018-03-13,65,POINT(-105.1 44.3)
2018-11-14,23,POINT(-112.0 28.4)
2018-07-04,4,POINT(-78.5 42.5)
2018-01-06,13,POINT(-71.4 45.0)
2018-07-25,21,POINT(-102.5 27.2)
2018-02-01,1,POINT(-105.5 49.8)
2018-04-09,1,POINT(-89.9 20.6)
2018-09-13,3,POINT(-81.2 26.5)
2018-07-06,6,POINT(-97.2 43.4)
2018-03-17,12,POINT(-88.5 25.8)
2018-06-26,14,POINT(-84.2 40.9)
2018-11-11,3,POINT(-72.0 45.7)
2018-10-14,23,POINT(-111.7 48.8)
2018-12-15,19,POINT(-70.1 34.2)
2018-09-12,7,POINT(-100.4 49.1)
2018-11-21,1,POINT(-83.8 32.3)
2018-07-09,2,POINT(-91.4 26.5)
2018-11-04,10,POINT(-95.7 35.4)
2018-12-11,4,POINT(-85.1 39.5)
2018-05-07,10,POINT(-100.2 33.7)
2018-10-14,20,POINT(-113.7 37.0)
2018-09-11,16,POINT(-95.6 32.5)
2018-08-01,6,POINT(-93.9 35.7)
2018-09-07,9,POINT(-109.9 48.6)
2018-03-25,20,POINT(-73.2 35.0)
2018-01-13,40,POINT(-108.6 27.6)
2018-02-14,28,POINT(-99.5 42.8)
2018-05-07,17,POINT(-112.3 30.1)
2018-04-24,9,POINT(-93.2 44.5)
2018-10-03,10,POINT(-104.6 21.7)
2018-07-24,43,POINT(-95.5 30.0)
2018-12-03,1,POINT(-108.8 22.8)
2018-09-30,89,POINT(-117.3 22.6)
2018-02-27,22,POINT(-81.0 39.8)
2018-11-24,23,POINT(-87.9 31.6)
2018-08-07,1,POINT(-103.0 46.1)
2018-04-19,19,POINT(-117.6 35.5)
2018-10-06,14,POINT(-76.7 28.9)
2018-06-23,3,POINT(-111.5 41.6)
2018-11-24,7,POINT(-73.5 38.7)
2018-09-21,45,POINT(-96.1 44.0)
2018-11-11,16,POINT(-103.0 39.3)
2018-04-21,11,POINT(-82.9 25.0)
2018-07-06,2,POINT(-76.2 40.1)
2018-09-26,26,POINT(-101.5 31.7)
2018-08-17,25,POINT(-99.6 33.9)
2018-06-05,20,POINT(-98.3 47.6)
2018-07-08,15,POINT(-73.9 30.8)
2018-09-29,12,POINT(-85.4 38.4)
2018-01-02,18,POINT(-107.6 30.9)
2018-09-03,6,POINT(-110.8 22.8)
2018-07-29,57,POINT(-108.5 33.6)
2018-10-13,18,POINT(-106.8 37.9)
2018-12-25,8,POINT(-108.5 32.2)
2018-01-13,12,POINT(-87.1 31.7)
2018-04-06,33,POINT(-114.2 44.6)
2018-08-09,4,POINT(-100.6 20.9)
2018-08-26,7,POINT(-88.7 28.9)
2018-04-04,23,POINT(-105.5 44.4)
2018-12-04,8,POINT(-116.7 47.6)
2018-09-26,32,POINT(-115.9 32.4)
2018-06-20,3,POINT(-113.7 46.7)
2018-04-04,29,POINT(-78.2 26.0)
2018-05-29,2,POINT(-87.1 26.6)
2018-04-22,1,POINT(-116.8 45.4)
2018-02-24,46,POINT(-100.4 47.1)
2018-12-03,18,POINT(-106.1 26.7)
2018-04-26,9,POINT(-91.1 21.8)
2018-05-23,6,POINT(-93.9 22.7)
2018-07-20,20,POINT(-95.9 27.8)
2018-06-29,15,POINT(-104.3 42.8)
2018-07-21,96,POINT(-113.1 35.3)
2018-12-30,82,POINT(-82.9 33.7)
2018-02-22,21,POINT(-76.0 37.5)
2018-06-29,12,POINT(-72.8 46.7)
2018-11-09,14,POINT(-117.1 22.7)
2018-11-04,23,POINT(-83.0 40.8)
2018-05-17,3,POINT(-83.7 47.8)
2018-07-01,8,POINT(-72.6 26.4)
2018-01-01,2,POINT(-107.4 45.1)
2018-02-13,2,POINT(-82.9 40.9)
2018-08-15,5,POINT(-117.3 20.4)
2018-11-27,14,POINT(-88.4 26.9)
2018-04-08,31,POINT(-102.5 38.2)
2018-07-27,14,POINT(-81.6 35.1)
2018-09-22,9,POINT(-76.8 35.8)
2018-10-15,2,POINT(-101.8 27.0)
2018-09-28,16,POINT(-93.7 40.3)
2018-05-20,7,POINT(-114.1 28.0)
2018-08-25,20,POINT(-99.2 31.7)
2018-03-13,76,POINT(-102.0 31.1)
2018-06-04,3,POINT(-110.8 40.2)
2018-07-09,5,POINT(-75.3 22.7)
2018-09-25,13,POINT(-112.6 26.2)
2018-11-17,70,POINT(-88.2 26.0)
2018-04-17,30,POINT(-75.5 23.3)
2018-08-20,46,POINT(-74.4 26.2)
2018-02-11,9,POINT(-80.3 38.2)
2018-07-09,97,POINT(-111.2 42.0)
2018-05-19,3,POINT(-79.1 39.8)
2018-04-13,2,POINT(-106.2 34.3)
2018-06-20,39,POINT(-73.9 21.6)
2018-12-17,53,POINT(-84.5 48.8)
2018-09-30,2,POINT(-80.7 25.0)
2018-08-09,3,POINT(-115.7 40.1)
2018-08-01,1,POINT(-90.9 47.4)
2018-12-07,3,POINT(-78.9 40.9)
2018-02-25,5,POINT(-76.9 26.5)
2018-12-08,71,POINT(-118.6 29.5)
2018-04-12,23,POINT(-73.0 20.9)
2018-07-11,31,POINT(-117.8 38.4)
2018-11-06,30,POINT(-89.3 38.4)
2018-07-19,16,POINT(-85.3 41.8)
2018-08-21,32,POINT(-114.6 20.3)
2018-08-15,19,POINT(-117.6 44.5)
2018-05-19,8,POINT(-80.8 42.2)
2018-12-10,17,POINT(-100.8 24.2)
2018-11-01,16,POINT(-114.6 30.4)
2018-05-29,35,POINT(-81.9 39.2)
2018-04-25,81,POINT(-77.5 34.9)
2018-03-04,11,POINT(-90.6 23.5)
2018-04-14,29,POINT(-111.9 22.6)
2018-12-05,3,POINT(-119.2 43.4)
2018-12-25,30,POINT(-85.0 24.7)
2018-06-05,10,POINT(-92.5 25.2)
2018-09-30,1,POINT(-87.5 44.9)
2018-01-06,10,POINT(-79.3 38.4)
2018-05-27,19,POINT(-98.3 38.1)
2018-07-03,3,POINT(-113.8 34.4)
2018-01-28,52,POINT(-73.0 37.1)
2018-02-07,2,POINT(-92.7 38.1)
2018-04-29,54,POINT(-89.2 49.0)
2018-10-20,25,POINT(-73.3 26.7)
2018-09-01,9,POINT(-73.4 26.4)
2018-03-09,10,POINT(-91.4 21.7)
2018-08-02,28,POINT(-105.1 39.7)
2018-08-06,19,POINT(-70.1 36.5)
2018-06-26,23,POINT(-86.0 23.3)
2018-10-26,10,POINT(-99.6 30.9)
2018-06-13,14,POINT(-92.0 25.4)
2018-02-27,92,POINT(-99.2 29.9)
2018-09-26,5,POINT(-75.6 48.5)
2018-11-04,11,POINT(-95.9 40.5)
2018-02-27,7,POINT(-78.8 20.2)
2018-10-15,29,POINT(-78.0 27.6)
2018-04-15,29,POINT(-78.8 20.3)
2018-08-16,7,POINT(-83.9 41.4)
2018-09-04,2,POINT(-77.3 34.1)
2018-07-07,1,POINT(-100.6 49.8)
2018-03-24,12,POINT(-114.3 42.0)
2018-07-05,11,POINT(-77.9 35.5)
2018-09-09,90,POINT(-95.1 44.1)
2018-12-21,13,POINT(-113.6 41.1)
2018-08-26,6,POINT(-114.2 27.3)
2018-12-26,45,POINT(-112.0 35.9)
2018-07-03,14,POINT(-82.5 36.7)
2018-10-11,19,POINT(-84.5 33.5)
2018-07-29,3,POINT(-109.8 25.4)
2018-10-31,10,POINT(-77.7 26.7)
2018-10-23,58,POINT(-105.9 28.4)
2018-04-07,18,POINT(-80.4 20.3)
2018-07-27,9,POINT(-95.6 47.5)
2018-05-17,20,POINT(-83.4 40.6)
2018-07-03,49,POINT(-100.9 40.7)
2018-03-17,7,POINT(-102.6 37.2)
2018-10-14,15,POINT(-77.9 40.7)
2018-05-22,64,POINT(-118.2 49.5)
2018-08-25,4,POINT(-71.3 31.6)
2018-01-25,26,POINT(-87.6 41.4)
2018-10-17,20,POINT(-98.4 30.8)
2018-03-08,23,POINT(-88.6 45.6)
2018-09-07,9,POINT(-113.9 45.7)
2018-04-28,8,POINT(-94.3 47.1)
2018-03-14,24,POINT(-70.7 20.2)
2018-10-09,5,POINT(-108.2 28.9)
2018-12-26,11,POINT(-83.9 24.0)
2018-01-10,5,POINT(-98.3 33.6)
2018-07-30,1,POINT(-87.4 34.9)
2018-11-19,71,POINT(-109.8 27.7)
2018-06-01,12,POINT(-96.5 41.7)
2018-01-05,70,POINT(-71.0 28.1)
2018-07-14,4,POINT(-110.2 45.6)
2018-10-10,18,POINT(-88.2 25.3)
2018-04-23,5,POINT(-91.2 31.0)
2018-09-28,32,POINT(-91.7 38.7)
2018-06-12,31,POINT(-89.2 38.2)
2018-04-15,3,POINT(-94.9 22.3)
2018-06-30,49,POINT(-119.2 45.4)
2018-02-13,5,POINT(-75.0 37.9)
2018-10-09,19,POINT(-78.7 46.1)
2018-06-24,85,POINT(-111.3 46.0)
2018-06-11,43,POINT(-99.3 36.4)
2018-12-17,63,POINT(-81.5 47.3)
2018-12-06,9,POINT(-71.0 45.5)
2018-05-20,3,POINT(-72.4 48.7)
2018-05-12,5,POINT(-75.0 45.5)
2018-03-28,14,POINT(-112.1 44.6)
2018-06-25,32,POINT(-74.3 34.1)
2018-07-02,4,POINT(-76.1 26.4)
2018-05-09,22,POINT(-101.2 47.3)
2018-09-03,8,POINT(-100.3 41.7)
2018-03-30,9,POINT(-97.0 28.5)
2018-03-07,22,POINT(-87.2 30.2)
2018-06-07,13,POINT(-107.0 40.6)
2018-05-29,34,POINT(-118.9 34.3)
2018-12-06,4,POINT(-112.9 22.4)
2018-04-26,32,POINT(-98.0 24.2)
2018-08-02,2,POINT(-105.9 42.4)
2018-10-21,5,POINT(-81.8 29.9)
2018-09-10,22,POINT(-114.7 35.2)
2018-05-23,39,POINT(-74.1 43.0)
2018-09-07,6,POINT(-75.2 42.5)
2018-10-29,8,POINT(-74.6 25.0)
2018-01-25,16,POINT(-83.0 23.0)
2018-10-04,5,POINT(-114.7 37.7)
2018-03-11,34,POINT(-98.1 42.2)
2018-04-23,30,POINT(-113.4 24.5)
2018-12-29,4,POINT(-70.6 31.2)
2018-04-22,13,POINT(-103.3 46.1)
2018-12-30,30,POINT(-90.7 48.3)
2018-10-30,9,POINT(-81.0 33.6)
2018-04-01,21,POINT(-74.0 22.4)
2018-01-18,2,POINT(-82.2 27.7)
2018-05-29,19,POINT(-86.3 27.0)
2018-08-15,4,POINT(-96.7 27.2)
2018-08-02,36,POINT(-89.7 34.8)
2018-12-26,9,POINT(-115.3 37.5)
2018-05-31,7,POINT(-75.8 23.7)
2018-07-11,37,POINT(-92.8 46.7)
2018-02-09,2,POINT(-118.0 38.6)
2018-08-30,11,POINT(-74.0 37.9)
2018-05-18,10,POINT(-95.5 49.6)
2018-12-11,7,POINT(-76.6 38.8)
2018-06-29,49,POINT(-77.2 47.9)
2018-07-19,28,POINT(-79.2 28.6)
2018-07-22,2,POINT(-116.9 27.2)
2018-03-02,26,POINT(-107.6 35.5)
2018-07-11,15,POINT(-76.2 35.3)
2018-01-05,47,POINT(-75.1 26.8)
2018-08-25,8,POINT(-97.1 41.0)
2018-06-30,18,POINT(-98.0 20.9)
2018-11-07,14,POINT(-111.2 40.7)
2018-02-06,14,POINT(-71.6 33.7)
2018-02-25,13,POINT(-109.3 40.7)
2018-08-25,5,POINT(-110.5 34.3)
2018-12-24,29,POINT(-87.0 49.3)
2018-12-15,13,POINT(-107.9 30.0)
2018-07-16,64,POINT(-73.1 49.5)
2018-03-14,7,POINT(-119.5 21.9)
2018-02-28,23,POINT(-119.7 40.5)
2018-08-28,57,POINT(-94.8 33.6)
2018-01-02,22,POINT(-95.6 44.7)
2018-12-26,42,POINT(-111.8 43.7)
2018-07-07,36,POINT(-95.3 44.0)
2018-11-03,9,POINT(-99.4 22.8)
2018-01-30,19,POINT(-75.5 44.7)
2018-09-24,4,POINT(-119.5 26.4)
2018-04-18,16,POINT(-71.2 20.8)
2018-11-28,6,POINT(-88.8 26.5)
2018-03-31,28,POINT(-112.4 34.4)
2018-07-24,16,POINT(-117.7 42.3)
2018-08-08,11,POINT(-93.1 26.6)
2018-04-04,7,POINT(-108.3 23.4)
2018-04-13,133,POINT(-104.9 39.4)
2018-08-11,2,POINT(-107.7 49.5)
2018-07-05,1,POINT(-87.5 38.0)
2018-07-03,5,POINT(-92.3 40.7)
2018-06-11,71,POINT(-116.1 36.8)
2018-09-04,78,POINT(-93.7 43.5)
2018-01-31,22,POINT(-80.4 49.3)
2018-02-21,43,POINT(-115.9 36.3)
2018-12-11,5,POINT(-75.5 32.5)
2018-03-17,72,POINT(-91.1 45.8)
2018-10-05,4,POINT(-72.5 49.1)
2018-02-09,3,POINT(-112.6 23.9)
2018-04-11,3,POINT(-70.3 37.3)
2018-04-21,18,POINT(-87.8 43.8)
2018-11-17,31,POINT(-91.6 36.0)
2018-09-06,10,POINT(-94.2 32.3)
2018-07-10,77,POINT(-118.8 39.7)
2018-07-01,12,POINT(-73.0 28.1)
2018-12-01,4,POINT(-87.8 30.5)
2018-07-28,13,POINT(-115.4 49.8)
2018-01-22,23,POINT(-119.0 39.1)
2018-06-15,36,POINT(-117.5 46.2)
2018-04-09,13,POINT(-89.5 44.2)
2018-07-27,19,POINT(-89.3 39.6)
2018-01-08,7,POINT(-95.0 45.2)
2018-07-09,21,POINT(-104.7 28.6)
2018-06-24,86,POINT(-93.4 39.1)
2018-09-30,2,POINT(-94.2 37.7)
2018-01-17,44,POINT(-119.0 38.7)
2018-03-31,17,POINT(-105.9 25.1)
2018-05-21,6,POINT(-117.3 28.3)
2018-05-25,62,POINT(-75.0 28.6)
2018-06-15,14,POINT(-83.7 38.1)
2018-12-03,9,POINT(-70.2 49.2)
2018-03-19,5,POINT(-104.9 48.6)
2018-09-19,6,POINT(-76.1 26.8)
2018-06-12,36,POINT(-89.8 29.1)
2018-01-14,20,POINT(-97.3 21.1)
2018-08-27,49,POINT(-108.9 32.0)
2018-03-13,6,POINT(-83.1 45.0)
2018-05-23,3,POINT(-74.8 47.5)
2018-11-06,1,POINT(-108.2 27.1)
2018-10-10,15,POINT(-111.2 28.0)
2018-09-26,128,POINT(-85.2 26.6)
2018-08-29,24,POINT(-71.2 30.5)
2018-09-02,8,POINT(-82.5 44.1)
2018-06-12,42,POINT(-105.8 39.4)
2018-03-01,31,POINT(-99.0 43.6)
2018-01-06,1,POINT(-100.8 37.5)
2018-07-16,34,POINT(-77.4 27.7)
2018-02-27,8,POINT(-81.4 26.8)
2018-11-01,4,POINT(-90.6 20.3)
2018-08-05,6,POINT(-106.3 43.4)
2018-01-26,13,POINT(-73.1 45.4)
2018-10-30,12,POINT(-87.3 43.0)
2018-01-05,7,POINT(-71.5 22.2)
2018-01-20,4,POINT(-91.0 42.9)
2018-07-17,29,POINT(-78.9 21.4)
2018-02-28,93,POINT(-79.3 23.2)
2018-08-30,31,POINT(-103.1 33.2)
2018-05-26,8,POINT(-71.8 34.3)
2018-09-30,6,POINT(-118.9 44.5)
2018-09-06,5,POINT(-81.6 40.4)
2018-01-14,3,POINT(-71.7 24.6)
2018-01-13,17,POINT(-103.1 26.8)
2018-02-13,19,POINT(-87.6 28.6)
2018-01-19,25,POINT(-91.9 23.7)
2018-03-04,23,POINT(-81.9 28.6)
2018-08-27,7,POINT(-76.7 41.9)
2018-12-03,9,POINT(-89.8 27.2)
2018-04-10,23,POINT(-79.2 45.1)
2018-06-12,9,POINT(-104.4 34.1)
2018-05-02,5,POINT(-108.6 29.7)
2018-02-13,10,POINT(-98.5 32.4)
2018-12-26,7,POINT(-86.1 41.3)
2018-11-13,2,POINT(-110.6 35.5)
2018-05-25,36,POINT(-86.0 20.2)
2018-11-23,39,POINT(-100.3 47.7)
2018-12-29,5,POINT(-80.2 22.0)
2018-02-19,2,POINT(-118.2 48.2)
2018-03-06,27,POINT(-86.6 20.8)
2018-12-21,5,POINT(-87.5 43.1)
2018-10-15,10,POINT(-73.0 36.0)
2018-06-13,2,POINT(-84.3 35.2)
2018-05-21,6,POINT(-80.2 22.2)
2018-11-10,32,POINT(-74.8 27.2)
2018-05-08,33,POINT(-86.2 43.3)
2018-08-27,5,POINT(-105.5 46.7)
2018-11-20,9,POINT(-76.5 35.9)
2018-10-23,3,POINT(-82.6 30.6)
2018-07-06,2,POINT(-98.8 21.8)
2018-07-27,98,POINT(-84.5 40.5)
2018-08-08,22,POINT(-76.6 28.4)
2018-07-09,16,POINT(-71.2 21.7)
2018-12-12,30,POINT(-72.4 40.0)
2018-10-11,37,POINT(-103.7 34.6)
2018-12-18,33,POINT(-98.9 20.4)
2018-08-25,1,POINT(-114.5 23.3)
2018-07-13,5,POINT(-107.6 41.0)
2018-10-14,22,POINT(-75.9 21.9)
2018-09-16,10,POINT(-102.0 46.0)
2018-09-03,81,POINT(-89.0 29.3)
2018-05-16,22,POINT(-86.7 22.7)
2018-10-07,63,POINT(-80.9 42.8)
2018-09-28,5,POINT(-110.9 35.7)
2018-06-20,40,POINT(-104.8 29.2)
2018-06-08,8,POINT(-97.6 32.2)
2018-07-20,92,POINT(-101.8 20.6)
2018-02-14,4,POINT(-70.9 39.9)
2018-09-21,15,POINT(-78.3 31.0)
2018-03-12,32,POINT(-96.0 41.4)
2018-12-30,12,POINT(-76.0 38.8)
2018-04-13,13,POINT(-102.6 39.5)
2018-05-05,86,POINT(-80.7 43.8)
2018-11-09,12,POINT(-108.8 38.9)
2018-10-13,19,POINT(-81.4 32.6)
2018-08-18,2,POINT(-97.2 31.7)
2018-05-26,37,POINT(-114.6 23.6)
2018-07-16,21,POINT(-106.3 43.4)
2018-08-09,11,POINT(-99.9 42.8)
2018-03-01,1,POINT(-82.5 27.4)
2018-04-08,18,POINT(-116.4 45.9)
2018-06-20,1,POINT(-87.0 37.7)
2018-06-22,1,POINT(-84.2 34.4)
2018-05-31,20,POINT(-87.3 20.5)
2018-12-16,5,POINT(-82.0 31.5)
2018-05-02,5,POINT(-111.1 39.2)
2018-04-18,22,POINT(-90.6 22.7)
2018-01-04,2,POINT(-72.9 33.8)
2018-04-03,8,POINT(-89.5 49.8)
2018-01-06,4,POINT(-89.4 41.5)
2018-10-15,18,POINT(-83.2 36.4)
2018-04-16,22,POINT(-103.3 36.0)
2018-05-26,26,POINT(-85.0 21.3)
2018-09-28,6,POINT(-74.2 48.7)
2018-04-06,2,POINT(-119.5 47.8)
2018-08-17,2,POINT(-76.5 40.5)
2018-07-21,12,POINT(-109.1 23.0)
2018-07-31,59,POINT(-97.2 26.2)
2018-01-06,5,POINT(-77.4 25.5)
2018-04-22,6,POINT(-78.8 35.6)
2018-11-19,3,POINT(-75.4 26.2)
2018-04-16,19,POINT(-73.0 40.9)
2018-05-19,23,POINT(-97.6 36.4)
2018-10-26,21,POINT(-87.2 20.5)
2018-04-06,40,POINT(-100.5 42.3)
2018-12-03,14,POINT(-102.5 25.7)
2018-10-24,3,POINT(-98.4 44.7)
2018-08-02,7,POINT(-82.8 30.7)
2018-10-18,22,POINT(-94.9 30.2)
2018-01-22,19,POINT(-79.3 20.4)
2018-07-12,16,POINT(-82.7 49.6)
2018-05-30,23,POINT(-119.0 38.4)
2018-09-04,21,POINT(-88.5 32.7)
2018-09-24,43,POINT(-98.2 22.9)
2018-09-08,18,POINT(-97.2 41.0)
2018-01-03,31,POINT(-79.1 28.5)
2018-11-12,6,POINT(-92.6 49.6)
2018-03-17,23,POINT(-75.7 48.5)
2018-03-28,47,POINT(-84.4 42.1)
2018-09-27,10,POINT(-92.4 49.1)
2018-08-13,31,POINT(-82.3 23.2)
2018-01-18,26,POINT(-118.1 28.4)
2018-04-23,2,POINT(-118.6 27.6)
2018-09-08,18,POINT(-115.8 22.2)
2018-08-21,3,POINT(-98.1 49.2)
2018-11-25,69,POINT(-108.2 21.8)
2018-10-06,34,POINT(-70.8 45.7)
2018-07-21,3,POINT(-92.9 43.0)
2018-03-24,3,POINT(-86.9 31.3)
2018-05-05,19,POINT(-106.1 20.6)
2018-06-24,9,POINT(-103.9 20.2)
2018-03-10,1,POINT(-103.2 26.1)
2018-02-16,16,POINT(-85.1 34.8)
2018-09-13,10,POINT(-96.3 33.7)
2018-08-03,3,POINT(-94.1 37.6)
2018-01-30,33,POINT(-90.4 43.2)
2018-10-08,50,POINT(-81.6 31.3)
2018-08-25,29,POINT(-115.5 24.8)
2018-09-05,35,POINT(-81.2 44.0)
2018-01-25,5,POINT(-91.8 30.0)
2018-03-15,7,POINT(-86.5 28.6)
2018-07-25,5,POINT(-103.6 42.9)
2018-11-10,29,POINT(-99.5 48.0)
2018-04-04,60,POINT(-108.4 47.4)
2018-05-07,26,POINT(-71.0 24.1)
2018-01-25,43,POINT(-95.1 35.1)
2018-11-30,21,POINT(-70.2 22.8)
2018-12-21,10,POINT(-95.5 48.8)
2018-04-26,12,POINT(-109.0 26.5)
2018-02-17,2,POINT(-94.6 25.9)
2018-08-14,1,POINT(-118.0 46.7)
2018-09-23,24,POINT(-74.8 49.0)
2018-04-09,12,POINT(-79.1 40.9)
2018-01-11,17,POINT(-83.7 23.6)
2018-03-26,17,POINT(-89.5 34.6)
2018-08-02,7,POINT(-91.0 44.5)
2018-06-22,13,POINT(-70.2 37.2)
2018-07-28,13,POINT(-106.1 24.0)
2018-03-05,10,POINT(-81.0 25.2)
2018-09-15,35,POINT(-90.9 45.9)
2018-11-28,12,POINT(-71.2 35.8)
2018-05-01,19,POINT(-78.6 41.2)
2018-10-25,46,POINT(-70.1 31.2)
2018-02-23,41,POINT(-90.6 36.0)
2018-11-27,45,POINT(-109.8 49.3)
2018-09-29,7,POINT(-94.8 29.9)
2018-08-29,1,POINT(-84.4 40.2)
2018-08-31,7,POINT(-81.3 25.2)
2018-01-18,7,POINT(-120.0 23.7)
2018-07-06,49,POINT(-94.7 43.5)
2018-12-12,21,POINT(-108.2 45.3)
2018-05-24,2,POINT(-76.3 40.0)
2018-09-19,3,POINT(-112.4 24.7)
2018-12-30,4,POINT(-86.7 27.2)
2018-08-27,20,POINT(-106.7 47.3)
2018-10-31,27,POINT(-102.2 28.7)
2018-10-25,40,POINT(-73.0 44.6)
2018-03-17,57,POINT(-108.0 28.6)
2018-07-07,5,POINT(-115.2 48.2)
2018-11-29,8,POINT(-116.5 47.4)
2018-09-03,6,POINT(-94.8 21.3)
2018-05-10,9,POINT(-87.9 43.1)
2018-11-11,50,POINT(-103.6 25.1)
2018-10-10,18,POINT(-85.5 26.5)
2018-03-20,27,POINT(-116.9 33.8)
2018-03-13,14,POINT(-77.1 37.3)
2018-09-20,1,POINT(-79.2 29.8)
2018-07-10,2,POINT(-70.7 37.3)
2018-03-04,16,POINT(-73.2 25.1)
2018-01-12,26,POINT(-102.2 20.7)
2018-05-21,5,POINT(-100.0 37.1)
2018-09-11,26,POINT(-82.7 35.5)
2018-02-12,34,POINT(-113.3 40.7)
2018-01-17,11,POINT(-104.3 39.5)
2018-03-04,28,POINT(-114.1 46.9)
2018-09-10,11,POINT(-97.3 33.8)
2018-10-19,23,POINT(-92.4 20.3)
2018-01-08,29,POINT(-109.4 38.9)
2018-11-21,97,POINT(-118.7 40.3)
2018-03-31,9,POINT(-84.0 35.6)
2018-07-27,11,POINT(-119.0 40.7)
2018-10-19,4,POINT(-71.3 29.7)
2018-10-11,5,POINT(-108.9 24.5)
2018-04-28,24,POINT(-86.8 39.9)
2018-12-15,50,POINT(-98.3 27.4)
2018-06-24,11,POINT(-117.0 33.7)
2018-03-17,4,POINT(-96.4 34.7)
2018-04-11,7,POINT(-94.2 34.3)
2018-05-31,13,POINT(-77.3 38.0)
2018-09-27,7,POINT(-83.4 20.9)
2018-03-12,6,POINT(-116.0 49.7)
2018-06-29,27,POINT(-109.5 41.5)
2018-05-04,1,POINT(-104.4 32.8)
2018-10-20,16,POINT(-114.2 25.7)
2018-10-12,32,POINT(-97.2 22.4)
2018-07-14,7,POINT(-70.8 40.2)
2018-08-16,19,POINT(-94.3 29.5)
2018-10-02,23,POINT(-82.9 26.9)
2018-04-16,22,POINT(-85.9 31.4)
2018-01-21,12,POINT(-77.5 37.8)
2018-03-05,9,POINT(-109.2 40.2)
2018-06-14,37,POINT(-82.3 39.4)
2018-01-27,29,POINT(-75.9 45.9)
2018-11-07,8,POINT(-111.4 26.6)
2018-10-12,3,POINT(-102.7 39.1)
2018-05-28,2,POINT(-71.5 23.0)
2018-10-08,2,POINT(-81.0 36.4)
2018-11-22,18,POINT(-105.9 37.5)
2018-11-15,2,POINT(-91.8 26.5)
2018-06-13,9,POINT(-99.8 31.8)
2018-08-12,28,POINT(-95.5 44.8)
2018-09-29,7,POINT(-102.2 24.5)
2018-05-26,29,POINT(-106.0 33.0)
2018-12-22,28,POINT(-86.3 48.0)
2018-01-30,6,POINT(-81.1 35.1)
2018-02-14,27,POINT(-76.3 41.8)
2018-10-02,28,POINT(-112.2 44.8)
2018-02-03,11,POINT(-78.9 26.1)
2018-05-21,5,POINT(-107.3 26.5)
2018-11-14,15,POINT(-98.6 42.8)
2018-08-09,51,POINT(-74.9 42.6)
2018-12-22,21,POINT(-97.3 21.8)
2018-01-22,4,POINT(-110.1 29.7)
2018-06-29,23,POINT(-112.0 32.0)
2018-11-25,12,POINT(-96.4 44.9)
2018-08-19,18,POINT(-81.9 32.7)
2018-02-07,27,POINT(-70.1 47.8)
2018-03-11,15,POINT(-80.6 49.9)
2018-04-26,34,POINT(-76.1 43.4)
2018-08-27,26,POINT(-82.6 40.0)
2018-12-01,20,POINT(-75.2 31.8)
2018-05-28,4,POINT(-116.2 22.0)
2018-01-09,37,POINT(-73.5 37.2)
2018-10-15,55,POINT(-100.2 30.9)
2018-02-19,3,POINT(-73.9 30.5)
2018-12-04,14,POINT(-116.2 40.6)
2018-01-05,6,POINT(-84.2 33.9)
2018-12-09,29,POINT(-83.2 42.6)
2018-05-06,26,POINT(-70.2 31.9)
2018-03-16,4,POINT(-81.6 24.5)
2018-06-14,42,POINT(-100.9 33.8)
2018-10-05,4,POINT(-92.1 48.5)
2018-11-20,32,POINT(-101.7 44.0)
2018-10-27,13,POINT(-110.2 26.2)
2018-10-17,8,POINT(-107.6 31.7)
2018-03-18,4,POINT(-108.9 47.8)
2018-10-25,4,POINT(-92.6 23.7)
2018-05-17,22,POINT(-74.7 27.6)
2018-04-16,16,POINT(-74.4 27.9)
2018-04-05,3,POINT(-117.3 37.1)
2018-05-15,3,POINT(-116.0 32.3)
2018-03-09,2,POINT(-107.7 22.4)
2018-05-27,28,POINT(-107.2 38.9)
2018-06-08,25,POINT(-115.3 23.0)
2018-06-12,2,POINT(-100.6 38.2)
2018-12-07,17,POINT(-90.6 35.2)
2018-07-08,2,POINT(-91.1 34.8)
2018-12-05,47,POINT(-92.8 22.0)
2018-04-05,48,POINT(-103.1 39.2)
2018-06-30,24,POINT(-84.7 32.9)
2018-10-15,53,POINT(-78.7 32.3)
2018-11-18,34,POINT(-102.7 37.9)
2018-07-06,36,POINT(-115.7 38.2)
2018-05-18,17,POINT(-105.2 20.5)
2018-05-10,8,POINT(-113.1 23.8)
2018-07-13,5,POINT(-96.6 27.1)
2018-11-12,8,POINT(-112.2 40.3)
2018-09-30,20,POINT(-96.9 37.3)
2018-12-18,4,POINT(-108.9 42.7)
2018-05-24,6,POINT(-83.1 42.2)
2018-01-16,13,POINT(-118.6 45.6)
2018-10-29,6,POINT(-92.3 31.3)
2018-09-02,18,POINT(-111.5 30.4)
2018-04-17,52,POINT(-120.0 44.9)
2018-03-29,28,POINT(-76.5 27.1)
2018-05-09,22,POINT(-86.4 33.8)
2018-12-07,18,POINT(-115.1 25.8)
2018-01-04,14,POINT(-86.8 47.4)
2018-11-23,5,POINT(-89.4 32.2)
2018-11-02,46,POINT(-96.3 26.4)
2018-04-05,6,POINT(-99.0 40.8)
2018-07-28,2,POINT(-75.6 27.3)
2018-08-13,28,POINT(-107.7 48.3)
2018-12-14,4,POINT(-100.1 31.0)
2018-11-17,10,POINT(-103.5 39.9)
2018-02-16,1,POINT(-81.4 30.4)
2018-06-30,3,POINT(-74.2 44.2)
2018-04-16,4,POINT(-77.5 46.9)
2018-07-18,2,POINT(-80.1 43.6)
2018-04-16,22,POINT(-70.7 45.5)
2018-10-07,37,POINT(-85.1 23.1)
2018-09-17,10,POINT(-82.4 47.7)
2018-04-18,42,POINT(-70.9 38.7)
2018-01-19,5,POINT(-119.7 46.1)
2018-10-23,8,POINT(-88.3 40.5)
2018-11-02,4,POINT(-83.1 26.1)
2018-06-20,20,POINT(-74.1 38.3)
2018-11-27,11,POINT(-75.8 22.7)
2018-07-14,20,POINT(-77.9 40.9)
2018-01-12,29,POINT(-72.7 32.3)
2018-07-14,16,POINT(-93.1 24.6)
2018-10-10,20,POINT(-119.7 49.4)
2018-07-01,55,POINT(-119.4 47.0)
2018-11-01,8,POINT(-92.8 46.8)
2018-05-24,9,POINT(-98.2 43.7)
2018-11-12,26,POINT(-97.4 40.8)
2018-07-01,19,POINT(-100.0 39.7)
2018-01-30,4,POINT(-74.1 23.2)
2018-03-25,10,POINT(-102.0 47.0)
2018-06-15,13,POINT(-77.2 46.4)
2018-10-11,11,POINT(-74.9 42.4)
2018-10-08,4,POINT(-95.0 47.8)
2018-04-06,52,POINT(-97.7 36.6)
2018-09-23,29,POINT(-81.9 33.4)
2018-10-25,14,POINT(-84.6 49.0)
2018-10-23,23,POINT(-103.6 33.9)
2018-08-13,46,POINT(-114.9 39.2)
2018-11-29,3,POINT(-106.8 31.2)
2018-12-27,6,POINT(-113.4 39.1)
2018-02-11,16,POINT(-105.3 41.6)
2018-10-30,33,POINT(-106.9 38.7)
2018-09-03,1,POINT(-88.1 35.4)
2018-07-27,83,POINT(-72.3 29.0)
2018-08-25,13,POINT(-85.7 39.3)
2018-01-22,9,POINT(-73.7 47.3)
2018-07-04,7,POINT(-80.8 20.2)
2018-08-30,4,POINT(-83.6 24.0)
2018-12-29,32,POINT(-99.3 23.6)
2018-10-10,63,POINT(-103.8 47.7)
2018-02-10,11,POINT(-77.7 39.9)
2018-12-02,61,POINT(-74.7 48.6)
2018-06-11,35,POINT(-97.4 37.5)
2018-06-09,14,POINT(-119.5 33.9)
2018-03-30,23,POINT(-80.4 43.8)
2018-11-18,12,POINT(-105.7 24.8)
2018-01-12,17,POINT(-119.5 31.4)
2018-03-14,2,POINT(-79.8 34.0)
2018-03-17,24,POINT(-94.1 29.0)
2018-12-12,2,POINT(-85.7 31.1)
2018-07-20,34,POINT(-74.3 22.3)
2018-01-10,35,POINT(-92.9 25.9)
2018-12-18,6,POINT(-94.8 30.1)
2018-08-14,8,POINT(-105.5 43.9)
2018-06-25,14,POINT(-104.7 25.5)
2018-10-03,19,POINT(-80.2 30.4)
2018-02-08,7,POINT(-97.5 21.9)
2018-03-01,18,POINT(-111.8 36.7)
2018-03-07,8,POINT(-115.3 38.3)
2018-11-17,2,POINT(-96.4 46.0)
2018-05-04,1,POINT(-96.8 44.6)
2018-06-13,3,POINT(-87.3 28.6)
2018-06-08,32,POINT(-96.4 24.1)
2018-02-26,66,POINT(-112.8 24.7)
2018-03-19,12,POINT(-94.6 49.1)
2018-07-13,15,POINT(-74.7 40.2)
2018-10-12,4,POINT(-112.0 21.3)
2018-01-15,17,POINT(-85.5 24.1)
2018-01-12,4,POINT(-90.3 34.6)
2018-04-11,19,POINT(-82.6 26.2)
2018-06-05,55,POINT(-112.5 44.1)
2018-12-06,5,POINT(-72.9 37.2)
2018-05-05,29,POINT(-89.0 38.4)
2018-12-25,1,POINT(-77.6 33.9)
2018-10-07,10,POINT(-107.7 27.7)
2018-04-20,3,POINT(-83.0 37.7)
2018-11-30,9,POINT(-80.9 41.5)
2018-12-23,4,POINT(-100.1 31.1)
2018-05-26,10,POINT(-100.8 35.1)
2018-08-04,11,POINT(-87.1 45.2)
2018-06-11,8,POINT(-115.3 24.5)
2018-05-08,22,POINT(-83.2 36.4)
2018-11-10,51,POINT(-117.9 30.5)
2018-11-28,11,POINT(-110.5 41.1)
2018-05-30,5,POINT(-86.8 20.6)
2018-02-05,7,POINT(-115.1 40.1)
2018-06-22,39,POINT(-71.4 23.1)
2018-01-22,17,POINT(-76.6 21.9)
2018-07-25,13,POINT(-88.7 41.7)
2018-05-07,4,POINT(-79.0 39.2)
2018-12-02,12,POINT(-75.6 46.8)
2018-12-22,7,POINT(-107.0 35.6)
2018-08-05,58,POINT(-77.5 35.9)
2018-04-06,44,POINT(-110.3 41.2)
2018-06-13,2,POINT(-99.3 29.7)
2018-05-28,15,POINT(-92.1 21.1)
2018-01-18,6,POINT(-84.3 26.9)
2018-10-21,11,POINT(-118.5 27.1)
2018-07-14,42,POINT(-105.5 30.1)
2018-05-31,15,POINT(-89.6 48.3)
2018-12-31,9,POINT(-102.1 44.1)
2018-05-03,5,POINT(-81.2 48.1)
2018-07-06,33,POINT(-87.4 50.0)
2018-05-29,20,POINT(-108.3 33.0)
2018-04-14,13,POINT(-112.7 26.8)
2018-08-31,5,POINT(-88.5 36.8)
2018-08-19,9,POINT(-97.5 46.4)
2018-07-25,65,POINT(-111.6 34.0)
2018-07-17,15,POINT(-103.7 35.2)
2018-12-03,11,POINT(-104.8 24.0)
2018-03-28,15,POINT(-114.6 32.6)
2018-05-22,31,POINT(-92.7 31.6)
2018-11-13,9,POINT(-81.8 30.6)
2018-07-18,4,POINT(-91.2 46.6)
2018-02-15,18,POINT(-78.7 21.8)
2018-10-15,22,POINT(-113.6 49.2)
2018-01-15,25,POINT(-98.2 20.2)
2018-02-13,43,POINT(-89.5 48.4)
2018-06-18,10,POINT(-86.2 36.4)
2018-11-06,2,POINT(-85.2 41.1)
2018-02-13,64,POINT(-83.6 25.6)
2018-04-08,12,POINT(-87.4 39.6)
2018-09-18,20,POINT(-115.3 46.5)
2018-04-19,22,POINT(-85.2 24.2)
2018-10-10,16,POINT(-83.8 23.8)
2018-12-09,5,POINT(-70.3 29.1)
2018-04-14,29,POINT(-85.3 24.9)
2018-09-13,33,POINT(-85.7 23.3)
2018-07-25,17,POINT(-94.3 40.3)
2018-12-01,14,POINT(-76.6 26.4)
2018-02-12,3,POINT(-70.2 40.0)
2018-12-19,2,POINT(-81.0 45.9)
2018-09-02,9,POINT(-89.4 39.6)
2018-10-14,8,POINT(-116.1 23.6)
2018-12-21,62,POINT(-83.7 37.2)
2018-09-30,31,POINT(-84.6 31.8)
2018-03-24,22,POINT(-81.2 30.3)
2018-04-20,15,POINT(-113.8 29.6)
2018-07-09,4,POINT(-87.3 47.9)
2018-10-15,77,POINT(-105.2 42.3)
2018-09-08,10,POINT(-82.0 24.0)
2018-07-31,3,POINT(-108.0 34.3)
2018-10-18,14,POINT(-85.8 29.5)
2018-05-13,42,POINT(-105.3 49.3)
2018-07-20,44,POINT(-119.6 49.3)
2018-10-12,1,POINT(-88.3 29.6)
2018-11-22,44,POINT(-114.3 30.6)
2018-04-05,7,POINT(-87.0 38.0)
2018-10-05,1,POINT(-73.7 34.4)
2018-11-21,38,POINT(-71.5 26.4)
2018-08-07,40,POINT(-108.2 39.8)
2018-03-30,19,POINT(-79.5 30.0)
2018-03-13,18,POINT(-102.3 39.6)
2018-09-04,34,POINT(-75.0 31.5)
2018-05-09,31,POINT(-80.6 41.0)
2018-07-31,45,POINT(-116.3 40.0)
2018-12-09,17,POINT(-99.6 35.3)
2018-04-06,69,POINT(-103.1 41.1)
2018-03-16,112,POINT(-80.7 33.8)
2018-02-23,3,POINT(-99.5 23.5)
2018-12-10,38,POINT(-85.8 25.5)
2018-02-23,14,POINT(-89.9 27.4)
2018-08-06,10,POINT(-71.2 21.9)
2018-01-16,19,POINT(-73.1 41.3)
2018-04-09,2,POINT(-98.6 31.0)
2018-01-20,15,POINT(-83.8 22.8)
2018-02-15,41,POINT(-78.5 44.6)
2018-07-12,5,POINT(-75.1 40.5)
2018-02-27,12,POINT(-116.6 33.6)
2018-04-21,57,POINT(-104.9 27.4)
2018-05-09,12,POINT(-104.0 24.6)
2018-12-03,9,POINT(-98.3 33.8)
2018-07-13,12,POINT(-111.5 46.6)
2018-12-06,15,POINT(-95.2 25.7)
2018-11-22,20,POINT(-86.8 37.1)
2018-01-08,33,POINT(-95.1 48.9)
2018-01-29,13,POINT(-86.7 39.1)
2018-04-22,35,POINT(-116.7 33.2)
2018-06-10,16,POINT(-76.2 41.5)
2018-05-11,9,POINT(-73.0 44.7)
2018-07-07,22,POINT(-89.1 37.7)
2018-06-12,26,POINT(-75.9 46.2)
2018-07-16,17,POINT(-113.4 35.4)
2018-12-30,2,POINT(-80.1 44.9)
2018-07-23,4,POINT(-114.0 48.6)
2018-07-31,7,POINT(-99.6 35.0)
2018-04-19,7,POINT(-103.8 38.2)
2018-10-03,23,POINT(-90.7 38.3)
2018-03-14,1,POINT(-104.9 43.4)
2018-06-16,29,POINT(-88.1 44.7)
2018-09-17,7,POINT(-101.6 20.8)
2018-08-31,8,POINT(-77.0 42.0)
2018-10-02,16,POINT(-88.3 43.5)
2018-04-12,5,POINT(-109.2 41.0)
2018-06-22,44,POINT(-103.2 41.4)
2018-06-20,2,POINT(-77.6 21.2)
2018-05-21,12,POINT(-100.7 33.3)
2018-07-07,38,POINT(-93.2 44.5)
2018-03-27,20,POINT(-87.6 48.0)
2018-02-21,7,POINT(-102.6 26.9)
2018-04-21,11,POINT(-105.3 37.4)
2018-12-31,25,POINT(-96.2 44.1)
2018-12-08,73,POINT(-109.3 42.6)
2018-02-12,45,POINT(-105.8 38.6)
2018-07-30,9,POINT(-116.9 20.6)
2018-07-19,127,POINT(-104.8 41.7)
2018-10-25,1,POINT(-104.0 43.2)
2018-12-12,1,POINT(-71.9 41.7)
2018-08-28,35,POINT(-90.5 43.0)
2018-04-25,5,POINT(-80.6 32.9)
2018-01-26,2,POINT(-117.7 49.8)
2018-10-26,6,POINT(-114.7 43.1)
2018-03-18,12,POINT(-79.3 37.4)
2018-05-17,27,POINT(-88.8 48.0)
2018-01-20,20,POINT(-110.5 47.2)
2018-07-30,6,POINT(-99.8 44.4)
2018-08-28,14,POINT(-93.1 36.9)
2018-02-08,53,POINT(-77.8 35.8)
2018-09-25,34,POINT(-117.0 29.9)
2018-07-26,8,POINT(-90.2 27.5)
2018-09-24,81,POINT(-84.1 35.4)
2018-06-03,25,POINT(-71.1 37.3)
2018-02-11,2,POINT(-79.6 27.3)
2018-01-11,1,POINT(-106.2 47.7)
2018-10-21,4,POINT(-84.5 36.7)
2018-04-08,27,POINT(-81.8 35.8)
2018-10-02,5,POINT(-83.5 33.1)
2018-08-18,15,POINT(-79.0 21.7)
2018-08-08,2,POINT(-74.8 46.5)
2018-03-06,51,POINT(-115.1 29.5)
2018-12-21,9,POINT(-114.8 39.3)
2018-08-20,48,POINT(-80.2 38.2)
2018-11-24,58,POINT(-107.4 37.5)
2018-02-21,1,POINT(-117.1 35.8)
2018-09-20,13,POINT(-99.9 25.4)
2018-09-24,1,POINT(-79.0 28.4)
2018-12-25,48,POINT(-113.7 35.7)
2018-11-13,15,POINT(-86.4 43.7)
2018-11-20,2,POINT(-119.8 33.0)
2018-06-03,3,POINT(-114.5 26.1)
2018-12-24,10,POINT(-102.5 22.6)
2018-05-20,57,POINT(-115.8 39.9)
2018-02-20,24,POINT(-77.7 32.7)
2018-04-27,41,POINT(-76.8 23.8)
2018-02-15,10,POINT(-82.2 40.2)
2018-11-05,1,POINT(-107.9 26.2)
2018-03-29,74,POINT(-93.8 35.3)
2018-07-27,1,POINT(-110.8 29.2)
2018-09-26,59,POINT(-105.9 48.0)
2018-03-30,10,POINT(-94.2 26.8)
2018-04-28,1,POINT(-83.2 32.6)
2018-02-23,24,POINT(-115.3 48.8)
2018-04-26,79,POINT(-105.2 29.6)
2018-04-28,68,POINT(-73.7 39.3)
2018-09-17,4,POINT(-98.5 29.5)
2018-03-16,4,POINT(-73.1 23.3)
2018-11-01,17,POINT(-70.4 38.8)
2018-01-07,21,POINT(-93.7 47.5)
2018-05-02,27,POINT(-105.6 33.6)
2018-01-11,4,POINT(-80.5 38.8)
2018-12-14,64,POINT(-112.0 38.3)
2018-08-03,21,POINT(-107.4 32.5)
2018-10-06,38,POINT(-80.8 38.4)
2018-01-28,16,POINT(-98.3 27.8)
2018-08-23,11,POINT(-109.9 31.3)
2018-11-09,76,POINT(-87.4 33.3)
2018-01-26,18,POINT(-83.4 45.9)
2018-02-23,41,POINT(-113.7 30.4)
2018-01-29,62,POINT(-106.2 39.1)
2018-12-19,23,POINT(-108.9 26.4)
2018-06-13,16,POINT(-101.0 27.6)
2018-09-27,1,POINT(-81.8 39.5)
2018-11-30,1,POINT(-84.3 42.9)
2018-02-04,5,POINT(-86.9 33.9)
2018-10-13,5,POINT(-119.7 30.1)
2018-12-14,6,POINT(-112.9 47.3)
2018-09-30,8,POINT(-108.8 24.1)
2018-07-27,9,POINT(-106.4 41.6)
2018-08-26,11,POINT(-112.7 40.7)
2018-04-03,3,POINT(-99.5 40.7)
2018-06-22,1,POINT(-116.2 48.1)
2018-03-20,23,POINT(-82.5 41.8)
2018-04-20,16,POINT(-80.6 29.0)
2018-08-05,12,POINT(-91.3 30.6)
2018-12-24,21,POINT(-115.5 31.7)
2018-04-16,36,POINT(-75.5 20.9)
2018-02-16,12,POINT(-71.7 47.4)
2018-06-30,21,POINT(-109.9 22.2)
2018-03-05,62,POINT(-84.8 41.0)
2018-09-03,37,POINT(-77.9 41.9)
2018-09-01,12,POINT(-93.0 45.3)
2018-11-16,21,POINT(-103.8 36.6)
2018-03-28,4,POINT(-96.1 41.8)
2018-08-05,17,POINT(-94.4 29.1)
2018-01-07,80,POINT(-100.0 42.4)
2018-10-05,15,POINT(-73.5 30.3)
2018-12-03,53,POINT(-82.8 47.1)
2018-07-29,11,POINT(-107.9 24.9)
2018-06-18,136,POINT(-90.7 29.5)
2018-11-26,18,POINT(-85.6 35.0)
2018-05-18,1,POINT(-113.0 43.3)
2018-11-02,18,POINT(-102.1 42.5)
2018-08-18,7,POINT(-74.7 26.3)
2018-11-04,1,POINT(-91.6 24.3)
2018-06-10,35,POINT(-109.2 29.1)
2018-01-01,7,POINT(-113.9 34.5)
2018-08-24,32,POINT(-94.1 36.2)
2018-07-07,7,POINT(-92.6 32.9)
2018-01-04,5,POINT(-103.3 39.9)
2018-05-12,73,POINT(-88.5 32.8)
2018-08-06,9,POINT(-116.6 48.4)
2018-09-17,19,POINT(-112.7 27.8)
2018-01-01,19,POINT(-92.7 38.8)
2018-03-12,17,POINT(-116.9 38.3)
2018-06-27,50,POINT(-76.0 28.4)
2018-07-08,23,POINT(-112.9 32.4)
2018-10-18,11,POINT(-86.3 31.0)
2018-01-08,40,POINT(-100.4 25.2)
2018-09-10,4,POINT(-100.0 34.3)
2018-10-19,16,POINT(-81.8 31.6)
2018-09-01,61,POINT(-95.0 25.3)
2018-05-03,20,POINT(-83.7 33.5)
2018-10-26,34,POINT(-94.7 32.7)
2018-10-10,22,POINT(-90.4 23.9)
2018-02-01,37,POINT(-82.0 23.9)
2018-11-30,58,POINT(-89.6 39.4)
2018-05-26,7,POINT(-89.2 41.2)
2018-06-05,4,POINT(-80.5 48.2)
2018-01-16,14,POINT(-72.5 22.6)
2018-12-21,25,POINT(-101.2 23.5)
2018-02-16,6,POINT(-91.1 21.6)
2018-09-08,1,POINT(-115.7 36.0)
2018-07-06,9,POINT(-102.1 38.7)
2018-01-31,70,POINT(-99.4 32.1)
2018-09-17,24,POINT(-78.2 43.9)
2018-01-17,11,POINT(-94.3 40.6)
2018-02-08,5,POINT(-83.4 49.6)
2018-10-31,9,POINT(-119.0 24.1)
2018-02-08,4,POINT(-96.8 21.7)
2018-05-12,3,POINT(-74.9 28.2)
2018-01-30,48,POINT(-108.8 20.6)
2018-06-07,122,POINT(-118.4 48.0)
2018-10-05,4,POINT(-98.3 29.1)
2018-07-22,2,POINT(-84.8 36.6)
2018-03-07,9,POINT(-97.3 29.5)
2018-04-18,13,POINT(-97.0 27.4)
2018-09-25,5,POINT(-86.5 24.6)
2018-08-10,8,POINT(-107.3 29.6)
2018-10-19,5,POINT(-82.4 38.5)
2018-01-18,30,POINT(-112.3 49.1)
2018-03-31,25,POINT(-100.2 36.7)
2018-06-30,21,POINT(-87.2 36.0)
2018-09-12,10,POINT(-78.6 21.1)
2018-09-10,48,POINT(-80.4 45.2)
2018-09-14,70,POINT(-83.9 21.3)
2018-12-12,4,POINT(-102.0 47.2)
2018-03-28,6,POINT(-113.9 36.2)
2018-03-31,15,POINT(-109.2 25.1)
2018-08-25,2,POINT(-76.8 33.6)
2018-03-11,12,POINT(-77.1 49.8)
2018-02-13,18,POINT(-72.4 29.2)
2018-07-19,15,POINT(-116.2 28.1)
2018-06-01,9,POINT(-93.2 23.5)
2018-03-27,16,POINT(-87.6 37.9)
2018-01-19,64,POINT(-84.5 22.7)
2018-04-11,5,POINT(-87.8 43.0)
2018-04-05,22,POINT(-81.5 47.6)
2018-09-11,1,POINT(-102.0 48.0)
2018-12-23,2,POINT(-111.0 23.2)
2018-01-30,17,POINT(-109.8 36.7)
2018-09-06,3,POINT(-119.4 22.9)
2018-02-02,1,POINT(-102.5 37.2)
2018-08-17,4,POINT(-115.4 44.4)
2018-01-12,17,POINT(-103.9 36.1)
2018-04-28,25,POINT(-88.6 46.2)
2018-12-16,5,POINT(-75.3 44.1)
2018-06-04,23,POINT(-78.0 28.3)
2018-09-03,5,POINT(-107.4 38.9)
2018-11-28,20,POINT(-113.3 20.2)
2018-09-04,11,POINT(-110.3 31.9)
2018-01-29,22,POINT(-71.5 27.1)
2018-06-10,107,POINT(-92.5 48.1)
2018-08-23,56,POINT(-110.9 32.2)
2018-07-09,1,POINT(-78.0 39.6)
2018-04-27,44,POINT(-100.2 42.0)
2018-09-28,2,POINT(-75.0 43.2)
2018-09-15,62,POINT(-107.0 42.1)
2018-06-29,7,POINT(-100.3 28.7)
2018-06-21,10,POINT(-94.8 40.6)
2018-10-01,2,POINT(-75.4 36.5)
2018-09-16,3,POINT(-76.6 37.9)
2018-05-15,26,POINT(-91.3 20.0)
2018-06-20,58,POINT(-108.9 27.7)
2018-07-29,19,POINT(-99.8 47.9)
2018-08-24,26,POINT(-71.2 28.7)
2018-07-05,29,POINT(-89.6 33.1)
2018-12-30,7,POINT(-80.9 25.6)
2018-04-05,1,POINT(-97.5 24.2)
2018-01-11,1,POINT(-93.4 26.3)
2018-03-09,9,POINT(-98.6 36.6)
2018-07-29,6,POINT(-84.9 47.6)
2018-07-15,2,POINT(-77.4 29.8)
2018-04-08,4,POINT(-94.6 29.7)
2018-04-03,3,POINT(-96.0 36.9)
2018-01-22,50,POINT(-103.0 30.7)
2018-06-21,4,POINT(-111.1 47.3)
2018-05-14,16,POINT(-73.0 31.3)
2018-01-25,18,POINT(-104.2 34.7)
2018-07-04,16,POINT(-80.0 36.0)
2018-03-26,3,POINT(-84.2 43.5)
2018-02-24,8,POINT(-80.5 36.9)
2018-09-08,2,POINT(-73.2 27.2)
2018-05-24,11,POINT(-88.8 23.7)
2018-12-17,5,POINT(-75.1 48.1)
2018-06-16,17,POINT(-111.6 44.0)
2018-08-12,24,POINT(-88.7 20.7)
2018-08-08,16,POINT(-81.4 44.6)
2018-06-28,12,POINT(-106.4 37.7)
2018-04-29,10,POINT(-83.0 35.6)
2018-09-22,37,POINT(-81.1 20.4)
2018-05-30,5,POINT(-78.4 43.4)
2018-08-03,27,POINT(-104.4 25.9)
2018-07-16,29,POINT(-85.9 41.8)
2018-02-11,11,POINT(-104.8 20.5)
2018-02-22,8,POINT(-83.0 43.9)
2018-11-26,13,POINT(-96.9 20.7)
2018-09-08,2,POINT(-90.1 27.1)
2018-10-22,1,POINT(-99.2 28.0)
2018-09-28,3,POINT(-111.9 24.7)
2018-05-03,5,POINT(-111.1 34.4)
2018-12-05,15,POINT(-116.1 28.5)
2018-09-23,38,POINT(-89.1 49.8)
2018-12-14,6,POINT(-77.6 37.4)
2018-01-29,55,POINT(-119.0 37.0)
2018-02-04,62,POINT(-116.7 26.6)
2018-01-06,64,POINT(-97.1 32.3)
2018-04-21,37,POINT(-83.1 23.7)
2018-10-21,10,POINT(-112.1 42.9)
2018-03-18,2,POINT(-106.4 29.9)
2018-12-15,17,POINT(-108.4 42.6)
2018-05-27,17,POINT(-100.0 31.2)
2018-03-08,38,POINT(-108.8 49.7)
2018-01-08,111,POINT(-102.4 25.1)
2018-05-02,15,POINT(-83.6 20.0)
2018-12-06,9,POINT(-89.4 37.8)
2018-06-24,5,POINT(-115.9 48.6)
2018-06-28,1,POINT(-88.1 39.4)
2018-03-26,15,POINT(-96.1 22.6)
2018-02-14,17,POINT(-73.3 36.2)
2018-05-16,35,POINT(-105.5 47.3)
2018-12-09,15,POINT(-83.7 20.2)
2018-01-16,50,POINT(-83.5 25.0)
2018-11-29,20,POINT(-108.9 44.4)
2018-07-14,37,POINT(-74.8 46.8)
2018-01-09,4,POINT(-95.4 41.2)
2018-11-12,39,POINT(-86.1 49.7)
2018-11-30,23,POINT(-112.7 22.7)
2018-11-29,4,POINT(-107.1 36.4)
2018-11-23,5,POINT(-90.7 40.5)
2018-01-15,53,POINT(-104.0 41.1)
2018-11-23,1,POINT(-95.0 43.8)
2018-04-12,13,POINT(-101.3 47.5)
2018-08-14,8,POINT(-88.0 30.8)
2018-10-05,22,POINT(-95.6 21.3)
2018-04-23,37,POINT(-119.8 30.9)
2018-01-01,9,POINT(-87.5 40.1)
2018-09-23,12,POINT(-98.9 26.4)
2018-07-27,81,POINT(-102.9 44.3)
2018-04-20,31,POINT(-115.3 26.6)
2018-07-19,46,POINT(-109.0 20.3)
2018-11-02,12,POINT(-108.8 35.2)
2018-01-12,6,POINT(-73.2 41.8)
2018-12-11,11,POINT(-98.4 30.5)
2018-07-07,26,POINT(-117.9 42.5)
2018-06-03,3,POINT(-113.1 33.2)
2018-11-30,7,POINT(-116.0 25.2)
2018-10-06,1,POINT(-90.6 22.7)
2018-06-20,12,POINT(-110.7 41.3)
2018-05-14,36,POINT(-95.1 31.6)
2018-01-25,1,POINT(-101.5 47.4)
2018-01-18,23,POINT(-79.8 36.2)
2018-07-09,54,POINT(-104.0 30.5)
2018-05-21,6,POINT(-97.1 30.5)
2018-02-12,24,POINT(-83.9 23.9)
2018-11-30,74,POINT(-98.3 37.8)
2018-10-11,66,POINT(-80.3 37.5)
2018-05-26,6,POINT(-86.9 44.0)
2018-11-11,3,POINT(-99.5 26.0)
2018-11-15,4,POINT(-94.8 28.7)
2018-04-02,25,POINT(-71.6 22.9)
2018-06-28,26,POINT(-86.9 28.9)
2018-02-25,23,POINT(-74.8 32.8)
2018-06-04,9,POINT(-111.1 48.9)
2018-06-09,4,POINT(-95.8 39.6)
2018-04-21,18,POINT(-74.6 43.5)
2018-05-17,14,POINT(-103.9 29.8)
2018-08-20,27,POINT(-71.6 24.3)
2018-08-08,12,POINT(-115.1 27.7)
2018-03-09,9,POINT(-74.9 27.7)
2018-10-29,7,POINT(-97.7 37.5)
2018-09-06,5,POINT(-116.3 30.2)
2018-11-19,7,POINT(-76.0 45.7)
2018-01-06,2,POINT(-107.4 49.7)
2018-10-07,9,POINT(-118.9 30.3)
2018-04-04,1,POINT(-113.2 41.2)
2018-09-26,5,POINT(-87.0 39.7)
2018-07-16,28,POINT(-71.1 25.8)
2018-01-25,8,POINT(-114.4 47.5)
2018-05-28,23,POINT(-96.9 26.0)
2018-04-28,26,POINT(-111.0 42.1)
2018-12-04,18,POINT(-82.7 30.4)
2018-12-04,64,POINT(-114.1 31.0)
2018-03-07,1,POINT(-108.0 33.7)
2018-10-28,27,POINT(-110.2 45.9)
2018-06-24,64,POINT(-92.4 24.2)
2018-11-15,40,POINT(-76.3 21.6)
2018-03-17,4,POINT(-94.4 32.1)
2018-04-24,8,POINT(-117.1 21.7)
2018-04-21,4,POINT(-91.8 40.6)
2018-09-06,19,POINT(-80.1 42.8)
2018-07-22,25,POINT(-113.4 45.6)
2018-05-27,8,POINT(-116.4 42.3)
2018-02-04,16,POINT(-110.6 47.5)
2018-11-05,24,POINT(-82.7 42.4)
2018-01-26,11,POINT(-90.4 48.1)
2018-08-26,39,POINT(-93.0 25.8)
2018-01-14,30,POINT(-107.5 35.0)
2018-02-14,2,POINT(-103.4 49.8)
2018-08-04,20,POINT(-71.7 40.4)
2018-08-21,6,POINT(-108.0 46.4)
2018-07-12,17,POINT(-74.9 20.9)
2018-02-20,63,POINT(-91.0 46.2)
2018-08-02,43,POINT(-113.8 40.9)
2018-05-31,11,POINT(-96.6 25.1)
2018-10-02,7,POINT(-72.6 20.8)
2018-12-04,6,POINT(-99.1 27.8)
2018-03-17,16,POINT(-76.8 47.5)
2018-08-08,3,POINT(-107.2 40.0)
2018-12-14,16,POINT(-91.5 47.6)
2018-07-06,1,POINT(-77.8 33.4)
2018-10-16,8,POINT(-74.0 48.1)
2018-01-28,5,POINT(-95.7 33.9)
2018-06-29,71,POINT(-88.0 26.1)
2018-09-10,26,POINT(-119.9 24.5)
2018-05-06,9,POINT(-107.3 49.8)
2018-06-26,2,POINT(-106.1 30.0)
2018-02-06,15,POINT(-115.3 24.8)
2018-04-09,5,POINT(-106.0 20.3)
2018-04-08,16,POINT(-103.9 28.6)
2018-05-07,37,POINT(-71.6 46.7)
2018-06-17,20,POINT(-86.6 36.0)
2018-03-21,21,POINT(-98.7 39.0)
2018-10-21,16,POINT(-70.6 47.7)
2018-11-29,53,POINT(-112.3 35.4)
2018-05-06,54,POINT(-96.2 45.1)
2018-12-09,15,POINT(-87.6 29.7)
2018-11-06,8,POINT(-117.2 49.3)
2018-05-30,13,POINT(-84.2 22.4)
2018-01-16,5,POINT(-115.0 41.7)
2018-01-28,21,POINT(-113.0 39.8)
2018-06-22,14,POINT(-112.0 25.8)
2018-02-15,3,POINT(-73.6 31.7)
2018-11-24,5,POINT(-85.8 29.4)
2018-08-24,14,POINT(-87.2 22.8)
2018-08-02,44,POINT(-92.2 37.5)
2018-03-26,17,POINT(-105.4 49.8)
2018-10-09,23,POINT(-89.0 36.8)
2018-08-20,9,POINT(-99.5 36.4)
2018-03-26,17,POINT(-112.7 21.2)
2018-03-06,12,POINT(-85.5 24.2)
2018-05-14,22,POINT(-113.5 35.4)
2018-05-31,2,POINT(-110.5 49.6)
2018-04-25,14,POINT(-79.1 46.3)
2018-03-05,8,POINT(-87.0 30.2)
2018-12-09,8,POINT(-88.5 36.3)
2018-12-29,65,POINT(-99.1 36.6)
2018-12-18,5,POINT(-100.2 40.6)
2018-06-07,8,POINT(-85.5 40.6)
2018-03-18,15,POINT(-83.0 43.7)
2018-05-26,40,POINT(-94.5 20.7)
2018-12-09,11,POINT(-71.5 48.3)
2018-08-13,28,POINT(-72.2 22.1)
2018-11-09,39,POINT(-99.4 34.3)
2018-04-13,8,POINT(-79.0 47.6)
2018-12-13,10,POINT(-92.8 34.6)
2018-10-28,9,POINT(-94.4 21.9)
2018-03-29,36,POINT(-117.3 26.9)
2018-10-30,1,POINT(-91.3 37.4)
2018-06-17,8,POINT(-75.0 22.6)
2018-06-19,23,POINT(-81.0 32.7)
2018-05-15,17,POINT(-80.7 29.9)
2018-02-19,12,POINT(-112.0 44.5)
2018-12-06,16,POINT(-102.1 23.3)
2018-12-13,5,POINT(-108.3 40.5)
2018-05-14,12,POINT(-104.2 32.2)
2018-12-13,14,POINT(-91.0 37.6)
2018-05-17,47,POINT(-101.8 26.2)
2018-09-02,7,POINT(-92.0 38.3)
2018-04-19,41,POINT(-98.1 40.2)
2018-11-09,21,POINT(-105.7 22.1)
2018-10-14,1,POINT(-115.2 44.7)
2018-01-21,26,POINT(-75.4 45.8)
2018-03-31,1,POINT(-119.4 21.9)
2018-10-23,119,POINT(-119.9 38.1)
2018-04-22,42,POINT(-78.7 37.8)
2018-10-28,8,POINT(-70.2 20.4)
2018-03-18,6,POINT(-83.6 30.3)
2018-06-26,10,POINT(-119.2 49.1)
2018-12-09,9,POINT(-108.7 36.7)
2018-05-28,10,POINT(-71.4 48.0)
2018-04-11,8,POINT(-79.6 40.3)
2018-09-03,20,POINT(-91.7 20.9)
2018-04-27,4,POINT(-108.2 22.3)
2018-04-02,38,POINT(-119.3 41.7)
2018-01-28,34,POINT(-119.0 36.6)
2018-01-25,13,POINT(-89.4 23.8)
2018-02-27,39,POINT(-118.9 38.4)
2018-10-24,6,POINT(-70.3 44.3)
2018-05-14,1,POINT(-110.8 42.6)
2018-11-27,20,POINT(-84.5 27.4)
2018-09-06,13,POINT(-112.2 27.7)
2018-02-07,17,POINT(-93.0 49.0)
2018-03-16,46,POINT(-116.0 46.6)
2018-05-22,71,POINT(-81.7 29.6)
2018-11-18,21,POINT(-90.8 44.7)
2018-06-17,29,POINT(-115.7 24.9)
2018-09-16,2,POINT(-77.6 25.9)
2018-12-21,4,POINT(-92.6 25.4)
2018-08-13,27,POINT(-73.9 22.6)
2018-06-01,12,POINT(-74.2 45.6)
2018-01-19,12,POINT(-74.0 37.4)
2018-05-26,8,POINT(-116.1 27.8)
2018-08-29,19,POINT(-114.0 45.5)
2018-12-10,5,POINT(-70.6 44.1)
2018-08-25,20,POINT(-95.6 23.0)
2018-02-04,4,POINT(-108.1 39.3)
2018-07-09,2,POINT(-81.5 41.7)
2018-01-01,9,POINT(-106.8 41.5)
2018-06-02,6,POINT(-83.6 41.7)
2018-05-06,44,POINT(-78.1 25.1)
2018-12-11,2,POINT(-80.8 29.5)
2018-08-14,4,POINT(-106.3 45.3)
2018-08-09,16,POINT(-99.9 47.0)
2018-07-30,14,POINT(-99.3 28.4)
2018-01-25,1,POINT(-95.4 20.7)
2018-01-16,1,POINT(-111.6 45.8)
2018-07-01,89,POINT(-97.4 31.3)
2018-11-25,22,POINT(-94.5 29.9)
2018-05-09,10,POINT(-93.4 30.4)
2018-02-11,13,POINT(-79.0 32.5)
2018-12-02,7,POINT(-94.1 31.3)
2018-08-24,9,POINT(-108.5 37.0)
2018-12-26,21,POINT(-86.8 22.4)
2018-02-03,43,POINT(-80.1 49.1)
2018-12-11,5,POINT(-104.0 48.1)
2018-02-14,37,POINT(-87.7 48.0)
2018-05-14,3,POINT(-112.7 46.4)
2018-01-21,5,POINT(-102.9 39.8)
2018-05-02,1,POINT(-74.5 26.6)
2018-03-11,4,POINT(-74.4 21.5)
2018-12-18,50,POINT(-91.2 23.0)
2018-12-27,13,POINT(-84.9 29.7)
2018-02-17,2,POINT(-77.3 35.1)
2018-02-08,65,POINT(-72.1 49.8)
2018-10-14,43,POINT(-95.5 33.1)
2018-01-10,29,POINT(-91.9 35.7)
2018-01-30,55,POINT(-99.2 40.9)
2018-09-01,5,POINT(-116.4 25.4)
2018-10-01,37,POINT(-98.9 48.0)
2018-03-29,24,POINT(-80.5 35.9)
2018-09-01,41,POINT(-79.8 28.3)
2018-11-25,32,POINT(-75.4 48.1)
2018-01-15,9,POINT(-117.4 38.8)
2018-01-04,30,POINT(-93.6 34.5)
2018-07-10,7,POINT(-114.6 37.4)
2018-06-17,8,POINT(-110.0 42.4)
2018-01-09,3,POINT(-75.0 24.6)
2018-04-19,55,POINT(-95.2 45.9)
2018-05-17,7,POINT(-82.1 48.8)
2018-06-03,15,POINT(-116.8 37.0)
2018-07-28,10,POINT(-99.2 40.5)
2018-09-29,65,POINT(-86.3 45.8)
2018-05-23,9,POINT(-113.3 31.2)
2018-04-09,31,POINT(-103.7 49.8)
2018-11-04,39,POINT(-116.8 40.4)
2018-03-10,12,POINT(-87.4 32.7)
2018-09-04,10,POINT(-71.5 40.3)
2018-09-18,28,POINT(-78.6 35.7)
2018-10-03,49,POINT(-71.3 23.3)
2018-03-20,29,POINT(-77.7 43.9)
2018-05-26,6,POINT(-77.2 36.9)
2018-04-21,44,POINT(-91.1 43.9)
2018-09-15,10,POINT(-94.1 24.6)
2018-04-03,18,POINT(-99.7 36.2)
2018-01-13,36,POINT(-79.1 43.0)
2018-09-17,5,POINT(-110.9 49.6)
2018-04-19,31,POINT(-117.2 46.5)
2018-11-26,19,POINT(-72.6 45.9)
2018-07-08,45,POINT(-119.8 27.4)
2018-04-05,4,POINT(-71.2 45.1)
2018-04-15,11,POINT(-83.6 25.1)
2018-01-08,36,POINT(-103.6 25.9)
2018-03-08,1,POINT(-85.1 23.3)
2018-07-10,3,POINT(-79.1 45.7)
2018-09-13,94,POINT(-107.7 23.2)
2018-01-09,7,POINT(-81.5 24.1)
2018-04-27,75,POINT(-79.8 27.4)
2018-09-24,5,POINT(-107.5 37.2)
2018-04-09,9,POINT(-117.9 46.4)
2018-10-25,28,POINT(-109.8 32.5)
2018-06-13,22,POINT(-110.0 36.4)
2018-05-21,18,POINT(-116.7 25.0)
2018-09-25,16,POINT(-83.7 28.0)
2018-02-06,38,POINT(-101.0 24.0)
2018-03-15,6,POINT(-75.8 32.3)
2018-03-14,12,POINT(-107.4 37.7)
2018-11-04,4,POINT(-97.3 28.5)
2018-07-18,19,POINT(-88.0 45.4)
2018-05-10,6,POINT(-76.1 49.4)
2018-09-03,9,POINT(-93.8 23.6)
2018-11-08,13,POINT(-101.3 20.5)
2018-03-01,1,POINT(-76.6 43.7)
2018-10-06,2,POINT(-104.5 25.7)
2018-04-13,24,POINT(-116.0 30.6)
2018-10-23,12,POINT(-97.7 31.8)
2018-11-16,41,POINT(-80.7 47.5)
2018-12-07,24,POINT(-118.5 39.8)
2018-05-31,1,POINT(-90.7 21.2)
2018-06-06,20,POINT(-90.3 20.4)
2018-07-25,2,POINT(-73.6 26.0)
2018-06-28,31,POINT(-105.7 29.5)
2018-07-16,96,POINT(-106.1 34.5)
2018-08-11,16,POINT(-98.0 45.1)
2018-03-30,23,POINT(-102.2 29.4)
2018-10-14,6,POINT(-83.2 31.3)
2018-10-03,12,POINT(-87.9 29.9)
2018-08-24,39,POINT(-82.1 20.3)
2018-07-02,4,POINT(-79.0 48.7)
2018-07-28,7,POINT(-73.9 24.2)
2018-05-10,12,POINT(-98.5 28.6)
2018-06-02,25,POINT(-70.8 23.9)
2018-01-13,10,POINT(-109.2 34.7)
2018-05-02,53,POINT(-84.3 48.0)
2018-12-25,2,POINT(-93.3 23.0)
2018-08-08,10,POINT(-79.2 33.2)
2018-04-16,25,POINT(-96.2 20.7)
2018-03-11,6,POINT(-80.8 43.1)
2018-07-14,22,POINT(-73.5 39.2)
2018-07-05,4,POINT(-83.4 41.0)
2018-04-09,2,POINT(-81.2 34.2)
2018-03-23,3,POINT(-116.6 47.2)
2018-03-16,54,POINT(-109.8 32.3)
2018-12-06,17,POINT(-71.3 35.4)
2018-07-11,32,POINT(-85.3 40.9)
2018-11-21,9,POINT(-91.9 35.6)
2018-08-02,18,POINT(-101.7 25.7)
2018-11-11,14,POINT(-117.8 29.5)
2018-11-14,59,POINT(-101.5 22.8)
2018-05-24,28,POINT(-95.1 33.0)
2018-08-04,27,POINT(-109.4 38.3)
2018-12-27,1,POINT(-111.3 23.6)
2018-11-20,16,POINT(-94.6 38.9)
2018-01-15,13,POINT(-90.7 46.8)
2018-08-05,53,POINT(-108.0 30.1)
2018-02-04,6,POINT(-90.6 26.7)
2018-07-02,7,POINT(-75.0 46.8)
2018-09-27,11,POINT(-96.3 40.8)
2018-12-24,6,POINT(-77.1 23.2)
2018-04-10,3,POINT(-73.6 32.2)
2018-01-07,39,POINT(-115.4 40.2)
2018-01-30,17,POINT(-115.2 37.2)
2018-11-01,40,POINT(-96.2 38.6)
2018-05-24,36,POINT(-90.6 37.0)
2018-04-21,7,POINT(-98.7 43.9)
2018-08-20,16,POINT(-103.7 29.6)
2018-06-28,2,POINT(-88.0 41.3)
2018-03-13,50,POINT(-119.9 49.7)
2018-07-29,11,POINT(-71.6 31.7)
2018-08-08,11,POINT(-108.4 43.7)
2018-03-21,8,POINT(-74.1 27.4)
2018-03-24,13,POINT(-114.5 28.5)
2018-02-11,6,POINT(-108.1 48.0)
2018-09-30,10,POINT(-108.3 20.8)
2018-07-10,33,POINT(-70.2 26.5)
2018-06-22,36,POINT(-119.8 34.5)
2018-01-07,8,POINT(-88.0 32.1)
2018-06-04,13,POINT(-76.5 38.9)
2018-01-10,42,POINT(-86.4 25.8)
2018-02-03,2,POINT(-101.9 22.1)
2018-02-05,44,POINT(-72.1 31.1)
2018-01-06,5,POINT(-75.3 35.7)
2018-08-03,23,POINT(-98.3 36.9)
2018-05-14,18,POINT(-91.3 38.0)
2018-10-12,17,POINT(-71.6 36.5)
2018-05-06,40,POINT(-70.9 27.4)
2018-12-03,3,POINT(-97.5 42.9)
2018-06-23,9,POINT(-77.6 22.6)
2018-06-01,16,POINT(-104.9 26.0)
2018-11-27,34,POINT(-101.4 42.2)
2018-01-26,5,POINT(-111.8 28.4)
2018-04-25,33,POINT(-109.5 34.8)
2018-10-11,11,POINT(-87.2 29.8)
2018-03-16,5,POINT(-94.5 35.2)
2018-06-15,29,POINT(-108.4 30.4)
2018-07-08,2,POINT(-99.9 49.8)
2018-03-19,15,POINT(-101.3 30.7)
2018-03-31,2,POINT(-70.6 38.8)
2018-06-25,9,POINT(-77.3 46.7)
2018-01-21,19,POINT(-100.6 39.1)
2018-02-23,17,POINT(-74.3 37.0)
2018-07-03,11,POINT(-102.9 37.1)
2018-12-25,12,POINT(-86.6 34.9)
2018-08-10,6,POINT(-71.7 44.2)
2018-11-11,13,POINT(-100.5 21.5)
2018-11-24,62,POINT(-86.0 46.6)
2018-06-28,39,POINT(-105.2 37.6)
2018-10-03,4,POINT(-106.7 45.5)
2018-04-22,1,POINT(-91.3 20.3)
2018-08-12,55,POINT(-71.0 46.1)
2018-08-02,15,POINT(-97.3 23.6)
2018-02-28,16,POINT(-73.1 41.6)
2018-11-23,31,POINT(-74.3 32.5)
2018-04-19,8,POINT(-107.3 40.4)
2018-06-06,14,POINT(-99.9 38.8)
2018-07-10,70,POINT(-87.8 24.9)
2018-07-19,23,POINT(-94.1 35.4)
2018-11-08,4,POINT(-115.2 28.3)
2018-07-15,3,POINT(-70.3 36.8)
2018-02-04,5,POINT(-82.4 42.1)
2018-09-03,30,POINT(-98.1 22.4)
2018-08-25,8,POINT(-89.1 35.5)
2018-04-14,1,POINT(-115.6 38.5)
2018-01-07,58,POINT(-95.2 28.9)
2018-10-10,4,POINT(-73.5 48.6)
2018-01-01,1,POINT(-75.2 35.6)
2018-08-07,6,POINT(-103.1 25.5)
2018-08-18,6,POINT(-93.4 23.2)
2018-06-21,11,POINT(-85.1 36.2)
2018-03-28,51,POINT(-103.0 31.3)
2018-02-10,43,POINT(-116.8 25.8)
2018-05-03,13,POINT(-94.7 20.9)
2018-11-27,11,POINT(-89.9 37.0)
2018-10-25,17,POINT(-119.7 38.0)
2018-06-27,6,POINT(-115.2 24.3)
2018-03-04,2,POINT(-109.6 38.1)
2018-06-14,57,POINT(-102.6 48.6)
2018-07-06,5,POINT(-92.9 49.3)
2018-07-28,5,POINT(-105.3 46.7)
2018-08-15,13,POINT(-106.2 44.2)
2018-02-17,14,POINT(-76.5 26.3)
2018-08-12,1,POINT(-112.7 24.7)
2018-01-03,4,POINT(-95.2 33.3)
2018-06-24,10,POINT(-72.4 38.6)
2018-04-09,24,POINT(-88.7 45.5)
2018-04-26,6,POINT(-84.1 27.0)
2018-09-27,11,POINT(-98.4 34.4)
2018-09-10,17,POINT(-119.0 39.4)
2018-11-13,44,POINT(-87.7 33.4)
2018-04-05,8,POINT(-88.4 33.6)
2018-09-30,3,POINT(-114.5 26.8)
2018-01-24,14,POINT(-96.9 49.6)
2018-04-26,28,POINT(-74.2 34.3)
2018-05-31,3,POINT(-109.7 36.0)
2018-12-04,12,POINT(-96.9 26.6)
2018-02-19,1,POINT(-96.9 35.4)
2018-07-25,1,POINT(-79.5 27.7)
2018-12-01,14,POINT(-78.8 26.1)
2018-03-20,8,POINT(-82.0 28.3)
2018-03-11,38,POINT(-101.7 20.1)
2018-01-27,19,POINT(-116.4 37.1)
2018-09-28,13,POINT(-102.5 31.6)
2018-02-19,11,POINT(-86.0 47.0)
2018-10-19,14,POINT(-84.9 21.2)
2018-09-04,1,POINT(-71.7 21.3)
2018-09-21,45,POINT(-97.3 46.6)
2018-03-20,128,POINT(-88.4 23.8)
2018-07-09,5,POINT(-93.0 20.1)
2018-02-16,3,POINT(-112.5 25.4)
2018-12-27,4,POINT(-96.9 44.7)
2018-12-20,22,POINT(-92.8 44.1)
2018-12-18,22,POINT(-72.5 30.2)
2018-07-08,38,POINT(-101.7 40.0)
2018-09-13,28,POINT(-71.0 35.2)
2018-08-10,12,POINT(-92.9 47.1)
2018-08-29,19,POINT(-107.9 21.7)
2018-09-26,24,POINT(-110.4 44.4)
2018-01-01,15,POINT(-112.9 25.1)
2018-02-03,13,POINT(-97.4 31.7)
2018-03-20,21,POINT(-118.9 25.8)
2018-08-24,17,POINT(-97.7 41.1)
2018-11-30,21,POINT(-70.6 40.3)
2018-12-15,19,POINT(-86.5 36.4)
2018-04-08,26,POINT(-82.0 40.9)
2018-03-23,21,POINT(-114.0 39.2)
2018-07-11,15,POINT(-96.3 43.3)
2018-09-10,23,POINT(-105.7 27.2)
2018-02-07,12,POINT(-75.3 32.9)
2018-01-14,6,POINT(-110.9 24.5)
2018-12-13,1,POINT(-97.1 32.9)
2018-11-06,17,POINT(-90.6 41.1)
2018-07-28,18,POINT(-94.3 40.7)
2018-12-23,72,POINT(-78.5 41.3)
2018-03-30,9,POINT(-108.4 29.3)
2018-02-25,11,POINT(-101.1 39.9)
2018-04-04,5,POINT(-80.4 31.0)
2018-04-03,2,POINT(-93.6 48.3)
2018-12-06,30,POINT(-99.9 30.3)
2018-03-26,6,POINT(-118.5 38.1)
2018-09-02,19,POINT(-82.3 42.5)
2018-01-22,24,POINT(-71.4 47.2)
2018-10-18,13,POINT(-89.0 33.1)
2018-09-29,42,POINT(-77.2 30.8)
2018-11-02,12,POINT(-94.2 32.9)
2018-05-02,7,POINT(-108.4 29.7)
2018-05-08,46,POINT(-119.3 39.6)
2018-04-23,40,POINT(-87.3 48.0)
2018-09-30,4,POINT(-95.3 23.8)
2018-12-02,1,POINT(-80.9 36.8)
2018-05-10,2,POINT(-85.3 46.9)
2018-05-12,7,POINT(-70.6 23.0)
2018-03-26,72,POINT(-94.5 34.8)
2018-12-16,17,POINT(-98.6 46.0)
2018-03-22,10,POINT(-105.7 47.0)
2018-11-21,44,POINT(-96.2 35.4)
2018-03-10,13,POINT(-76.4 20.7)
2018-05-28,8,POINT(-117.9 23.2)
2018-01-16,57,POINT(-71.1 37.6)
2018-11-03,38,POINT(-70.3 23.7)
2018-04-15,38,POINT(-90.1 24.5)
2018-06-14,15,POINT(-103.4 43.2)
2018-07-20,32,POINT(-108.8 42.5)
2018-07-16,4,POINT(-106.2 45.3)
2018-07-04,18,POINT(-117.5 23.2)
2018-11-18,83,POINT(-96.2 25.9)
2018-09-22,7,POINT(-117.1 45.0)
2018-12-29,32,POINT(-84.1 41.6)
2018-04-10,14,POINT(-101.4 44.2)
2018-12-08,1,POINT(-110.0 49.7)
2018-11-16,29,POINT(-92.8 45.9)
2018-08-02,4,POINT(-71.3 35.6)
2018-10-05,20,POINT(-85.2 29.3)
2018-06-11,2,POINT(-95.4 37.1)
2018-06-06,59,POINT(-81.2 39.2)
2018-09-08,7,POINT(-83.1 30.1)
2018-04-07,6,POINT(-75.4 43.1)
2018-01-18,3,POINT(-109.8 22.8)
2018-11-23,59,POINT(-77.1 43.4)
2018-04-07,25,POINT(-104.9 21.0)
2018-01-01,28,POINT(-73.0 34.9)
2018-08-04,14,POINT(-105.9 45.8)
2018-05-12,13,POINT(-73.7 22.6)
2018-09-17,3,POINT(-71.8 35.5)
2018-05-05,17,POINT(-112.7 24.8)
2018-03-23,6,POINT(-71.3 46.8)
2018-10-10,76,POINT(-115.7 45.0)
2018-06-20,32,POINT(-109.1 48.0)
2018-02-28,11,POINT(-97.8 46.2)
2018-02-01,4,POINT(-70.3 42.1)
2018-06-10,31,POINT(-95.6 25.5)
2018-10-11,3,POINT(-92.5 29.1)
2018-04-16,5,POINT(-85.3 34.9)
2018-04-15,5,POINT(-71.6 37.7)
2018-08-16,17,POINT(-80.8 43.5)
2018-07-07,31,POINT(-108.8 26.8)
2018-03-11,8,POINT(-104.9 23.8)
2018-11-14,2,POINT(-115.1 34.5)
2018-10-17,13,POINT(-87.8 24.7)
2018-03-28,28,POINT(-111.0 40.8)
2018-12-28,6,POINT(-107.1 37.3)
2018-02-25,5,POINT(-75.6 42.2)
2018-04-23,59,POINT(-103.7 21.9)
2018-01-13,62,POINT(-91.7 48.9)
2018-01-18,94,POINT(-100.1 20.0)
2018-07-01,33,POINT(-116.3 29.8)
2018-04-23,5,POINT(-101.9 40.4)
2018-08-17,5,POINT(-99.6 21.4)
2018-06-20,9,POINT(-75.2 22.5)
2018-10-22,8,POINT(-103.8 22.3)
2018-07-08,63,POINT(-101.0 37.4)
2018-03-20,32,POINT(-80.9 46.9)
2018-05-26,26,POINT(-82.1 36.7)
2018-07-01,5,POINT(-80.1 38.1)
2018-10-13,49,POINT(-72.3 30.4)
2018-09-07,36,POINT(-80.2 20.6)
2018-12-20,4,POINT(-99.6 20.6)
2018-11-10,41,POINT(-78.9 46.6)
2018-07-15,7,POINT(-94.6 23.1)
2018-11-19,2,POINT(-106.1 50.0)
2018-03-12,22,POINT(-104.9 24.9)
2018-09-05,22,POINT(-108.8 40.2)
2018-05-26,2,POINT(-112.8 48.5)
2018-04-16,8,POINT(-110.8 30.9)
2018-09-20,99,POINT(-116.8 42.0)
2018-10-23,23,POINT(-75.6 30.5)
2018-03-11,27,POINT(-73.4 29.1)
2018-07-12,5,POINT(-90.7 26.1)
2018-03-09,2,POINT(-78.0 44.6)
2018-11-01,7,POINT(-110.8 27.7)
2018-02-21,6,POINT(-74.9 28.5)
2018-12-29,6,POINT(-94.7 50.0)
2018-10-12,5,POINT(-116.6 29.8)
2018-11-30,18,POINT(-112.9 32.7)
2018-01-09,8,POINT(-104.6 49.7)
2018-09-08,35,POINT(-117.8 31.1)
2018-11-28,5,POINT(-104.5 31.0)
2018-10-25,13,POINT(-117.0 44.8)
2018-07-03,1,POINT(-108.2 29.4)
2018-06-28,14,POINT(-106.7 27.0)
2018-07-17,2,POINT(-70.3 32.7)
2018-05-08,77,POINT(-108.2 41.0)
2018-01-20,32,POINT(-108.0 21.3)
2018-11-24,14,POINT(-85.7 31.2)
2018-03-06,2,POINT(-77.0 30.4)
2018-07-01,18,POINT(-100.6 27.3)
2018-08-29,29,POINT(-76.2 39.6)
2018-01-24,5,POINT(-103.0 28.7)
2018-03-24,17,POINT(-110.1 38.2)
2018-11-15,34,POINT(-103.5 35.1)
2018-07-04,30,POINT(-89.5 26.5)
2018-11-12,33,POINT(-101.6 28.0)
2018-04-09,43,POINT(-86.4 25.1)
2018-03-03,56,POINT(-108.2 21.7)
2018-10-13,11,POINT(-85.0 38.6)
2018-01-22,17,POINT(-102.6 40.2)
2018-07-31,32,POINT(-97.2 25.0)
2018-05-06,24,POINT(-92.1 38.5)
2018-02-11,109,POINT(-85.7 49.5)
2018-04-08,1,POINT(-108.1 22.2)
2018-01-31,9,POINT(-78.2 34.7)
2018-06-07,7,POINT(-83.9 42.0)
2018-04-22,7,POINT(-108.3 21.4)
2018-09-04,6,POINT(-71.3 43.3)
2018-05-02,25,POINT(-86.8 49.4)
2018-09-30,2,POINT(-97.4 22.7)
2018-10-21,28,POINT(-112.1 44.7)
2018-07-26,24,POINT(-93.3 31.4)
2018-04-20,6,POINT(-111.8 24.3)
2018-10-05,6,POINT(-98.5 34.8)
2018-02-25,20,POINT(-99.6 22.1)
2018-02-26,29,POINT(-84.0 35.7)
2018-10-18,42,POINT(-110.4 20.6)
2018-04-24,39,POINT(-78.9 41.9)
2018-11-04,67,POINT(-103.7 34.6)
2018-12-07,18,POINT(-97.8 33.8)
2018-07-17,48,POINT(-81.4 25.9)
2018-11-17,34,POINT(-88.7 30.8)
2018-06-28,46,POINT(-104.6 25.5)
2018-08-07,1,POINT(-100.7 42.1)
2018-10-04,68,POINT(-104.7 26.0)
2018-01-16,13,POINT(-90.3 38.5)
2018-03-02,33,POINT(-103.4 28.4)
2018-02-23,3,POINT(-83.7 39.7)
2018-06-17,11,POINT(-91.0 36.2)
2018-01-26,7,POINT(-112.7 32.7)
2018-12-02,7,POINT(-104.5 40.2)
2018-03-06,3,POINT(-108.9 32.5)
2018-04-10,33,POINT(-100.5 44.6)
2018-03-15,1,POINT(-94.2 41.9)
2018-07-11,8,POINT(-94.7 36.2)
2018-06-20,4,POINT(-82.3 46.3)
2018-09-30,18,POINT(-110.5 44.9)
2018-07-06,6,POINT(-72.7 36.0)
2018-01-23,6,POINT(-102.9 22.1)
2018-06-30,14,POINT(-105.0 37.0)
2018-11-23,22,POINT(-85.7 30.7)
2018-04-18,3,POINT(-79.7 36.2)
2018-12-01,4,POINT(-101.1 39.4)
2018-06-11,6,POINT(-82.7 39.3)
2018-10-29,73,POINT(-75.8 40.2)
2018-07-25,11,POINT(-81.7 40.4)
2018-03-19,19,POINT(-118.3 23.3)
2018-01-16,6,POINT(-78.6 25.8)
2018-11-23,14,POINT(-81.3 38.9)
2018-04-06,2,POINT(-86.5 32.2)
2018-05-27,1,POINT(-82.0 42.9)
2018-01-02,13,POINT(-71.0 23.7)
2018-01-10,11,POINT(-98.4 25.7)
2018-05-05,3,POINT(-116.6 36.8)
2018-03-22,24,POINT(-97.0 35.0)
2018-05-20,99,POINT(-117.7 28.0)
2018-11-22,11,POINT(-105.3 32.3)
2018-05-30,20,POINT(-90.7 21.0)
2018-10-15,66,POINT(-104.5 21.1)
2018-12-27,36,POINT(-85.7 22.8)
2018-12-06,13,POINT(-78.9 37.3)
2018-05-09,27,POINT(-99.0 45.9)
2018-08-27,3,POINT(-75.0 27.8)
2018-02-27,15,POINT(-116.0 21.0)
2018-07-17,7,POINT(-78.0 41.3)
2018-07-30,4,POINT(-78.6 45.7)
2018-02-14,12,POINT(-103.9 24.1)
2018-04-07,3,POINT(-105.1 31.6)
2018-10-06,25,POINT(-104.7 24.8)
2018-01-23,13,POINT(-79.4 23.2)
2018-12-01,16,POINT(-78.4 39.4)
2018-02-13,4,POINT(-103.5 49.0)
2018-01-27,4,POINT(-90.4 40.3)
2018-10-09,18,POINT(-113.1 49.5)
2018-04-07,85,POINT(-96.6 33.0)
2018-02-05,3,POINT(-70.1 46.9)
2018-04-19,7,POINT(-112.1 26.2)
2018-02-24,41,POINT(-72.6 23.5)
2018-07-11,2,POINT(-78.8 41.1)
2018-08-07,42,POINT(-71.4 31.1)
2018-07-04,15,POINT(-111.0 29.5)
2018-03-10,11,POINT(-109.3 40.1)
2018-11-13,8,POINT(-119.2 30.0)
2018-05-10,8,POINT(-83.8 37.2)
2018-02-24,8,POINT(-87.8 29.0)
2018-04-07,44,POINT(-111.1 43.5)
2018-12-02,26,POINT(-80.4 29.4)
2018-03-28,23,POINT(-105.0 36.0)
2018-10-21,33,POINT(-113.3 20.7)
2018-04-29,6,POINT(-98.9 43.8)
2018-07-27,20,POINT(-115.5 38.6)
2018-11-30,13,POINT(-106.8 25.8)
2018-06-03,31,POINT(-101.4 26.5)
2018-02-04,8,POINT(-77.4 27.9)
2018-03-20,21,POINT(-80.4 37.3)
2018-03-08,43,POINT(-97.9 36.4)
2018-12-09,11,POINT(-83.8 28.2)
2018-02-03,2,POINT(-91.6 40.8)
2018-04-07,15,POINT(-103.0 46.7)
2018-06-18,9,POINT(-83.7 21.3)
2018-06-18,23,POINT(-85.8 32.5)
2018-05-31,61,POINT(-89.0 37.8)
2018-03-12,14,POINT(-89.1 37.6)
2018-01-03,13,POINT(-85.9 20.6)
2018-11-10,22,POINT(-100.8 26.3)
2018-02-01,3,POINT(-76.5 21.9)
2018-10-14,6,POINT(-111.9 37.1)
2018-03-23,51,POINT(-75.8 39.4)
2018-02-12,23,POINT(-102.9 24.8)
2018-04-15,1,POINT(-113.7 30.0)
2018-01-01,5,POINT(-90.0 29.9)
2018-03-02,23,POINT(-101.2 44.6)
2018-09-27,29,POINT(-79.2 25.8)
2018-06-29,37,POINT(-98.5 36.4)
2018-08-12,7,POINT(-86.6 43.5)
2018-01-06,54,POINT(-104.6 44.9)
2018-04-13,17,POINT(-109.5 40.0)
2018-01-10,24,POINT(-100.6 29.0)
2018-03-12,19,POINT(-89.7 44.7)
2018-03-31,3,POINT(-87.2 42.3)
2018-08-14,66,POINT(-91.1 41.1)
2018-06-07,3,POINT(-70.6 22.0)
2018-08-16,6,POINT(-85.4 21.3)
2018-05-06,34,POINT(-73.4 40.9)
2018-07-28,20,POINT(-114.1 48.3)
2018-04-07,37,POINT(-116.9 43.2)
2018-03-15,15,POINT(-104.5 44.9)
2018-04-25,10,POINT(-113.2 36.3)
2018-07-10,51,POINT(-93.7 29.1)
2018-06-19,1,POINT(-94.1 40.3)
2018-11-03,39,POINT(-91.2 41.4)
2018-07-23,6,POINT(-82.7 40.3)
2018-02-25,38,POINT(-71.4 48.4)
2018-07-27,3,POINT(-76.1 31.0)
2018-02-10,18,POINT(-114.1 21.2)
2018-02-01,44,POINT(-103.1 47.3)
2018-01-15,13,POINT(-107.2 24.8)
2018-03-03,28,POINT(-111.2 40.9)
2018-06-04,33,POINT(-92.8 46.2)
2018-10-11,27,POINT(-92.3 29.3)
2018-07-28,52,POINT(-108.6 44.9)
2018-11-16,12,POINT(-84.4 30.0)
2018-07-06,4,POINT(-83.4 43.8)
2018-05-10,1,POINT(-119.0 22.1)
2018-05-07,6,POINT(-100.2 39.7)
2018-10-19,4,POINT(-75.5 40.3)
2018-04-24,17,POINT(-94.0 34.7)
2018-07-18,5,POINT(-102.6 40.6)
2018-01-13,1,POINT(-107.3 47.7)
2018-09-28,1,POINT(-107.8 42.0)
2018-03-30,36,POINT(-115.0 48.8)
2018-08-03,18,POINT(-79.1 33.5)
2018-10-05,9,POINT(-115.7 35.8)
2018-07-22,45,POINT(-105.4 27.9)
2018-03-15,2,POINT(-117.7 49.6)
2018-01-25,79,POINT(-80.9 21.7)
2018-04-11,20,POINT(-118.0 30.8)
2018-06-25,5,POINT(-104.6 28.9)
2018-04-27,23,POINT(-91.3 31.6)
2018-06-15,29,POINT(-99.5 47.5)
2018-02-10,12,POINT(-105.9 31.0)
2018-12-10,40,POINT(-106.2 47.5)
2018-04-30,4,POINT(-80.1 32.7)
2018-04-07,7,POINT(-71.3 45.6)
2018-05-25,2,POINT(-102.6 35.7)
2018-08-04,5,POINT(-118.0 29.3)
2018-08-17,6,POINT(-118.2 33.5)
2018-11-09,50,POINT(-82.0 32.7)
2018-05-10,2,POINT(-92.4 27.8)
2018-12-18,12,POINT(-80.8 28.7)
2018-11-14,16,POINT(-85.1 25.6)
2018-05-17,46,POINT(-74.6 30.1)
2018-11-20,122,POINT(-75.7 38.7)
2018-12-03,28,POINT(-80.6 31.6)
2018-09-30,71,POINT(-96.2 41.4)
2018-04-27,31,POINT(-104.6 49.6)
2018-11-02,67,POINT(-94.6 31.3)
2018-04-04,25,POINT(-94.9 33.9)
2018-06-17,2,POINT(-89.5 24.9)
2018-07-22,11,POINT(-110.7 31.8)
2018-12-07,21,POINT(-87.2 41.8)
2018-05-29,9,POINT(-97.2 26.5)
2018-07-02,7,POINT(-89.0 25.5)
2018-06-01,18,POINT(-108.0 31.3)
2018-03-15,55,POINT(-98.3 44.6)
2018-12-31,1,POINT(-109.5 38.7)
2018-10-01,30,POINT(-76.2 48.7)
2018-02-11,26,POINT(-95.6 47.1)
2018-07-31,67,POINT(-108.8 24.5)
2018-04-11,54,POINT(-117.9 21.3)
2018-02-14,29,POINT(-86.2 32.0)
2018-03-23,15,POINT(-109.3 35.7)
2018-01-17,5,POINT(-70.5 35.5)
2018-03-14,16,POINT(-93.3 24.0)
2018-01-14,29,POINT(-105.6 23.7)
2018-06-06,46,POINT(-87.1 21.4)
2018-08-11,32,POINT(-106.2 45.5)
2018-05-12,5,POINT(-79.0 48.4)
2018-12-04,19,POINT(-104.6 23.5)
2018-02-16,9,POINT(-70.6 26.4)
2018-04-17,1,POINT(-89.7 22.7)
2018-04-18,5,POINT(-77.8 46.3)
2018-09-22,3,POINT(-116.4 48.8)
2018-07-24,37,POINT(-102.6 27.9)
2018-03-20,6,POINT(-83.1 29.1)
2018-06-04,7,POINT(-87.2 30.9)
2018-09-28,65,POINT(-110.3 35.1)
2018-09-04,10,POINT(-102.2 40.5)
2018-01-19,1,POINT(-106.8 35.1)
2018-12-12,7,POINT(-89.3 48.5)
2018-01-26,3,POINT(-102.8 23.0)
2018-08-05,3,POINT(-104.5 44.0)
2018-06-03,2,POINT(-109.6 30.0)
2018-06-03,18,POINT(-99.5 31.3)
2018-06-23,5,POINT(-110.2 41.3)
2018-04-02,9,POINT(-71.9 47.9)
2018-12-04,40,POINT(-112.3 41.5)
2018-06-30,12,POINT(-74.3 43.3)
2018-05-11,50,POINT(-98.6 42.5)
2018-10-25,14,POINT(-101.1 29.6)
2018-10-02,11,POINT(-108.4 42.7)
2018-09-30,28,POINT(-88.2 43.5)
2018-03-17,2,POINT(-85.7 36.0)
2018-06-26,2,POINT(-96.6 36.1)
2018-07-03,22,POINT(-117.2 42.8)
2018-11-15,14,POINT(-74.1 44.5)
2018-05-11,32,POINT(-71.0 30.1)
2018-12-29,50,POINT(-98.4 44.0)
2018-02-18,10,POINT(-89.3 44.4)
2018-02-24,19,POINT(-97.5 27.0)
2018-06-03,14,POINT(-103.9 41.5)
2018-12-21,80,POINT(-116.1 25.6)
2018-07-19,36,POINT(-97.2 22.8)
2018-11-04,49,POINT(-79.1 37.2)
2018-12-22,6,POINT(-119.1 47.3)
2018-04-28,30,POINT(-90.9 21.1)
2018-09-20,7,POINT(-76.0 44.8)
2018-02-15,5,POINT(-109.1 35.2)
2018-10-29,58,POINT(-110.8 45.8)
2018-12-22,1,POINT(-81.4 45.3)
2018-07-08,68,POINT(-107.2 46.3)
2018-11-06,4,POINT(-110.4 43.1)
2018-11-14,35,POINT(-101.1 45.3)
2018-05-09,7,POINT(-100.4 25.3)
2018-02-18,9,POINT(-76.3 29.1)
2018-01-25,5,POINT(-89.1 27.3)
2018-09-23,18,POINT(-99.7 42.3)
2018-04-28,9,POINT(-93.3 24.6)
2018-05-24,22,POINT(-72.3 25.5)
2018-07-19,1,POINT(-114.3 46.4)
2018-06-06,2,POINT(-109.6 41.2)
2018-12-14,3,POINT(-71.9 46.3)
2018-05-14,11,POINT(-72.1 24.2)
2018-05-28,34,POINT(-111.1 32.0)
2018-12-02,44,POINT(-112.7 28.5)
2018-03-12,6,POINT(-98.9 20.3)
2018-08-21,18,POINT(-117.5 28.5)
2018-11-30,30,POINT(-87.3 31.4)
2018-10-26,7,POINT(-116.1 22.8)
2018-06-03,11,POINT(-117.1 37.0)
2018-03-31,15,POINT(-95.7 31.5)
2018-11-30,3,POINT(-72.1 21.4)
2018-07-18,1,POINT(-98.7 41.1)
2018-06-10,4,POINT(-102.2 41.9)
2018-01-26,20,POINT(-70.1 45.0)
2018-05-01,2,POINT(-93.4 34.6)
2018-10-28,5,POINT(-101.2 49.1)
2018-07-31,9,POINT(-100.7 47.4)
2018-03-04,2,POINT(-110.3 36.5)
2018-03-09,5,POINT(-94.4 33.3)
2018-09-10,49,POINT(-98.1 20.1)
2018-01-02,1,POINT(-106.5 41.3)
2018-04-18,22,POINT(-112.0 36.9)
2018-10-13,10,POINT(-104.4 48.1)
2018-02-18,23,POINT(-94.6 37.8)
2018-05-20,18,POINT(-117.1 49.8)
2018-08-06,6,POINT(-112.3 45.6)
2018-02-13,38,POINT(-72.6 48.6)
2018-09-26,14,POINT(-92.9 29.8)
2018-03-19,35,POINT(-116.8 24.5)
2018-08-04,11,POINT(-85.3 43.9)
2018-04-08,84,POINT(-116.9 43.6)
2018-08-24,30,POINT(-83.1 26.3)
2018-10-09,68,POINT(-82.5 42.9)
2018-05-29,15,POINT(-87.4 37.5)
2018-10-31,13,POINT(-83.4 23.3)
2018-03-07,29,POINT(-115.6 35.1)
2018-08-22,43,POINT(-83.7 47.9)
2018-03-28,67,POINT(-113.2 35.2)
2018-03-20,8,POINT(-103.0 43.7)
2018-07-24,33,POINT(-72.9 20.9)
2018-10-06,5,POINT(-94.9 41.8)
2018-12-03,16,POINT(-71.6 48.4)
2018-09-11,4,POINT(-115.6 35.0)
2018-10-31,9,POINT(-96.1 30.1)
2018-05-10,54,POINT(-116.9 39.4)
2018-03-25,4,POINT(-88.5 47.5)
2018-10-03,21,POINT(-116.1 25.3)
2018-07-06,18,POINT(-111.2 32.1)
2018-02-15,3,POINT(-107.1 24.7)
2018-07-02,8,POINT(-82.6 34.9)
2018-09-25,17,POINT(-111.8 36.2)
2018-10-23,5,POINT(-77.7 48.3)
2018-11-18,33,POINT(-113.4 32.4)
2018-04-10,72,POINT(-118.2 37.0)
2018-03-19,5,POINT(-100.2 46.6)
2018-09-29,5,POINT(-71.0 29.6)
2018-12-05,13,POINT(-114.5 40.2)
2018-06-11,28,POINT(-114.9 42.7)
2018-02-13,7,POINT(-82.4 29.9)
2018-08-26,1,POINT(-104.4 24.9)
2018-05-14,16,POINT(-84.1 35.1)
2018-07-11,63,POINT(-110.0 30.7)
2018-12-22,10,POINT(-97.0 28.0)
2018-10-05,11,POINT(-106.7 49.2)
2018-01-18,70,POINT(-97.4 35.1)
2018-01-12,24,POINT(-81.5 45.7)
2018-06-29,26,POINT(-81.9 25.9)
2018-05-03,17,POINT(-94.2 48.2)
2018-09-03,74,POINT(-73.6 43.8)
2018-08-10,24,POINT(-106.8 44.3)
2018-02-20,46,POINT(-108.0 31.7)
2018-03-12,25,POINT(-89.3 34.6)
2018-02-17,27,POINT(-88.9 37.8)
2018-01-19,7,POINT(-117.7 43.7)
2018-09-19,8,POINT(-89.6 45.5)
2018-03-25,31,POINT(-101.3 22.3)
2018-06-04,8,POINT(-82.6 47.1)
2018-02-22,17,POINT(-79.6 48.1)
2018-04-17,6,POINT(-92.4 37.8)
2018-12-23,34,POINT(-119.9 25.6)
2018-10-31,3,POINT(-88.2 44.6)
2018-05-15,36,POINT(-82.6 36.5)
2018-03-10,19,POINT(-107.6 44.5)
2018-01-11,5,POINT(-96.8 44.4)
2018-05-23,16,POINT(-71.7 22.6)
2018-07-11,7,POINT(-105.1 38.2)
2018-03-10,8,POINT(-108.8 34.5)
2018-01-23,9,POINT(-109.5 48.4)
2018-06-30,2,POINT(-92.1 28.9)
2018-10-20,86,POINT(-72.5 26.2)
2018-01-09,1,POINT(-89.6 46.9)
2018-09-28,22,POINT(-104.8 24.5)
2018-04-03,10,POINT(-88.1 40.6)
2018-01-17,21,POINT(-88.8 29.0)
2018-06-03,9,POINT(-90.2 37.0)
2018-11-24,23,POINT(-112.0 38.5)
2018-05-29,27,POINT(-88.3 32.5)
2018-09-24,24,POINT(-98.5 49.2)
2018-11-24,3,POINT(-119.1 24.0)
2018-04-16,22,POINT(-93.0 31.7)
2018-02-04,7,POINT(-70.5 32.9)
2018-04-29,1,POINT(-102.5 38.9)
2018-01-14,11,POINT(-71.7 32.2)
2018-01-14,12,POINT(-115.2 22.9)
2018-09-23,13,POINT(-83.4 48.4)
2018-05-20,25,POINT(-114.3 32.5)
2018-10-21,8,POINT(-106.3 30.3)
2018-12-30,8,POINT(-91.5 33.4)
2018-04-29,2,POINT(-90.4 26.5)
2018-08-26,24,POINT(-81.2 23.0)
2018-02-03,17,POINT(-89.2 24.5)
2018-06-18,9,POINT(-90.3 25.0)
2018-01-10,25,POINT(-74.4 25.9)
2018-05-02,16,POINT(-97.4 32.6)
2018-05-25,13,POINT(-108.7 38.7)
2018-08-11,15,POINT(-111.9 38.9)
2018-09-14,21,POINT(-100.0 20.0)
2018-09-25,22,POINT(-84.4 47.6)
2018-12-25,7,POINT(-117.9 44.7)
2018-01-04,4,POINT(-113.5 48.9)
2018-12-20,4,POINT(-114.7 30.8)
2018-04-16,21,POINT(-90.7 39.9)
2018-03-26,42,POINT(-107.9 25.0)
2018-08-02,11,POINT(-111.7 44.5)
2018-05-01,4,POINT(-90.4 24.8)
2018-05-12,29,POINT(-81.9 29.8)
2018-12-04,36,POINT(-103.4 34.7)
2018-07-16,43,POINT(-91.1 37.8)
2018-01-19,19,POINT(-115.1 36.8)
2018-05-10,40,POINT(-73.2 23.1)
2018-01-12,1,POINT(-103.2 32.7)
2018-03-22,3,POINT(-70.1 47.7)
2018-11-26,2,POINT(-71.1 46.2)
2018-12-20,25,POINT(-81.1 37.7)
2018-09-19,2,POINT(-119.0 37.2)
2018-05-05,14,POINT(-92.8 23.4)
2018-11-03,13,POINT(-115.7 26.0)
2018-09-24,8,POINT(-75.2 27.6)
2018-05-20,41,POINT(-80.5 34.6)
2018-11-25,4,POINT(-71.4 41.9)
2018-01-02,9,POINT(-89.6 33.8)
2018-01-08,30,POINT(-93.9 23.8)
2018-09-07,1,POINT(-94.1 33.2)
2018-05-19,23,POINT(-100.7 24.9)
2018-05-04,34,POINT(-96.6 42.5)
2018-11-05,54,POINT(-88.2 25.0)
2018-08-16,42,POINT(-73.4 34.5)
2018-01-10,8,POINT(-90.2 40.8)
2018-07-31,18,POINT(-77.1 26.8)
2018-04-22,2,POINT(-76.9 22.3)
2018-01-08,6,POINT(-94.1 36.9)
2018-10-19,2,POINT(-102.6 21.6)
2018-12-28,8,POINT(-88.0 37.6)
2018-09-10,42,POINT(-97.7 42.6)
2018-01-14,9,POINT(-115.9 29.9)
2018-08-28,17,POINT(-101.1 34.7)
2018-08-30,12,POINT(-70.3 47.9)
2018-12-08,13,POINT(-117.6 34.1)
2018-05-29,70,POINT(-85.2 49.9)
2018-08-24,8,POINT(-77.9 24.7)
2018-11-02,20,POINT(-87.6 41.3)
2018-06-16,11,POINT(-91.5 39.6)
2018-01-20,2,POINT(-84.6 46.2)
2018-08-04,14,POINT(-98.5 22.8)
2018-12-09,34,POINT(-115.4 28.4)
2018-05-15,3,POINT(-71.9 24.0)
2018-05-09,2,POINT(-98.4 48.0)
2018-10-21,4,POINT(-86.7 32.8)
2018-09-03,29,POINT(-93.4 47.3)
2018-07-08,26,POINT(-117.3 28.8)
2018-02-13,17,POINT(-72.4 23.8)
2018-03-27,13,POINT(-80.4 28.9)
2018-02-13,44,POINT(-112.5 37.9)
2018-11-26,30,POINT(-70.9 45.4)
2018-05-25,34,POINT(-83.2 31.6)
2018-02-20,34,POINT(-96.4 47.4)
2018-08-30,21,POINT(-89.4 27.3)
2018-10-21,13,POINT(-114.7 40.8)
2018-02-20,41,POINT(-92.0 42.1)
2018-09-23,53,POINT(-116.3 28.2)
2018-04-30,1,POINT(-92.8 20.8)
2018-07-19,2,POINT(-92.4 31.0)
2018-09-05,64,POINT(-76.3 21.4)
2018-03-11,7,POINT(-83.7 47.0)
2018-12-07,42,POINT(-107.5 48.6)
2018-02-26,10,POINT(-75.6 42.1)
2018-02-08,3,POINT(-91.3 41.8)
2018-10-16,2,POINT(-89.7 27.2)
2018-01-18,4,POINT(-111.6 22.2)
2018-08-08,6,POINT(-77.1 44.1)
2018-11-09,14,POINT(-73.5 36.8)
2018-09-01,25,POINT(-81.3 40.4)
2018-12-18,86,POINT(-73.0 43.4)
2018-10-31,12,POINT(-104.9 32.3)
2018-10-25,15,POINT(-76.9 24.3)
2018-10-10,15,POINT(-95.6 43.9)
2018-03-15,16,POINT(-111.8 33.6)
2018-04-20,15,POINT(-86.6 44.8)
2018-06-29,1,POINT(-85.8 33.1)
2018-02-01,1,POINT(-105.7 26.5)
2018-08-22,3,POINT(-118.6 25.1)
2018-10-09,3,POINT(-110.0 42.3)
2018-01-25,25,POINT(-100.0 37.2)
2018-11-27,5,POINT(-111.6 32.1)
2018-10-06,46,POINT(-110.3 34.8)
2018-08-14,53,POINT(-100.4 36.5)
2018-02-26,75,POINT(-71.9 27.2)
2018-06-29,56,POINT(-81.8 31.3)
2018-08-20,7,POINT(-104.0 28.8)
2018-12-09,15,POINT(-72.4 31.7)
2018-10-14,4,POINT(-87.7 35.0)
2018-03-05,33,POINT(-97.2 25.2)
2018-08-20,44,POINT(-96.6 31.8)
2018-10-16,39,POINT(-99.5 31.6)
2018-08-01,12,POINT(-108.4 28.6)
2018-09-15,29,POINT(-100.7 50.0)
2018-01-18,3,POINT(-93.6 22.2)
2018-06-24,1,POINT(-93.6 39.3)
2018-08-17,28,POINT(-81.9 25.2)
2018-08-14,12,POINT(-102.1 45.2)
2018-03-25,109,POINT(-84.2 47.4)
2018-10-18,3,POINT(-91.1 32.0)
2018-09-03,39,POINT(-71.9 44.7)
2018-04-20,14,POINT(-100.7 27.5)
2018-09-11,36,POINT(-74.9 24.2)
2018-03-29,34,POINT(-79.0 29.5)
2018-03-13,50,POINT(-88.1 30.3)
2018-01-30,8,POINT(-87.3 31.9)
2018-06-21,60,POINT(-115.8 31.2)
2018-11-05,4,POINT(-72.5 32.3)
2018-12-09,2,POINT(-114.7 41.3)
2018-06-26,12,POINT(-91.8 27.4)
2018-05-19,36,POINT(-103.5 20.6)
2018-07-13,13,POINT(-98.5 34.7)
2018-07-05,36,POINT(-89.5 33.4)
2018-08-06,27,POINT(-74.6 21.8)
2018-06-13,5,POINT(-97.1 24.0)
2018-06-10,60,POINT(-70.6 35.3)
2018-01-13,2,POINT(-90.4 27.0)
2018-10-23,46,POINT(-112.0 46.3)
2018-03-30,8,POINT(-110.5 25.2)
2018-11-20,14,POINT(-84.2 20.6)
2018-02-11,11,POINT(-117.5 33.4)
2018-07-29,4,POINT(-96.0 49.6)
2018-08-17,9,POINT(-112.6 39.0)
2018-12-16,5,POINT(-98.3 30.6)
2018-10-02,5,POINT(-82.5 20.5)
2018-10-06,5,POINT(-97.1 34.5)
2018-09-08,14,POINT(-111.8 26.2)
2018-11-06,32,POINT(-107.4 39.4)
2018-07-27,17,POINT(-101.6 37.5)
2018-11-17,45,POINT(-116.5 28.0)
2018-05-20,21,POINT(-90.8 22.1)
2018-10-07,24,POINT(-89.6 42.7)
2018-02-03,23,POINT(-116.9 37.6)
2018-11-05,12,POINT(-99.9 45.3)
2018-01-18,24,POINT(-99.3 27.8)
2018-02-26,2,POINT(-103.3 39.6)
2018-04-22,40,POINT(-92.1 23.6)
2018-01-05,31,POINT(-102.7 28.8)
2018-07-01,6,POINT(-99.2 39.7)
2018-01-13,30,POINT(-80.1 44.8)
2018-12-05,1,POINT(-111.9 29.6)
2018-10-12,5,POINT(-89.0 44.0)
2018-09-16,2,POINT(-94.7 40.3)
2018-03-31,31,POINT(-104.7 30.5)
2018-04-14,29,POINT(-83.6 46.3)
2018-07-05,34,POINT(-92.4 35.3)
2018-09-07,1,POINT(-96.1 39.4)
2018-09-12,14,POINT(-86.6 34.9)
2018-03-17,25,POINT(-79.9 33.6)
2018-04-18,4,POINT(-71.4 45.4)
2018-06-05,21,POINT(-88.5 28.8)
2018-03-23,2,POINT(-76.3 21.1)
2018-03-18,5,POINT(-119.9 46.4)
2018-09-15,13,POINT(-93.5 44.8)
2018-05-07,22,POINT(-109.3 31.0)
2018-10-09,4,POINT(-115.3 25.6)
2018-03-29,5,POINT(-93.4 40.3)
2018-07-23,5,POINT(-82.7 22.4)
2018-01-16,6,POINT(-99.4 32.7)
2018-05-31,6,POINT(-86.5 22.6)
2018-09-11,11,POINT(-95.5 37.9)
2018-07-07,22,POINT(-98.1 20.8)
2018-11-25,12,POINT(-105.5 38.9)
2018-02-01,30,POINT(-100.9 40.2)
2018-09-28,26,POINT(-102.5 34.6)
2018-01-05,3,POINT(-87.7 25.3)
2018-11-26,2,POINT(-114.2 23.0)
2018-11-04,43,POINT(-115.4 29.4)
2018-11-29,2,POINT(-87.0 34.0)
2018-06-18,4,POINT(-92.7 39.3)
2018-06-30,1,POINT(-98.5 20.0)
2018-06-27,20,POINT(-112.4 41.3)
2018-05-23,18,POINT(-99.4 41.4)
2018-12-28,87,POINT(-80.5 33.3)
2018-09-05,44,POINT(-75.5 30.3)
2018-05-07,11,POINT(-84.9 45.3)
2018-09-20,10,POINT(-117.0 43.5)
2018-02-09,8,POINT(-86.5 49.5)
2018-12-21,4,POINT(-108.0 31.2)
2018-09-12,3,POINT(-104.2 47.2)
2018-05-23,3,POINT(-110.2 22.6)
2018-08-28,3,POINT(-81.2 32.3)
2018-08-16,6,POINT(-87.6 34.0)
2018-12-07,8,POINT(-89.4 33.2)
2018-07-17,66,POINT(-86.6 38.8)
2018-03-06,18,POINT(-108.2 25.1)
2018-01-11,88,POINT(-97.8 46.0)
2018-04-18,10,POINT(-88.3 36.6)
2018-01-26,13,POINT(-88.2 47.1)
2018-05-31,8,POINT(-80.4 20.1)
2018-08-09,5,POINT(-105.6 38.9)
2018-12-07,4,POINT(-81.5 32.4)
2018-08-25,59,POINT(-98.0 35.2)
2018-08-25,87,POINT(-86.5 42.3)
2018-08-07,1,POINT(-97.2 26.8)
2018-05-31,4,POINT(-72.6 26.1)
2018-05-03,12,POINT(-111.0 41.1)
2018-05-24,5,POINT(-86.2 35.6)
2018-07-08,10,POINT(-91.2 27.0)
2018-09-12,3,POINT(-111.4 34.5)
2018-03-09,13,POINT(-116.7 33.8)
2018-04-14,7,POINT(-80.0 40.7)
2018-12-02,9,POINT(-112.1 20.1)
2018-06-08,2,POINT(-110.7 37.6)
2018-11-05,12,POINT(-71.1 38.2)
2018-12-28,82,POINT(-84.1 42.4)
2018-10-27,8,POINT(-107.5 46.7)
2018-03-31,42,POINT(-90.5 33.2)
2018-12-23,38,POINT(-93.3 30.3)
2018-09-13,61,POINT(-77.8 23.1)
2018-12-19,32,POINT(-83.5 30.1)
2018-08-08,22,POINT(-78.4 22.1)
2018-01-09,39,POINT(-109.4 44.1)
2018-01-12,2,POINT(-88.0 44.2)
2018-11-21,13,POINT(-118.0 32.5)
2018-09-01,91,POINT(-116.6 27.8)
2018-07-01,30,POINT(-84.3 23.5)
2018-10-11,66,POINT(-118.8 45.5)
2018-11-08,31,POINT(-91.0 46.3)
2018-04-09,42,POINT(-78.0 28.0)
2018-07-16,25,POINT(-101.0 38.7)
2018-08-14,29,POINT(-117.8 27.8)
2018-11-29,15,POINT(-84.3 26.8)
2018-04-13,52,POINT(-73.5 20.6)
2018-04-16,35,POINT(-84.1 37.3)
2018-12-31,38,POINT(-91.1 24.5)
2018-02-27,23,POINT(-108.5 20.4)
2018-03-19,8,POINT(-119.2 23.1)
2018-03-16,1,POINT(-85.3 29.4)
2018-02-11,55,POINT(-108.4 40.1)
2018-11-20,18,POINT(-77.1 26.1)
2018-06-30,8,POINT(-96.7 46.6)
2018-02-02,4,POINT(-93.5 28.7)
2018-03-12,36,POINT(-82.3 29.9)
2018-02-25,37,POINT(-81.0 26.5)
2018-04-15,34,POINT(-87.9 27.6)
2018-07-19,21,POINT(-73.1 22.2)
2018-04-11,10,POINT(-70.9 28.8)
2018-09-13,8,POINT(-72.7 45.8)
2018-11-03,1,POINT(-78.8 40.7)
2018-03-15,36,POINT(-84.7 46.3)
2018-06-20,2,POINT(-86.8 23.1)
2018-05-23,20,POINT(-114.8 33.7)
2018-06-15,15,POINT(-106.4 26.9)
2018-09-18,15,POINT(-119.7 41.6)
2018-08-09,53,POINT(-113.1 49.1)
2018-03-24,1,POINT(-98.0 44.5)
2018-07-01,30,POINT(-112.7 21.1)
2018-11-03,2,POINT(-74.9 29.5)
2018-01-10,1,POINT(-79.7 20.9)
2018-01-04,12,POINT(-116.4 21.2)
2018-12-17,2,POINT(-107.6 22.4)
2018-12-02,32,POINT(-79.0 28.3)
2018-10-19,16,POINT(-79.8 29.1)
2018-10-08,1,POINT(-72.7 32.0)
2018-08-03,1,POINT(-70.1 32.1)
2018-04-08,19,POINT(-71.2 43.1)
2018-04-11,33,POINT(-99.5 24.2)
2018-01-09,12,POINT(-107.5 24.7)
2018-03-02,17,POINT(-82.1 38.8)
2018-11-05,33,POINT(-105.0 37.2)
2018-05-26,19,POINT(-79.7 24.6)
2018-03-04,6,POINT(-93.3 45.6)
2018-05-01,19,POINT(-80.3 29.9)
2018-08-14,20,POINT(-106.2 31.0)
2018-04-15,27,POINT(-94.6 32.6)
2018-09-17,20,POINT(-91.8 29.7)
2018-12-15,70,POINT(-72.8 36.7)
2018-09-12,5,POINT(-106.7 31.7)
2018-07-26,61,POINT(-73.2 27.8)
2018-01-28,16,POINT(-79.8 47.1)
2018-06-19,23,POINT(-83.5 29.3)
2018-12-02,3,POINT(-80.7 41.0)
2018-03-17,10,POINT(-89.7 30.4)
2018-04-26,30,POINT(-107.8 33.1)
2018-03-10,25,POINT(-110.5 27.1)
2018-12-20,1,POINT(-76.7 42.6)
2018-08-22,16,POINT(-83.7 42.1)
2018-01-01,2,POINT(-109.3 20.7)
2018-06-16,110,POINT(-89.2 21.8)
2018-12-18,46,POINT(-97.6 47.7)
2018-08-06,1,POINT(-112.1 46.7)
2018-09-30,40,POINT(-93.4 35.2)
2018-09-08,51,POINT(-105.9 34.8)
2018-12-13,9,POINT(-115.2 44.4)
2018-12-10,26,POINT(-96.7 24.2)
2018-06-23,12,POINT(-90.5 39.6)
2018-06-19,22,POINT(-117.7 34.3)
2018-09-03,9,POINT(-99.9 42.3)
2018-03-31,8,POINT(-107.1 20.9)
2018-02-18,12,POINT(-118.5 37.8)
2018-10-21,4,POINT(-113.7 36.7)
2018-05-30,36,POINT(-113.0 45.2)
2018-05-12,9,POINT(-110.9 40.3)
2018-02-28,11,POINT(-79.8 46.4)
2018-11-20,45,POINT(-98.0 46.6)
2018-07-18,14,POINT(-112.6 32.2)
2018-08-03,16,POINT(-115.0 24.1)
2018-02-18,63,POINT(-105.1 38.9)
2018-08-20,44,POINT(-80.1 46.2)
2018-09-04,4,POINT(-101.8 22.2)
2018-08-27,13,POINT(-112.0 36.7)
2018-06-17,72,POINT(-99.8 23.4)
2018-02-17,10,POINT(-92.2 20.8)
2018-02-20,10,POINT(-118.5 40.4)
2018-10-26,5,POINT(-88.6 40.5)
2018-04-08,3,POINT(-100.2 38.0)
2018-08-04,27,POINT(-119.5 45.8)
2018-06-26,30,POINT(-86.3 22.4)
2018-03-21,70,POINT(-84.4 23.2)
2018-07-04,30,POINT(-88.6 45.9)
2018-01-27,6,POINT(-102.9 35.1)
2018-07-14,1,POINT(-93.5 28.2)
2018-08-02,85,POINT(-100.6 42.1)
2018-12-08,9,POINT(-85.0 46.8)
2018-04-24,8,POINT(-90.8 40.7)
2018-08-30,48,POINT(-115.9 43.8)
2018-05-04,18,POINT(-87.8 28.5)
2018-11-01,5,POINT(-85.6 28.7)
2018-03-17,44,POINT(-101.5 45.9)
2018-11-07,101,POINT(-76.2 38.4)
2018-11-08,2,POINT(-77.8 27.0)
2018-07-15,40,POINT(-111.2 35.7)
2018-12-17,10,POINT(-74.8 40.6)
2018-02-13,15,POINT(-98.0 26.6)
2018-07-05,50,POINT(-83.8 39.6)
2018-12-09,73,POINT(-79.3 21.3)
2018-09-03,7,POINT(-94.7 29.1)
2018-03-25,5,POINT(-100.0 40.2)
2018-07-26,2,POINT(-74.2 24.5)
2018-05-31,17,POINT(-108.5 26.7)
2018-06-05,1,POINT(-107.2 46.4)
2018-01-16,11,POINT(-101.9 40.2)
2018-06-14,2,POINT(-77.0 35.0)
2018-05-25,11,POINT(-73.1 26.3)
2018-02-06,1,POINT(-109.0 30.2)
2018-11-29,37,POINT(-76.8 37.2)
2018-02-14,5,POINT(-107.1 24.7)
2018-07-25,8,POINT(-71.5 34.5)
2018-03-03,41,POINT(-90.1 32.3)
2018-12-22,28,POINT(-119.6 34.3)
2018-11-04,5,POINT(-118.3 23.2)
2018-01-19,2,POINT(-112.6 23.2)
2018-12-31,26,POINT(-110.6 48.9)
2018-10-27,10,POINT(-81.6 49.4)
2018-01-07,30,POINT(-108.9 32.8)
2018-09-06,12,POINT(-71.5 43.7)
2018-04-27,9,POINT(-88.2 39.7)
2018-03-09,13,POINT(-85.4 23.5)
2018-02-03,28,POINT(-109.1 28.9)
2018-07-13,47,POINT(-75.4 29.4)
2018-11-21,2,POINT(-86.6 37.9)
2018-02-24,15,POINT(-76.8 37.4)
2018-09-23,1,POINT(-72.2 47.7)
2018-02-11,13,POINT(-113.7 43.7)
2018-10-24,44,POINT(-115.2 45.7)
2018-08-19,9,POINT(-79.8 46.7)
2018-01-10,54,POINT(-76.7 44.0)
2018-12-24,20,POINT(-90.8 30.0)
2018-05-08,55,POINT(-101.7 26.5)
2018-06-28,29,POINT(-87.4 37.2)
2018-07-12,3,POINT(-104.7 40.7)
2018-04-02,6,POINT(-108.1 31.6)
2018-08-19,11,POINT(-95.6 45.5)
2018-03-19,4,POINT(-109.2 48.8)
2018-03-26,14,POINT(-95.8 37.1)
2018-01-30,13,POINT(-72.2 33.7)
2018-08-01,63,POINT(-78.0 45.3)
2018-02-18,12,POINT(-72.9 20.7)
2018-09-22,31,POINT(-79.7 23.9)
2018-05-25,57,POINT(-102.3 45.4)
2018-03-10,42,POINT(-79.4 42.0)
2018-02-27,5,POINT(-73.9 32.5)
2018-07-04,14,POINT(-72.6 46.7)
2018-03-03,9,POINT(-85.8 30.5)
2018-11-04,11,POINT(-109.4 39.0)
2018-10-23,9,POINT(-118.0 39.0)
2018-06-15,36,POINT(-112.6 25.5)
2018-06-20,13,POINT(-71.7 28.5)
2018-03-04,15,POINT(-96.9 47.5)
2018-05-27,81,POINT(-77.3 25.5)
2018-11-02,2,POINT(-96.7 25.2)
2018-06-10,14,POINT(-87.0 34.4)
2018-05-21,30,POINT(-118.8 22.8)
2018-11-30,4,POINT(-107.5 46.8)
2018-04-07,19,POINT(-98.2 23.0)
2018-08-09,6,POINT(-88.5 38.5)
2018-02-12,41,POINT(-111.4 30.2)
2018-10-19,8,POINT(-81.8 44.1)
2018-04-18,8,POINT(-101.8 37.7)
2018-09-23,19,POINT(-79.1 31.6)
2018-04-05,5,POINT(-115.1 49.5)
2018-09-19,7,POINT(-86.0 22.0)
2018-11-09,11,POINT(-105.3 37.3)
2018-03-12,9,POINT(-80.2 49.7)
2018-08-07,15,POINT(-99.9 40.7)
2018-01-21,19,POINT(-86.7 42.2)
2018-04-02,17,POINT(-73.3 21.0)
2018-05-07,22,POINT(-119.0 20.6)
2018-03-21,8,POINT(-119.4 21.1)
2018-11-08,3,POINT(-81.5 49.8)
2018-08-26,29,POINT(-87.7 49.4)
2018-07-01,39,POINT(-105.4 30.0)
2018-01-25,6,POINT(-95.3 28.7)
2018-06-05,11,POINT(-117.9 24.4)
2018-01-05,14,POINT(-110.4 29.9)
2018-04-30,16,POINT(-98.8 31.1)
2018-10-04,22,POINT(-78.3 42.4)
2018-01-18,1,POINT(-96.0 46.0)
2018-07-17,26,POINT(-90.7 42.4)
2018-02-26,2,POINT(-76.3 39.4)
2018-04-03,13,POINT(-104.6 43.0)
2018-01-19,36,POINT(-85.0 42.2)
2018-12-19,13,POINT(-76.9 34.3)
2018-07-12,4,POINT(-109.9 30.1)
2018-08-25,85,POINT(-102.2 28.5)
2018-10-04,45,POINT(-71.0 40.4)
2018-08-15,30,POINT(-70.8 48.8)
2018-08-21,11,POINT(-108.8 37.4)
2018-02-09,5,POINT(-116.7 47.4)
2018-11-19,57,POINT(-106.5 20.4)
2018-06-02,16,POINT(-100.1 43.8)
2018-05-07,39,POINT(-97.9 45.6)
2018-08-25,9,POINT(-89.1 38.9)
2018-02-24,9,POINT(-75.0 48.0)
2018-06-21,85,POINT(-103.5 37.7)
2018-04-19,15,POINT(-77.5 27.2)
2018-12-20,4,POINT(-115.3 26.5)
2018-07-03,5,POINT(-117.9 36.7)
2018-07-17,14,POINT(-94.8 47.2)
2018-03-28,1,POINT(-117.0 22.2)
2018-07-20,13,POINT(-100.4 38.1)
2018-12-03,11,POINT(-75.2 43.1)
2018-11-18,31,POINT(-107.9 23.5)
2018-10-02,9,POINT(-84.7 23.5)
2018-07-30,81,POINT(-104.9 31.0)
2018-04-28,4,POINT(-117.8 28.2)
2018-07-10,18,POINT(-92.2 25.9)
2018-02-11,2,POINT(-78.3 26.0)
2018-02-11,27,POINT(-99.5 23.9)
2018-11-11,106,POINT(-89.1 38.3)
2018-10-03,35,POINT(-75.0 40.6)
2018-11-25,17,POINT(-80.5 41.1)
2018-01-17,14,POINT(-110.3 36.0)
2018-10-10,37,POINT(-83.3 48.6)
2018-09-15,55,POINT(-94.9 46.4)
2018-03-04,91,POINT(-82.7 48.7)
2018-03-03,11,POINT(-95.3 31.7)
2018-04-10,95,POINT(-113.6 46.3)
2018-01-19,4,POINT(-91.5 42.9)
2018-01-17,6,POINT(-95.4 30.2)
2018-11-21,2,POINT(-94.1 23.2)
2018-09-03,7,POINT(-76.1 40.5)
2018-09-08,30,POINT(-75.3 24.1)
2018-03-22,39,POINT(-97.3 28.8)
2018-02-08,31,POINT(-97.2 35.0)
2018-02-05,20,POINT(-94.2 40.4)
2018-07-16,15,POINT(-94.0 47.8)
2018-06-07,25,POINT(-72.5 37.8)
2018-07-23,10,POINT(-87.5 40.1)
2018-07-15,37,POINT(-106.1 29.3)
2018-08-04,23,POINT(-93.4 40.6)
2018-10-12,24,POINT(-88.6 33.1)
2018-07-15,16,POINT(-88.0 45.7)
2018-11-03,44,POINT(-90.7 31.8)
2018-06-01,6,POINT(-111.1 34.0)
2018-01-14,10,POINT(-118.3 33.0)
2018-11-21,31,POINT(-103.1 44.3)
2018-05-26,14,POINT(-98.6 48.6)
2018-02-26,45,POINT(-116.9 29.8)
2018-07-30,9,POINT(-79.3 34.3)
2018-09-25,10,POINT(-102.8 41.2)
2018-07-29,44,POINT(-74.3 46.9)
2018-01-17,13,POINT(-112.3 34.8)
2018-10-13,15,POINT(-117.2 23.3)
2018-12-10,9,POINT(-95.9 31.1)
2018-07-22,7,POINT(-110.5 36.5)
2018-04-09,22,POINT(-73.1 32.5)
2018-10-06,3,POINT(-119.5 25.6)
2018-07-28,43,POINT(-99.4 21.1)
2018-05-09,31,POINT(-73.7 40.6)
2018-12-01,5,POINT(-100.8 49.8)
2018-10-15,24,POINT(-115.3 47.6)
2018-09-09,19,POINT(-104.9 40.5)
2018-09-22,5,POINT(-95.1 45.2)
2018-09-28,7,POINT(-110.7 27.7)
2018-07-07,11,POINT(-96.7 38.7)
2018-08-02,25,POINT(-78.2 21.8)
2018-10-10,21,POINT(-76.4 41.2)
2018-07-30,16,POINT(-117.5 49.1)
2018-12-31,30,POINT(-112.0 45.8)
2018-03-17,29,POINT(-106.2 36.0)
2018-05-28,20,POINT(-90.3 43.7)
2018-11-17,31,POINT(-102.0 48.3)
2018-08-01,9,POINT(-77.8 26.5)
2018-04-19,43,POINT(-84.2 43.8)
2018-05-09,20,POINT(-115.0 28.1)
2018-01-10,35,POINT(-88.8 46.3)
2018-02-16,16,POINT(-114.3 23.0)
2018-11-11,5,POINT(-107.2 25.3)
2018-04-06,16,POINT(-111.1 41.6)
2018-04-13,10,POINT(-111.3 25.2)
2018-12-08,24,POINT(-89.2 24.7)
2018-05-26,13,POINT(-91.8 36.7)
2018-01-27,37,POINT(-111.2 45.0)
2018-08-08,23,POINT(-70.5 28.1)
2018-01-18,24,POINT(-98.9 45.2)
2018-06-16,5,POINT(-115.1 44.2)
2018-03-23,84,POINT(-114.0 37.4)
2018-03-13,37,POINT(-90.8 39.4)
2018-11-06,32,POINT(-71.0 21.2)
2018-09-11,9,POINT(-91.4 31.0)
2018-06-11,16,POINT(-72.5 27.9)
2018-11-23,3,POINT(-97.8 24.5)
2018-02-07,16,POINT(-98.2 31.7)
2018-07-20,4,POINT(-95.0 30.6)
2018-07-19,17,POINT(-85.1 41.9)
2018-09-12,21,POINT(-101.6 37.9)
2018-06-28,10,POINT(-76.8 47.4)
2018-02-04,14,POINT(-118.5 24.4)
2018-03-23,42,POINT(-98.0 21.8)
2018-08-08,3,POINT(-94.5 36.0)
2018-06-07,32,POINT(-89.6 20.0)
2018-01-04,4,POINT(-106.2 43.6)
2018-06-16,1,POINT(-98.6 35.2)
2018-07-23,5,POINT(-95.8 34.6)
2018-07-13,29,POINT(-85.7 30.9)
2018-08-23,11,POINT(-81.3 31.2)
2018-07-25,42,POINT(-83.1 32.9)
2018-05-30,15,POINT(-102.9 20.5)
2018-06-08,1,POINT(-70.0 22.5)
2018-10-06,26,POINT(-77.6 35.2)
2018-10-31,3,POINT(-107.0 24.5)
2018-06-15,32,POINT(-110.2 43.4)
2018-11-07,4,POINT(-104.3 28.2)
2018-03-09,9,POINT(-97.4 22.9)
2018-03-29,29,POINT(-77.5 27.1)
2018-08-05,62,POINT(-81.1 30.7)
2018-01-01,10,POINT(-77.4 21.1)
2018-05-15,36,POINT(-106.4 24.3)
2018-07-04,5,POINT(-90.3 29.7)
2018-12-17,33,POINT(-105.8 29.3)
2018-05-20,22,POINT(-114.5 44.0)
2018-04-16,5,POINT(-85.8 45.3)
2018-05-13,8,POINT(-112.9 25.8)
2018-04-18,3,POINT(-86.6 23.7)
2018-06-27,10,POINT(-87.6 39.0)
2018-10-25,5,POINT(-79.5 44.1)
2018-12-24,21,POINT(-113.0 48.9)
2018-12-25,105,POINT(-80.8 20.2)
2018-05-26,1,POINT(-70.0 32.4)
2018-03-15,16,POINT(-77.4 42.0)
2018-04-18,18,POINT(-82.4 44.9)
2018-05-02,50,POINT(-86.9 21.9)
2018-01-17,15,POINT(-98.9 40.4)
2018-07-15,16,POINT(-83.5 28.7)
2018-11-23,13,POINT(-83.8 22.2)
2018-11-14,7,POINT(-88.4 34.7)
2018-10-24,2,POINT(-80.2 24.7)
2018-09-09,11,POINT(-97.6 42.1)
2018-04-29,2,POINT(-113.9 42.2)
2018-06-11,16,POINT(-92.0 45.3)
2018-07-17,8,POINT(-106.7 31.3)
2018-02-14,16,POINT(-100.8 20.4)
2018-11-10,3,POINT(-119.1 27.8)
2018-06-28,54,POINT(-100.9 34.0)
2018-02-13,45,POINT(-79.6 40.8)
2018-09-28,5,POINT(-92.9 31.5)
2018-03-19,9,POINT(-119.5 36.1)
2018-11-22,20,POINT(-96.5 35.7)
2018-06-27,3,POINT(-105.4 24.9)
2018-12-23,9,POINT(-96.1 38.7)
2018-01-03,6,POINT(-99.8 33.2)
2018-08-02,50,POINT(-73.4 44.2)
2018-12-08,39,POINT(-117.9 40.7)
2018-03-15,18,POINT(-85.8 23.3)
2018-02-20,15,POINT(-77.4 34.7)
2018-03-08,54,POINT(-72.0 41.1)
2018-11-28,54,POINT(-111.1 22.6)
2018-04-03,70,POINT(-93.4 43.8)
2018-06-25,3,POINT(-117.8 26.7)
2018-05-25,4,POINT(-95.0 35.1)
2018-01-07,23,POINT(-113.7 48.2)
2018-09-26,16,POINT(-78.1 37.1)
2018-11-18,1,POINT(-114.3 32.7)
2018-01-04,2,POINT(-94.3 20.2)
2018-05-18,44,POINT(-93.9 24.0)
2018-08-19,41,POINT(-71.4 37.4)
2018-03-29,9,POINT(-87.3 34.8)
2018-01-17,45,POINT(-105.6 30.9)
2018-02-21,19,POINT(-108.0 47.7)
2018-05-14,33,POINT(-113.6 30.0)
2018-07-30,12,POINT(-82.2 36.1)
2018-11-21,3,POINT(-85.5 37.1)
2018-08-07,12,POINT(-89.5 35.8)
2018-07-24,13,POINT(-118.0 34.3)
2018-07-30,17,POINT(-81.9 30.1)
2018-10-04,3,POINT(-87.9 47.3)
2018-01-24,96,POINT(-71.8 33.5)
2018-01-04,6,POINT(-90.6 35.9)
2018-06-01,5,POINT(-104.8 39.7)
2018-09-16,15,POINT(-100.9 22.0)
2018-11-20,16,POINT(-111.2 43.4)
2018-12-23,12,POINT(-83.9 35.4)
2018-06-17,30,POINT(-84.6 39.7)
2018-06-25,15,POINT(-110.0 43.2)
2018-11-06,19,POINT(-112.1 46.2)
2018-10-18,26,POINT(-116.1 31.8)
2018-02-25,1,POINT(-74.4 44.3)
2018-04-18,17,POINT(-108.3 27.8)
2018-10-23,44,POINT(-102.8 39.8)
2018-11-20,1,POINT(-106.0 23.1)
2018-10-29,11,POINT(-99.3 20.6)
2018-11-30,53,POINT(-84.3 22.9)
2018-05-21,9,POINT(-76.5 29.6)
2018-06-04,13,POINT(-110.9 20.9)
2018-09-19,80,POINT(-85.7 38.9)
2018-09-30,5,POINT(-102.4 29.5)
2018-08-20,2,POINT(-71.0 42.1)
2018-08-29,40,POINT(-105.1 21.4)
2018-12-21,41,POINT(-119.6 26.5)
2018-12-03,13,POINT(-94.2 32.2)
2018-09-15,15,POINT(-112.5 31.5)
2018-09-06,37,POINT(-117.8 23.9)
2018-03-18,27,POINT(-85.1 49.8)
2018-06-29,7,POINT(-83.4 28.5)
2018-03-07,1,POINT(-97.0 41.6)
2018-11-04,14,POINT(-86.2 26.6)
2018-12-14,40,POINT(-93.1 46.3)
2018-06-20,46,POINT(-88.5 31.6)
2018-01-22,63,POINT(-90.2 47.0)
2018-04-17,43,POINT(-86.7 30.3)
2018-11-19,18,POINT(-110.0 20.3)
2018-08-15,12,POINT(-106.6 35.5)
2018-08-04,30,POINT(-98.0 35.7)
2018-03-10,27,POINT(-97.7 23.6)
2018-03-25,16,POINT(-81.3 27.0)
2018-04-13,2,POINT(-101.6 43.5)
2018-02-08,53,POINT(-111.9 21.1)
2018-01-13,13,POINT(-107.4 34.7)
2018-10-24,10,POINT(-109.3 35.9)
2018-11-09,20,POINT(-83.4 40.7)
2018-06-30,23,POINT(-96.5 21.1)
2018-09-25,5,POINT(-84.6 37.6)
2018-01-13,37,POINT(-99.2 20.1)
2018-04-30,7,POINT(-75.5 28.0)
2018-12-19,5,POINT(-70.8 35.0)
2018-02-26,11,POINT(-86.5 47.3)
2018-02-09,27,POINT(-76.8 23.8)
2018-12-02,68,POINT(-94.6 25.1)
2018-05-08,34,POINT(-73.3 40.1)
2018-06-22,57,POINT(-78.4 31.2)
2018-02-04,4,POINT(-70.4 38.7)
2018-09-16,2,POINT(-88.8 49.9)
2018-01-05,17,POINT(-81.0 49.6)
2018-08-06,7,POINT(-92.9 30.6)
2018-01-11,36,POINT(-107.0 35.1)
2018-11-23,23,POINT(-102.3 47.1)
2018-04-27,71,POINT(-75.3 22.8)
2018-07-03,6,POINT(-117.2 33.6)
2018-12-28,14,POINT(-90.4 31.3)
2018-04-26,14,POINT(-101.4 28.8)
2018-06-11,6,POINT(-100.7 49.8)
2018-03-08,18,POINT(-75.8 42.0)
2018-07-19,12,POINT(-77.3 31.7)
2018-01-31,12,POINT(-90.1 44.9)
2018-03-16,10,POINT(-106.4 34.7)
2018-08-25,1,POINT(-96.2 46.2)
2018-11-23,15,POINT(-99.6 28.0)
2018-03-07,9,POINT(-102.3 26.7)
2018-03-11,1,POINT(-114.9 27.4)
2018-10-24,8,POINT(-92.8 36.2)
2018-01-20,7,POINT(-104.9 28.7)
2018-08-14,10,POINT(-87.0 24.4)
2018-07-18,3,POINT(-104.0 49.8)
2018-02-08,15,POINT(-98.4 47.0)
2018-05-25,24,POINT(-117.4 39.1)
2018-02-14,20,POINT(-70.4 46.7)
2018-11-22,33,POINT(-94.6 48.1)
2018-04-01,13,POINT(-118.8 40.3)
2018-08-26,15,POINT(-92.9 35.6)
2018-03-11,34,POINT(-76.5 46.5)
2018-06-15,12,POINT(-81.4 37.0)
2018-05-10,25,POINT(-85.0 23.8)
2018-08-02,12,POINT(-113.0 31.0)
2018-12-06,11,POINT(-87.1 33.4)
2018-03-30,29,POINT(-81.7 48.1)
2018-12-01,4,POINT(-91.4 39.8)
2018-09-09,9,POINT(-75.4 46.3)
2018-12-15,6,POINT(-106.2 42.7)
2018-03-13,9,POINT(-107.9 29.3)
2018-06-14,6,POINT(-76.5 41.6)
2018-02-18,18,POINT(-88.7 25.9)
2018-02-21,33,POINT(-119.9 32.2)
2018-10-16,31,POINT(-102.3 44.2)
2018-10-05,10,POINT(-77.1 38.4)
2018-04-24,90,POINT(-118.6 44.8)
2018-08-27,19,POINT(-119.8 27.6)
2018-05-13,11,POINT(-105.9 42.5)
2018-10-01,37,POINT(-74.3 26.1)
2018-06-15,27,POINT(-74.9 36.4)
2018-10-20,28,POINT(-94.1 33.0)
2018-08-31,5,POINT(-92.3 36.7)
2018-11-16,13,POINT(-103.4 24.1)
2018-05-18,40,POINT(-107.8 30.8)
2018-03-20,15,POINT(-79.2 40.0)
2018-06-19,24,POINT(-114.7 36.8)
2018-05-03,18,POINT(-95.6 36.5)
2018-06-25,37,POINT(-88.3 35.3)
2018-10-27,7,POINT(-114.8 48.3)
2018-03-23,18,POINT(-94.0 48.0)
2018-03-28,3,POINT(-91.1 30.8)
2018-08-13,24,POINT(-82.9 30.6)
2018-01-16,27,POINT(-108.3 36.6)
2018-11-06,1,POINT(-105.3 22.9)
2018-12-24,23,POINT(-91.5 29.1)
2018-06-12,11,POINT(-70.8 26.9)
2018-04-08,3,POINT(-109.1 26.7)
2018-06-05,11,POINT(-70.7 39.2)
2018-01-02,5,POINT(-84.3 31.5)
2018-12-16,11,POINT(-78.7 25.1)
2018-06-18,10,POINT(-115.5 46.6)
2018-11-11,27,POINT(-105.0 46.2)
2018-11-21,30,POINT(-117.1 45.9)
2018-04-02,19,POINT(-101.4 31.7)
2018-06-30,1,POINT(-70.9 21.7)
2018-08-19,54,POINT(-114.7 23.2)
2018-10-28,24,POINT(-91.9 28.3)
2018-05-28,1,POINT(-119.7 26.6)
2018-10-07,35,POINT(-84.4 46.2)
2018-07-08,5,POINT(-110.1 49.6)
2018-12-13,18,POINT(-113.5 44.5)
2018-12-16,13,POINT(-103.1 41.9)
2018-11-10,11,POINT(-81.4 37.7)
2018-05-08,45,POINT(-114.7 43.1)
2018-01-07,12,POINT(-108.5 48.4)
2018-02-16,2,POINT(-119.6 38.0)
2018-02-22,59,POINT(-71.6 24.6)
2018-07-06,51,POINT(-90.4 24.9)
2018-02-07,24,POINT(-84.0 37.5)
2018-08-14,13,POINT(-87.4 30.0)
2018-02-22,2,POINT(-112.8 47.3)
2018-08-12,32,POINT(-90.3 38.3)
2018-06-03,2,POINT(-113.4 40.3)
2018-02-17,2,POINT(-99.9 20.2)
2018-12-17,16,POINT(-91.6 35.0)
2018-05-27,4,POINT(-92.1 32.9)
2018-03-05,1,POINT(-114.0 41.2)
2018-12-15,12,POINT(-118.3 31.5)
2018-07-01,3,POINT(-80.1 49.3)
2018-05-05,4,POINT(-83.7 40.1)
2018-06-28,2,POINT(-115.9 39.8)
2018-02-08,5,POINT(-113.6 47.6)
2018-09-17,26,POINT(-75.4 49.9)
2018-01-03,34,POINT(-81.5 25.9)
2018-03-05,13,POINT(-70.2 44.3)
2018-01-29,15,POINT(-107.3 24.9)
2018-01-11,1,POINT(-95.6 33.7)
2018-04-07,2,POINT(-108.2 23.0)
2018-12-24,6,POINT(-88.9 38.7)
2018-07-22,16,POINT(-114.2 34.1)
2018-01-21,27,POINT(-113.6 38.9)
2018-02-08,19,POINT(-116.4 40.3)
2018-08-11,10,POINT(-85.3 38.6)
2018-04-12,3,POINT(-95.3 28.8)
2018-02-15,31,POINT(-89.1 45.1)
2018-03-07,10,POINT(-76.0 36.6)
2018-04-01,27,POINT(-83.0 34.7)
2018-06-13,15,POINT(-96.9 49.6)
2018-04-21,27,POINT(-70.8 28.5)
2018-12-04,48,POINT(-97.2 35.8)
2018-05-03,51,POINT(-114.4 40.5)
2018-07-12,16,POINT(-70.4 23.8)
2018-04-09,15,POINT(-118.9 30.6)
2018-10-18,7,POINT(-92.5 44.1)
2018-06-08,55,POINT(-104.5 27.1)
2018-04-13,13,POINT(-94.8 34.8)
2018-10-08,3,POINT(-92.1 38.9)
2018-02-12,12,POINT(-108.0 40.1)
2018-03-25,3,POINT(-92.2 41.8)
2018-07-10,14,POINT(-82.2 46.0)
2018-02-20,17,POINT(-106.7 31.8)
2018-07-29,9,POINT(-100.8 41.2)
2018-05-06,2,POINT(-106.6 42.0)
2018-03-10,58,POINT(-79.0 29.0)
2018-09-22,30,POINT(-83.8 49.0)
2018-09-15,37,POINT(-76.4 46.0)
2018-07-07,10,POINT(-111.5 28.7)
2018-08-18,29,POINT(-116.3 40.3)
2018-07-08,14,POINT(-114.0 41.5)
2018-01-10,5,POINT(-111.9 32.9)
2018-04-24,3,POINT(-93.3 45.9)
2018-03-17,9,POINT(-71.5 40.7)
2018-06-13,3,POINT(-102.1 39.7)
2018-03-26,128,POINT(-72.1 26.6)
2018-02-18,2,POINT(-118.1 32.2)
2018-11-22,12,POINT(-73.7 33.0)
2018-06-26,13,POINT(-110.9 42.0)
2018-08-06,8,POINT(-74.4 38.6)
2018-07-08,17,POINT(-117.2 22.6)
2018-12-12,4,POINT(-72.6 29.2)
2018-08-18,31,POINT(-110.0 34.2)
2018-09-12,9,POINT(-104.9 42.1)
2018-08-24,18,POINT(-95.5 42.3)
2018-01-26,26,POINT(-101.0 34.7)
2018-03-13,44,POINT(-86.6 23.5)
2018-09-18,37,POINT(-71.3 28.8)
2018-09-11,19,POINT(-89.7 27.6)
2018-09-28,10,POINT(-83.9 43.4)
2018-05-03,14,POINT(-115.6 25.4)
2018-05-24,30,POINT(-88.6 33.9)
2018-09-14,43,POINT(-97.3 40.1)
2018-05-24,3,POINT(-75.7 48.9)
2018-09-16,10,POINT(-100.6 50.0)
2018-02-16,30,POINT(-86.0 48.6)
2018-12-17,12,POINT(-108.6 41.5)
2018-01-13,9,POINT(-107.0 42.4)
2018-07-27,11,POINT(-101.2 42.8)
2018-11-07,19,POINT(-104.8 45.9)
2018-08-23,171,POINT(-107.3 48.6)
2018-05-29,14,POINT(-117.5 33.4)
2018-11-18,5,POINT(-78.2 32.5)
2018-06-04,4,POINT(-116.8 33.8)
2018-06-15,1,POINT(-75.6 39.8)
2018-03-31,17,POINT(-113.7 43.3)
2018-07-05,16,POINT(-116.7 46.1)
2018-11-14,5,POINT(-91.8 33.7)
2018-12-24,24,POINT(-94.9 30.9)
2018-06-23,28,POINT(-95.4 49.5)
2018-08-05,6,POINT(-91.3 27.0)
2018-09-21,9,POINT(-105.6 26.7)
2018-04-07,94,POINT(-86.9 41.5)
2018-04-27,10,POINT(-94.9 25.4)
2018-07-18,29,POINT(-103.3 32.0)
2018-11-16,13,POINT(-78.7 28.8)
2018-01-21,32,POINT(-83.6 25.1)
2018-07-19,30,POINT(-100.3 37.4)
2018-12-07,23,POINT(-77.6 31.2)
2018-09-05,39,POINT(-74.0 33.9)
2018-10-03,57,POINT(-93.2 25.9)
2018-09-21,18,POINT(-109.3 43.0)
2018-02-27,6,POINT(-74.2 29.4)
2018-10-29,11,POINT(-110.5 30.3)
2018-01-31,29,POINT(-117.6 27.6)
2018-09-06,22,POINT(-103.6 33.0)
2018-04-03,4,POINT(-83.7 33.9)
2018-09-22,2,POINT(-73.8 35.9)
2018-09-28,23,POINT(-88.1 49.0)
2018-04-04,6,POINT(-72.4 47.1)
2018-06-03,14,POINT(-115.4 38.3)
2018-10-12,28,POINT(-117.0 21.2)
2018-03-21,17,POINT(-89.8 38.4)
2018-10-19,2,POINT(-71.7 22.7)
2018-03-25,5,POINT(-94.9 41.3)
2018-12-31,5,POINT(-117.4 31.7)
2018-02-06,6,POINT(-108.9 45.1)
2018-12-08,17,POINT(-107.8 48.3)
2018-11-23,15,POINT(-103.1 32.5)
2018-08-20,5,POINT(-117.8 33.8)
2018-04-03,2,POINT(-74.8 37.7)
2018-12-02,4,POINT(-94.2 25.9)
2018-04-12,84,POINT(-86.5 47.8)
2018-06-15,13,POINT(-116.6 33.0)
2018-06-08,41,POINT(-117.3 25.0)
2018-01-14,38,POINT(-90.7 42.9)
2018-08-13,15,POINT(-75.6 26.6)
2018-03-14,25,POINT(-93.6 24.3)
2018-09-06,5,POINT(-76.1 36.9)
2018-04-01,24,POINT(-79.5 40.1)
2018-08-04,7,POINT(-116.2 37.1)
2018-03-31,36,POINT(-109.9 39.7)
2018-01-29,2,POINT(-87.1 23.5)
2018-11-01,30,POINT(-97.8 34.3)
2018-08-08,3,POINT(-105.5 30.7)
2018-11-24,43,POINT(-99.1 49.2)
2018-08-03,8,POINT(-97.7 21.5)
2018-08-09,22,POINT(-74.5 28.9)
2018-02-11,14,POINT(-114.8 48.3)
2018-05-15,10,POINT(-106.0 49.5)
2018-02-11,21,POINT(-93.1 44.7)
2018-06-13,59,POINT(-85.1 22.3)
2018-12-27,1,POINT(-88.5 36.8)
2018-10-10,51,POINT(-72.9 32.0)
2018-02-27,19,POINT(-80.2 44.2)
2018-10-29,33,POINT(-92.1 21.7)
2018-11-18,10,POINT(-109.3 25.9)
2018-01-25,13,POINT(-97.5 34.7)
2018-03-14,41,POINT(-85.3 24.7)
2018-05-09,11,POINT(-78.1 40.8)
2018-03-28,16,POINT(-72.0 44.6)
2018-11-26,1,POINT(-89.7 41.1)
2018-06-02,4,POINT(-93.7 33.2)
2018-07-01,21,POINT(-119.1 46.4)
2018-05-05,26,POINT(-116.4 24.1)
2018-03-08,18,POINT(-112.2 27.8)
2018-01-06,4,POINT(-117.3 34.7)
2018-05-05,12,POINT(-100.0 21.8)
2018-11-10,9,POINT(-103.2 22.9)
2018-11-22,14,POINT(-88.1 31.9)
2018-02-22,41,POINT(-93.2 48.3)
2018-03-07,30,POINT(-90.2 47.3)
2018-11-10,2,POINT(-96.4 34.0)
2018-03-23,45,POINT(-106.1 24.3)
2018-03-28,13,POINT(-72.4 25.3)
2018-01-02,28,POINT(-115.7 31.3)
2018-07-23,4,POINT(-73.1 26.3)
2018-05-30,23,POINT(-104.4 22.5)
2018-10-20,6,POINT(-94.4 40.2)
2018-04-13,12,POINT(-114.6 37.4)
2018-01-24,1,POINT(-116.5 28.7)
2018-07-31,4,POINT(-98.5 43.4)
2018-03-06,2,POINT(-82.9 43.3)
2018-07-28,6,POINT(-106.5 34.7)
2018-09-08,3,POINT(-91.9 22.9)
2018-04-27,24,POINT(-106.1 47.6)
2018-04-26,1,POINT(-100.6 40.1)
2018-08-25,20,POINT(-74.7 27.4)
2018-04-15,4,POINT(-77.2 38.3)
2018-09-16,59,POINT(-94.2 32.2)
2018-02-15,55,POINT(-108.1 39.1)
2018-11-07,6,POINT(-110.3 34.2)
2018-11-27,20,POINT(-72.3 34.6)
2018-08-04,1,POINT(-109.9 42.1)
2018-10-28,54,POINT(-79.6 38.4)
2018-11-29,15,POINT(-101.6 22.4)
2018-01-24,1,POINT(-70.7 22.0)
2018-02-04,9,POINT(-101.6 29.2)
2018-01-24,2,POINT(-102.4 32.9)
2018-01-28,10,POINT(-88.1 28.3)
2018-01-16,23,POINT(-71.9 39.5)
2018-02-28,13,POINT(-71.2 25.9)
2018-08-31,10,POINT(-84.6 41.1)
2018-07-26,3,POINT(-82.3 43.2)
2018-09-28,6,POINT(-91.8 23.7)
2018-09-06,3,POINT(-82.2 39.5)
2018-09-24,33,POINT(-77.0 48.8)
2018-07-12,3,POINT(-95.7 25.8)
2018-12-01,19,POINT(-89.0 47.3)
2018-08-06,9,POINT(-93.1 38.2)
2018-04-25,6,POINT(-91.9 37.7)
2018-03-09,21,POINT(-75.5 21.6)
2018-10-26,13,POINT(-102.2 42.4)
2018-11-21,11,POINT(-109.6 34.3)
2018-03-16,18,POINT(-97.2 41.6)
2018-04-13,14,POINT(-109.6 44.3)
2018-10-24,8,POINT(-95.1 35.7)
2018-06-27,17,POINT(-74.8 27.9)
2018-08-03,23,POINT(-89.1 24.2)
2018-11-11,1,POINT(-77.2 24.8)
2018-02-08,13,POINT(-111.7 46.0)
2018-09-16,2,POINT(-75.0 23.7)
2018-07-23,5,POINT(-89.9 31.5)
2018-01-07,17,POINT(-118.4 30.0)
2018-02-18,41,POINT(-88.3 46.0)
2018-01-26,43,POINT(-72.4 34.3)
2018-06-10,2,POINT(-116.0 49.9)
2018-12-23,11,POINT(-90.9 42.1)
2018-06-25,18,POINT(-74.2 45.5)
2018-03-20,4,POINT(-119.5 23.0)
2018-01-02,30,POINT(-88.5 27.6)
2018-05-12,28,POINT(-96.3 24.1)
2018-10-03,47,POINT(-102.7 33.9)
2018-04-27,1,POINT(-88.6 41.5)
2018-06-13,5,POINT(-117.4 25.1)
2018-10-15,36,POINT(-82.3 23.9)
2018-01-28,23,POINT(-119.8 38.4)
2018-11-29,45,POINT(-104.7 26.9)
2018-01-01,2,POINT(-94.8 34.4)
2018-07-07,19,POINT(-101.1 21.5)
2018-02-25,17,POINT(-104.6 40.4)
2018-02-04,1,POINT(-78.5 36.2)
2018-04-22,15,POINT(-73.3 39.4)
2018-10-13,19,POINT(-76.3 28.3)
2018-11-06,5,POINT(-93.9 28.4)
2018-02-05,7,POINT(-75.8 44.0)
2018-08-05,21,POINT(-74.0 41.6)
2018-03-21,13,POINT(-99.5 37.4)
2018-11-10,40,POINT(-105.8 38.8)
2018-03-24,9,POINT(-115.1 22.8)
2018-03-06,7,POINT(-96.0 45.7)
2018-11-21,84,POINT(-72.7 43.1)
2018-05-08,49,POINT(-92.0 37.7)
2018-11-03,1,POINT(-86.6 47.6)
2018-01-22,30,POINT(-114.4 25.1)
2018-08-04,3,POINT(-112.8 40.6)
2018-04-17,1,POINT(-96.8 48.9)
2018-04-19,7,POINT(-72.4 29.3)
2018-12-23,7,POINT(-102.0 20.5)
2018-06-30,35,POINT(-76.1 42.0)
2018-12-22,25,POINT(-114.0 20.2)
2018-06-13,80,POINT(-89.1 46.2)
2018-03-09,25,POINT(-90.0 21.7)
2018-10-19,11,POINT(-77.0 39.6)
2018-06-29,25,POINT(-119.8 31.3)
2018-06-30,151,POINT(-110.5 26.1)
2018-06-18,25,POINT(-109.0 46.9)
2018-01-22,29,POINT(-72.5 42.4)
2018-03-07,56,POINT(-112.3 30.2)
2018-01-21,3,POINT(-118.2 28.5)
2018-04-10,25,POINT(-93.3 42.1)
2018-10-27,39,POINT(-93.6 45.1)
2018-04-13,62,POINT(-77.8 41.5)
2018-02-16,5,POINT(-72.6 39.2)
2018-02-08,15,POINT(-93.1 26.8)
2018-10-12,23,POINT(-73.5 45.6)
2018-11-06,6,POINT(-83.7 42.5)
2018-03-31,19,POINT(-106.8 35.5)
2018-03-26,6,POINT(-73.6 35.3)
2018-09-30,9,POINT(-86.6 37.1)
2018-12-02,12,POINT(-99.3 44.8)
2018-07-07,16,POINT(-86.0 42.3)
2018-06-08,12,POINT(-99.9 45.7)
2018-08-31,14,POINT(-114.3 35.2)
2018-03-14,8,POINT(-84.1 38.7)
2018-02-18,4,POINT(-78.8 45.6)
2018-04-11,1,POINT(-83.6 27.0)
2018-01-02,5,POINT(-108.5 33.3)
2018-09-01,18,POINT(-72.2 38.6)
2018-06-25,31,POINT(-118.7 47.5)
2018-08-26,4,POINT(-103.4 20.5)
2018-02-28,3,POINT(-107.0 26.4)
2018-12-19,28,POINT(-117.6 27.0)
2018-04-09,8,POINT(-99.7 29.8)
2018-12-25,61,POINT(-88.8 28.5)
2018-01-02,26,POINT(-75.9 37.7)
2018-08-31,8,POINT(-70.5 46.6)
2018-10-24,7,POINT(-79.6 39.1)
2018-07-30,15,POINT(-96.6 27.2)
2018-05-03,2,POINT(-83.8 45.9)
2018-08-17,3,POINT(-77.8 39.0)
2018-03-23,4,POINT(-96.7 26.6)
2018-05-24,30,POINT(-80.7 30.8)
2018-05-20,15,POINT(-95.9 43.7)
2018-01-29,1,POINT(-100.7 42.2)
2018-09-27,23,POINT(-93.7 37.3)
2018-09-04,12,POINT(-86.2 24.3)
2018-01-12,15,POINT(-83.7 44.1)
2018-12-21,5,POINT(-102.2 29.2)
2018-12-03,17,POINT(-91.4 43.1)
2018-04-16,78,POINT(-74.5 39.4)
2018-02-01,2,POINT(-71.2 27.9)
2018-03-15,7,POINT(-108.6 26.4)
2018-06-20,6,POINT(-110.4 23.9)
2018-12-03,6,POINT(-86.2 27.3)
2018-03-10,10,POINT(-99.3 24.7)
2018-10-28,35,POINT(-118.8 38.5)
2018-12-28,49,POINT(-102.7 38.0)
2018-05-17,5,POINT(-79.7 37.6)
2018-04-10,16,POINT(-80.1 39.3)
2018-05-26,21,POINT(-95.3 44.4)
2018-01-09,15,POINT(-96.4 47.4)
2018-03-03,12,POINT(-91.0 26.9)
2018-07-04,5,POINT(-109.0 37.6)
2018-01-29,14,POINT(-93.7 22.4)
2018-04-24,11,POINT(-119.4 23.6)
2018-05-23,32,POINT(-96.2 39.6)
2018-04-30,29,POINT(-103.2 34.6)
2018-06-19,3,POINT(-86.3 42.7)
2018-06-06,2,POINT(-88.1 32.8)
2018-12-01,48,POINT(-101.0 23.8)
2018-12-15,16,POINT(-119.6 46.2)
2018-09-17,40,POINT(-107.4 22.5)
2018-03-23,2,POINT(-88.3 25.7)
2018-08-30,15,POINT(-116.4 28.3)
2018-06-21,16,POINT(-114.6 49.9)
2018-08-19,40,POINT(-87.6 32.5)
2018-07-27,3,POINT(-82.2 35.1)
2018-03-16,6,POINT(-103.9 43.1)
2018-09-27,11,POINT(-95.5 39.1)
2018-04-24,41,POINT(-72.7 45.2)
2018-03-03,56,POINT(-72.7 34.6)
2018-12-28,99,POINT(-104.6 49.2)
2018-11-16,64,POINT(-79.5 43.9)
2018-04-12,1,POINT(-90.3 32.0)
2018-12-28,1,POINT(-71.2 31.4)
2018-07-29,4,POINT(-96.1 47.9)
2018-09-12,9,POINT(-81.3 40.5)
2018-01-20,36,POINT(-81.6 38.6)
2018-02-27,45,POINT(-95.1 42.7)
2018-04-22,5,POINT(-80.2 36.8)
2018-11-09,20,POINT(-106.9 24.8)
2018-07-15,50,POINT(-113.9 29.6)
2018-12-19,13,POINT(-98.7 36.7)
2018-04-02,3,POINT(-72.8 20.5)
2018-02-21,13,POINT(-95.0 33.1)
2018-10-20,10,POINT(-88.2 42.7)
2018-01-08,18,POINT(-88.8 24.9)
2018-10-27,12,POINT(-113.4 21.9)
2018-04-08,1,POINT(-100.5 45.1)
2018-08-24,103,POINT(-84.7 38.5)
2018-03-10,16,POINT(-71.4 25.3)
2018-02-14,13,POINT(-111.6 44.2)
2018-05-17,62,POINT(-99.5 39.7)
2018-08-22,4,POINT(-115.2 30.0)
2018-02-01,5,POINT(-107.9 31.3)
2018-10-16,34,POINT(-101.2 24.7)
2018-05-06,7,POINT(-93.0 45.1)
2018-03-08,33,POINT(-108.5 35.3)
2018-01-30,7,POINT(-108.6 36.7)
2018-04-24,1,POINT(-81.1 46.5)
2018-07-23,15,POINT(-71.9 20.5)
2018-01-29,5,POINT(-103.8 22.0)
2018-05-11,29,POINT(-85.6 24.8)
2018-07-04,21,POINT(-107.1 20.9)
2018-09-10,52,POINT(-73.6 39.7)
2018-10-13,31,POINT(-86.4 39.0)
2018-03-03,4,POINT(-79.9 26.3)
2018-01-03,33,POINT(-117.5 24.5)
2018-03-09,21,POINT(-90.1 24.4)
2018-01-25,23,POINT(-93.6 48.6)
2018-06-28,36,POINT(-105.4 40.8)
2018-05-21,18,POINT(-106.9 37.6)
2018-08-19,13,POINT(-91.0 29.7)
2018-10-27,21,POINT(-84.7 33.0)
2018-06-12,8,POINT(-118.3 22.7)
2018-11-07,5,POINT(-91.6 49.9)
2018-05-10,20,POINT(-111.5 42.7)
2018-09-03,6,POINT(-113.0 38.6)
2018-10-24,2,POINT(-88.8 37.6)
2018-06-21,1,POINT(-104.5 35.1)
2018-03-05,19,POINT(-98.0 27.7)
2018-01-31,9,POINT(-102.0 26.8)
2018-02-16,28,POINT(-87.6 36.5)
2018-05-10,10,POINT(-96.5 22.1)
2018-12-18,14,POINT(-71.8 22.2)
2018-11-29,11,POINT(-102.4 36.8)
2018-04-20,22,POINT(-83.0 47.6)
2018-03-10,9,POINT(-107.1 47.4)
2018-02-27,67,POINT(-94.6 20.3)
2018-04-16,56,POINT(-92.4 23.2)
2018-10-27,38,POINT(-103.5 37.5)
2018-11-26,51,POINT(-96.4 45.5)
2018-09-13,12,POINT(-106.0 48.6)
2018-11-08,16,POINT(-119.7 45.8)
2018-06-20,28,POINT(-109.2 40.3)
2018-06-11,24,POINT(-85.0 26.0)
2018-10-13,45,POINT(-81.5 22.2)
2018-03-12,26,POINT(-106.0 21.4)
2018-09-12,124,POINT(-99.6 38.4)
2018-02-24,9,POINT(-118.1 21.1)
2018-11-19,36,POINT(-108.1 42.2)
2018-01-03,24,POINT(-81.0 41.4)
2018-01-26,24,POINT(-89.7 22.4)
2018-11-09,8,POINT(-109.7 47.2)
2018-05-06,31,POINT(-107.1 35.7)
2018-02-22,47,POINT(-79.2 47.1)
2018-07-17,5,POINT(-109.5 47.0)
2018-10-26,20,POINT(-103.3 25.9)
2018-07-07,10,POINT(-86.8 31.4)
2018-07-05,92,POINT(-91.9 24.0)
2018-11-01,14,POINT(-97.0 43.2)
2018-10-25,6,POINT(-75.0 35.1)
2018-07-23,10,POINT(-109.0 47.9)
2018-01-11,22,POINT(-82.9 26.2)
2018-12-25,2,POINT(-112.0 40.7)
2018-12-20,19,POINT(-89.2 49.7)
2018-05-26,54,POINT(-76.5 40.0)
2018-03-26,38,POINT(-97.1 22.1)
2018-04-10,2,POINT(-83.8 37.7)
2018-04-14,101,POINT(-79.0 25.4)
2018-02-15,24,POINT(-113.2 20.9)
2018-02-13,4,POINT(-84.7 30.0)
2018-10-05,1,POINT(-74.0 28.0)
2018-06-30,4,POINT(-91.2 43.7)
2018-07-06,37,POINT(-110.7 31.2)
2018-04-24,1,POINT(-113.7 42.0)
2018-09-12,6,POINT(-107.0 20.5)
2018-01-30,29,POINT(-114.8 20.4)
2018-09-21,18,POINT(-94.3 20.9)
2018-04-08,31,POINT(-116.5 26.6)
2018-11-09,28,POINT(-108.8 31.2)
2018-11-25,2,POINT(-98.0 38.2)
2018-04-25,45,POINT(-96.3 49.6)
2018-10-03,6,POINT(-91.7 30.6)
2018-10-08,17,POINT(-84.7 21.7)
2018-10-02,21,POINT(-117.6 25.8)
2018-09-18,4,POINT(-116.0 46.9)
2018-11-27,75,POINT(-117.0 41.0)
2018-07-26,14,POINT(-98.8 43.7)
2018-11-24,2,POINT(-117.9 23.7)
2018-07-30,56,POINT(-82.7 24.0)
2018-08-03,18,POINT(-108.8 23.4)
2018-02-09,25,POINT(-73.0 45.7)
2018-01-26,15,POINT(-95.7 26.3)
2018-01-27,37,POINT(-97.7 39.3)
2018-07-09,1,POINT(-81.0 35.5)
2018-03-24,7,POINT(-84.3 36.3)
2018-06-19,13,POINT(-89.6 25.9)
2018-06-16,2,POINT(-73.2 39.1)
2018-07-07,25,POINT(-98.9 21.3)
2018-06-18,11,POINT(-79.6 49.8)
2018-10-16,7,POINT(-101.0 20.8)
2018-08-17,1,POINT(-78.1 21.5)
2018-04-07,26,POINT(-107.0 29.7)
2018-01-16,36,POINT(-105.5 44.9)
2018-10-06,11,POINT(-86.1 27.7)
2018-05-15,17,POINT(-109.4 34.2)
2018-01-26,6,POINT(-108.5 20.5)
2018-12-18,20,POINT(-104.7 22.4)
2018-01-12,1,POINT(-86.1 38.2)
2018-03-13,14,POINT(-75.5 25.8)
2018-05-13,21,POINT(-86.3 40.8)
2018-04-16,51,POINT(-78.6 43.6)
2018-08-08,10,POINT(-92.8 45.5)
2018-06-26,29,POINT(-116.6 24.0)
2018-10-09,19,POINT(-115.0 33.7)
2018-05-13,53,POINT(-92.3 48.4)
2018-01-22,11,POINT(-103.6 43.2)
2018-09-26,8,POINT(-109.0 23.5)
2018-06-10,44,POINT(-96.7 35.1)
2018-04-17,2,POINT(-86.7 47.7)
2018-10-06,3,POINT(-100.8 33.2)
2018-12-19,2,POINT(-79.9 45.1)
2018-08-23,38,POINT(-83.1 34.9)
2018-01-18,1,POINT(-83.3 23.2)
2018-08-30,40,POINT(-70.7 24.4)
2018-04-27,13,POINT(-105.2 21.4)
2018-10-13,1,POINT(-87.8 25.9)
2018-10-09,11,POINT(-77.2 46.8)
2018-05-24,5,POINT(-91.0 39.5)
2018-07-24,20,POINT(-80.5 42.2)
2018-02-08,23,POINT(-99.3 38.6)
2018-06-03,14,POINT(-90.5 31.6)
2018-06-25,1,POINT(-117.2 26.5)
2018-08-29,22,POINT(-70.7 47.8)
2018-05-14,37,POINT(-80.0 35.4)
2018-02-15,26,POINT(-76.6 34.4)
2018-02-19,36,POINT(-85.3 49.9)
2018-06-15,5,POINT(-110.7 31.5)
2018-04-16,44,POINT(-118.4 45.6)
2018-08-04,8,POINT(-76.8 45.9)
2018-05-26,1,POINT(-100.2 27.0)
2018-03-13,38,POINT(-106.8 22.8)
2018-11-26,57,POINT(-91.9 49.3)
2018-09-30,22,POINT(-99.0 32.8)
2018-09-04,6,POINT(-87.4 20.1)
2018-07-05,6,POINT(-95.8 35.0)
2018-03-11,13,POINT(-85.1 38.6)
2018-05-30,46,POINT(-77.3 43.3)
2018-09-03,4,POINT(-110.2 48.3)
2018-09-19,35,POINT(-103.5 47.5)
2018-01-26,7,POINT(-98.2 48.2)
2018-05-20,34,POINT(-71.9 21.0)
2018-04-09,51,POINT(-101.7 41.4)
2018-10-05,12,POINT(-100.9 26.8)
2018-02-20,10,POINT(-87.3 25.6)
2018-05-31,33,POINT(-99.0 44.0)
2018-04-14,16,POINT(-72.4 32.5)
2018-03-30,24,POINT(-75.3 47.5)
2018-05-21,20,POINT(-94.3 21.3)
2018-08-01,4,POINT(-87.8 44.1)
2018-08-21,38,POINT(-117.1 24.1)
2018-07-02,5,POINT(-85.2 25.3)
2018-09-08,54,POINT(-84.6 34.3)
2018-01-09,6,POINT(-102.0 31.9)
2018-03-20,27,POINT(-109.0 34.6)
2018-02-21,7,POINT(-74.2 48.2)
2018-09-26,8,POINT(-98.7 39.7)
2018-08-14,8,POINT(-87.3 28.7)
2018-02-20,28,POINT(-118.3 25.2)
2018-07-05,17,POINT(-99.3 32.6)
2018-02-03,43,POINT(-79.1 33.5)
2018-10-18,8,POINT(-100.6 38.0)
2018-08-18,24,POINT(-89.8 28.0)
2018-05-11,28,POINT(-109.5 43.0)
2018-04-30,4,POINT(-99.2 23.0)
2018-11-22,11,POINT(-73.6 36.8)
2018-09-04,14,POINT(-91.7 38.7)
2018-07-11,9,POINT(-74.9 26.2)
2018-11-19,8,POINT(-74.9 44.8)
2018-07-29,24,POINT(-72.8 38.5)
2018-04-13,5,POINT(-75.2 39.4)
2018-11-25,25,POINT(-119.8 34.9)
2018-05-13,55,POINT(-73.3 47.3)
2018-11-19,17,POINT(-113.1 40.8)
2018-05-19,19,POINT(-118.0 31.5)
2018-05-01,2,POINT(-117.2 27.2)
2018-04-04,40,POINT(-102.6 22.1)
2018-05-09,7,POINT(-89.0 25.0)
2018-04-01,20,POINT(-99.9 49.8)
2018-04-02,78,POINT(-118.7 32.2)
2018-03-04,19,POINT(-96.2 47.0)
2018-01-29,26,POINT(-97.9 25.1)
2018-07-29,12,POINT(-82.2 32.8)
2018-01-12,2,POINT(-106.0 48.8)
2018-11-29,32,POINT(-109.1 22.7)
2018-10-24,1,POINT(-107.2 37.8)
2018-05-10,25,POINT(-104.8 47.6)
2018-10-20,1,POINT(-90.0 48.5)
2018-06-22,40,POINT(-96.4 45.4)
2018-07-27,4,POINT(-103.2 45.7)
2018-01-24,15,POINT(-101.3 39.6)
2018-04-09,19,POINT(-101.5 26.6)
2018-12-22,13,POINT(-71.4 41.9)
2018-05-19,9,POINT(-108.4 49.4)
2018-11-10,13,POINT(-79.1 35.8)
2018-06-23,8,POINT(-84.6 27.8)
2018-01-29,12,POINT(-119.7 37.2)
2018-05-23,9,POINT(-70.3 40.7)
2018-11-12,17,POINT(-82.2 26.2)
2018-12-17,6,POINT(-85.9 41.6)
2018-02-11,90,POINT(-99.7 37.6)
2018-10-26,14,POINT(-92.2 38.4)
2018-07-27,5,POINT(-107.3 29.2)
2018-11-26,13,POINT(-118.2 24.7)
2018-07-11,41,POINT(-78.2 38.7)
2018-06-09,1,POINT(-75.2 37.6)
2018-03-05,23,POINT(-111.9 30.1)
2018-08-31,16,POINT(-80.6 28.9)
2018-09-15,4,POINT(-82.9 30.4)
2018-06-01,35,POINT(-111.1 34.7)
2018-08-03,10,POINT(-98.9 49.2)
2018-11-18,7,POINT(-98.9 42.9)
2018-06-15,36,POINT(-82.0 45.6)
2018-01-31,21,POINT(-78.1 35.2)
2018-08-20,46,POINT(-115.3 35.8)
2018-10-09,20,POINT(-91.9 26.1)
2018-01-29,28,POINT(-81.9 41.6)
2018-07-14,37,POINT(-80.7 32.6)
2018-11-30,2,POINT(-112.6 42.3)
2018-09-13,30,POINT(-93.7 32.3)
2018-10-08,20,POINT(-77.1 23.3)
2018-10-31,2,POINT(-104.1 25.2)
2018-11-17,15,POINT(-98.7 44.3)
2018-11-19,2,POINT(-79.8 27.8)
2018-12-12,27,POINT(-115.5 27.9)
2018-10-21,16,POINT(-77.0 47.9)
2018-03-28,62,POINT(-104.4 39.7)
2018-05-29,5,POINT(-119.9 23.4)
2018-09-06,19,POINT(-108.3 24.3)
2018-11-17,5,POINT(-115.5 28.2)
2018-10-10,20,POINT(-115.4 37.8)
2018-12-28,26,POINT(-85.4 42.6)
2018-07-17,26,POINT(-109.3 28.2)
2018-02-13,34,POINT(-73.3 46.1)
2018-12-22,39,POINT(-94.2 23.3)
2018-01-28,2,POINT(-97.0 26.2)
2018-01-17,9,POINT(-98.3 49.1)
2018-05-07,24,POINT(-85.4 24.0)
2018-06-17,14,POINT(-97.4 46.6)
2018-09-01,5,POINT(-113.6 41.1)
2018-03-17,17,POINT(-76.0 22.2)
2018-08-19,11,POINT(-98.6 34.5)
2018-07-23,10,POINT(-116.3 35.6)
2018-09-05,34,POINT(-93.5 48.0)
2018-10-29,11,POINT(-87.6 32.6)
2018-08-02,1,POINT(-106.2 33.4)
2018-08-03,2,POINT(-80.0 23.4)
2018-06-07,39,POINT(-86.5 39.2)
2018-03-10,65,POINT(-87.5 26.3)
2018-03-26,24,POINT(-99.0 22.3)
2018-09-24,10,POINT(-71.9 49.9)
2018-03-10,56,POINT(-106.3 28.1)
2018-04-09,22,POINT(-91.1 24.2)
2018-12-13,38,POINT(-104.5 41.0)
2018-08-04,30,POINT(-82.8 44.7)
2018-06-10,10,POINT(-117.6 21.9)
2018-04-04,14,POINT(-117.7 23.2)
2018-06-23,5,POINT(-79.5 22.7)
2018-06-14,7,POINT(-98.3 21.4)
2018-04-25,31,POINT(-102.9 39.8)
2018-08-08,45,POINT(-89.6 37.6)
2018-01-31,26,POINT(-84.9 39.9)
2018-01-11,13,POINT(-109.9 35.2)
2018-12-09,2,POINT(-110.7 44.5)
2018-05-10,2,POINT(-72.1 36.4)
2018-04-15,10,POINT(-90.5 47.6)
2018-01-27,13,POINT(-100.5 34.6)
2018-08-15,19,POINT(-79.9 43.7)
2018-01-02,1,POINT(-93.7 32.2)
2018-12-25,92,POINT(-107.9 33.1)
2018-04-11,10,POINT(-109.7 45.5)
2018-01-21,38,POINT(-100.2 23.2)
2018-02-27,16,POINT(-77.0 36.9)
2018-06-29,3,POINT(-116.9 41.8)
2018-12-07,32,POINT(-109.1 42.5)
2018-12-15,25,POINT(-75.3 37.7)
2018-01-20,15,POINT(-113.9 33.4)
2018-09-12,15,POINT(-88.5 27.8)
2018-11-13,2,POINT(-109.3 47.3)
2018-02-07,22,POINT(-89.7 31.1)
2018-05-28,49,POINT(-100.8 44.0)
2018-01-25,2,POINT(-114.9 20.9)
2018-05-01,7,POINT(-90.9 27.0)
2018-01-26,47,POINT(-85.8 30.4)
2018-06-18,7,POINT(-86.0 40.1)
2018-11-19,22,POINT(-88.1 29.6)
2018-08-13,16,POINT(-95.0 21.2)
2018-01-01,19,POINT(-94.0 25.2)
2018-11-03,11,POINT(-88.2 27.8)
2018-09-18,8,POINT(-85.5 25.3)
2018-01-13,1,POINT(-87.3 26.1)
2018-02-17,28,POINT(-90.7 43.1)
2018-11-09,28,POINT(-112.2 32.4)
2018-10-18,23,POINT(-109.5 32.2)
2018-11-28,21,POINT(-107.0 49.0)
2018-04-04,6,POINT(-74.0 33.4)
2018-09-18,1,POINT(-82.0 47.8)
2018-10-05,34,POINT(-92.4 29.0)
2018-12-25,14,POINT(-107.4 32.0)
2018-07-24,8,POINT(-114.5 31.9)
2018-07-04,3,POINT(-75.1 36.4)
2018-06-24,2,POINT(-75.4 37.5)
2018-11-05,9,POINT(-114.5 27.4)
2018-03-10,33,POINT(-80.1 43.8)
2018-04-14,51,POINT(-97.7 34.9)
2018-09-03,46,POINT(-103.8 20.2)
2018-06-10,51,POINT(-83.0 37.7)
2018-07-19,48,POINT(-89.3 43.9)
2018-08-04,15,POINT(-81.0 27.5)
2018-07-31,5,POINT(-116.3 21.1)
2018-01-16,32,POINT(-104.1 44.2)
2018-11-28,5,POINT(-104.0 49.3)
2018-07-24,7,POINT(-103.5 22.3)
2018-12-31,6,POINT(-94.9 48.1)
2018-02-08,15,POINT(-105.8 30.8)
2018-03-30,8,POINT(-97.8 48.2)
2018-09-13,4,POINT(-101.6 39.5)
2018-09-11,13,POINT(-83.2 46.7)
2018-08-04,42,POINT(-89.8 43.6)
2018-10-30,17,POINT(-87.3 20.8)
2018-06-21,43,POINT(-109.5 22.0)
2018-05-17,5,POINT(-103.7 35.8)
2018-06-27,4,POINT(-118.9 23.9)
2018-03-18,18,POINT(-114.6 33.8)
2018-07-07,13,POINT(-106.7 48.6)
2018-01-15,22,POINT(-116.7 28.8)
2018-10-19,32,POINT(-89.9 34.7)
2018-11-15,28,POINT(-70.1 31.5)
2018-11-21,58,POINT(-115.0 38.9)
2018-08-02,11,POINT(-78.9 25.8)
2018-07-27,5,POINT(-114.1 27.8)
2018-06-18,17,POINT(-86.5 45.8)
2018-11-26,3,POINT(-87.8 44.3)
2018-10-07,7,POINT(-74.9 43.7)
2018-11-01,5,POINT(-114.3 43.1)
2018-05-26,11,POINT(-104.2 33.8)
2018-09-20,3,POINT(-115.5 41.9)
2018-01-04,1,POINT(-99.6 31.6)
2018-03-31,22,POINT(-74.4 23.0)
2018-03-01,19,POINT(-80.9 31.8)
2018-11-07,25,POINT(-83.9 24.8)
2018-01-16,22,POINT(-93.3 31.7)
2018-08-15,3,POINT(-75.8 28.9)
2018-01-29,7,POINT(-97.5 38.0)
2018-05-31,3,POINT(-112.5 30.8)
2018-09-02,38,POINT(-78.1 41.2)
2018-09-27,28,POINT(-106.0 35.4)
2018-03-20,5,POINT(-117.3 47.6)
2018-10-16,9,POINT(-113.7 22.7)
2018-06-02,68,POINT(-89.5 40.6)
2018-10-04,19,POINT(-89.6 40.2)
2018-10-06,33,POINT(-107.0 48.5)
2018-02-26,7,POINT(-83.6 31.1)
2018-07-05,5,POINT(-81.3 29.2)
2018-04-03,31,POINT(-74.0 25.2)
2018-10-03,24,POINT(-90.8 28.0)
2018-06-07,23,POINT(-81.0 35.1)
2018-10-02,17,POINT(-82.3 45.1)
2018-06-30,17,POINT(-107.1 28.5)
2018-12-25,27,POINT(-104.5 24.7)
2018-03-18,7,POINT(-96.1 28.2)
2018-05-31,9,POINT(-119.0 23.0)
2018-08-26,42,POINT(-105.1 47.8)
2018-10-16,8,POINT(-96.3 46.2)
2018-08-19,16,POINT(-114.6 29.3)
2018-01-18,25,POINT(-113.7 27.4)
2018-03-14,190,POINT(-96.8 47.2)
2018-07-08,12,POINT(-83.5 20.1)
2018-01-17,12,POINT(-78.3 38.0)
2018-01-19,37,POINT(-92.7 47.5)
2018-08-07,33,POINT(-96.3 35.3)
2018-11-22,27,POINT(-100.8 20.1)
2018-04-30,13,POINT(-110.4 26.6)
2018-04-11,8,POINT(-112.7 47.7)
2018-02-03,19,POINT(-80.4 20.5)
2018-03-25,42,POINT(-96.7 31.8)
2018-07-15,44,POINT(-80.5 43.7)
2018-11-26,3,POINT(-84.8 45.1)
2018-07-21,12,POINT(-110.3 34.3)
2018-12-10,13,POINT(-94.5 27.0)
2018-12-07,76,POINT(-97.8 38.0)
2018-01-11,23,POINT(-98.8 27.9)
2018-12-13,11,POINT(-92.9 27.7)
2018-08-06,1,POINT(-70.9 44.2)
2018-09-10,17,POINT(-79.4 24.6)
2018-08-10,3,POINT(-74.8 20.2)
2018-03-21,36,POINT(-118.5 30.1)
2018-01-07,28,POINT(-113.0 34.7)
2018-09-29,13,POINT(-115.8 41.2)
2018-08-15,12,POINT(-106.8 43.4)
2018-01-16,46,POINT(-97.9 39.9)
2018-01-12,7,POINT(-87.9 38.8)
2018-10-18,6,POINT(-95.0 40.0)
2018-08-29,57,POINT(-74.8 28.1)
2018-01-21,34,POINT(-73.0 31.5)
2018-06-27,35,POINT(-111.8 38.5)
2018-08-16,5,POINT(-77.4 22.0)
2018-09-30,4,POINT(-95.9 28.9)
2018-10-15,1,POINT(-97.3 32.2)
2018-10-24,6,POINT(-80.8 36.0)
2018-05-14,30,POINT(-115.3 34.6)
2018-10-10,6,POINT(-75.9 41.5)
2018-06-02,27,POINT(-86.5 34.2)
2018-03-07,6,POINT(-76.2 47.1)
2018-05-17,11,POINT(-70.3 31.4)
2018-04-02,82,POINT(-94.1 35.8)
2018-11-13,6,POINT(-115.3 20.1)
2018-09-16,10,POINT(-111.7 29.3)
2018-04-13,8,POINT(-103.8 46.0)
2018-02-24,3,POINT(-114.8 30.0)
2018-09-14,14,POINT(-79.2 27.6)
2018-04-11,10,POINT(-105.2 36.3)
2018-07-17,24,POINT(-71.2 22.4)
2018-10-28,35,POINT(-84.9 35.9)
2018-08-14,16,POINT(-111.3 29.1)
2018-08-25,1,POINT(-96.2 31.5)
2018-01-26,20,POINT(-96.7 43.7)
2018-05-01,2,POINT(-95.4 39.9)
2018-07-01,20,POINT(-93.2 33.4)
2018-07-18,24,POINT(-118.4 37.3)
2018-10-29,5,POINT(-85.7 43.0)
2018-09-12,35,POINT(-95.6 42.4)
2018-05-02,49,POINT(-80.5 25.6)
2018-01-31,34,POINT(-79.2 29.0)
2018-11-11,8,POINT(-108.5 30.4)
2018-10-12,18,POINT(-117.6 25.6)
2018-04-16,50,POINT(-84.8 20.4)
2018-08-12,8,POINT(-71.1 25.2)
2018-09-30,35,POINT(-97.7 44.2)
2018-08-20,1,POINT(-107.0 36.4)
2018-09-13,1,POINT(-112.2 30.2)
2018-01-24,29,POINT(-105.6 38.3)
2018-04-19,29,POINT(-103.6 42.2)
2018-07-10,32,POINT(-98.8 30.6)
2018-12-13,54,POINT(-87.2 34.0)
2018-01-25,3,POINT(-106.3 21.9)
2018-07-06,6,POINT(-117.5 37.9)
2018-10-15,47,POINT(-101.3 30.7)
2018-04-26,4,POINT(-77.2 33.0)
2018-12-04,23,POINT(-95.1 32.7)
2018-02-06,16,POINT(-71.8 39.0)
2018-10-09,2,POINT(-94.8 37.2)
2018-05-17,7,POINT(-106.2 32.7)
2018-08-15,15,POINT(-110.3 20.5)
2018-11-16,39,POINT(-85.3 38.6)
2018-11-24,25,POINT(-93.2 46.4)
2018-07-01,20,POINT(-89.8 43.1)
2018-12-28,14,POINT(-82.2 49.4)
2018-03-27,8,POINT(-83.7 24.2)
2018-02-22,3,POINT(-117.8 26.7)
2018-12-14,11,POINT(-79.9 36.2)
2018-12-21,1,POINT(-93.4 27.1)
2018-08-23,5,POINT(-100.4 21.0)
2018-09-24,12,POINT(-93.1 32.1)
2018-10-14,11,POINT(-89.4 28.6)
2018-04-10,1,POINT(-112.5 27.9)
2018-03-28,18,POINT(-99.1 48.6)
2018-01-15,16,POINT(-103.2 27.2)
2018-04-11,2,POINT(-102.5 23.9)
2018-06-14,58,POINT(-115.4 23.8)
2018-01-29,3,POINT(-112.0 44.2)
2018-04-24,39,POINT(-111.9 41.4)
2018-04-17,1,POINT(-101.3 23.9)
2018-12-30,43,POINT(-75.3 26.6)
2018-05-10,1,POINT(-109.7 42.4)
2018-03-25,29,POINT(-99.2 28.2)
2018-09-28,9,POINT(-104.4 49.4)
2018-09-01,27,POINT(-80.6 36.2)
2018-08-02,11,POINT(-117.5 25.8)
2018-11-02,2,POINT(-110.2 45.8)
2018-06-15,30,POINT(-109.5 29.6)
2018-10-06,2,POINT(-70.4 28.7)
2018-02-28,52,POINT(-91.5 29.8)
2018-03-31,2,POINT(-113.1 43.0)
2018-11-27,14,POINT(-106.4 25.2)
2018-07-13,26,POINT(-111.6 31.5)
2018-05-03,10,POINT(-113.8 20.9)
2018-05-16,5,POINT(-80.1 44.8)
2018-05-19,29,POINT(-95.2 30.2)
2018-08-17,31,POINT(-88.4 27.4)
2018-10-01,52,POINT(-103.4 37.4)
2018-02-19,10,POINT(-92.3 41.1)
2018-04-28,15,POINT(-107.1 44.4)
2018-07-21,10,POINT(-104.6 30.4)
2018-07-10,6,POINT(-87.4 44.4)
2018-12-30,28,POINT(-112.5 33.9)
2018-11-19,9,POINT(-89.1 23.0)
2018-06-30,12,POINT(-77.4 45.4)
2018-03-19,11,POINT(-114.0 36.4)
2018-03-16,25,POINT(-75.1 38.1)
2018-10-22,50,POINT(-116.0 48.1)
2018-10-08,22,POINT(-102.6 36.8)
2018-01-21,13,POINT(-89.5 20.2)
2018-06-20,31,POINT(-92.0 46.1)
2018-01-15,21,POINT(-115.2 28.5)
2018-07-30,2,POINT(-80.1 35.1)
2018-02-17,3,POINT(-71.3 26.1)
2018-03-27,1,POINT(-110.9 28.9)
2018-05-29,13,POINT(-75.2 40.6)
2018-07-07,35,POINT(-92.2 32.9)
2018-11-02,8,POINT(-73.2 38.8)
2018-05-31,10,POINT(-111.2 44.7)
2018-05-21,49,POINT(-80.4 30.2)
2018-03-10,37,POINT(-117.0 37.1)
2018-09-17,22,POINT(-75.8 43.3)
2018-11-30,7,POINT(-86.3 41.5)
2018-01-09,3,POINT(-101.5 36.2)
2018-05-01,1,POINT(-110.5 31.5)
2018-04-11,3,POINT(-79.2 32.2)
2018-05-29,7,POINT(-89.8 33.0)
2018-05-26,17,POINT(-102.0 30.5)
2018-12-19,2,POINT(-97.8 41.0)
2018-08-31,3,POINT(-78.7 23.8)
2018-08-29,4,POINT(-103.1 49.0)
2018-12-03,20,POINT(-115.5 43.4)
2018-02-12,20,POINT(-74.4 28.9)
2018-04-05,17,POINT(-100.6 21.3)
2018-08-14,6,POINT(-102.6 41.3)
2018-01-06,10,POINT(-109.8 42.0)
2018-08-02,3,POINT(-75.1 48.9)
2018-07-25,6,POINT(-109.1 27.6)
2018-03-08,46,POINT(-88.2 22.5)
2018-04-10,78,POINT(-76.0 47.5)
2018-01-12,21,POINT(-118.3 27.8)
2018-08-25,50,POINT(-78.6 41.6)
2018-11-18,21,POINT(-99.5 21.8)
2018-09-15,1,POINT(-87.1 42.8)
2018-12-03,115,POINT(-101.4 23.8)
2018-05-15,3,POINT(-85.2 40.9)
2018-08-10,23,POINT(-107.3 36.0)
2018-06-05,6,POINT(-118.9 48.7)
2018-05-22,10,POINT(-72.6 21.1)
2018-06-07,21,POINT(-119.2 28.8)
2018-11-22,12,POINT(-78.8 22.1)
2018-12-10,6,POINT(-111.5 46.4)
2018-09-19,9,POINT(-100.4 37.8)
2018-10-10,9,POINT(-78.9 36.0)
2018-12-04,65,POINT(-109.7 23.9)
2018-12-10,33,POINT(-76.7 34.7)
2018-08-17,13,POINT(-95.1 32.0)
2018-10-07,5,POINT(-101.7 29.5)
2018-12-24,34,POINT(-86.9 43.2)
2018-10-17,4,POINT(-102.9 21.8)
2018-06-17,5,POINT(-102.6 39.4)
2018-02-16,10,POINT(-83.3 44.7)
2018-07-22,43,POINT(-104.5 47.2)
2018-08-02,3,POINT(-110.0 42.4)
2018-09-03,3,POINT(-79.6 28.5)
2018-01-24,14,POINT(-79.7 38.0)
2018-11-17,7,POINT(-95.1 24.2)
2018-10-01,17,POINT(-93.7 23.5)
2018-02-13,13,POINT(-85.2 39.2)
2018-11-28,12,POINT(-94.5 45.5)
2018-11-09,3,POINT(-99.1 22.0)
2018-12-29,4,POINT(-70.3 23.2)
2018-06-05,35,POINT(-112.6 37.0)
2018-07-18,44,POINT(-90.4 26.5)
2018-06-11,6,POINT(-75.7 38.4)
2018-08-22,3,POINT(-85.6 26.4)
2018-06-12,2,POINT(-76.0 23.5)
2018-04-26,19,POINT(-103.2 36.4)
2018-04-03,26,POINT(-106.4 45.9)
2018-02-11,10,POINT(-77.4 40.6)
2018-10-11,23,POINT(-100.3 44.6)
2018-07-29,25,POINT(-84.5 28.0)
2018-07-25,55,POINT(-112.6 46.6)
2018-08-08,2,POINT(-82.2 31.3)
2018-10-07,5,POINT(-92.6 45.6)
2018-05-16,2,POINT(-106.6 34.1)
2018-04-16,41,POINT(-95.3 28.0)
2018-04-28,32,POINT(-85.2 27.8)
2018-08-25,18,POINT(-119.4 37.0)
2018-11-05,2,POINT(-88.1 22.4)
2018-04-10,7,POINT(-92.9 47.9)
2018-09-18,8,POINT(-109.0 28.1)
2018-11-01,17,POINT(-82.4 30.1)
2018-12-20,6,POINT(-104.8 27.0)
2018-10-13,2,POINT(-106.2 20.1)
2018-11-24,27,POINT(-96.4 40.8)
2018-04-13,8,POINT(-86.2 37.7)
2018-03-04,13,POINT(-73.6 44.3)
2018-06-24,3,POINT(-112.9 21.2)
2018-10-09,33,POINT(-100.2 47.9)
2018-10-20,17,POINT(-116.7 29.9)
2018-08-14,47,POINT(-82.1 47.4)
2018-01-07,14,POINT(-97.6 23.2)
2018-05-07,57,POINT(-84.7 42.3)
2018-04-02,45,POINT(-103.9 37.4)
2018-07-09,18,POINT(-77.8 30.7)
2018-12-25,55,POINT(-93.3 22.4)
2018-02-22,8,POINT(-72.8 38.1)
2018-08-30,10,POINT(-116.1 20.8)
2018-05-12,1,POINT(-94.3 35.0)
2018-12-30,18,POINT(-81.7 38.1)
2018-04-22,26,POINT(-90.0 42.0)
2018-01-07,30,POINT(-118.8 49.7)
2018-08-18,4,POINT(-71.4 27.8)
2018-06-05,12,POINT(-105.1 29.7)
2018-07-16,4,POINT(-107.5 30.2)
2018-11-19,22,POINT(-95.7 41.9)
2018-12-30,4,POINT(-92.9 48.0)
2018-08-11,47,POINT(-81.7 49.2)
2018-09-07,6,POINT(-100.3 48.4)
2018-03-24,7,POINT(-98.0 46.4)
2018-08-28,39,POINT(-93.3 49.7)
2018-12-26,13,POINT(-100.3 31.3)
2018-11-19,1,POINT(-74.3 48.4)
2018-09-20,14,POINT(-77.4 42.8)
2018-07-08,2,POINT(-97.3 25.1)
2018-10-17,85,POINT(-120.0 21.4)
2018-12-28,18,POINT(-75.0 26.4)
2018-02-27,6,POINT(-113.8 43.4)
2018-01-09,17,POINT(-107.8 39.0)
2018-10-31,2,POINT(-112.4 26.7)
2018-04-25,33,POINT(-111.0 42.3)
2018-07-29,52,POINT(-79.9 24.2)
2018-02-10,42,POINT(-91.0 44.7)
2018-10-31,9,POINT(-72.2 43.8)
2018-06-22,8,POINT(-108.4 49.2)
2018-08-22,1,POINT(-95.7 24.5)
2018-10-08,22,POINT(-71.1 47.2)
2018-03-19,16,POINT(-78.7 30.2)
2018-04-18,13,POINT(-83.6 32.5)
2018-10-08,48,POINT(-110.6 34.1)
2018-02-08,4,POINT(-81.5 38.8)
2018-04-29,1,POINT(-102.6 49.8)
2018-12-01,2,POINT(-93.5 38.0)
2018-12-02,6,POINT(-89.5 47.8)
2018-01-27,1,POINT(-89.5 27.7)
2018-04-14,14,POINT(-83.7 32.0)
2018-03-15,8,POINT(-86.9 35.1)
2018-07-10,4,POINT(-116.6 29.7)
2018-11-20,28,POINT(-97.1 49.3)
2018-05-27,5,POINT(-86.8 41.8)
2018-09-12,24,POINT(-105.2 34.4)
2018-10-11,9,POINT(-104.3 42.5)
2018-08-01,15,POINT(-113.8 34.0)
2018-05-03,55,POINT(-99.1 20.5)
2018-07-25,1,POINT(-70.7 36.3)
2018-08-28,14,POINT(-105.7 38.8)
2018-12-05,39,POINT(-93.4 49.4)
2018-10-13,18,POINT(-82.8 21.2)
2018-01-22,7,POINT(-119.3 35.4)
2018-09-16,11,POINT(-75.0 22.9)
2018-12-23,23,POINT(-100.7 24.5)
2018-04-15,45,POINT(-76.5 38.3)
2018-09-15,1,POINT(-118.1 26.9)
2018-07-23,2,POINT(-112.7 42.5)
2018-11-06,8,POINT(-103.9 35.4)
2018-09-19,6,POINT(-102.7 26.5)
2018-04-17,7,POINT(-77.6 34.8)
2018-09-08,6,POINT(-119.4 20.0)
2018-08-09,5,POINT(-87.9 45.9)
2018-08-10,3,POINT(-113.4 20.4)
2018-09-15,55,POINT(-78.8 20.2)
2018-07-20,4,POINT(-81.1 38.3)
2018-09-15,5,POINT(-95.0 49.2)
2018-12-15,6,POINT(-109.4 45.7)
2018-08-13,55,POINT(-88.3 27.6)
2018-07-21,29,POINT(-112.2 25.9)
2018-08-14,32,POINT(-110.5 38.8)
2018-08-24,3,POINT(-88.7 44.7)
2018-07-02,37,POINT(-70.4 30.9)
2018-07-19,11,POINT(-75.4 33.0)
2018-12-23,7,POINT(-90.3 23.5)
2018-09-03,18,POINT(-93.1 24.6)
2018-12-19,35,POINT(-70.1 37.1)
2018-04-21,31,POINT(-92.6 23.1)
2018-01-06,45,POINT(-99.0 26.1)
2018-08-24,53,POINT(-74.5 27.0)
2018-05-07,6,POINT(-108.3 33.3)
2018-04-14,12,POINT(-115.1 21.4)
2018-08-25,1,POINT(-88.3 35.0)
2018-06-04,43,POINT(-115.2 47.9)
2018-09-14,4,POINT(-101.3 20.7)
2018-08-23,40,POINT(-98.8 38.9)
2018-10-16,8,POINT(-92.6 45.1)
2018-02-09,10,POINT(-70.4 29.4)
2018-10-15,1,POINT(-109.0 23.9)
2018-07-16,8,POINT(-101.2 21.3)
2018-09-30,44,POINT(-113.4 39.3)
2018-09-21,1,POINT(-89.6 36.6)
2018-02-26,11,POINT(-83.6 26.9)
2018-10-25,1,POINT(-95.9 44.9)
2018-04-08,10,POINT(-107.7 42.1)
2018-05-17,4,POINT(-89.0 28.3)
2018-03-28,6,POINT(-93.0 42.6)
2018-08-30,43,POINT(-111.4 27.3)
2018-07-18,12,POINT(-99.7 40.3)
2018-11-06,7,POINT(-98.2 23.6)
2018-03-25,18,POINT(-70.9 40.8)
2018-08-30,4,POINT(-77.5 27.2)
2018-10-08,7,POINT(-83.3 37.2)
2018-11-19,16,POINT(-75.6 25.2)
2018-09-09,6,POINT(-83.2 41.8)
2018-07-09,23,POINT(-74.8 21.8)
2018-06-01,14,POINT(-117.3 25.0)
2018-10-29,30,POINT(-97.2 25.5)
2018-10-05,60,POINT(-82.7 21.2)
2018-05-19,3,POINT(-90.8 42.4)
2018-06-25,9,POINT(-111.2 49.4)
2018-01-08,8,POINT(-103.0 43.4)
2018-10-22,4,POINT(-104.1 45.8)
2018-08-23,34,POINT(-106.9 20.2)
2018-06-12,29,POINT(-102.8 23.5)
2018-02-18,14,POINT(-94.3 36.8)
2018-10-29,16,POINT(-77.3 49.3)
2018-02-07,2,POINT(-82.9 39.8)
2018-05-16,17,POINT(-78.2 31.2)
2018-11-06,32,POINT(-75.8 24.4)
2018-08-07,18,POINT(-99.2 24.6)
2018-12-14,7,POINT(-102.7 30.9)
2018-10-23,23,POINT(-117.1 41.4)
2018-02-03,9,POINT(-73.5 21.0)
2018-12-18,16,POINT(-116.7 45.6)
2018-03-20,14,POINT(-82.9 48.2)
2018-08-24,10,POINT(-101.1 46.7)
2018-09-30,26,POINT(-72.6 47.4)
2018-06-10,44,POINT(-99.0 20.5)
2018-06-24,1,POINT(-79.2 49.3)
2018-11-04,55,POINT(-105.9 31.0)
2018-08-09,15,POINT(-105.0 46.1)
2018-01-09,25,POINT(-90.2 25.6)
2018-10-16,39,POINT(-70.1 33.4)
2018-04-23,13,POINT(-94.1 21.3)
2018-07-24,37,POINT(-73.2 21.2)
2018-07-05,4,POINT(-80.7 48.3)
2018-12-07,4,POINT(-80.2 44.3)
2018-07-16,22,POINT(-98.2 35.9)
2018-09-23,41,POINT(-100.7 35.8)
2018-09-19,45,POINT(-110.4 42.5)
2018-09-05,21,POINT(-71.8 30.3)
2018-04-25,15,POINT(-72.0 42.9)
2018-05-01,9,POINT(-82.6 34.6)
2018-05-21,79,POINT(-105.2 39.1)
2018-03-06,8,POINT(-107.7 48.9)
2018-10-03,28,POINT(-70.6 34.1)
2018-11-09,16,POINT(-116.7 32.6)
2018-08-27,19,POINT(-77.8 47.2)
2018-10-29,11,POINT(-102.2 47.1)
2018-01-10,67,POINT(-99.1 49.8)
2018-08-21,17,POINT(-78.4 36.5)
2018-07-14,56,POINT(-115.5 30.3)
2018-01-12,1,POINT(-102.3 27.2)
2018-06-26,18,POINT(-72.4 21.0)
2018-06-26,26,POINT(-85.0 41.8)
2018-08-05,28,POINT(-82.3 27.0)
2018-01-11,48,POINT(-82.1 38.2)
2018-04-28,1,POINT(-117.0 47.5)
2018-06-13,1,POINT(-109.8 48.5)
2018-02-08,13,POINT(-95.4 20.1)
2018-02-22,1,POINT(-101.6 29.5)
2018-08-06,74,POINT(-99.5 45.1)
2018-07-25,6,POINT(-80.9 36.1)
2018-11-08,13,POINT(-119.3 44.2)
2018-12-26,2,POINT(-87.0 45.6)
2018-02-25,15,POINT(-120.0 33.3)
2018-04-28,10,POINT(-116.8 30.8)
2018-09-10,1,POINT(-99.6 33.7)
2018-10-13,9,POINT(-78.0 39.6)
2018-09-25,10,POINT(-112.8 31.0)
2018-10-18,92,POINT(-92.3 43.2)
2018-11-29,5,POINT(-86.1 47.1)
2018-06-29,16,POINT(-108.5 28.5)
2018-12-24,88,POINT(-94.4 48.9)
2018-08-23,32,POINT(-74.4 38.7)
2018-12-09,101,POINT(-94.4 46.3)
2018-07-15,70,POINT(-112.1 23.1)
2018-11-04,14,POINT(-88.6 27.5)
2018-03-21,24,POINT(-90.4 29.6)
2018-05-15,3,POINT(-118.7 29.1)
2018-01-22,12,POINT(-115.5 25.2)
2018-11-27,34,POINT(-112.2 46.0)
2018-08-13,15,POINT(-113.2 32.6)
2018-02-27,25,POINT(-107.0 48.9)
2018-04-03,28,POINT(-97.3 37.5)
2018-07-11,6,POINT(-101.4 24.2)
2018-04-13,42,POINT(-75.5 36.4)
2018-01-07,13,POINT(-89.4 49.8)
2018-05-08,5,POINT(-76.2 37.0)
2018-02-24,41,POINT(-93.6 20.1)
2018-08-19,11,POINT(-115.5 48.0)
2018-12-28,28,POINT(-96.8 27.0)
2018-03-03,16,POINT(-78.9 40.7)
2018-08-28,10,POINT(-110.3 35.5)
2018-03-31,34,POINT(-115.4 29.8)
2018-08-20,18,POINT(-103.5 28.5)
2018-08-21,10,POINT(-100.6 47.9)
2018-12-20,3,POINT(-104.7 47.4)
2018-11-29,46,POINT(-113.2 35.4)
2018-10-19,1,POINT(-107.5 27.8)
2018-12-11,40,POINT(-85.9 23.1)
2018-06-01,9,POINT(-100.7 24.7)
2018-05-25,21,POINT(-88.4 35.7)
2018-05-10,52,POINT(-93.2 29.2)
2018-05-21,4,POINT(-92.5 21.3)
2018-04-03,17,POINT(-107.6 33.7)
2018-04-24,29,POINT(-93.9 42.4)
2018-10-11,29,POINT(-118.8 46.8)
2018-05-23,15,POINT(-98.4 37.6)
2018-08-11,20,POINT(-91.4 41.7)
2018-08-20,29,POINT(-110.9 30.9)
2018-02-02,37,POINT(-107.2 34.9)
2018-10-03,29,POINT(-109.0 41.9)
2018-06-19,9,POINT(-116.5 41.8)
2018-05-20,115,POINT(-102.6 32.7)
2018-12-23,12,POINT(-71.1 36.3)
2018-07-20,1,POINT(-102.3 47.7)
2018-01-23,10,POINT(-97.0 39.0)
2018-08-12,3,POINT(-87.3 39.3)
2018-09-27,3,POINT(-87.6 43.5)
2018-12-13,7,POINT(-72.5 23.5)
2018-06-02,2,POINT(-77.1 35.7)
2018-11-29,24,POINT(-80.3 48.8)
2018-03-26,2,POINT(-72.4 30.8)
2018-04-19,5,POINT(-108.5 28.8)
2018-01-31,2,POINT(-89.1 38.0)
2018-08-17,2,POINT(-75.6 26.6)
2018-08-28,7,POINT(-88.8 36.7)
2018-12-29,17,POINT(-71.1 24.7)
2018-11-06,67,POINT(-115.0 37.4)
2018-05-21,42,POINT(-98.0 38.1)
2018-06-05,42,POINT(-71.1 32.6)
2018-10-26,4,POINT(-101.0 31.5)
2018-12-11,7,POINT(-83.0 27.4)
2018-04-09,2,POINT(-118.5 29.9)
2018-02-16,31,POINT(-85.3 35.0)
2018-11-23,2,POINT(-73.3 27.4)
2018-03-08,17,POINT(-100.9 43.5)
2018-03-03,6,POINT(-118.9 41.3)
2018-04-19,6,POINT(-118.6 28.1)
2018-06-16,94,POINT(-75.4 22.9)
2018-02-06,29,POINT(-83.9 20.0)
2018-04-29,37,POINT(-114.7 37.9)
2018-03-27,17,POINT(-117.3 26.3)
2018-02-21,41,POINT(-79.8 20.4)
2018-04-01,21,POINT(-79.5 30.8)
2018-10-16,59,POINT(-114.0 48.9)
2018-12-03,7,POINT(-104.9 40.7)
2018-10-25,19,POINT(-81.0 45.7)
2018-07-23,24,POINT(-93.7 24.3)
2018-08-26,10,POINT(-72.2 22.2)
2018-06-04,43,POINT(-95.9 20.3)
2018-08-28,79,POINT(-86.2 48.7)
2018-05-16,14,POINT(-94.5 29.0)
2018-12-28,10,POINT(-72.9 33.8)
2018-03-05,13,POINT(-100.1 31.8)
2018-05-03,39,POINT(-108.5 41.9)
2018-09-11,21,POINT(-103.7 29.3)
2018-04-24,1,POINT(-77.4 36.1)
2018-01-20,16,POINT(-95.1 49.9)
2018-01-16,1,POINT(-102.3 33.3)
2018-05-25,31,POINT(-92.8 36.5)
2018-07-27,8,POINT(-113.3 35.1)
2018-01-19,13,POINT(-119.7 44.1)
2018-06-15,33,POINT(-106.0 28.0)
2018-02-07,1,POINT(-89.7 25.1)
2018-06-30,4,POINT(-84.4 42.6)
2018-12-15,11,POINT(-78.7 32.5)
2018-04-15,6,POINT(-73.7 47.4)
2018-04-10,9,POINT(-99.4 39.3)
2018-03-31,127,POINT(-83.0 36.9)
2018-10-27,35,POINT(-116.3 22.1)
2018-11-28,44,POINT(-117.1 41.9)
2018-03-20,56,POINT(-113.8 40.6)
2018-03-14,9,POINT(-97.6 39.2)
2018-06-25,8,POINT(-109.4 28.0)
2018-04-06,6,POINT(-105.7 48.4)
2018-12-11,36,POINT(-87.6 29.6)
2018-04-13,23,POINT(-102.1 24.6)
2018-08-12,6,POINT(-92.1 49.6)
2018-01-06,10,POINT(-99.4 42.4)
2018-05-02,15,POINT(-111.6 32.4)
2018-08-24,16,POINT(-116.3 48.1)
2018-04-26,44,POINT(-108.2 22.7)
2018-06-12,10,POINT(-117.1 22.6)
2018-08-14,48,POINT(-89.1 40.5)
2018-08-18,12,POINT(-80.2 25.3)
2018-07-01,28,POINT(-103.0 47.5)
2018-09-06,54,POINT(-100.6 45.2)
2018-11-14,48,POINT(-79.2 29.2)
2018-07-29,2,POINT(-108.9 46.7)
2018-05-24,5,POINT(-114.0 21.3)
2018-12-11,13,POINT(-94.9 36.5)
2018-04-06,12,POINT(-87.7 48.1)
2018-12-12,21,POINT(-90.0 45.7)
2018-09-01,58,POINT(-84.3 30.7)
2018-03-27,3,POINT(-117.2 25.5)
2018-07-03,13,POINT(-98.6 26.3)
2018-05-01,5,POINT(-108.1 35.4)
2018-11-28,45,POINT(-82.0 37.9)
2018-04-02,67,POINT(-76.4 21.0)
2018-03-11,14,POINT(-105.9 32.4)
2018-05-13,3,POINT(-115.2 44.9)
2018-10-06,31,POINT(-107.3 33.3)
2018-05-17,24,POINT(-114.8 25.1)
2018-11-10,9,POINT(-103.9 48.6)
2018-07-06,44,POINT(-93.1 28.0)
2018-08-09,75,POINT(-71.3 44.0)
2018-02-15,17,POINT(-100.0 25.8)
2018-10-05,17,POINT(-109.0 32.7)
2018-07-11,8,POINT(-111.7 34.7)
2018-01-08,18,POINT(-111.3 35.0)
2018-10-03,12,POINT(-110.4 35.5)
2018-06-28,8,POINT(-81.9 26.7)
2018-11-30,2,POINT(-116.9 35.5)
2018-02-08,6,POINT(-70.1 34.5)
2018-10-20,5,POINT(-93.9 26.3)
2018-06-27,16,POINT(-92.8 49.6)
2018-06-11,19,POINT(-102.1 46.0)
2018-11-27,19,POINT(-85.5 46.6)
2018-04-14,10,POINT(-96.4 40.6)
2018-06-10,11,POINT(-103.5 24.8)
2018-10-14,36,POINT(-106.7 37.0)
2018-05-03,13,POINT(-73.7 44.6)
2018-02-23,89,POINT(-105.5 21.2)
2018-02-03,12,POINT(-98.2 34.9)
2018-08-30,21,POINT(-102.5 31.9)
2018-04-23,2,POINT(-115.7 26.4)
2018-11-14,22,POINT(-110.7 31.3)
2018-01-23,39,POINT(-110.5 49.5)
2018-02-15,58,POINT(-85.3 41.7)
2018-11-08,119,POINT(-99.7 29.0)
2018-05-15,7,POINT(-80.9 38.2)
2018-04-28,18,POINT(-84.6 27.4)
2018-07-08,12,POINT(-110.4 38.3)
2018-05-11,17,POINT(-91.9 46.9)
2018-07-31,4,POINT(-82.9 36.7)
2018-04-23,39,POINT(-88.3 42.0)
2018-02-13,49,POINT(-90.0 33.6)
2018-05-08,12,POINT(-83.0 35.7)
2018-12-30,7,POINT(-117.2 40.9)
2018-06-07,4,POINT(-83.4 44.4)
2018-09-30,24,POINT(-106.4 39.8)
2018-11-11,8,POINT(-91.4 49.3)
2018-12-21,49,POINT(-107.9 44.6)
2018-12-06,23,POINT(-78.1 43.3)
2018-02-14,21,POINT(-96.0 45.4)
2018-04-18,17,POINT(-87.9 28.4)
2018-08-07,1,POINT(-80.3 33.0)
2018-11-14,54,POINT(-75.2 36.9)
2018-11-11,20,POINT(-83.4 33.9)
2018-06-26,103,POINT(-112.6 45.4)
2018-08-16,16,POINT(-77.3 20.8)
2018-07-10,25,POINT(-89.1 26.3)
2018-06-09,2,POINT(-89.5 46.5)
2018-09-24,20,POINT(-73.9 21.8)
2018-12-24,29,POINT(-107.6 26.8)
2018-11-22,31,POINT(-108.0 30.5)
2018-07-09,30,POINT(-94.3 42.5)
2018-06-24,6,POINT(-82.5 36.8)
2018-10-17,75,POINT(-97.6 48.6)
2018-12-23,107,POINT(-88.3 26.8)
2018-05-25,2,POINT(-97.4 46.2)
2018-08-20,56,POINT(-89.5 28.5)
2018-12-26,7,POINT(-78.9 27.4)
2018-07-23,24,POINT(-111.0 35.0)
2018-08-01,9,POINT(-85.2 22.1)
2018-02-09,69,POINT(-80.6 31.5)
2018-10-02,3,POINT(-97.6 30.7)
2018-11-19,14,POINT(-103.8 24.8)
2018-03-23,12,POINT(-119.3 45.8)
2018-06-30,8,POINT(-80.1 31.6)
2018-11-16,21,POINT(-103.6 49.5)
2018-03-24,3,POINT(-102.1 47.0)
2018-10-30,26,POINT(-103.2 25.8)
2018-09-19,79,POINT(-95.1 35.2)
2018-09-29,33,POINT(-84.9 38.1)
2018-07-19,40,POINT(-81.4 44.6)
2018-08-28,9,POINT(-100.4 46.6)
2018-06-29,8,POINT(-86.8 38.7)
2018-06-20,15,POINT(-84.0 21.1)
2018-10-22,1,POINT(-105.2 34.4)
2018-06-26,59,POINT(-115.2 46.5)
2018-08-25,4,POINT(-75.3 41.4)
2018-05-18,47,POINT(-86.1 46.1)
2018-11-23,2,POINT(-87.6 40.2)
2018-11-07,35,POINT(-117.1 21.3)
2018-05-09,4,POINT(-79.1 49.0)
2018-02-18,1,POINT(-91.7 47.5)
2018-06-13,26,POINT(-77.6 23.8)
2018-10-04,7,POINT(-71.3 23.4)
2018-10-20,26,POINT(-72.1 36.2)
2018-04-26,17,POINT(-77.2 42.7)
2018-01-24,3,POINT(-119.5 31.5)
2018-11-07,54,POINT(-75.7 24.1)
2018-01-25,13,POINT(-116.2 35.3)
2018-05-07,27,POINT(-77.4 30.1)
2018-08-22,14,POINT(-106.0 30.6)
2018-07-28,19,POINT(-89.5 39.3)
2018-04-03,8,POINT(-118.1 46.6)
2018-04-04,5,POINT(-81.4 36.8)
2018-11-23,16,POINT(-114.4 40.6)
2018-08-13,12,POINT(-99.5 39.8)
2018-10-07,10,POINT(-79.1 36.5)
2018-01-11,23,POINT(-85.2 29.3)
2018-11-25,24,POINT(-119.7 31.3)
2018-01-12,1,POINT(-99.8 29.5)
2018-02-04,9,POINT(-117.9 47.5)
2018-08-16,11,POINT(-86.3 44.8)
2018-08-08,3,POINT(-71.6 37.4)
2018-05-21,6,POINT(-87.2 47.4)
2018-01-23,2,POINT(-108.8 46.6)
2018-03-24,112,POINT(-102.2 47.8)
2018-08-17,27,POINT(-71.2 26.7)
2018-12-10,2,POINT(-108.8 41.5)
2018-03-21,1,POINT(-91.9 38.3)
2018-12-19,26,POINT(-100.0 42.0)
2018-10-17,12,POINT(-81.6 27.9)
2018-11-27,31,POINT(-76.6 40.8)
2018-06-08,52,POINT(-103.0 32.3)
2018-05-08,19,POINT(-87.0 45.0)
2018-07-09,5,POINT(-92.5 43.9)
2018-01-31,31,POINT(-106.1 26.3)
2018-12-25,63,POINT(-106.4 25.5)
2018-01-15,18,POINT(-93.1 41.5)
2018-11-09,23,POINT(-112.3 36.5)
2018-03-16,9,POINT(-79.5 36.7)
2018-02-03,10,POINT(-116.5 42.6)
2018-12-25,27,POINT(-115.3 45.6)
2018-07-15,53,POINT(-102.9 27.2)
2018-11-27,20,POINT(-114.1 36.7)
2018-01-29,32,POINT(-96.2 44.9)
2018-07-13,4,POINT(-100.0 46.2)
2018-01-16,5,POINT(-83.9 28.6)
2018-03-18,16,POINT(-72.3 23.1)
2018-10-20,4,POINT(-82.3 27.0)
2018-03-22,21,POINT(-111.0 48.4)
2018-05-04,7,POINT(-73.2 33.9)
2018-01-19,32,POINT(-100.4 32.6)
2018-04-12,34,POINT(-96.3 20.4)
2018-03-18,13,POINT(-98.9 21.5)
2018-08-17,4,POINT(-106.0 40.1)
2018-10-24,21,POINT(-75.2 37.7)
2018-07-22,99,POINT(-103.4 37.3)
2018-03-02,20,POINT(-91.1 23.3)
2018-01-26,1,POINT(-108.0 30.6)
2018-03-12,1,POINT(-80.1 44.4)
2018-04-13,8,POINT(-81.3 25.2)
2018-11-22,5,POINT(-105.2 46.5)
2018-12-29,34,POINT(-85.9 23.6)
2018-06-06,38,POINT(-84.8 25.1)
2018-12-29,6,POINT(-91.9 34.3)
2018-12-25,8,POINT(-90.0 48.4)
2018-07-13,6,POINT(-91.3 29.9)
2018-10-02,48,POINT(-115.9 39.7)
2018-11-20,14,POINT(-86.5 37.7)
2018-07-05,22,POINT(-96.5 24.5)
2018-11-22,11,POINT(-98.1 27.4)
2018-04-23,20,POINT(-77.0 47.9)
2018-11-09,10,POINT(-118.8 25.5)
2018-06-14,9,POINT(-107.4 40.9)
2018-03-02,21,POINT(-113.9 48.9)
2018-04-02,18,POINT(-118.2 23.6)
2018-10-13,7,POINT(-106.2 32.0)
2018-06-02,4,POINT(-70.6 26.7)
2018-08-13,10,POINT(-106.5 26.6)
2018-05-07,11,POINT(-86.8 23.6)
2018-07-12,20,POINT(-114.1 39.5)
2018-04-25,50,POINT(-89.9 42.4)
2018-09-19,1,POINT(-70.8 40.3)
2018-01-18,6,POINT(-105.4 47.7)
2018-01-10,5,POINT(-77.6 24.4)
2018-04-02,14,POINT(-70.1 29.6)
2018-05-19,12,POINT(-90.6 30.3)
2018-11-29,27,POINT(-104.5 27.0)
2018-12-23,6,POINT(-86.3 24.3)
2018-12-06,19,POINT(-77.8 34.6)
2018-02-21,44,POINT(-111.4 45.0)
2018-07-14,49,POINT(-97.4 48.6)
2018-07-25,64,POINT(-104.0 23.9)
2018-10-14,30,POINT(-105.8 44.7)
2018-04-03,48,POINT(-77.0 44.7)
2018-11-05,6,POINT(-98.9 31.7)
2018-05-25,5,POINT(-103.0 23.3)
2018-03-27,1,POINT(-89.8 49.7)
2018-06-02,25,POINT(-109.0 39.7)
2018-01-02,56,POINT(-108.5 49.5)
2018-12-08,5,POINT(-94.0 34.5)
2018-09-17,21,POINT(-99.5 31.9)
2018-06-13,28,POINT(-105.3 27.4)
2018-01-06,53,POINT(-117.3 49.5)
2018-05-29,21,POINT(-94.0 27.6)
2018-07-24,71,POINT(-79.2 20.7)
2018-04-28,9,POINT(-77.4 35.4)
2018-03-30,9,POINT(-108.2 31.3)
2018-06-03,16,POINT(-90.0 27.8)
2018-06-16,10,POINT(-77.2 39.0)
2018-06-10,1,POINT(-99.6 30.9)
2018-09-27,27,POINT(-73.4 32.1)
2018-02-25,28,POINT(-74.9 20.7)
2018-08-16,28,POINT(-109.6 37.7)
2018-12-03,9,POINT(-107.1 23.7)
2018-05-29,15,POINT(-111.0 26.4)
2018-02-15,9,POINT(-110.2 41.5)
2018-05-24,1,POINT(-74.6 29.4)
2018-08-26,17,POINT(-73.4 24.9)
2018-09-29,3,POINT(-117.4 37.3)
2018-04-30,2,POINT(-90.3 26.4)
2018-12-06,29,POINT(-91.8 28.1)
2018-08-08,1,POINT(-100.5 38.6)
2018-01-08,64,POINT(-88.4 42.2)
2018-12-10,15,POINT(-72.6 42.2)
2018-10-02,82,POINT(-111.5 34.5)
2018-12-19,2,POINT(-114.0 33.6)
2018-03-07,18,POINT(-118.3 43.6)
2018-03-20,9,POINT(-101.8 25.8)
2018-03-27,38,POINT(-103.1 24.6)
2018-05-04,9,POINT(-98.5 39.9)
2018-07-21,7,POINT(-94.8 32.3)
2018-05-30,39,POINT(-82.1 41.3)
2018-02-15,10,POINT(-100.4 27.7)
2018-04-23,1,POINT(-103.5 29.7)
2018-04-01,10,POINT(-78.7 46.9)
2018-05-21,22,POINT(-77.5 32.6)
2018-10-16,6,POINT(-108.4 37.7)
2018-08-06,12,POINT(-104.3 23.2)
2018-03-18,2,POINT(-78.7 25.4)
2018-11-30,18,POINT(-116.0 21.1)
2018-06-01,29,POINT(-103.7 32.7)
2018-11-19,11,POINT(-97.6 49.7)
2018-08-27,11,POINT(-110.6 46.2)
2018-04-25,2,POINT(-111.0 39.0)
2018-11-15,5,POINT(-98.8 45.8)
2018-04-04,4,POINT(-82.3 37.8)
2018-02-17,14,POINT(-78.0 31.1)
2018-07-10,16,POINT(-71.0 25.2)
2018-01-12,60,POINT(-116.3 39.6)
2018-06-05,2,POINT(-109.2 25.8)
2018-06-21,19,POINT(-82.2 32.5)
2018-10-23,15,POINT(-93.0 44.8)
2018-06-26,15,POINT(-103.6 23.9)
2018-12-07,42,POINT(-109.7 23.9)
2018-02-26,5,POINT(-106.0 26.7)
2018-12-09,1,POINT(-98.5 36.6)
2018-12-06,23,POINT(-111.1 27.6)
2018-07-22,9,POINT(-71.8 35.1)
2018-07-04,1,POINT(-114.6 29.1)
2018-05-01,6,POINT(-70.7 35.2)
2018-08-14,8,POINT(-77.9 28.3)
2018-07-21,20,POINT(-98.8 49.4)
2018-11-26,4,POINT(-83.0 34.8)
2018-12-29,11,POINT(-86.4 42.3)
2018-12-22,14,POINT(-109.3 41.0)
2018-08-04,13,POINT(-103.0 34.7)
2018-02-12,73,POINT(-94.3 27.2)
2018-01-23,1,POINT(-88.1 35.3)
2018-06-04,61,POINT(-92.9 40.4)
2018-07-05,18,POINT(-96.4 33.8)
2018-09-06,32,POINT(-97.8 22.5)
2018-08-25,12,POINT(-95.1 20.5)
2018-10-20,13,POINT(-98.3 29.8)
2018-05-14,43,POINT(-92.9 24.5)
2018-11-17,46,POINT(-75.6 47.2)
2018-01-22,6,POINT(-88.4 25.3)
2018-12-27,5,POINT(-83.9 31.8)
2018-03-29,14,POINT(-90.1 41.4)
2018-06-02,47,POINT(-87.8 44.5)
2018-05-05,8,POINT(-91.1 34.3)
2018-03-20,22,POINT(-118.7 25.4)
2018-12-12,25,POINT(-70.0 28.1)
2018-02-20,31,POINT(-118.3 32.6)
2018-08-04,17,POINT(-100.2 30.9)
2018-06-25,11,POINT(-114.7 30.5)
2018-12-24,69,POINT(-115.2 24.0)
2018-09-10,19,POINT(-80.3 47.4)
2018-09-03,27,POINT(-98.7 20.9)
2018-08-15,9,POINT(-79.9 33.2)
2018-04-16,23,POINT(-106.4 49.4)
2018-07-12,6,POINT(-107.2 39.8)
2018-11-12,6,POINT(-107.4 30.7)
2018-10-29,26,POINT(-89.2 24.4)
2018-02-05,15,POINT(-79.3 48.9)
2018-07-23,23,POINT(-97.4 20.4)
2018-09-24,7,POINT(-101.0 40.4)
2018-09-25,19,POINT(-71.3 46.4)
2018-06-19,12,POINT(-114.2 20.8)
2018-02-08,19,POINT(-95.7 41.8)
2018-05-19,7,POINT(-99.6 50.0)
2018-10-19,26,POINT(-115.1 39.2)
2018-02-21,33,POINT(-106.6 32.4)
2018-10-14,7,POINT(-118.6 46.2)
2018-10-16,8,POINT(-76.2 36.6)
2018-05-21,22,POINT(-89.6 42.5)
2018-05-26,24,POINT(-79.2 37.6)
2018-11-10,25,POINT(-93.9 21.1)
2018-07-03,23,POINT(-90.0 26.4)
2018-06-01,10,POINT(-85.0 22.4)
2018-07-20,11,POINT(-74.6 23.2)
2018-05-08,6,POINT(-115.4 20.5)
2018-10-14,4,POINT(-103.5 32.6)
2018-11-07,24,POINT(-84.5 25.4)
2018-09-10,2,POINT(-72.1 45.7)
2018-09-23,56,POINT(-71.0 42.5)
2018-07-07,36,POINT(-88.1 37.2)
2018-08-18,39,POINT(-110.3 34.7)
2018-09-28,48,POINT(-114.0 27.7)
2018-09-16,11,POINT(-72.7 34.2)
2018-10-26,38,POINT(-98.3 39.2)
2018-07-17,4,POINT(-110.3 43.5)
2018-11-19,1,POINT(-73.3 22.5)
2018-02-25,31,POINT(-114.8 41.3)
2018-11-15,2,POINT(-83.5 42.3)
2018-07-22,90,POINT(-88.7 36.8)
2018-09-28,23,POINT(-115.6 26.4)
2018-04-19,29,POINT(-103.1 36.2)
2018-04-26,6,POINT(-112.5 35.1)
2018-04-02,23,POINT(-89.8 34.3)
2018-05-18,1,POINT(-96.1 33.8)
2018-10-30,37,POINT(-119.8 23.3)
2018-02-26,4,POINT(-71.2 25.5)
2018-02-19,24,POINT(-102.5 22.9)
2018-03-12,6,POINT(-107.1 27.3)
2018-03-23,2,POINT(-108.9 27.9)
2018-04-15,14,POINT(-112.1 27.4)
2018-03-29,4,POINT(-70.0 26.3)
2018-01-02,27,POINT(-105.2 42.1)
2018-12-26,6,POINT(-99.7 44.6)
2018-03-25,9,POINT(-76.4 29.8)
2018-02-12,17,POINT(-87.9 29.2)
2018-06-03,7,POINT(-101.6 45.3)
2018-11-23,10,POINT(-75.1 38.7)
2018-04-04,34,POINT(-82.5 28.8)
2018-10-25,4,POINT(-108.6 41.4)
2018-05-13,2,POINT(-87.8 30.3)
2018-03-06,8,POINT(-73.9 37.6)
2018-10-17,12,POINT(-95.2 49.8)
2018-09-14,16,POINT(-83.3 29.0)
2018-08-01,10,POINT(-71.4 47.9)
2018-05-28,32,POINT(-85.5 29.6)
2018-03-02,1,POINT(-114.9 36.2)
2018-05-29,12,POINT(-107.8 33.8)
2018-03-29,10,POINT(-90.2 43.5)
2018-11-20,21,POINT(-106.2 21.8)
2018-10-05,68,POINT(-72.1 38.8)
2018-03-23,15,POINT(-99.7 42.8)
2018-05-09,87,POINT(-97.1 34.2)
2018-10-13,8,POINT(-84.9 23.2)
2018-12-19,1,POINT(-93.8 27.3)
2018-10-07,4,POINT(-100.9 40.4)
2018-09-27,11,POINT(-116.2 46.9)
2018-10-19,8,POINT(-90.2 32.6)
2018-07-22,3,POINT(-76.6 36.8)
2018-01-24,12,POINT(-85.7 26.9)
2018-12-17,9,POINT(-100.9 32.4)
2018-11-07,3,POINT(-113.6 30.1)
2018-07-27,8,POINT(-79.2 39.7)
2018-10-07,44,POINT(-72.9 49.5)
2018-07-24,8,POINT(-100.6 44.4)
2018-06-01,26,POINT(-83.6 25.8)
2018-01-26,19,POINT(-99.5 37.3)
2018-07-13,12,POINT(-94.9 22.0)
2018-12-02,6,POINT(-78.2 27.4)
2018-08-26,10,POINT(-115.8 25.2)
2018-11-17,18,POINT(-93.5 30.1)
2018-03-16,9,POINT(-109.3 40.4)
2018-06-12,5,POINT(-103.0 35.0)
2018-10-26,3,POINT(-87.8 48.0)
2018-01-29,43,POINT(-118.6 26.4)
2018-06-14,12,POINT(-90.3 30.9)
2018-12-03,20,POINT(-105.8 29.9)
2018-07-05,14,POINT(-86.5 27.1)
2018-02-23,42,POINT(-112.9 49.8)
2018-10-22,16,POINT(-83.2 31.6)
2018-02-11,14,POINT(-87.7 48.2)
2018-10-12,52,POINT(-71.4 31.7)
2018-05-18,26,POINT(-74.4 26.1)
2018-07-06,3,POINT(-105.8 23.6)
2018-07-23,4,POINT(-118.6 45.7)
2018-02-11,31,POINT(-87.2 21.0)
2018-12-16,37,POINT(-89.9 48.9)
2018-10-15,16,POINT(-118.6 32.5)
2018-01-26,17,POINT(-113.9 27.4)
2018-02-25,20,POINT(-90.8 38.5)
2018-09-10,12,POINT(-74.4 24.0)
2018-05-02,23,POINT(-74.7 22.2)
2018-04-16,3,POINT(-112.4 44.8)
2018-05-10,66,POINT(-100.8 32.7)
2018-12-03,28,POINT(-117.8 35.5)
2018-06-07,20,POINT(-96.5 25.3)
2018-08-19,8,POINT(-82.3 21.8)
2018-11-04,4,POINT(-80.5 31.0)
2018-04-01,11,POINT(-95.1 35.2)
2018-01-22,22,POINT(-115.2 43.0)
2018-10-17,21,POINT(-100.9 35.0)
2018-04-20,10,POINT(-73.4 43.5)
2018-02-18,20,POINT(-108.5 23.5)
2018-05-09,34,POINT(-104.0 21.9)
2018-03-14,1,POINT(-82.7 24.8)
2018-12-06,12,POINT(-83.3 43.2)
2018-02-22,29,POINT(-74.4 42.8)
2018-12-22,16,POINT(-100.6 24.2)
2018-06-17,22,POINT(-94.3 20.9)
2018-02-14,15,POINT(-96.6 40.6)
2018-04-15,97,POINT(-73.6 45.7)
2018-05-30,2,POINT(-81.5 42.6)
2018-05-26,14,POINT(-78.4 26.1)
2018-07-23,2,POINT(-113.3 37.5)
2018-12-28,4,POINT(-80.4 42.7)
2018-10-26,10,POINT(-98.4 27.7)
2018-06-16,4,POINT(-118.8 35.8)
2018-07-20,67,POINT(-117.0 29.4)
2018-05-14,59,POINT(-86.1 26.8)
2018-07-30,9,POINT(-101.4 49.1)
2018-02-17,21,POINT(-76.6 47.4)
2018-05-06,16,POINT(-83.3 33.4)
2018-08-27,34,POINT(-118.9 24.1)
2018-01-07,20,POINT(-85.7 41.8)
2018-09-29,1,POINT(-110.4 27.7)
2018-02-06,29,POINT(-98.9 25.1)
2018-07-30,28,POINT(-88.8 31.4)
2018-06-14,15,POINT(-76.4 35.9)
2018-05-05,47,POINT(-97.2 22.9)
2018-12-03,48,POINT(-79.6 37.2)
2018-07-11,15,POINT(-80.9 20.5)
2018-08-06,19,POINT(-99.3 46.8)
2018-08-02,114,POINT(-95.0 47.6)
2018-03-03,8,POINT(-85.0 42.0)
2018-11-24,8,POINT(-118.4 34.0)
2018-06-10,5,POINT(-75.5 27.6)
2018-03-07,46,POINT(-81.5 42.3)
2018-10-13,28,POINT(-107.5 48.0)
2018-08-27,3,POINT(-70.9 24.8)
2018-01-20,81,POINT(-111.0 34.0)
2018-07-07,27,POINT(-74.3 29.5)
2018-03-23,39,POINT(-103.8 30.7)
2018-12-29,1,POINT(-81.8 32.2)
2018-07-21,15,POINT(-97.2 48.6)
2018-05-12,24,POINT(-83.2 27.8)
2018-02-06,16,POINT(-112.2 34.8)
2018-05-12,22,POINT(-106.5 48.5)
2018-03-18,35,POINT(-115.0 34.3)
2018-03-30,10,POINT(-76.7 45.9)
2018-09-10,38,POINT(-105.2 21.8)
2018-12-10,4,POINT(-85.3 48.6)
2018-07-13,7,POINT(-79.0 25.6)
2018-06-25,1,POINT(-74.9 49.4)
2018-02-02,10,POINT(-114.7 25.3)
2018-02-27,10,POINT(-75.3 33.3)
2018-07-20,33,POINT(-110.1 29.3)
2018-01-28,22,POINT(-83.2 33.0)
2018-02-04,12,POINT(-83.6 27.5)
2018-05-05,22,POINT(-119.6 49.0)
2018-11-17,2,POINT(-109.0 29.2)
2018-02-11,4,POINT(-95.4 39.6)
2018-03-26,20,POINT(-99.0 24.1)
2018-07-07,21,POINT(-74.1 44.7)
2018-04-21,30,POINT(-102.0 36.3)
2018-09-28,11,POINT(-73.2 49.4)
2018-11-21,26,POINT(-97.0 32.7)
2018-04-15,24,POINT(-71.8 25.9)
2018-11-16,67,POINT(-83.1 30.4)
2018-02-10,5,POINT(-78.5 42.1)
2018-08-03,17,POINT(-114.8 39.8)
2018-03-12,19,POINT(-90.7 43.4)
2018-02-25,133,POINT(-112.9 22.2)
2018-08-24,5,POINT(-105.1 37.4)
2018-10-08,15,POINT(-88.8 48.0)
2018-04-15,9,POINT(-83.7 23.2)
2018-06-11,15,POINT(-118.0 22.8)
2018-07-10,6,POINT(-93.5 41.5)
2018-01-09,1,POINT(-91.7 29.5)
2018-03-01,17,POINT(-116.1 39.8)
2018-11-01,9,POINT(-95.0 36.4)
2018-08-13,5,POINT(-84.3 49.6)
2018-11-03,8,POINT(-117.3 46.7)
2018-07-07,2,POINT(-82.0 40.3)
2018-03-11,61,POINT(-91.2 27.9)
2018-10-20,18,POINT(-78.3 27.9)
2018-10-14,34,POINT(-109.1 46.5)
2018-06-18,12,POINT(-78.3 37.6)
2018-03-03,47,POINT(-115.3 43.7)
2018-12-15,14,POINT(-99.8 33.5)
2018-01-14,18,POINT(-110.0 23.1)
2018-06-13,14,POINT(-76.2 30.0)
2018-09-02,27,POINT(-84.8 24.8)
2018-12-01,17,POINT(-118.7 43.5)
2018-01-08,7,POINT(-119.5 41.0)
2018-06-03,4,POINT(-105.4 22.7)
2018-02-05,19,POINT(-112.8 38.6)
2018-02-17,14,POINT(-88.5 46.2)
2018-03-26,3,POINT(-86.8 40.9)
2018-01-28,11,POINT(-72.9 35.3)
2018-07-15,15,POINT(-72.4 29.4)
2018-07-27,36,POINT(-87.1 46.6)
2018-07-23,2,POINT(-119.7 32.7)
2018-11-03,9,POINT(-102.1 45.7)
2018-04-14,35,POINT(-94.3 43.5)
2018-08-18,21,POINT(-95.0 44.5)
2018-04-11,7,POINT(-89.8 49.7)
2018-01-29,38,POINT(-72.0 42.5)
2018-05-07,14,POINT(-75.7 21.0)
2018-12-04,14,POINT(-114.6 26.2)
2018-01-10,76,POINT(-106.7 21.1)
2018-04-16,59,POINT(-78.3 25.7)
2018-06-16,9,POINT(-78.8 21.8)
2018-09-14,4,POINT(-106.2 35.0)
2018-10-22,8,POINT(-83.5 20.8)
2018-10-04,1,POINT(-86.4 34.2)
2018-03-06,1,POINT(-96.3 47.0)
2018-09-28,11,POINT(-109.9 42.5)
2018-07-07,57,POINT(-75.6 48.3)
2018-11-13,42,POINT(-86.1 26.8)
2018-05-18,15,POINT(-111.6 35.9)
2018-12-09,17,POINT(-84.8 29.6)
2018-04-15,1,POINT(-82.9 34.8)
2018-02-03,5,POINT(-75.7 36.7)
2018-04-20,1,POINT(-108.9 21.1)
2018-02-02,29,POINT(-70.6 27.0)
2018-12-20,4,POINT(-112.3 41.1)
2018-08-19,41,POINT(-90.0 43.2)
2018-11-13,21,POINT(-87.1 37.1)
2018-09-23,6,POINT(-99.1 28.1)
2018-07-01,4,POINT(-96.2 32.2)
2018-12-06,20,POINT(-75.5 22.9)
2018-03-06,47,POINT(-87.7 48.6)
2018-11-29,26,POINT(-95.1 46.1)
2018-01-01,9,POINT(-113.6 22.0)
2018-05-13,18,POINT(-119.6 25.0)
2018-03-21,8,POINT(-113.8 37.4)
2018-09-28,142,POINT(-72.2 27.0)
2018-08-29,28,POINT(-81.8 48.0)
2018-01-28,20,POINT(-71.6 42.7)
2018-08-11,12,POINT(-118.2 28.2)
2018-01-23,20,POINT(-86.0 20.2)
2018-04-19,9,POINT(-117.8 44.0)
2018-04-17,1,POINT(-80.9 32.7)
2018-05-25,11,POINT(-101.0 39.3)
2018-12-20,54,POINT(-115.2 28.6)
2018-05-19,20,POINT(-91.6 24.3)
2018-10-11,2,POINT(-106.0 40.3)
2018-10-25,44,POINT(-87.0 33.5)
2018-04-09,7,POINT(-87.1 27.1)
2018-11-13,6,POINT(-84.7 24.1)
2018-05-03,8,POINT(-70.4 37.4)
2018-11-16,18,POINT(-100.7 41.8)
2018-10-14,16,POINT(-96.7 28.5)
2018-03-22,14,POINT(-79.8 42.1)
2018-01-10,26,POINT(-91.1 25.5)
2018-01-08,8,POINT(-118.1 30.2)
2018-07-24,31,POINT(-77.8 42.3)
2018-11-11,4,POINT(-117.4 39.8)
2018-07-16,31,POINT(-111.5 28.1)
2018-07-17,22,POINT(-114.9 23.7)
2018-01-30,23,POINT(-116.1 21.3)
2018-01-20,14,POINT(-118.7 45.1)
2018-02-17,22,POINT(-117.2 22.3)
2018-05-10,2,POINT(-97.9 23.4)
2018-10-20,39,POINT(-107.4 27.1)
2018-05-12,2,POINT(-113.7 33.4)
2018-12-22,4,POINT(-87.1 43.7)
2018-02-23,18,POINT(-108.7 27.4)
2018-10-08,27,POINT(-119.1 36.3)
2018-09-22,2,POINT(-99.1 22.7)
2018-08-03,51,POINT(-104.5 33.9)
2018-10-17,73,POINT(-104.1 25.3)
2018-02-12,19,POINT(-97.7 26.3)
2018-03-15,14,POINT(-86.6 31.0)
2018-12-16,28,POINT(-89.2 42.8)
2018-10-05,8,POINT(-73.1 42.3)
2018-11-22,14,POINT(-94.1 32.4)
2018-08-30,50,POINT(-96.4 23.6)
2018-05-10,63,POINT(-109.3 28.4)
2018-12-16,53,POINT(-82.2 35.2)
2018-07-13,7,POINT(-113.0 46.1)
2018-02-01,6,POINT(-95.4 49.0)
2018-04-16,8,POINT(-98.9 39.1)
2018-07-23,12,POINT(-87.1 30.5)
2018-01-01,8,POINT(-74.1 40.8)
2018-09-02,10,POINT(-72.7 30.1)
2018-03-13,20,POINT(-111.6 38.8)
2018-11-02,29,POINT(-106.9 27.3)
2018-01-15,27,POINT(-79.4 28.0)
2018-02-22,34,POINT(-94.1 22.3)
2018-01-08,1,POINT(-97.3 32.6)
2018-11-26,1,POINT(-84.5 38.5)
2018-02-15,32,POINT(-89.9 43.7)
2018-11-21,16,POINT(-71.5 44.3)
2018-04-24,18,POINT(-90.8 49.8)
2018-05-27,2,POINT(-96.7 22.6)
2018-06-15,6,POINT(-92.9 34.8)
2018-05-19,21,POINT(-79.6 35.6)
2018-04-27,40,POINT(-89.4 44.1)
2018-10-26,50,POINT(-87.6 28.0)
2018-10-03,14,POINT(-71.4 22.1)
2018-10-04,16,POINT(-89.1 29.4)
2018-12-04,36,POINT(-101.0 49.5)
2018-11-09,16,POINT(-85.4 47.0)
2018-06-27,15,POINT(-87.0 31.9)
2018-11-26,48,POINT(-119.3 46.3)
2018-12-20,32,POINT(-96.6 21.0)
2018-06-03,48,POINT(-82.9 29.4)
2018-07-20,5,POINT(-95.0 41.8)
2018-04-25,15,POINT(-81.0 26.6)
2018-06-08,37,POINT(-97.5 26.0)
2018-02-11,3,POINT(-70.8 45.9)
2018-09-04,32,POINT(-105.4 38.5)
2018-03-09,5,POINT(-115.4 49.7)
2018-11-22,34,POINT(-98.5 24.0)
2018-11-30,19,POINT(-92.9 30.7)
2018-07-15,5,POINT(-102.5 29.3)
2018-03-31,13,POINT(-107.9 46.4)
2018-04-21,23,POINT(-86.4 27.7)
2018-12-25,21,POINT(-101.1 30.6)
2018-05-25,12,POINT(-88.4 24.3)
2018-10-02,46,POINT(-81.0 43.3)
2018-06-28,15,POINT(-81.9 27.1)
2018-08-29,15,POINT(-101.2 22.0)
2018-11-22,2,POINT(-91.6 33.1)
2018-11-15,52,POINT(-97.5 31.7)
2018-11-27,4,POINT(-76.5 25.3)
2018-06-02,16,POINT(-76.1 24.0)
2018-04-14,33,POINT(-102.8 46.9)
2018-03-16,5,POINT(-115.4 22.0)
2018-05-08,15,POINT(-111.6 23.0)
2018-07-18,6,POINT(-101.6 27.4)
2018-06-03,29,POINT(-91.8 48.6)
2018-02-25,17,POINT(-87.2 22.6)
2018-10-05,39,POINT(-103.4 44.5)
2018-12-11,45,POINT(-86.6 46.8)
2018-01-19,21,POINT(-73.1 31.3)
2018-06-08,26,POINT(-87.4 28.8)
2018-01-26,16,POINT(-112.1 40.3)
2018-06-18,10,POINT(-91.0 41.1)
2018-01-23,21,POINT(-92.9 43.4)
2018-02-16,48,POINT(-76.5 44.9)
2018-01-13,11,POINT(-102.5 28.1)
2018-08-05,8,POINT(-98.9 40.6)
2018-11-18,10,POINT(-90.1 24.0)
2018-07-13,12,POINT(-93.8 35.3)
2018-05-24,2,POINT(-84.0 38.4)
2018-03-14,14,POINT(-118.0 24.9)
2018-06-05,14,POINT(-91.8 22.3)
2018-03-18,18,POINT(-113.9 25.8)
2018-06-18,10,POINT(-104.2 32.6)
2018-10-14,19,POINT(-86.9 46.6)
2018-03-26,43,POINT(-112.1 36.0)
2018-07-01,63,POINT(-104.6 42.5)
2018-11-11,18,POINT(-84.8 25.2)
2018-10-24,1,POINT(-87.5 23.2)
2018-04-22,70,POINT(-115.4 27.2)
2018-08-18,25,POINT(-91.1 29.4)
2018-04-06,9,POINT(-112.6 36.4)
2018-06-17,4,POINT(-107.4 46.4)
2018-06-05,4,POINT(-97.0 32.8)
2018-04-15,4,POINT(-114.5 35.6)
2018-07-12,1,POINT(-70.3 20.1)
2018-11-26,47,POINT(-111.7 21.0)
2018-05-12,16,POINT(-80.9 22.5)
2018-12-21,25,POINT(-78.5 41.0)
2018-05-18,36,POINT(-70.3 34.6)
2018-11-27,32,POINT(-98.6 25.8)
2018-09-27,43,POINT(-76.3 37.8)
2018-02-07,69,POINT(-72.1 36.3)
2018-02-14,12,POINT(-111.4 22.7)
2018-06-12,61,POINT(-96.0 39.2)
2018-11-27,26,POINT(-117.0 43.0)
2018-09-10,2,POINT(-89.0 28.6)
2018-06-18,23,POINT(-90.9 40.6)
2018-10-12,24,POINT(-109.8 26.0)
2018-10-01,48,POINT(-80.1 42.7)
2018-01-20,10,POINT(-118.1 47.4)
2018-08-27,18,POINT(-79.7 33.3)
2018-09-27,1,POINT(-118.7 27.3)
2018-11-06,9,POINT(-87.2 32.0)
2018-01-31,2,POINT(-116.1 27.5)
2018-11-10,15,POINT(-107.4 20.0)
2018-04-14,35,POINT(-83.9 39.5)
2018-06-19,5,POINT(-106.0 21.3)
2018-07-05,15,POINT(-94.4 26.3)
2018-05-08,5,POINT(-74.2 41.7)
2018-07-29,3,POINT(-117.5 40.0)
2018-10-08,15,POINT(-79.4 22.2)
2018-09-10,2,POINT(-116.7 39.8)
2018-01-19,18,POINT(-113.7 47.9)
2018-07-19,1,POINT(-114.0 22.2)
2018-08-08,3,POINT(-70.3 32.5)
2018-05-16,16,POINT(-111.0 41.9)
2018-08-11,18,POINT(-75.2 40.0)
2018-01-03,1,POINT(-70.5 26.8)
2018-08-24,18,POINT(-100.8 24.9)
2018-12-08,37,POINT(-88.4 43.5)
2018-08-16,26,POINT(-81.0 48.7)
2018-05-22,3,POINT(-100.4 43.0)
2018-01-09,18,POINT(-111.9 48.9)
2018-07-09,23,POINT(-98.3 38.1)
2018-12-16,1,POINT(-81.4 47.9)
2018-06-14,39,POINT(-81.0 40.7)
2018-05-19,48,POINT(-108.5 47.3)
2018-10-03,39,POINT(-111.3 24.8)
2018-10-18,35,POINT(-74.0 44.5)
2018-02-22,28,POINT(-117.8 25.9)
2018-06-24,21,POINT(-83.3 20.8)
2018-04-20,23,POINT(-117.7 35.5)
2018-07-22,33,POINT(-78.1 29.5)
2018-05-16,22,POINT(-74.7 21.3)
2018-01-04,8,POINT(-105.1 49.4)
2018-06-04,10,POINT(-116.3 40.0)
2018-06-21,46,POINT(-96.0 47.1)
2018-12-24,1,POINT(-105.1 50.0)
2018-02-16,25,POINT(-99.1 31.8)
2018-04-04,62,POINT(-86.8 27.6)
2018-02-17,25,POINT(-109.5 25.5)
2018-08-28,103,POINT(-102.2 35.5)
2018-12-13,24,POINT(-80.9 38.2)
2018-08-01,1,POINT(-87.8 34.2)
2018-12-06,36,POINT(-103.7 31.6)
2018-11-20,7,POINT(-86.8 25.0)
2018-05-19,12,POINT(-81.7 33.3)
2018-07-24,8,POINT(-90.4 22.6)
2018-03-14,7,POINT(-108.0 46.0)
2018-01-04,12,POINT(-120.0 21.4)
2018-03-17,10,POINT(-79.9 31.4)
2018-11-25,21,POINT(-78.9 23.0)
2018-03-18,34,POINT(-85.1 43.2)
2018-10-31,8,POINT(-116.2 29.4)
2018-09-13,5,POINT(-90.7 23.4)
2018-04-12,22,POINT(-78.9 35.9)
2018-04-16,23,POINT(-100.5 47.5)
2018-11-29,47,POINT(-110.1 47.3)
2018-02-08,1,POINT(-90.6 27.5)
2018-11-10,39,POINT(-78.7 41.6)
2018-10-02,15,POINT(-117.6 20.9)
2018-03-29,20,POINT(-90.2 24.0)
2018-07-30,2,POINT(-87.8 35.0)
2018-03-18,12,POINT(-89.9 26.9)
2018-03-18,6,POINT(-87.5 43.9)
2018-01-28,6,POINT(-88.4 47.9)
2018-09-02,15,POINT(-113.5 20.1)
2018-03-07,34,POINT(-108.3 27.0)
2018-09-23,28,POINT(-89.1 33.2)
2018-07-24,18,POINT(-119.1 36.9)
2018-02-27,16,POINT(-88.3 47.5)
2018-07-20,12,POINT(-86.7 46.8)
2018-08-13,73,POINT(-108.0 39.1)
2018-05-22,17,POINT(-90.1 27.7)
2018-03-25,6,POINT(-93.3 43.5)
2018-05-23,6,POINT(-107.0 26.1)
2018-12-18,19,POINT(-96.9 49.0)
2018-02-02,15,POINT(-74.5 20.2)
2018-06-01,1,POINT(-98.7 37.1)
2018-06-07,36,POINT(-88.5 22.7)
2018-05-21,25,POINT(-118.2 32.2)
2018-09-08,22,POINT(-116.1 39.0)
2018-10-30,2,POINT(-115.9 40.7)
2018-04-22,9,POINT(-81.1 43.6)
2018-05-24,55,POINT(-102.5 37.8)
2018-07-28,40,POINT(-108.6 27.5)
2018-08-12,7,POINT(-82.6 46.7)
2018-02-12,4,POINT(-111.5 44.3)
2018-09-21,12,POINT(-107.7 24.8)
2018-09-01,9,POINT(-98.5 44.8)
2018-01-03,23,POINT(-103.4 49.2)
2018-05-05,68,POINT(-90.7 39.1)
2018-09-25,10,POINT(-103.1 28.5)
2018-03-25,2,POINT(-100.4 38.2)
2018-01-16,46,POINT(-76.9 30.3)
2018-11-30,1,POINT(-75.8 40.3)
2018-02-28,62,POINT(-78.6 36.3)
2018-06-26,22,POINT(-76.8 47.9)
2018-03-04,57,POINT(-91.5 38.5)
2018-02-18,5,POINT(-87.7 26.4)
2018-11-03,1,POINT(-92.1 41.8)
2018-09-03,14,POINT(-80.7 29.0)
2018-10-16,12,POINT(-92.4 28.2)
2018-10-13,9,POINT(-114.4 31.8)
2018-11-28,64,POINT(-79.5 20.4)
2018-01-15,35,POINT(-82.0 49.1)
2018-12-04,22,POINT(-79.0 36.0)
2018-09-12,4,POINT(-110.5 43.2)
2018-04-02,27,POINT(-106.4 27.7)
2018-10-06,26,POINT(-105.2 42.4)
2018-07-25,12,POINT(-94.6 37.0)
2018-04-04,52,POINT(-113.3 32.7)
2018-08-13,4,POINT(-100.7 49.1)
2018-10-28,7,POINT(-110.9 34.8)
2018-11-14,2,POINT(-106.8 39.7)
2018-07-18,32,POINT(-84.7 20.5)
2018-09-28,20,POINT(-77.3 29.0)
2018-08-22,8,POINT(-118.9 46.7)
2018-02-15,4,POINT(-91.7 42.8)
2018-03-05,1,POINT(-118.2 36.1)
2018-08-18,4,POINT(-115.7 47.0)
2018-09-06,13,POINT(-84.7 34.6)
2018-09-03,6,POINT(-83.2 37.0)
2018-03-16,6,POINT(-79.3 31.5)
2018-06-06,42,POINT(-96.3 38.6)
2018-08-11,15,POINT(-77.0 29.6)
2018-07-09,27,POINT(-111.7 31.6)
2018-02-21,1,POINT(-107.5 49.0)
2018-03-29,10,POINT(-113.3 23.3)
2018-11-09,14,POINT(-80.1 23.2)
2018-12-05,5,POINT(-108.6 21.3)
2018-03-07,3,POINT(-112.2 29.6)
2018-05-30,41,POINT(-88.8 31.9)
2018-01-20,57,POINT(-116.1 22.8)
2018-02-02,2,POINT(-117.8 36.5)
2018-11-24,9,POINT(-114.7 37.5)
2018-10-08,64,POINT(-120.0 42.5)
2018-02-15,2,POINT(-85.2 49.3)
2018-03-14,21,POINT(-91.9 38.6)
2018-12-20,72,POINT(-109.5 23.3)
2018-11-09,77,POINT(-108.3 22.7)
2018-12-09,13,POINT(-79.5 43.3)
2018-05-13,4,POINT(-94.9 39.5)
2018-02-24,5,POINT(-85.1 24.9)
2018-03-02,45,POINT(-97.4 27.6)
2018-12-11,49,POINT(-108.1 42.5)
2018-01-08,19,POINT(-71.5 37.0)
2018-09-29,30,POINT(-91.7 37.6)
2018-09-03,27,POINT(-113.5 26.3)
2018-06-25,22,POINT(-99.7 38.9)
2018-04-26,36,POINT(-103.5 43.1)
2018-11-13,24,POINT(-109.3 46.6)
2018-09-28,16,POINT(-73.3 42.1)
2018-07-12,6,POINT(-76.0 37.3)
2018-05-30,28,POINT(-110.0 40.2)
2018-05-11,13,POINT(-102.4 34.6)
2018-04-12,7,POINT(-81.9 26.8)
2018-11-06,33,POINT(-109.6 46.5)
2018-09-27,24,POINT(-90.4 36.0)
2018-10-19,56,POINT(-85.0 37.8)
2018-07-29,4,POINT(-87.3 49.7)
2018-12-27,21,POINT(-84.7 49.6)
2018-12-04,6,POINT(-84.7 37.6)
2018-03-08,47,POINT(-71.8 21.0)
2018-01-10,3,POINT(-102.7 31.9)
2018-02-18,22,POINT(-76.1 48.1)
2018-04-21,32,POINT(-118.9 28.6)
2018-11-17,9,POINT(-105.6 50.0)
2018-08-07,62,POINT(-117.6 22.5)
2018-02-26,39,POINT(-87.4 37.0)
2018-10-10,7,POINT(-115.0 35.5)
2018-04-23,1,POINT(-77.7 27.7)
2018-05-13,8,POINT(-87.7 48.5)
2018-03-12,7,POINT(-118.6 38.6)
2018-03-24,45,POINT(-84.3 26.9)
2018-02-26,69,POINT(-76.9 31.5)
2018-12-15,2,POINT(-86.9 41.6)
2018-09-28,13,POINT(-118.5 28.9)
2018-04-21,16,POINT(-77.1 46.4)
2018-12-23,2,POINT(-83.4 25.0)
2018-03-17,10,POINT(-101.1 27.9)
2018-06-07,8,POINT(-103.6 24.3)
2018-01-20,16,POINT(-96.0 23.1)
2018-05-11,22,POINT(-76.6 29.0)
2018-11-25,25,POINT(-107.4 50.0)
2018-05-02,3,POINT(-115.0 22.8)
2018-02-10,34,POINT(-76.8 26.4)
2018-06-16,23,POINT(-118.7 28.1)
2018-05-10,44,POINT(-74.5 38.6)
2018-01-23,12,POINT(-104.7 42.4)
2018-10-06,45,POINT(-94.6 42.6)
2018-09-08,41,POINT(-113.4 20.3)
2018-01-09,12,POINT(-74.9 39.6)
2018-01-13,10,POINT(-82.5 38.9)
2018-11-03,55,POINT(-73.8 35.5)
2018-11-16,26,POINT(-85.8 31.4)
2018-02-21,53,POINT(-110.8 43.9)
2018-07-28,32,POINT(-104.6 30.3)
2018-02-07,19,POINT(-95.7 26.9)
2018-04-10,3,POINT(-89.6 29.3)
2018-07-12,7,POINT(-73.7 33.2)
2018-07-10,70,POINT(-100.8 26.4)
2018-02-20,8,POINT(-84.8 38.2)
2018-05-21,2,POINT(-71.9 46.5)
2018-06-17,25,POINT(-112.4 37.9)
2018-11-07,27,POINT(-76.9 33.4)
2018-04-19,7,POINT(-99.0 43.9)
2018-07-26,8,POINT(-83.4 42.4)
2018-10-27,13,POINT(-105.3 31.0)
2018-04-20,1,POINT(-103.3 38.1)
2018-07-15,32,POINT(-118.6 41.9)
2018-06-01,8,POINT(-71.4 27.4)
2018-08-31,39,POINT(-79.3 31.0)
2018-05-08,33,POINT(-115.3 23.2)
2018-04-15,22,POINT(-70.0 49.6)
2018-01-10,8,POINT(-89.7 22.6)
2018-12-22,15,POINT(-77.3 25.1)
2018-05-28,12,POINT(-116.7 34.4)
2018-12-31,9,POINT(-100.5 46.0)
2018-12-30,38,POINT(-86.5 30.7)
2018-05-20,14,POINT(-114.7 43.1)
2018-07-09,36,POINT(-95.6 40.3)
