date,number_of_strikes,center_point_geom
2016-11-09,1,POINT(-89.9 31.0)
2017-04-27,60,POINT(-111.3 46.5)
2016-08-31,5,POINT(-117.7 47.0)
2017-05-31,7,POINT(-91.8 23.7)
2017-01-04,69,POINT(-97.4 42.9)
2016-11-12,22,POINT(-98.4 24.2)
2016-01-21,14,POINT(-71.5 46.5)
2017-11-28,12,POINT(-106.9 34.3)
2017-12-21,1,POINT(-95.6 47.0)
2016-08-18,37,POINT(-109.3 22.2)
2017-06-09,29,POINT(-103.9 22.3)
2017-08-13,2,POINT(-81.7 48.1)
2017-04-13,9,POINT(-110.1 43.2)
2017-11-24,44,POINT(-86.2 24.4)
2016-03-18,6,POINT(-113.5 46.7)
2017-07-16,19,POINT(-110.5 45.6)
2017-06-13,14,POINT(-118.8 36.1)
2016-10-16,35,POINT(-88.5 25.0)
2016-08-05,1,POINT(-70.5 32.7)
2016-04-09,34,POINT(-87.2 36.5)
2016-05-28,3,POINT(-73.8 26.3)
2017-01-19,1,POINT(-93.7 45.8)
2016-06-03,19,POINT(-86.0 45.0)
2017-01-29,6,POINT(-73.7 20.7)
2017-01-10,25,POINT(-115.7 20.6)
2016-04-11,13,POINT(-90.1 33.1)
2017-09-18,19,POINT(-91.2 47.7)
2016-04-01,24,POINT(-118.3 43.0)
2017-02-14,53,POINT(-112.2 48.8)
2017-02-09,35,POINT(-92.4 28.5)
2016-01-21,14,POINT(-95.1 49.0)
2017-09-23,12,POINT(-102.8 35.9)
2017-02-11,22,POINT(-85.1 38.3)
2016-01-19,27,POINT(-102.0 26.9)
2017-06-19,4,POINT(-81.6 33.8)
2017-06-21,1,POINT(-79.5 42.7)
2016-06-01,13,POINT(-87.8 30.5)
2016-10-27,3,POINT(-106.1 22.1)
2017-02-16,7,POINT(-79.9 45.1)
2016-07-20,18,POINT(-107.4 21.0)
2016-05-18,4,POINT(-104.8 22.9)
2016-01-24,1,POINT(-89.6 39.1)
2016-01-12,17,POINT(-85.5 40.1)
2016-05-14,13,POINT(-101.4 36.5)
2016-03-21,8,POINT(-90.4 22.3)
2016-12-20,13,POINT(-107.6 43.3)
2016-03-10,24,POINT(-80.3 37.9)
2016-07-22,3,POINT(-70.4 40.1)
2017-08-13,6,POINT(-85.1 20.1)
2016-10-05,32,POINT(-104.0 22.6)
2017-12-11,23,POINT(-102.6 41.6)
2017-01-13,7,POINT(-118.5 40.3)
2016-10-20,11,POINT(-87.7 26.0)
2017-02-18,3,POINT(-90.0 35.1)
2017-03-03,6,POINT(-72.3 29.4)
2016-06-04,37,POINT(-99.9 38.7)
2017-08-10,12,POINT(-73.4 43.9)
2017-12-31,21,POINT(-82.0 25.6)
2016-10-03,4,POINT(-105.6 39.5)
2016-09-21,5,POINT(-119.2 33.0)
2016-02-18,57,POINT(-83.7 25.8)
2017-09-01,37,POINT(-95.2 31.9)
2016-10-19,32,POINT(-71.9 23.1)
2016-01-21,8,POINT(-118.9 39.7)
2017-03-19,17,POINT(-93.9 49.9)
2017-06-18,14,POINT(-80.6 42.0)
2017-04-16,63,POINT(-80.5 45.6)
2016-05-17,6,POINT(-86.4 26.8)
2016-08-17,59,POINT(-100.3 23.2)
2017-02-08,25,POINT(-116.6 20.1)
2016-12-22,11,POINT(-104.9 41.9)
2017-06-24,7,POINT(-87.4 44.7)
2016-01-21,29,POINT(-81.4 25.7)
2017-09-02,35,POINT(-79.1 34.3)
2017-07-28,9,POINT(-81.3 37.6)
2017-10-06,4,POINT(-103.8 48.7)
2017-06-10,14,POINT(-85.3 47.4)
2016-04-14,13,POINT(-71.5 20.5)
2017-09-14,26,POINT(-113.2 21.5)
2016-12-01,73,POINT(-83.4 48.8)
2017-02-27,16,POINT(-99.5 21.7)
2017-09-14,27,POINT(-108.8 37.5)
2016-01-04,9,POINT(-104.0 22.4)
2017-04-13,19,POINT(-111.7 40.0)
2017-10-25,3,POINT(-79.2 25.5)
2017-07-07,34,POINT(-100.6 21.0)
2017-06-21,9,POINT(-73.1 28.4)
2016-07-12,2,POINT(-71.7 35.9)
2016-12-25,94,POINT(-71.7 36.1)
2017-06-03,47,POINT(-112.2 42.9)
2016-03-13,5,POINT(-102.7 21.8)
2016-03-18,10,POINT(-104.5 20.2)
2017-10-21,56,POINT(-73.9 41.4)
2016-03-08,32,POINT(-115.7 48.6)
2017-11-25,48,POINT(-90.6 25.8)
2016-11-29,17,POINT(-95.7 24.5)
2016-03-25,6,POINT(-71.2 30.3)
2017-05-10,6,POINT(-71.8 41.1)
2016-03-19,15,POINT(-98.8 42.9)
2017-07-04,52,POINT(-97.9 48.1)
2016-11-01,20,POINT(-100.8 44.1)
2016-01-20,1,POINT(-80.5 20.8)
2017-08-04,17,POINT(-115.0 26.2)
2016-06-04,19,POINT(-114.2 30.7)
2016-04-26,18,POINT(-84.8 48.4)
2017-03-25,24,POINT(-119.2 38.2)
2016-01-28,7,POINT(-86.4 49.9)
2017-09-01,4,POINT(-113.6 29.5)
2016-11-24,28,POINT(-80.7 47.6)
2017-10-24,5,POINT(-83.0 41.0)
2016-12-29,3,POINT(-110.9 46.6)
2017-02-22,9,POINT(-82.2 47.7)
2016-01-22,36,POINT(-80.5 33.6)
2016-09-17,2,POINT(-73.7 46.2)
2016-02-29,5,POINT(-83.8 49.5)
2017-02-16,13,POINT(-76.6 40.0)
2016-06-11,7,POINT(-88.1 27.8)
2016-04-23,26,POINT(-88.7 28.1)
2016-12-19,23,POINT(-86.2 42.6)
2016-07-14,37,POINT(-99.7 29.9)
2016-02-14,5,POINT(-108.6 32.3)
2017-09-16,21,POINT(-99.3 35.8)
2016-06-27,30,POINT(-90.3 47.4)
2017-05-07,2,POINT(-85.5 41.3)
2016-11-20,1,POINT(-97.2 28.7)
2017-01-04,17,POINT(-103.5 24.0)
2017-07-21,18,POINT(-107.7 28.7)
2016-12-12,10,POINT(-110.8 30.0)
2016-04-24,1,POINT(-96.2 42.0)
2016-12-22,11,POINT(-84.7 32.8)
2016-06-15,21,POINT(-78.5 49.9)
2016-12-19,25,POINT(-102.7 21.0)
2016-04-24,14,POINT(-89.4 30.6)
2017-02-11,15,POINT(-96.1 22.6)
2017-08-14,23,POINT(-71.7 30.7)
2016-11-18,12,POINT(-75.9 33.0)
2017-06-24,7,POINT(-75.9 46.7)
2016-02-11,6,POINT(-91.0 32.8)
2017-04-04,28,POINT(-98.2 20.8)
2016-04-28,14,POINT(-87.4 48.7)
2017-07-27,20,POINT(-112.0 24.4)
2017-10-28,13,POINT(-75.9 43.2)
2017-03-25,35,POINT(-106.4 26.0)
2017-03-16,14,POINT(-78.7 47.7)
2016-07-07,89,POINT(-105.1 26.8)
2016-10-11,6,POINT(-93.9 45.7)
2016-04-13,3,POINT(-81.4 32.4)
2017-07-22,10,POINT(-100.3 33.4)
2017-04-01,51,POINT(-102.1 38.9)
2016-11-06,39,POINT(-75.6 34.6)
2017-11-14,6,POINT(-116.6 30.1)
2017-01-18,19,POINT(-77.9 27.3)
2017-10-29,18,POINT(-73.6 28.0)
2016-06-13,7,POINT(-91.8 41.1)
2017-02-10,6,POINT(-85.2 23.3)
2017-08-03,10,POINT(-76.9 36.8)
2017-04-20,32,POINT(-98.2 31.4)
2016-02-27,5,POINT(-76.1 30.6)
2017-12-19,12,POINT(-101.4 41.5)
2017-02-19,14,POINT(-104.7 35.1)
2017-08-19,56,POINT(-70.8 22.3)
2017-09-04,8,POINT(-118.4 47.3)
2016-09-07,1,POINT(-104.0 46.9)
2016-08-07,24,POINT(-97.1 32.8)
2016-06-08,29,POINT(-104.5 20.4)
2016-07-05,25,POINT(-105.9 21.8)
2017-08-21,25,POINT(-101.5 34.7)
2017-04-08,14,POINT(-100.1 22.4)
2017-05-12,1,POINT(-116.4 33.3)
2016-11-25,27,POINT(-81.2 25.7)
2016-12-14,56,POINT(-111.6 44.1)
2017-05-14,4,POINT(-117.9 31.0)
2017-10-28,2,POINT(-90.5 31.4)
2017-05-04,7,POINT(-86.6 20.7)
2016-10-06,38,POINT(-82.0 39.6)
2016-06-12,3,POINT(-115.6 43.2)
2017-02-01,26,POINT(-111.4 27.9)
2016-03-08,2,POINT(-110.9 38.5)
2017-03-03,1,POINT(-90.3 39.4)
2017-03-07,45,POINT(-75.5 38.9)
2017-01-09,30,POINT(-84.7 40.9)
2017-12-24,19,POINT(-104.3 43.5)
2017-09-23,4,POINT(-77.3 42.7)
2017-11-27,7,POINT(-86.5 37.2)
2017-02-26,1,POINT(-85.6 48.2)
2017-12-28,21,POINT(-72.1 43.4)
2017-10-03,24,POINT(-72.5 46.7)
2016-03-18,8,POINT(-100.7 35.2)
2017-05-02,9,POINT(-88.2 41.0)
2016-06-18,20,POINT(-109.9 45.9)
2016-02-07,59,POINT(-99.4 36.2)
2017-07-20,11,POINT(-106.3 46.2)
2016-10-16,14,POINT(-101.6 41.8)
2017-07-11,24,POINT(-86.2 42.6)
2016-06-19,9,POINT(-109.5 47.8)
2017-10-03,41,POINT(-111.0 29.9)
2017-11-06,38,POINT(-101.0 37.8)
2017-08-04,23,POINT(-115.1 28.2)
2016-10-18,16,POINT(-79.3 35.9)
2017-08-03,83,POINT(-72.1 33.3)
2017-02-25,25,POINT(-79.9 33.7)
2016-04-14,21,POINT(-93.4 26.3)
2017-07-19,42,POINT(-86.3 38.8)
2017-02-09,17,POINT(-79.7 43.9)
2017-04-03,6,POINT(-116.6 28.1)
2016-09-04,3,POINT(-99.1 23.7)
2016-11-04,13,POINT(-112.8 27.7)
2017-01-07,15,POINT(-115.5 42.7)
2016-04-15,36,POINT(-82.1 21.9)
2016-11-10,4,POINT(-77.1 38.5)
2017-08-31,23,POINT(-115.8 44.6)
2017-06-22,8,POINT(-111.1 44.0)
2016-03-12,56,POINT(-109.0 49.6)
2017-01-12,13,POINT(-77.2 43.7)
2017-05-10,20,POINT(-74.3 24.0)
2016-07-03,22,POINT(-81.8 30.4)
2016-05-13,2,POINT(-80.2 26.5)
2016-06-22,39,POINT(-102.9 31.3)
2017-09-01,4,POINT(-99.6 39.1)
2017-01-27,11,POINT(-106.0 28.7)
2016-03-04,23,POINT(-72.1 23.9)
2017-02-18,2,POINT(-83.6 41.4)
2017-02-06,18,POINT(-102.9 23.5)
2016-04-22,11,POINT(-113.2 48.4)
2016-03-05,2,POINT(-110.3 38.6)
2017-12-28,26,POINT(-109.8 42.9)
2017-02-04,14,POINT(-89.3 44.7)
2016-10-16,8,POINT(-74.9 39.3)
2017-04-27,2,POINT(-76.6 41.1)
2017-02-23,16,POINT(-116.5 43.7)
2016-11-10,8,POINT(-84.5 33.6)
2016-03-29,59,POINT(-111.6 20.1)
2017-10-22,18,POINT(-104.5 49.0)
2016-12-22,7,POINT(-92.8 27.3)
2017-06-01,16,POINT(-78.0 24.5)
2016-12-30,16,POINT(-108.2 47.6)
2016-09-23,26,POINT(-76.3 36.2)
2017-02-09,47,POINT(-83.3 28.3)
2016-05-18,66,POINT(-86.3 48.0)
2016-06-13,26,POINT(-113.4 45.7)
2017-11-27,16,POINT(-96.3 33.7)
2017-10-27,6,POINT(-106.2 48.7)
2016-04-15,11,POINT(-90.6 22.8)
2016-05-28,14,POINT(-86.3 48.1)
2016-07-03,3,POINT(-116.7 33.8)
2017-02-13,6,POINT(-87.8 33.8)
2017-12-03,84,POINT(-95.1 33.6)
2017-11-05,29,POINT(-78.1 32.9)
2016-07-19,14,POINT(-80.3 36.1)
2017-09-09,6,POINT(-99.4 49.9)
2017-12-27,18,POINT(-71.2 20.4)
2016-08-07,6,POINT(-90.7 35.0)
2017-04-14,5,POINT(-71.8 28.5)
2017-12-29,2,POINT(-84.0 25.1)
2017-03-09,9,POINT(-99.6 47.8)
2016-01-29,16,POINT(-108.3 31.5)
2016-03-04,4,POINT(-96.7 36.4)
2016-04-05,5,POINT(-73.2 47.9)
2017-10-27,10,POINT(-113.5 34.4)
2017-06-23,14,POINT(-97.0 28.6)
2017-05-24,29,POINT(-102.7 22.9)
2016-12-05,17,POINT(-76.6 38.0)
2017-11-18,20,POINT(-79.8 47.3)
2016-09-07,24,POINT(-92.4 22.4)
2017-12-06,12,POINT(-99.2 33.4)
2016-10-05,9,POINT(-85.8 39.9)
2016-02-08,33,POINT(-72.3 23.0)
2016-03-09,36,POINT(-114.9 22.4)
2016-10-03,4,POINT(-75.1 26.1)
2016-04-29,62,POINT(-105.3 23.9)
2016-03-26,54,POINT(-119.8 31.3)
2016-06-25,41,POINT(-82.9 32.3)
2017-08-28,11,POINT(-80.6 33.6)
2016-04-01,37,POINT(-104.8 34.7)
2017-02-23,20,POINT(-81.1 21.7)
2016-03-21,5,POINT(-80.1 39.9)
2016-12-06,30,POINT(-86.2 42.0)
2017-02-24,11,POINT(-118.1 24.1)
2016-08-15,7,POINT(-86.6 26.8)
2017-04-17,43,POINT(-73.4 28.4)
2016-03-28,40,POINT(-89.0 32.5)
2016-12-15,40,POINT(-101.7 32.0)
2017-10-01,40,POINT(-91.8 26.2)
2016-07-08,17,POINT(-70.3 22.2)
2017-10-07,20,POINT(-96.4 28.7)
2016-05-15,60,POINT(-77.9 43.4)
2016-11-20,3,POINT(-113.1 21.8)
2016-02-09,33,POINT(-117.2 31.0)
2017-10-11,15,POINT(-100.5 25.8)
2016-10-13,77,POINT(-113.1 41.4)
2016-09-12,21,POINT(-103.5 29.9)
2017-08-19,4,POINT(-84.2 31.9)
2017-02-23,34,POINT(-97.7 47.5)
2017-06-22,23,POINT(-103.9 38.3)
2016-10-17,4,POINT(-75.4 44.7)
2016-11-11,1,POINT(-119.5 40.5)
2016-05-11,16,POINT(-79.3 48.8)
2017-08-25,6,POINT(-88.9 37.1)
2017-06-22,41,POINT(-117.7 27.5)
2016-10-29,6,POINT(-118.3 40.8)
2016-10-08,22,POINT(-111.4 44.6)
2017-05-06,9,POINT(-71.1 49.0)
2016-10-06,9,POINT(-115.7 38.5)
2017-05-14,5,POINT(-83.1 44.7)
2016-07-17,14,POINT(-99.9 41.3)
2017-01-09,18,POINT(-108.2 43.3)
2016-10-26,18,POINT(-91.2 37.9)
2017-10-27,39,POINT(-101.6 28.7)
2016-10-25,22,POINT(-104.5 22.6)
2017-07-08,27,POINT(-108.0 41.6)
2016-11-17,8,POINT(-97.1 44.9)
2016-04-19,11,POINT(-111.5 43.1)
2017-09-14,1,POINT(-77.4 21.2)
2017-04-15,2,POINT(-90.4 21.6)
2017-02-15,10,POINT(-116.9 23.1)
2017-05-27,5,POINT(-97.1 44.7)
2017-04-24,34,POINT(-88.5 38.3)
2016-05-19,23,POINT(-76.9 37.7)
2017-11-20,71,POINT(-118.8 26.4)
2017-05-18,44,POINT(-97.2 22.3)
2016-02-29,77,POINT(-84.7 43.9)
2016-07-01,10,POINT(-110.2 44.9)
2017-02-22,14,POINT(-108.9 27.5)
2016-08-14,10,POINT(-95.5 44.8)
2017-01-25,67,POINT(-75.8 29.4)
2016-05-23,11,POINT(-100.1 44.4)
2017-07-17,3,POINT(-95.8 22.1)
2017-08-15,6,POINT(-88.2 30.3)
2017-10-22,12,POINT(-104.5 43.1)
2016-01-27,19,POINT(-76.6 28.7)
2017-09-14,20,POINT(-71.9 21.2)
2017-05-22,29,POINT(-87.5 24.5)
2017-08-13,21,POINT(-88.1 48.9)
2016-05-06,14,POINT(-86.3 38.0)
2017-03-31,1,POINT(-110.3 25.3)
2016-10-07,24,POINT(-83.4 39.4)
2017-01-29,2,POINT(-102.7 38.7)
2016-11-14,13,POINT(-70.3 32.2)
2017-03-16,46,POINT(-82.4 40.0)
2016-12-06,19,POINT(-90.8 23.4)
2017-11-24,5,POINT(-74.4 29.6)
2016-04-28,34,POINT(-71.5 21.1)
2017-11-20,8,POINT(-79.1 47.4)
2017-12-13,18,POINT(-82.2 46.8)
2017-01-02,21,POINT(-117.0 26.1)
2017-01-19,27,POINT(-84.7 41.2)
2017-05-24,2,POINT(-103.2 44.4)
2017-08-04,39,POINT(-73.5 32.2)
2016-06-06,3,POINT(-89.4 44.5)
2017-09-01,2,POINT(-101.5 34.8)
2017-12-17,13,POINT(-103.1 43.9)
2016-03-26,10,POINT(-92.3 42.7)
2016-12-26,2,POINT(-95.4 36.9)
2016-03-25,4,POINT(-100.5 35.2)
2016-12-24,12,POINT(-109.6 28.8)
2017-12-27,36,POINT(-80.2 32.3)
2016-05-12,3,POINT(-98.3 31.8)
2017-01-21,3,POINT(-115.1 23.1)
2016-09-03,33,POINT(-115.7 35.7)
2016-05-20,14,POINT(-108.1 37.4)
2017-03-22,9,POINT(-92.4 49.1)
2016-03-16,13,POINT(-112.6 28.5)
2016-04-07,11,POINT(-109.2 32.0)
2016-10-29,31,POINT(-94.9 36.6)
2017-04-10,1,POINT(-109.1 45.6)
2016-02-24,12,POINT(-77.1 27.7)
2016-10-31,4,POINT(-90.5 27.0)
2017-06-17,8,POINT(-115.7 36.0)
2016-02-04,3,POINT(-113.0 23.9)
2017-06-23,12,POINT(-110.2 40.9)
2017-05-03,21,POINT(-88.5 45.8)
2017-11-12,22,POINT(-114.7 20.9)
2016-05-19,32,POINT(-117.8 25.8)
2017-10-02,34,POINT(-83.6 37.4)
2016-04-09,19,POINT(-96.1 44.8)
2017-01-07,9,POINT(-77.6 34.7)
2016-01-23,2,POINT(-80.4 43.5)
2016-10-10,1,POINT(-106.3 32.7)
2016-04-22,3,POINT(-110.4 31.6)
2017-01-07,83,POINT(-94.2 25.4)
2016-07-15,31,POINT(-116.0 24.5)
2016-06-12,11,POINT(-88.4 42.4)
2017-03-06,13,POINT(-119.4 25.1)
2017-07-21,27,POINT(-79.8 32.2)
2016-01-10,15,POINT(-75.5 36.4)
2017-10-06,9,POINT(-70.2 27.9)
2017-02-01,9,POINT(-102.8 45.0)
2016-05-31,5,POINT(-91.9 32.1)
2016-07-09,44,POINT(-76.9 31.3)
2016-10-03,11,POINT(-96.9 25.3)
2017-05-07,28,POINT(-103.5 26.6)
2016-08-30,18,POINT(-117.6 28.7)
2017-05-02,29,POINT(-100.3 30.5)
2016-10-02,8,POINT(-116.1 41.0)
2016-07-08,28,POINT(-101.9 49.9)
2017-09-18,32,POINT(-102.8 35.2)
2016-11-02,3,POINT(-87.6 41.2)
2016-10-22,2,POINT(-101.7 27.3)
2016-08-21,85,POINT(-100.8 48.4)
2016-12-06,3,POINT(-105.7 44.3)
2017-08-15,24,POINT(-89.6 40.6)
2016-07-11,28,POINT(-100.5 29.4)
2016-12-29,2,POINT(-72.6 22.4)
2016-09-14,28,POINT(-75.4 49.0)
2017-05-25,11,POINT(-108.2 41.8)
2016-08-18,7,POINT(-99.8 24.1)
2016-01-14,22,POINT(-88.3 36.6)
2016-01-14,36,POINT(-119.2 38.3)
2017-07-09,18,POINT(-108.6 33.3)
2016-07-28,41,POINT(-105.7 34.2)
2016-02-09,1,POINT(-99.9 36.4)
2016-02-03,27,POINT(-75.5 44.0)
2016-08-21,4,POINT(-115.2 44.4)
2016-10-16,7,POINT(-116.7 48.8)
2017-03-08,17,POINT(-86.8 25.2)
2016-11-13,7,POINT(-101.8 23.3)
2017-10-01,4,POINT(-111.1 38.3)
2017-02-11,44,POINT(-84.9 41.1)
2017-12-21,48,POINT(-107.9 30.2)
2016-03-20,1,POINT(-91.7 49.5)
2016-06-24,14,POINT(-99.6 45.2)
2016-10-11,5,POINT(-101.9 34.8)
2017-09-21,40,POINT(-83.9 41.7)
2017-11-08,13,POINT(-89.3 33.6)
2016-11-13,14,POINT(-94.3 26.0)
2017-02-13,20,POINT(-113.6 24.8)
2016-05-21,2,POINT(-90.7 28.7)
2016-09-03,3,POINT(-85.4 46.9)
2016-06-25,14,POINT(-79.3 31.3)
2016-12-09,69,POINT(-105.0 47.2)
2016-09-20,38,POINT(-106.8 43.9)
2016-06-16,45,POINT(-82.6 38.2)
2016-01-25,3,POINT(-96.6 46.9)
2017-12-03,64,POINT(-99.7 25.7)
2017-06-10,27,POINT(-112.0 22.3)
2017-06-11,8,POINT(-98.3 42.5)
2016-11-05,40,POINT(-83.7 47.2)
2017-09-30,28,POINT(-97.5 31.5)
2016-01-28,27,POINT(-76.4 20.1)
2017-01-04,27,POINT(-119.8 43.0)
2017-01-18,33,POINT(-111.0 30.9)
2016-10-20,60,POINT(-89.3 37.6)
2017-10-25,3,POINT(-86.4 26.3)
2017-04-23,153,POINT(-106.2 40.4)
2017-08-02,42,POINT(-72.9 36.0)
2016-02-06,12,POINT(-103.5 20.8)
2017-06-30,4,POINT(-99.4 20.2)
2017-10-07,13,POINT(-71.2 33.1)
2017-11-03,31,POINT(-96.0 24.9)
2017-01-06,19,POINT(-89.4 47.2)
2017-09-13,7,POINT(-93.0 23.1)
2016-04-11,11,POINT(-111.1 41.5)
2016-12-20,62,POINT(-70.4 30.5)
2017-04-09,33,POINT(-117.0 48.0)
2017-11-24,3,POINT(-70.8 24.0)
2017-04-24,16,POINT(-96.6 43.3)
2017-10-20,54,POINT(-110.5 48.8)
2016-08-03,1,POINT(-111.7 48.7)
2017-10-12,1,POINT(-87.2 27.7)
2016-11-22,26,POINT(-84.5 28.9)
2017-11-30,18,POINT(-75.1 24.5)
2017-08-22,1,POINT(-108.2 31.2)
2016-09-03,111,POINT(-98.3 40.5)
2017-11-28,18,POINT(-71.4 20.3)
2016-03-28,14,POINT(-98.6 39.5)
2016-11-29,12,POINT(-97.0 20.5)
2017-10-25,25,POINT(-105.6 40.0)
2016-07-18,13,POINT(-76.5 45.2)
2017-01-17,22,POINT(-101.7 30.8)
2017-03-03,14,POINT(-88.2 32.2)
2016-11-30,19,POINT(-110.9 41.8)
2017-03-25,33,POINT(-89.2 44.3)
2016-08-03,34,POINT(-73.3 50.0)
2017-08-08,38,POINT(-81.2 36.2)
2017-11-02,5,POINT(-116.6 45.6)
2016-09-11,2,POINT(-88.3 21.7)
2017-06-12,37,POINT(-92.1 23.2)
2017-05-19,1,POINT(-103.1 46.1)
2017-03-13,5,POINT(-77.9 31.4)
2017-10-11,15,POINT(-80.4 26.8)
2017-04-14,39,POINT(-87.6 32.2)
2016-01-06,46,POINT(-82.8 35.8)
2016-08-06,20,POINT(-110.3 29.7)
2017-05-27,69,POINT(-74.0 25.9)
2017-07-29,27,POINT(-86.6 21.1)
2017-12-21,16,POINT(-96.6 43.0)
2017-05-27,3,POINT(-110.3 47.1)
2016-07-07,12,POINT(-85.9 20.5)
2016-09-03,35,POINT(-115.2 30.5)
2017-11-16,7,POINT(-104.0 46.8)
2017-09-12,18,POINT(-91.3 20.6)
2017-07-25,83,POINT(-87.7 41.9)
2017-07-08,4,POINT(-119.1 27.3)
2017-03-03,3,POINT(-119.6 43.2)
2017-07-03,32,POINT(-114.4 40.4)
2016-12-28,1,POINT(-81.6 48.2)
2017-08-16,21,POINT(-91.6 29.2)
2017-01-30,9,POINT(-89.6 24.5)
2017-09-14,26,POINT(-89.8 34.9)
2016-05-15,3,POINT(-118.2 49.5)
2017-03-09,9,POINT(-111.4 21.2)
2016-11-13,1,POINT(-83.6 25.4)
2017-06-18,6,POINT(-87.7 45.7)
2017-05-15,14,POINT(-97.7 40.6)
2016-12-14,4,POINT(-119.0 32.7)
2016-02-28,19,POINT(-99.2 34.8)
2016-05-19,3,POINT(-107.6 27.7)
2017-09-19,28,POINT(-85.1 48.9)
2016-07-22,51,POINT(-78.8 30.3)
2016-06-06,10,POINT(-94.8 31.4)
2016-11-25,16,POINT(-99.8 34.1)
2016-07-14,14,POINT(-106.3 26.4)
2017-03-06,31,POINT(-115.4 25.9)
2017-12-24,103,POINT(-101.4 38.0)
2017-07-06,27,POINT(-86.1 43.2)
2017-06-02,5,POINT(-86.7 42.6)
2017-09-08,24,POINT(-99.4 37.0)
2017-04-16,20,POINT(-71.7 39.2)
2017-04-02,5,POINT(-73.0 36.9)
2016-02-14,6,POINT(-76.2 46.2)
2016-02-07,22,POINT(-98.2 31.6)
2017-11-06,33,POINT(-82.7 23.7)
2017-08-15,29,POINT(-73.6 33.1)
2016-12-06,19,POINT(-83.1 46.1)
2017-07-23,56,POINT(-104.2 47.0)
2016-10-28,27,POINT(-116.6 37.7)
2017-09-26,16,POINT(-72.1 21.9)
2017-12-07,34,POINT(-70.4 41.7)
2016-07-11,7,POINT(-85.3 39.6)
2017-09-07,7,POINT(-104.2 33.6)
2017-09-15,72,POINT(-76.7 24.9)
2016-05-11,60,POINT(-72.3 38.2)
2017-08-30,43,POINT(-94.7 34.5)
2017-08-17,5,POINT(-104.4 21.8)
2017-04-12,18,POINT(-99.7 31.9)
2016-06-18,16,POINT(-116.3 48.2)
2017-07-14,5,POINT(-91.7 32.3)
2017-10-08,12,POINT(-101.1 32.9)
2016-09-21,13,POINT(-75.8 36.7)
2016-07-17,6,POINT(-106.2 28.9)
2016-10-09,62,POINT(-119.6 22.2)
2017-02-08,14,POINT(-83.1 38.0)
2017-06-30,15,POINT(-119.6 34.9)
2017-04-24,19,POINT(-92.7 40.5)
2016-07-22,44,POINT(-110.9 34.3)
2017-04-15,16,POINT(-89.5 27.4)
2016-12-14,16,POINT(-110.1 31.5)
2016-02-12,6,POINT(-94.9 20.4)
2017-04-26,19,POINT(-103.2 24.7)
2017-01-11,10,POINT(-110.9 43.6)
2016-03-18,21,POINT(-89.7 48.0)
2016-02-05,8,POINT(-115.9 31.0)
2017-01-17,26,POINT(-72.9 47.8)
2016-06-22,20,POINT(-81.1 39.1)
2017-10-08,13,POINT(-74.2 28.4)
2016-11-25,3,POINT(-117.9 38.0)
2017-10-13,20,POINT(-119.9 44.2)
2016-02-24,40,POINT(-102.1 43.6)
2016-10-05,4,POINT(-89.2 46.6)
2017-04-03,2,POINT(-107.8 43.6)
2017-11-22,1,POINT(-92.5 40.9)
2017-06-08,1,POINT(-89.7 31.5)
2017-12-16,37,POINT(-112.4 25.4)
2017-03-30,27,POINT(-81.6 23.4)
2017-07-28,5,POINT(-73.2 44.4)
2017-05-06,50,POINT(-88.0 43.0)
2016-03-14,3,POINT(-72.6 46.8)
2017-03-30,10,POINT(-107.7 22.1)
2016-06-03,13,POINT(-118.2 39.1)
2017-06-02,2,POINT(-107.6 41.6)
2017-01-09,9,POINT(-87.6 32.4)
2016-11-01,3,POINT(-90.1 35.9)
2016-12-08,32,POINT(-106.6 34.9)
2017-10-26,1,POINT(-99.6 33.0)
2016-02-13,1,POINT(-101.6 28.7)
2017-07-01,27,POINT(-72.5 49.7)
2017-03-16,31,POINT(-104.3 46.5)
2016-04-06,14,POINT(-110.3 43.6)
2016-06-13,8,POINT(-91.7 45.3)
2016-04-12,6,POINT(-113.8 45.1)
2017-03-11,3,POINT(-94.6 22.2)
2017-01-15,14,POINT(-85.7 37.2)
2017-03-22,14,POINT(-72.8 34.1)
2016-01-07,13,POINT(-75.4 26.0)
2016-04-03,31,POINT(-77.9 27.8)
2017-03-19,3,POINT(-100.3 24.2)
2017-04-23,23,POINT(-75.3 34.2)
2017-09-24,11,POINT(-84.2 27.7)
2017-05-08,6,POINT(-97.9 26.4)
2016-02-06,23,POINT(-91.8 36.5)
2017-06-16,5,POINT(-98.2 26.4)
2016-04-07,6,POINT(-110.2 37.7)
2016-01-21,131,POINT(-97.4 24.7)
2016-08-19,44,POINT(-79.6 41.2)
2017-04-12,24,POINT(-106.7 29.1)
2016-12-19,8,POINT(-88.0 42.9)
2016-03-12,16,POINT(-92.3 43.9)
2016-12-17,3,POINT(-74.0 49.6)
2016-02-21,9,POINT(-82.7 20.5)
2016-08-09,2,POINT(-101.9 44.3)
2016-11-20,19,POINT(-91.9 34.5)
2017-04-04,39,POINT(-74.4 23.7)
2016-06-15,34,POINT(-108.7 42.7)
2016-10-09,39,POINT(-96.3 22.0)
2017-05-15,4,POINT(-108.9 46.0)
2017-12-17,22,POINT(-99.1 39.0)
2017-01-01,63,POINT(-117.1 25.7)
2017-10-11,31,POINT(-76.2 40.4)
2016-02-05,1,POINT(-71.1 25.0)
2017-08-29,43,POINT(-91.6 37.0)
2017-06-11,25,POINT(-92.3 20.1)
2017-11-06,3,POINT(-72.2 48.1)
2017-08-24,8,POINT(-100.3 21.9)
2017-09-11,3,POINT(-88.9 42.5)
2017-08-18,27,POINT(-78.1 41.2)
2016-09-11,1,POINT(-94.7 39.5)
2017-11-07,13,POINT(-108.9 21.2)
2016-07-18,172,POINT(-79.4 39.7)
2017-10-30,39,POINT(-106.4 38.4)
2016-01-31,18,POINT(-77.8 39.0)
2017-07-31,24,POINT(-72.8 36.1)
2017-08-23,19,POINT(-92.7 29.9)
2017-04-30,34,POINT(-117.5 27.0)
2016-09-15,44,POINT(-72.2 33.7)
2016-09-09,30,POINT(-78.4 31.5)
2017-05-08,5,POINT(-114.1 40.6)
2016-08-21,10,POINT(-88.5 28.1)
2016-04-16,31,POINT(-104.2 43.8)
2017-08-03,35,POINT(-103.5 49.4)
2016-12-01,20,POINT(-91.0 41.0)
2017-12-13,26,POINT(-84.4 35.4)
2016-02-22,4,POINT(-119.4 25.1)
2017-11-17,10,POINT(-112.4 49.5)
2016-02-11,16,POINT(-74.9 28.2)
2016-09-16,83,POINT(-95.3 37.1)
2017-01-03,33,POINT(-95.4 33.3)
2016-07-28,5,POINT(-78.0 26.0)
2017-04-10,9,POINT(-113.5 43.4)
2016-02-11,5,POINT(-84.3 23.5)
2016-12-18,4,POINT(-94.7 32.9)
2017-11-12,3,POINT(-82.9 26.3)
2016-09-15,68,POINT(-86.0 36.5)
2016-12-02,48,POINT(-86.7 45.8)
2017-12-16,14,POINT(-77.2 46.7)
2017-01-29,16,POINT(-92.5 35.9)
2017-11-05,37,POINT(-99.6 27.2)
2016-04-14,21,POINT(-110.1 31.5)
2017-11-20,27,POINT(-102.8 40.7)
2017-12-03,32,POINT(-76.5 28.6)
2016-05-03,14,POINT(-103.1 24.6)
2017-12-10,74,POINT(-70.7 28.3)
2016-04-08,20,POINT(-89.6 23.6)
2016-01-06,21,POINT(-79.3 28.3)
2016-09-23,4,POINT(-95.3 21.3)
2016-02-12,89,POINT(-87.3 21.9)
2017-10-14,2,POINT(-70.5 45.8)
2016-09-25,85,POINT(-95.0 25.3)
2017-07-04,49,POINT(-106.8 45.3)
2017-11-04,39,POINT(-87.5 49.9)
2016-07-13,23,POINT(-74.0 31.7)
2016-11-19,19,POINT(-119.1 33.4)
2017-09-07,114,POINT(-70.4 28.6)
2016-03-05,73,POINT(-92.8 23.6)
2016-07-19,34,POINT(-80.0 39.1)
2016-08-29,2,POINT(-114.1 45.4)
2016-01-07,10,POINT(-105.4 40.1)
2016-08-06,41,POINT(-71.1 23.3)
2016-01-03,25,POINT(-105.6 38.2)
2017-04-08,3,POINT(-99.4 39.2)
2016-10-31,9,POINT(-106.0 40.7)
2016-11-09,1,POINT(-96.6 22.1)
2017-04-22,45,POINT(-112.0 40.9)
2017-02-14,28,POINT(-94.6 38.1)
2017-05-12,12,POINT(-105.1 46.0)
2017-06-17,29,POINT(-79.2 25.0)
2017-08-28,55,POINT(-100.5 21.9)
2016-12-22,7,POINT(-80.4 44.4)
2016-03-11,7,POINT(-87.9 23.1)
2016-01-13,14,POINT(-74.2 31.4)
2017-02-09,25,POINT(-79.5 46.1)
2017-05-31,100,POINT(-74.9 28.3)
2016-01-22,4,POINT(-93.7 33.3)
2016-11-04,9,POINT(-74.3 38.4)
2016-10-21,10,POINT(-112.3 39.2)
2017-07-02,26,POINT(-115.8 37.8)
2016-01-31,44,POINT(-93.7 21.8)
2016-03-02,5,POINT(-78.7 43.4)
2016-08-08,26,POINT(-109.4 43.8)
2016-12-24,49,POINT(-71.6 23.1)
2017-08-15,3,POINT(-110.7 42.2)
2017-01-17,21,POINT(-84.6 35.1)
2017-06-01,5,POINT(-74.2 20.4)
2017-09-08,12,POINT(-71.7 40.8)
2016-12-02,3,POINT(-86.9 33.8)
2016-06-10,24,POINT(-91.3 23.8)
2017-07-17,11,POINT(-115.5 25.3)
2016-06-06,17,POINT(-119.0 42.7)
2016-01-13,15,POINT(-70.7 48.4)
2016-07-04,24,POINT(-106.3 24.9)
2016-11-04,46,POINT(-116.4 32.1)
2016-05-27,7,POINT(-93.1 29.6)
2016-02-24,19,POINT(-104.4 37.6)
2017-07-24,18,POINT(-102.1 25.9)
2017-12-10,8,POINT(-102.3 37.4)
2017-09-01,14,POINT(-107.6 44.9)
2017-10-29,1,POINT(-71.6 39.2)
2017-11-22,12,POINT(-106.7 25.8)
2017-05-24,7,POINT(-92.1 42.5)
2017-08-08,40,POINT(-108.1 33.8)
2017-07-26,9,POINT(-81.9 23.4)
2016-02-14,5,POINT(-108.5 29.8)
2017-10-08,16,POINT(-89.3 27.2)
2017-12-22,34,POINT(-78.3 45.3)
2016-03-26,9,POINT(-106.4 26.8)
2016-10-18,38,POINT(-79.8 35.4)
2016-09-20,8,POINT(-115.4 39.6)
2016-09-24,27,POINT(-114.2 21.7)
2016-08-12,3,POINT(-100.0 24.2)
2016-08-03,2,POINT(-99.7 43.6)
2016-08-18,27,POINT(-94.2 30.3)
2017-12-02,10,POINT(-118.8 41.1)
2017-10-15,10,POINT(-114.1 42.8)
2016-06-25,18,POINT(-119.5 39.3)
2017-07-16,87,POINT(-72.3 37.5)
2017-12-02,4,POINT(-104.3 34.9)
2017-05-31,8,POINT(-85.6 31.8)
2017-12-23,21,POINT(-89.6 24.5)
2017-12-07,25,POINT(-83.8 49.2)
2017-05-27,25,POINT(-75.9 39.3)
2016-04-13,19,POINT(-108.3 25.8)
2016-04-10,18,POINT(-98.7 45.1)
2017-10-01,4,POINT(-103.6 44.7)
2016-10-31,36,POINT(-115.9 42.6)
2016-12-16,1,POINT(-118.4 23.5)
2017-03-26,11,POINT(-81.8 20.5)
2016-09-25,5,POINT(-113.5 41.2)
2017-01-06,3,POINT(-119.2 26.1)
2016-02-07,8,POINT(-98.1 45.2)
2016-03-03,22,POINT(-103.9 40.2)
2017-05-19,14,POINT(-116.7 31.2)
2016-09-21,42,POINT(-117.4 34.6)
2017-11-06,19,POINT(-74.3 35.1)
2017-06-18,6,POINT(-73.0 31.4)
2016-03-19,15,POINT(-95.9 25.4)
2017-09-21,6,POINT(-77.6 49.8)
2016-07-03,4,POINT(-80.0 42.5)
2017-05-09,63,POINT(-91.0 24.7)
2017-07-24,13,POINT(-82.5 21.0)
2017-01-04,22,POINT(-73.5 30.3)
2017-08-23,42,POINT(-91.7 36.6)
2016-11-26,8,POINT(-94.4 48.1)
2017-03-15,32,POINT(-119.8 24.0)
2016-08-25,32,POINT(-92.9 33.2)
2016-10-18,35,POINT(-79.1 25.4)
2017-03-01,5,POINT(-81.9 22.1)
2016-10-21,66,POINT(-87.7 38.0)
2017-05-14,7,POINT(-118.8 23.1)
2017-07-09,30,POINT(-73.7 41.6)
2017-08-14,4,POINT(-98.5 36.6)
2017-11-16,52,POINT(-91.4 27.0)
2017-10-14,12,POINT(-100.1 43.8)
2016-02-06,23,POINT(-102.6 41.0)
2017-06-09,38,POINT(-94.5 38.8)
2017-09-25,7,POINT(-95.3 26.4)
2017-01-31,10,POINT(-102.2 41.2)
2017-01-30,8,POINT(-79.8 36.2)
2017-07-20,7,POINT(-117.5 36.0)
2016-01-22,15,POINT(-114.1 23.6)
2016-12-05,16,POINT(-115.9 24.1)
2017-05-09,2,POINT(-91.8 21.0)
2017-02-06,23,POINT(-99.4 27.4)
2016-07-21,11,POINT(-97.4 34.8)
2016-12-11,45,POINT(-91.2 30.8)
2016-01-15,44,POINT(-103.8 41.4)
2016-01-30,26,POINT(-110.8 32.2)
2016-01-29,39,POINT(-104.7 22.8)
2016-06-08,52,POINT(-70.3 41.7)
2017-09-20,18,POINT(-72.4 25.5)
2017-10-31,72,POINT(-72.2 29.5)
2017-09-11,63,POINT(-118.6 35.0)
2017-09-18,3,POINT(-115.5 36.6)
2016-09-28,15,POINT(-117.7 28.8)
2017-02-23,3,POINT(-79.2 33.8)
2017-05-03,24,POINT(-70.4 22.0)
2016-06-24,29,POINT(-92.9 24.8)
2016-08-18,44,POINT(-85.0 38.0)
2016-11-13,21,POINT(-102.4 20.1)
2017-04-11,13,POINT(-81.7 25.5)
2017-03-15,4,POINT(-87.2 38.9)
2016-02-25,3,POINT(-80.0 27.0)
2016-11-26,14,POINT(-95.0 44.5)
2016-09-29,36,POINT(-110.3 31.8)
2017-12-02,28,POINT(-96.2 41.4)
2016-01-21,43,POINT(-104.4 46.6)
2016-06-13,34,POINT(-85.3 33.4)
2017-05-06,5,POINT(-113.2 40.3)
2017-02-21,5,POINT(-103.4 45.3)
2017-08-02,13,POINT(-119.7 27.4)
2016-09-23,5,POINT(-79.2 46.6)
2017-12-30,5,POINT(-99.7 45.8)
2016-12-03,7,POINT(-81.2 21.8)
2017-08-30,1,POINT(-115.1 34.1)
2016-07-06,17,POINT(-110.3 23.3)
2017-04-19,11,POINT(-77.5 46.6)
2016-07-26,6,POINT(-90.2 27.2)
2016-03-14,3,POINT(-119.7 31.1)
2017-11-04,13,POINT(-74.7 48.1)
2017-11-03,19,POINT(-70.8 36.9)
2017-01-28,73,POINT(-86.9 47.8)
2017-05-04,6,POINT(-83.6 33.8)
2017-07-25,1,POINT(-113.3 49.5)
2016-01-26,27,POINT(-81.7 48.7)
2017-06-20,6,POINT(-115.1 20.6)
2017-05-29,14,POINT(-75.5 32.2)
2016-09-13,34,POINT(-94.8 48.5)
2016-10-06,1,POINT(-112.9 44.4)
2017-07-09,4,POINT(-115.6 26.4)
2016-02-02,3,POINT(-98.0 46.5)
2016-10-20,6,POINT(-119.7 26.0)
2017-09-15,4,POINT(-71.9 48.1)
2016-11-03,8,POINT(-111.5 22.5)
2016-10-17,28,POINT(-99.0 48.4)
2016-10-30,1,POINT(-89.7 22.5)
2016-02-12,2,POINT(-86.3 26.8)
2017-07-09,17,POINT(-91.8 37.0)
2017-08-21,15,POINT(-111.1 25.6)
2017-04-24,13,POINT(-96.4 31.7)
2016-03-23,15,POINT(-103.9 25.1)
2016-07-22,28,POINT(-115.5 36.7)
2017-10-03,18,POINT(-100.6 38.3)
2016-05-17,13,POINT(-89.6 26.6)
2016-03-23,2,POINT(-114.9 28.7)
2017-11-17,74,POINT(-111.8 42.1)
2017-10-09,6,POINT(-115.7 22.6)
2017-09-10,41,POINT(-119.9 33.6)
2016-05-30,10,POINT(-73.2 28.7)
2017-09-12,24,POINT(-78.1 32.4)
2016-11-14,13,POINT(-108.4 45.1)
2016-09-03,9,POINT(-91.1 49.4)
2016-02-06,20,POINT(-79.9 25.4)
2016-09-24,16,POINT(-101.7 21.8)
2017-08-08,6,POINT(-83.0 25.9)
2016-04-24,9,POINT(-76.6 46.2)
2016-03-21,1,POINT(-95.1 46.4)
2017-12-05,5,POINT(-75.6 28.6)
2017-12-26,9,POINT(-109.5 29.9)
2017-06-10,72,POINT(-74.9 39.9)
2016-12-01,15,POINT(-79.7 30.3)
2016-03-24,25,POINT(-78.0 47.1)
2016-06-02,23,POINT(-119.8 44.0)
2016-09-09,80,POINT(-86.8 30.7)
2017-05-16,17,POINT(-100.0 49.2)
2017-03-23,18,POINT(-89.8 42.3)
2016-09-29,8,POINT(-115.8 42.7)
2017-05-21,20,POINT(-108.2 48.8)
2016-05-11,29,POINT(-102.4 32.9)
2017-12-11,3,POINT(-84.1 21.2)
2016-11-20,14,POINT(-92.4 49.7)
2016-12-16,11,POINT(-119.3 48.1)
2016-03-23,3,POINT(-103.3 49.0)
2016-05-05,9,POINT(-73.0 34.2)
2016-08-01,16,POINT(-111.0 24.9)
2017-12-27,21,POINT(-108.2 25.9)
2017-08-22,7,POINT(-104.6 34.2)
2017-04-06,13,POINT(-106.6 40.3)
2017-09-16,27,POINT(-113.9 34.0)
2016-04-14,11,POINT(-104.4 31.8)
2017-01-05,57,POINT(-93.0 48.9)
2016-03-03,1,POINT(-86.2 39.4)
2017-04-13,7,POINT(-87.9 32.2)
2016-01-26,3,POINT(-111.9 40.7)
2017-10-01,16,POINT(-89.3 43.8)
2016-01-01,4,POINT(-102.1 31.0)
2016-04-03,28,POINT(-78.9 34.3)
2017-03-27,51,POINT(-101.9 39.3)
2016-01-12,5,POINT(-71.2 39.1)
2017-11-08,48,POINT(-89.3 25.3)
2016-10-24,20,POINT(-98.6 34.9)
2017-02-23,5,POINT(-94.8 27.8)
2017-08-01,27,POINT(-111.2 47.4)
2016-06-15,2,POINT(-86.0 34.9)
2016-09-10,24,POINT(-71.8 43.0)
2017-07-24,40,POINT(-94.3 21.3)
2016-10-20,61,POINT(-70.4 31.4)
2016-05-23,2,POINT(-112.5 24.8)
2016-07-27,2,POINT(-88.1 31.8)
2016-08-13,54,POINT(-86.1 43.9)
2017-04-02,32,POINT(-104.4 47.8)
2016-10-10,30,POINT(-102.4 47.5)
2017-08-25,28,POINT(-72.7 23.6)
2017-04-30,26,POINT(-89.4 29.0)
2016-04-20,19,POINT(-80.9 39.8)
2016-12-15,34,POINT(-83.7 26.1)
2016-11-28,1,POINT(-89.5 21.5)
2016-03-20,27,POINT(-117.6 48.6)
2017-01-20,18,POINT(-86.9 29.9)
2017-02-07,48,POINT(-102.8 32.6)
2017-12-16,56,POINT(-96.5 28.2)
2016-11-23,6,POINT(-77.4 29.8)
2016-10-20,32,POINT(-71.6 48.9)
2017-05-08,63,POINT(-85.3 25.8)
2016-07-02,7,POINT(-108.4 34.8)
2016-07-30,39,POINT(-104.1 39.1)
2016-09-07,18,POINT(-113.1 26.7)
2016-06-15,11,POINT(-91.0 41.5)
2017-06-26,35,POINT(-73.5 40.5)
2017-10-24,41,POINT(-79.5 48.6)
2016-06-10,7,POINT(-92.8 33.8)
2017-08-30,32,POINT(-72.9 31.5)
2016-09-29,2,POINT(-75.2 30.8)
2017-06-19,11,POINT(-101.9 30.9)
2017-02-22,2,POINT(-92.5 21.1)
2017-09-21,7,POINT(-105.2 27.1)
2017-02-10,61,POINT(-119.6 23.6)
2017-01-26,27,POINT(-97.4 46.4)
2017-03-13,29,POINT(-82.5 21.7)
2016-03-27,3,POINT(-88.3 31.0)
2017-02-08,18,POINT(-73.7 26.6)
2016-10-01,10,POINT(-85.7 39.4)
2017-02-18,27,POINT(-112.9 29.8)
2017-07-15,4,POINT(-106.7 20.5)
2016-11-22,7,POINT(-113.7 46.8)
2016-04-21,46,POINT(-80.3 39.1)
2016-10-28,4,POINT(-72.5 20.0)
2016-05-15,21,POINT(-108.7 40.4)
2016-11-28,8,POINT(-81.7 26.5)
2016-01-03,2,POINT(-98.1 48.9)
2016-06-10,6,POINT(-102.2 33.3)
2017-05-26,41,POINT(-70.7 26.7)
2016-03-17,49,POINT(-102.7 20.9)
2016-07-03,11,POINT(-86.9 21.8)
2017-07-23,20,POINT(-84.4 21.7)
2017-04-24,15,POINT(-81.3 20.9)
2016-06-11,7,POINT(-76.9 36.5)
2016-01-21,9,POINT(-91.7 45.4)
2017-07-30,15,POINT(-89.8 30.4)
2017-07-31,24,POINT(-84.4 30.5)
2016-10-24,9,POINT(-112.6 23.1)
2016-10-25,25,POINT(-110.0 20.0)
2016-10-08,65,POINT(-81.8 48.6)
2017-04-16,1,POINT(-113.3 33.7)
2017-02-13,4,POINT(-85.6 42.1)
2017-01-26,50,POINT(-118.4 46.0)
2017-11-17,2,POINT(-103.1 23.4)
2016-06-13,29,POINT(-86.9 27.9)
2016-03-22,20,POINT(-84.7 35.1)
2017-10-19,1,POINT(-88.5 28.9)
2017-12-16,1,POINT(-97.9 21.6)
2016-06-12,14,POINT(-107.3 46.8)
2016-04-13,3,POINT(-89.3 27.5)
2016-05-09,42,POINT(-110.8 22.2)
2017-08-18,14,POINT(-117.0 32.7)
2016-04-29,6,POINT(-119.0 44.1)
2016-09-15,4,POINT(-106.6 25.1)
2016-04-13,37,POINT(-118.5 33.1)
2016-12-29,26,POINT(-107.5 25.6)
2017-06-29,26,POINT(-105.5 44.5)
2017-01-03,2,POINT(-102.8 35.7)
2017-11-16,20,POINT(-84.3 37.4)
2016-11-21,41,POINT(-97.9 42.4)
2016-07-03,30,POINT(-70.7 48.2)
2017-01-28,3,POINT(-72.6 23.2)
2016-12-09,60,POINT(-70.9 45.4)
2017-06-13,2,POINT(-99.4 34.2)
2017-02-20,17,POINT(-117.8 39.2)
2016-08-18,59,POINT(-77.0 45.6)
2016-05-14,35,POINT(-98.3 29.8)
2016-02-14,23,POINT(-87.9 46.1)
2017-09-15,39,POINT(-77.8 38.9)
2017-05-06,23,POINT(-89.6 28.4)
2017-08-17,2,POINT(-83.2 47.6)
2017-02-25,9,POINT(-107.6 21.7)
2017-07-04,12,POINT(-110.2 37.7)
2016-05-24,16,POINT(-92.2 20.5)
2016-11-12,6,POINT(-88.1 22.5)
2017-07-16,43,POINT(-76.4 23.0)
2016-10-19,6,POINT(-78.9 46.8)
2017-08-01,22,POINT(-70.5 36.8)
2017-06-19,42,POINT(-71.7 27.8)
2017-09-25,27,POINT(-88.8 31.7)
2017-04-10,3,POINT(-94.8 45.1)
2016-02-18,61,POINT(-82.0 37.1)
2017-10-22,2,POINT(-106.9 20.9)
2017-04-03,5,POINT(-102.4 46.1)
2017-11-27,3,POINT(-81.6 36.2)
2017-02-28,22,POINT(-72.5 25.9)
2017-10-18,33,POINT(-75.2 41.5)
2017-10-22,6,POINT(-116.4 36.0)
2016-03-08,78,POINT(-108.4 25.7)
2017-05-23,3,POINT(-106.3 39.5)
2016-07-28,8,POINT(-100.8 39.2)
2017-12-04,14,POINT(-116.5 48.6)
2016-10-26,34,POINT(-108.5 27.9)
2016-05-03,10,POINT(-84.2 36.5)
2016-10-18,4,POINT(-107.8 29.6)
2017-02-24,13,POINT(-72.9 28.9)
2016-02-19,13,POINT(-98.8 35.2)
2016-07-01,1,POINT(-115.0 41.4)
2016-09-03,1,POINT(-77.9 38.1)
2016-03-28,7,POINT(-74.2 23.5)
2017-10-11,28,POINT(-73.6 47.7)
2017-07-03,10,POINT(-95.3 41.3)
2017-07-14,5,POINT(-74.0 37.4)
2016-03-12,3,POINT(-84.5 24.3)
2017-07-09,7,POINT(-110.2 24.0)
2016-10-17,14,POINT(-93.3 28.8)
2017-05-18,2,POINT(-98.4 47.7)
2017-09-19,1,POINT(-97.4 24.4)
2017-10-22,3,POINT(-99.3 39.6)
2016-11-08,27,POINT(-111.2 39.3)
2016-10-14,13,POINT(-100.5 22.8)
2017-12-30,12,POINT(-94.4 41.2)
2017-05-22,1,POINT(-105.7 34.3)
2016-03-11,25,POINT(-111.2 35.0)
2016-06-09,5,POINT(-110.1 20.2)
2016-05-06,2,POINT(-110.4 46.9)
2017-03-31,37,POINT(-97.7 38.3)
2017-11-12,14,POINT(-109.5 38.1)
2017-06-12,28,POINT(-84.1 31.7)
2016-10-30,35,POINT(-103.2 41.1)
2017-05-04,67,POINT(-73.0 45.0)
2016-08-26,20,POINT(-116.9 34.9)
2016-06-24,2,POINT(-104.5 36.4)
2016-07-28,17,POINT(-83.1 26.3)
2017-07-22,15,POINT(-85.8 30.6)
2016-12-24,2,POINT(-99.0 34.0)
2016-07-07,8,POINT(-76.5 39.8)
2017-05-23,11,POINT(-116.4 48.0)
2017-07-09,4,POINT(-94.5 24.1)
2017-09-25,1,POINT(-110.0 35.9)
2016-02-02,29,POINT(-101.3 38.3)
2017-05-15,39,POINT(-85.0 44.8)
2016-11-07,6,POINT(-115.1 45.3)
2017-06-23,1,POINT(-117.8 39.8)
2016-05-30,45,POINT(-99.0 25.8)
2017-07-28,3,POINT(-106.4 43.4)
2017-06-02,11,POINT(-84.0 37.4)
2016-04-20,10,POINT(-116.7 48.8)
2017-10-03,4,POINT(-71.7 48.6)
2016-05-11,19,POINT(-89.0 36.5)
2017-06-03,51,POINT(-94.9 48.3)
2016-10-31,15,POINT(-99.4 20.8)
2016-01-29,73,POINT(-82.5 47.5)
2016-12-16,5,POINT(-102.2 48.9)
2017-06-01,38,POINT(-81.2 49.4)
2017-05-06,6,POINT(-84.5 43.3)
2017-02-11,6,POINT(-92.4 25.4)
2017-05-22,3,POINT(-75.6 49.2)
2017-09-15,40,POINT(-102.7 32.8)
2016-04-14,26,POINT(-117.1 34.1)
2017-12-19,9,POINT(-101.2 20.5)
2017-07-05,9,POINT(-76.2 30.3)
2016-11-15,38,POINT(-116.1 27.7)
2016-02-15,53,POINT(-81.8 33.5)
2016-08-28,19,POINT(-78.7 28.1)
2016-09-26,11,POINT(-98.6 33.4)
2017-10-28,2,POINT(-110.3 24.4)
2017-09-19,3,POINT(-102.2 48.6)
2016-02-06,4,POINT(-100.1 39.9)
2016-07-23,7,POINT(-73.4 49.7)
2017-04-30,6,POINT(-105.8 20.1)
2016-04-19,16,POINT(-71.4 45.1)
2017-04-30,58,POINT(-114.6 22.5)
2016-11-13,40,POINT(-71.3 43.2)
2017-08-14,15,POINT(-108.8 47.7)
2016-03-16,1,POINT(-111.6 24.2)
2017-09-01,2,POINT(-114.0 48.7)
2017-05-12,40,POINT(-104.2 33.1)
2017-04-23,7,POINT(-89.2 30.3)
2017-01-23,8,POINT(-86.7 43.9)
2017-08-10,4,POINT(-101.5 45.6)
2017-08-15,6,POINT(-108.5 45.1)
2016-12-29,6,POINT(-70.2 38.7)
2016-11-04,11,POINT(-106.5 28.9)
2016-03-03,20,POINT(-101.1 28.3)
2016-09-23,9,POINT(-96.0 26.9)
2016-02-02,12,POINT(-83.0 24.4)
2016-02-09,5,POINT(-112.4 31.8)
2017-11-16,2,POINT(-106.7 45.7)
2016-09-16,9,POINT(-70.2 49.9)
2016-09-23,2,POINT(-78.7 40.8)
2017-10-28,8,POINT(-97.8 24.7)
2017-10-22,37,POINT(-114.6 40.2)
2016-08-12,10,POINT(-76.7 28.3)
2017-01-17,5,POINT(-80.8 41.5)
2017-05-12,47,POINT(-91.0 27.1)
2017-09-30,21,POINT(-99.8 24.9)
2016-01-05,89,POINT(-73.2 39.0)
2017-03-21,8,POINT(-105.2 40.6)
2016-10-14,5,POINT(-104.0 25.5)
2016-02-27,8,POINT(-76.2 35.4)
2016-03-12,34,POINT(-88.7 46.4)
2017-10-28,4,POINT(-72.5 40.5)
2017-11-10,6,POINT(-87.7 40.3)
2017-06-24,25,POINT(-118.4 41.7)
2016-03-22,27,POINT(-111.2 30.5)
2017-09-09,64,POINT(-105.9 26.2)
2016-10-03,79,POINT(-76.6 42.0)
2017-06-05,22,POINT(-78.5 44.4)
2017-07-27,10,POINT(-80.5 46.9)
2016-05-15,13,POINT(-92.3 43.9)
2016-04-23,12,POINT(-113.1 30.4)
2016-06-05,10,POINT(-113.4 34.0)
2017-01-30,9,POINT(-113.7 43.4)
2016-08-16,4,POINT(-77.3 36.1)
2017-09-03,10,POINT(-112.9 36.7)
2016-09-11,70,POINT(-79.6 48.3)
2016-06-27,43,POINT(-77.8 48.7)
2016-08-16,20,POINT(-114.7 42.8)
2017-01-01,5,POINT(-74.9 44.3)
2016-01-31,43,POINT(-75.1 27.9)
2016-04-17,8,POINT(-88.1 37.8)
2016-10-08,16,POINT(-94.3 34.3)
2017-09-12,49,POINT(-87.6 21.2)
2017-01-24,9,POINT(-99.8 46.5)
2017-06-24,49,POINT(-90.6 28.9)
2017-06-12,6,POINT(-71.5 48.0)
2017-02-07,53,POINT(-114.3 39.1)
2016-06-18,9,POINT(-108.3 44.4)
2016-06-23,10,POINT(-93.8 33.8)
2016-03-14,17,POINT(-107.1 25.6)
2017-03-29,9,POINT(-70.4 46.2)
2017-05-23,12,POINT(-84.0 43.5)
2016-08-27,14,POINT(-98.3 42.6)
2016-04-05,14,POINT(-74.9 26.4)
2017-05-28,65,POINT(-112.8 35.6)
2016-07-20,7,POINT(-105.6 29.7)
2016-02-06,7,POINT(-72.2 38.4)
2016-03-31,37,POINT(-92.2 36.0)
2016-08-20,10,POINT(-74.0 25.3)
2017-10-20,2,POINT(-70.8 38.7)
2016-09-09,14,POINT(-102.0 21.1)
2017-01-05,16,POINT(-91.2 22.1)
2017-12-24,20,POINT(-77.7 25.5)
2017-03-19,6,POINT(-106.4 37.4)
2017-03-16,73,POINT(-97.7 42.8)
2016-03-04,27,POINT(-112.3 43.5)
2016-01-05,26,POINT(-87.4 28.3)
2017-10-19,42,POINT(-119.8 31.5)
2016-03-12,1,POINT(-97.5 27.0)
2017-01-31,19,POINT(-73.5 21.1)
2017-09-08,35,POINT(-75.1 34.9)
2016-11-25,1,POINT(-79.8 36.4)
2017-07-01,29,POINT(-112.9 48.1)
2016-05-26,92,POINT(-94.0 41.4)
2017-02-18,18,POINT(-84.0 48.0)
2016-12-14,12,POINT(-114.9 28.4)
2016-12-30,13,POINT(-112.6 41.7)
2017-02-19,23,POINT(-118.0 37.9)
2017-09-16,17,POINT(-103.8 28.9)
2017-05-21,31,POINT(-76.1 26.3)
2017-06-06,11,POINT(-94.6 28.7)
2017-12-06,11,POINT(-77.3 49.4)
2016-09-06,28,POINT(-115.8 20.7)
2016-09-05,21,POINT(-117.2 47.1)
2016-12-16,31,POINT(-79.8 43.2)
2016-09-25,44,POINT(-95.1 36.3)
2017-03-23,7,POINT(-96.5 45.7)
2016-03-23,8,POINT(-96.2 21.6)
2017-06-24,15,POINT(-100.9 36.3)
2017-02-10,54,POINT(-75.7 28.6)
2016-12-04,36,POINT(-94.0 20.3)
2016-03-20,13,POINT(-71.3 38.6)
2016-04-04,18,POINT(-77.7 39.7)
2016-09-15,25,POINT(-83.1 37.7)
2016-05-01,15,POINT(-88.2 31.7)
2016-05-03,3,POINT(-78.2 44.1)
2017-06-18,9,POINT(-75.9 30.3)
2017-12-28,1,POINT(-113.3 38.1)
2016-10-15,23,POINT(-102.0 49.9)
2017-04-06,9,POINT(-79.7 45.4)
2016-04-01,27,POINT(-108.9 39.3)
2016-01-24,12,POINT(-90.7 40.2)
2016-04-16,1,POINT(-81.0 45.2)
2016-02-21,10,POINT(-108.8 25.3)
2017-12-11,5,POINT(-99.9 23.3)
2016-10-20,5,POINT(-74.2 26.6)
2016-10-26,10,POINT(-102.2 42.3)
2016-12-10,77,POINT(-89.8 43.1)
2017-01-16,65,POINT(-98.3 20.8)
2017-07-21,33,POINT(-76.1 21.8)
2016-07-12,6,POINT(-98.8 49.4)
2017-07-10,29,POINT(-102.0 34.8)
2017-03-11,1,POINT(-111.3 36.1)
2017-01-19,2,POINT(-102.5 38.4)
2017-01-06,37,POINT(-86.5 48.9)
2016-11-15,17,POINT(-111.2 24.8)
2016-08-26,10,POINT(-84.7 39.0)
2017-01-26,27,POINT(-119.5 22.3)
2017-10-09,3,POINT(-101.7 35.4)
2016-10-11,7,POINT(-96.7 33.2)
2016-01-13,27,POINT(-115.2 28.0)
2017-01-19,5,POINT(-85.8 33.2)
2017-06-24,19,POINT(-114.9 40.9)
2017-11-20,12,POINT(-115.5 45.2)
2016-10-19,5,POINT(-101.6 43.5)
2016-09-13,44,POINT(-83.1 37.5)
2016-04-17,12,POINT(-71.8 46.9)
2017-08-03,19,POINT(-81.2 40.8)
2017-11-18,6,POINT(-96.7 45.1)
2016-07-01,9,POINT(-106.4 31.9)
2017-12-06,2,POINT(-104.9 41.0)
2017-01-01,14,POINT(-105.8 22.2)
2017-06-17,9,POINT(-106.1 48.7)
2017-06-06,8,POINT(-116.5 38.9)
2016-10-11,45,POINT(-109.0 45.7)
2016-09-15,25,POINT(-114.6 34.6)
2016-06-21,13,POINT(-119.6 20.9)
2017-12-17,5,POINT(-105.7 34.8)
2016-11-25,73,POINT(-102.4 41.8)
2017-03-27,2,POINT(-73.6 22.0)
2017-04-15,3,POINT(-70.3 23.0)
2016-03-21,7,POINT(-91.0 21.6)
2016-11-16,62,POINT(-75.0 23.6)
2017-03-16,7,POINT(-89.1 38.4)
2017-02-02,14,POINT(-95.1 46.2)
2016-07-06,29,POINT(-117.9 34.1)
2017-03-13,53,POINT(-117.8 44.3)
2017-03-23,19,POINT(-118.5 32.0)
2017-04-14,10,POINT(-112.5 45.7)
2017-06-23,85,POINT(-116.2 24.7)
2017-04-05,1,POINT(-110.3 37.2)
2017-05-29,36,POINT(-94.0 35.6)
2016-08-24,7,POINT(-94.8 23.1)
2016-06-29,35,POINT(-102.8 27.1)
2017-02-13,4,POINT(-86.7 34.5)
2017-05-30,9,POINT(-100.4 43.2)
2016-03-12,2,POINT(-109.0 47.1)
2016-06-30,5,POINT(-85.4 42.1)
2016-04-13,19,POINT(-71.0 28.8)
2016-09-28,29,POINT(-79.5 23.1)
2016-10-13,49,POINT(-99.3 35.8)
2016-03-27,3,POINT(-101.2 30.3)
2017-01-20,4,POINT(-118.1 36.9)
2016-03-13,56,POINT(-87.1 31.9)
2017-08-25,30,POINT(-108.9 31.4)
2017-11-15,16,POINT(-85.8 47.4)
2016-11-05,13,POINT(-82.0 40.0)
2017-11-29,4,POINT(-76.0 40.1)
2017-03-18,10,POINT(-92.6 24.0)
2016-08-23,10,POINT(-78.5 31.7)
2017-11-04,21,POINT(-83.8 42.9)
2017-08-07,19,POINT(-102.4 37.0)
2016-08-17,2,POINT(-114.7 33.8)
2016-09-10,38,POINT(-107.9 49.2)
2017-11-04,56,POINT(-77.8 24.1)
2016-12-20,31,POINT(-93.3 24.8)
2017-05-09,4,POINT(-86.7 36.9)
2017-02-13,4,POINT(-79.7 32.2)
2016-07-17,26,POINT(-86.6 34.4)
2017-03-04,12,POINT(-77.2 36.4)
2017-04-19,31,POINT(-115.7 23.8)
2017-08-10,2,POINT(-74.8 28.1)
2016-12-07,26,POINT(-79.4 36.1)
2017-04-18,12,POINT(-74.8 25.8)
2017-01-31,1,POINT(-83.5 45.2)
2017-03-01,16,POINT(-106.3 43.5)
2016-02-14,25,POINT(-114.3 37.0)
2016-12-08,16,POINT(-113.5 34.8)
2017-11-21,3,POINT(-95.1 47.9)
2016-01-17,34,POINT(-100.5 42.6)
2016-08-06,8,POINT(-87.3 21.1)
2017-08-18,51,POINT(-94.8 26.7)
2016-07-09,48,POINT(-113.7 22.2)
2017-01-25,5,POINT(-119.9 49.8)
2017-03-14,13,POINT(-113.6 32.7)
2017-10-05,3,POINT(-112.7 24.0)
2017-05-11,23,POINT(-84.0 30.7)
2016-04-03,39,POINT(-105.7 49.4)
2016-04-04,21,POINT(-115.3 24.3)
2017-11-26,7,POINT(-82.2 30.7)
2017-10-05,2,POINT(-73.0 28.3)
2016-03-22,2,POINT(-115.0 43.7)
2016-12-05,19,POINT(-71.8 20.8)
2016-12-25,62,POINT(-72.5 48.4)
2016-04-21,24,POINT(-93.8 46.1)
2016-10-29,27,POINT(-105.2 30.9)
2016-02-20,8,POINT(-113.1 47.0)
2017-12-01,18,POINT(-78.8 32.8)
2017-12-20,8,POINT(-89.8 28.8)
2017-10-22,47,POINT(-87.4 32.2)
2016-10-07,3,POINT(-77.0 44.7)
2016-04-22,20,POINT(-97.8 36.8)
2016-02-05,27,POINT(-101.6 26.5)
2017-09-14,24,POINT(-81.9 22.1)
2017-11-13,6,POINT(-105.1 38.2)
2016-03-18,14,POINT(-103.6 44.6)
2017-06-23,22,POINT(-100.9 45.7)
2016-02-14,54,POINT(-77.2 44.7)
2016-10-30,14,POINT(-81.0 35.4)
2017-01-26,8,POINT(-105.4 31.3)
2017-10-15,10,POINT(-112.8 49.3)
2016-01-15,16,POINT(-100.4 47.7)
2017-10-01,75,POINT(-88.8 42.6)
2016-06-15,20,POINT(-86.2 32.9)
2017-10-26,4,POINT(-110.0 49.2)
2016-03-03,38,POINT(-107.5 31.2)
2017-07-24,5,POINT(-73.5 40.5)
2016-07-21,1,POINT(-100.7 28.8)
2016-06-05,3,POINT(-104.3 45.1)
2017-05-29,31,POINT(-85.2 45.8)
2017-07-04,47,POINT(-96.6 35.3)
2016-10-04,7,POINT(-107.7 36.9)
2016-04-10,14,POINT(-99.5 48.5)
2016-06-17,19,POINT(-112.8 24.3)
2017-06-15,11,POINT(-106.0 34.1)
2017-02-06,2,POINT(-99.1 35.9)
2016-05-20,2,POINT(-94.1 44.5)
2016-12-12,12,POINT(-82.9 43.3)
2016-07-11,32,POINT(-100.8 38.1)
2016-05-31,2,POINT(-92.7 24.7)
2017-01-20,5,POINT(-72.4 32.2)
2016-07-26,7,POINT(-79.1 22.7)
2017-07-02,17,POINT(-108.1 24.5)
2017-01-22,1,POINT(-109.3 26.8)
2016-03-18,40,POINT(-86.9 30.0)
2016-06-20,13,POINT(-90.2 33.2)
2017-07-10,14,POINT(-92.7 41.6)
2016-12-02,8,POINT(-112.3 20.7)
2017-08-18,5,POINT(-101.9 46.2)
2017-03-06,10,POINT(-82.0 49.8)
2017-08-27,49,POINT(-83.8 48.9)
2017-05-03,2,POINT(-111.7 32.7)
2017-10-27,2,POINT(-98.7 32.0)
2016-04-15,3,POINT(-97.9 35.7)
2016-07-27,31,POINT(-94.6 39.9)
2017-12-16,1,POINT(-96.9 28.3)
2016-12-13,9,POINT(-94.9 39.6)
2016-12-17,12,POINT(-79.3 29.3)
2016-02-17,15,POINT(-100.5 39.8)
2016-09-02,1,POINT(-92.4 39.6)
2016-01-31,14,POINT(-89.7 20.0)
2017-11-25,5,POINT(-72.9 46.1)
2017-04-19,3,POINT(-87.3 25.8)
2017-04-21,16,POINT(-113.5 49.8)
2016-09-13,28,POINT(-90.9 36.5)
2016-05-05,55,POINT(-86.9 31.6)
2016-08-06,49,POINT(-119.5 22.8)
2016-09-01,11,POINT(-116.2 40.4)
2017-04-24,25,POINT(-119.1 30.8)
2017-03-18,24,POINT(-117.6 48.9)
2017-10-12,11,POINT(-115.5 45.7)
2017-05-15,3,POINT(-72.1 23.7)
2016-08-14,10,POINT(-109.7 33.7)
2016-09-11,98,POINT(-109.8 33.3)
2016-03-10,17,POINT(-77.1 41.3)
2017-03-30,9,POINT(-82.4 28.2)
2017-07-31,28,POINT(-86.2 45.1)
2016-01-02,24,POINT(-98.9 48.2)
2017-05-09,18,POINT(-118.4 36.6)
2016-11-20,21,POINT(-78.7 47.8)
2017-02-06,18,POINT(-77.0 29.8)
2016-05-08,63,POINT(-95.9 29.5)
2017-04-27,15,POINT(-87.8 41.7)
2016-05-25,18,POINT(-96.1 33.3)
2017-09-16,13,POINT(-105.2 28.3)
2016-04-05,19,POINT(-93.0 29.3)
2017-05-15,45,POINT(-85.6 45.0)
2017-03-31,9,POINT(-112.3 39.4)
2017-02-07,14,POINT(-93.5 43.7)
2016-01-08,12,POINT(-81.2 32.4)
2016-08-07,11,POINT(-96.2 48.2)
2017-12-25,35,POINT(-112.2 46.7)
2016-04-11,6,POINT(-76.5 21.1)
2017-11-08,14,POINT(-86.3 30.9)
2016-01-02,52,POINT(-88.4 22.2)
2017-12-14,4,POINT(-87.4 27.1)
2017-05-04,1,POINT(-107.7 47.8)
2017-11-25,7,POINT(-95.4 46.9)
2016-07-18,52,POINT(-103.7 21.7)
2016-01-26,2,POINT(-78.3 21.1)
2016-12-15,3,POINT(-90.6 39.4)
2016-04-11,8,POINT(-84.1 27.1)
2017-10-09,30,POINT(-87.0 20.1)
2016-11-26,28,POINT(-95.8 45.0)
2017-01-06,2,POINT(-79.8 31.5)
2016-07-15,55,POINT(-89.2 32.5)
2017-05-24,6,POINT(-108.7 23.3)
2016-01-30,7,POINT(-105.5 34.3)
2016-10-25,10,POINT(-78.7 43.3)
2016-05-12,21,POINT(-72.9 29.0)
2017-06-15,15,POINT(-92.6 44.8)
2016-11-03,53,POINT(-100.7 39.5)
2016-01-21,17,POINT(-88.7 32.5)
2016-02-10,39,POINT(-95.8 35.1)
2017-05-12,2,POINT(-77.9 23.4)
2017-04-16,39,POINT(-78.4 46.8)
2017-10-25,5,POINT(-97.2 46.8)
2016-11-03,10,POINT(-79.8 31.5)
2017-04-03,8,POINT(-110.4 39.8)
2017-05-28,9,POINT(-101.3 42.9)
2017-05-17,51,POINT(-116.0 44.8)
2016-02-13,12,POINT(-79.6 41.7)
2016-02-10,7,POINT(-71.2 35.0)
2016-09-19,7,POINT(-91.2 40.9)
2016-10-20,33,POINT(-81.7 48.4)
2017-11-15,16,POINT(-99.9 34.1)
2016-01-09,12,POINT(-91.9 22.5)
2016-02-22,53,POINT(-102.6 44.3)
2016-05-07,54,POINT(-85.2 41.6)
2017-06-14,29,POINT(-107.7 28.9)
2017-10-05,15,POINT(-112.3 37.6)
2017-06-08,3,POINT(-75.1 22.2)
2016-05-19,25,POINT(-76.8 34.4)
2016-08-19,34,POINT(-78.3 32.0)
2017-07-21,39,POINT(-78.9 27.5)
2016-03-28,18,POINT(-83.5 24.6)
2017-07-17,20,POINT(-76.3 30.3)
2017-09-28,25,POINT(-109.5 48.1)
2016-07-19,42,POINT(-76.5 35.4)
2017-01-22,1,POINT(-74.1 26.0)
2016-12-26,17,POINT(-84.2 45.1)
2016-05-11,10,POINT(-90.0 28.1)
2016-06-25,36,POINT(-108.2 44.1)
2016-02-21,3,POINT(-76.7 20.5)
2017-06-29,49,POINT(-91.2 47.7)
2016-01-22,3,POINT(-89.5 36.0)
2017-10-14,2,POINT(-89.7 42.9)
2016-11-14,9,POINT(-76.7 29.4)
2016-06-16,105,POINT(-113.2 45.4)
2016-02-07,21,POINT(-116.9 40.7)
2017-07-20,1,POINT(-108.8 21.4)
2017-01-07,6,POINT(-95.4 21.2)
2017-09-23,4,POINT(-96.5 30.8)
2017-07-31,1,POINT(-94.4 21.6)
2017-03-02,15,POINT(-114.3 21.3)
2016-06-14,10,POINT(-80.4 31.3)
2017-12-22,20,POINT(-104.9 26.9)
2017-05-16,5,POINT(-74.3 30.5)
2016-03-15,36,POINT(-78.0 32.1)
2017-03-15,10,POINT(-116.8 22.6)
2017-10-07,14,POINT(-117.3 38.2)
2016-09-21,27,POINT(-88.6 30.4)
2017-02-09,4,POINT(-116.1 42.8)
2017-11-16,7,POINT(-91.4 49.7)
2016-08-30,4,POINT(-116.0 31.4)
2017-08-23,30,POINT(-96.0 42.3)
2017-06-26,3,POINT(-99.0 28.9)
2016-10-03,14,POINT(-90.5 44.3)
2017-07-03,28,POINT(-102.2 40.5)
2016-11-03,15,POINT(-113.0 27.5)
2017-02-06,15,POINT(-77.9 33.8)
2017-10-11,2,POINT(-105.0 44.2)
2017-03-05,31,POINT(-116.6 41.3)
2016-03-16,19,POINT(-95.0 20.9)
2016-12-04,23,POINT(-76.1 20.0)
2017-03-25,30,POINT(-106.0 42.6)
2016-03-19,17,POINT(-97.5 33.6)
2016-02-07,15,POINT(-99.9 35.3)
2016-11-13,22,POINT(-117.6 48.9)
2016-11-23,47,POINT(-76.6 24.0)
2017-03-05,21,POINT(-82.1 21.0)
2016-06-11,32,POINT(-115.2 25.7)
2016-12-23,14,POINT(-113.4 41.4)
2017-10-01,18,POINT(-119.5 25.5)
2017-10-31,4,POINT(-70.7 35.9)
2016-11-24,14,POINT(-99.2 45.7)
2017-02-17,4,POINT(-73.5 45.2)
2017-08-17,13,POINT(-99.0 26.3)
2017-04-20,2,POINT(-114.8 46.9)
2017-03-31,18,POINT(-102.8 49.8)
2017-12-29,7,POINT(-99.1 49.2)
2017-12-14,37,POINT(-111.2 46.7)
2016-05-31,10,POINT(-117.3 21.9)
2017-06-21,50,POINT(-104.2 38.8)
2017-02-18,13,POINT(-93.0 33.2)
2016-12-08,38,POINT(-107.2 28.4)
2017-01-20,8,POINT(-72.1 29.5)
2016-06-15,13,POINT(-95.9 48.3)
2017-04-16,21,POINT(-113.5 48.6)
2016-05-19,6,POINT(-99.3 23.0)
2016-08-16,22,POINT(-84.6 26.1)
2016-03-13,7,POINT(-95.6 47.5)
2017-03-03,14,POINT(-103.4 38.4)
2016-10-25,1,POINT(-114.7 41.2)
2016-08-23,2,POINT(-97.0 30.4)
2017-12-07,6,POINT(-115.1 27.2)
2017-08-22,33,POINT(-101.5 33.4)
2016-04-06,22,POINT(-114.2 30.2)
2017-04-22,45,POINT(-86.2 48.3)
2017-11-08,48,POINT(-81.4 24.9)
2017-05-05,10,POINT(-107.8 49.8)
2016-10-22,10,POINT(-116.3 47.2)
2017-02-09,37,POINT(-102.6 37.1)
2017-12-15,12,POINT(-92.0 30.3)
2017-03-22,39,POINT(-81.6 41.7)
2017-11-29,15,POINT(-99.9 34.4)
2016-10-01,12,POINT(-101.7 31.2)
2016-01-20,7,POINT(-74.6 30.0)
2017-08-07,3,POINT(-97.5 22.4)
2017-03-02,15,POINT(-97.6 33.0)
2016-12-26,8,POINT(-99.5 27.4)
2016-11-05,6,POINT(-101.8 20.6)
2017-08-16,4,POINT(-83.6 27.0)
2016-12-21,10,POINT(-105.9 27.0)
2016-01-27,17,POINT(-101.1 29.1)
2017-10-14,37,POINT(-105.9 48.4)
2016-02-16,35,POINT(-91.5 47.0)
2017-03-31,39,POINT(-72.0 21.0)
2016-04-21,18,POINT(-100.5 27.1)
2017-10-24,17,POINT(-71.6 33.3)
2017-01-09,48,POINT(-87.2 28.3)
2016-11-10,7,POINT(-80.2 31.9)
2016-05-05,4,POINT(-103.3 44.9)
2016-01-07,2,POINT(-108.8 37.1)
2017-07-15,43,POINT(-91.2 32.6)
2016-12-25,10,POINT(-70.5 34.6)
2017-07-31,14,POINT(-84.5 28.2)
2016-12-27,33,POINT(-85.9 26.3)
2017-11-09,10,POINT(-97.5 26.4)
2017-12-08,41,POINT(-76.0 44.0)
2017-11-25,8,POINT(-85.2 25.8)
2016-09-20,27,POINT(-86.3 47.3)
2016-10-01,23,POINT(-105.4 33.5)
2017-09-21,5,POINT(-72.1 36.0)
2017-01-30,3,POINT(-107.5 38.3)
2016-11-08,3,POINT(-93.8 29.2)
2017-05-06,22,POINT(-103.0 46.9)
2017-02-07,1,POINT(-111.0 38.2)
2017-01-11,22,POINT(-112.8 47.0)
2017-10-05,31,POINT(-105.4 35.2)
2017-10-20,8,POINT(-85.6 21.2)
2017-06-24,28,POINT(-71.3 20.9)
2016-11-15,4,POINT(-77.3 29.2)
2016-08-12,65,POINT(-109.1 45.4)
2017-03-31,6,POINT(-116.1 28.0)
2017-10-12,14,POINT(-85.7 34.5)
2016-10-15,79,POINT(-118.5 26.0)
2016-10-07,48,POINT(-77.0 42.5)
2017-02-20,22,POINT(-78.7 40.1)
2017-04-28,10,POINT(-80.3 47.1)
2017-06-21,25,POINT(-92.4 30.7)
2016-11-08,13,POINT(-71.3 49.5)
2017-08-31,3,POINT(-97.1 46.3)
2017-10-11,32,POINT(-70.7 33.5)
2017-08-30,42,POINT(-75.9 45.8)
2016-02-26,11,POINT(-113.7 32.7)
2016-05-02,22,POINT(-75.3 43.6)
2016-10-16,1,POINT(-104.8 30.8)
2017-08-20,5,POINT(-81.6 27.7)
2016-11-05,17,POINT(-120.0 42.1)
2017-07-16,7,POINT(-106.2 48.9)
2016-08-15,58,POINT(-82.1 41.8)
2016-01-06,37,POINT(-71.4 49.3)
2017-03-18,22,POINT(-111.5 47.6)
2016-11-05,136,POINT(-97.0 32.8)
2016-01-02,6,POINT(-90.6 35.2)
2017-08-25,51,POINT(-72.4 25.7)
2017-01-09,8,POINT(-97.3 33.2)
2016-09-02,19,POINT(-73.3 43.0)
2017-04-16,12,POINT(-71.1 35.7)
2017-08-13,12,POINT(-72.9 49.2)
2016-10-30,29,POINT(-82.6 23.4)
2016-02-27,9,POINT(-113.7 35.2)
2016-08-12,15,POINT(-89.9 36.0)
2017-03-01,5,POINT(-82.3 24.5)
2016-07-20,29,POINT(-72.3 43.9)
2017-06-01,17,POINT(-81.1 44.5)
2016-01-30,6,POINT(-93.1 46.9)
2016-05-30,7,POINT(-109.7 48.1)
2017-07-01,7,POINT(-97.1 42.4)
2016-04-19,25,POINT(-88.1 45.3)
2016-04-30,19,POINT(-103.8 22.2)
2016-08-28,35,POINT(-97.2 31.5)
2017-08-24,17,POINT(-119.1 28.5)
2016-01-30,8,POINT(-76.0 43.8)
2017-04-10,66,POINT(-118.3 29.3)
2017-04-09,44,POINT(-99.5 35.0)
2016-08-24,7,POINT(-94.5 32.7)
2017-01-05,49,POINT(-71.4 42.8)
2017-11-12,26,POINT(-73.2 37.3)
2016-05-28,11,POINT(-87.7 31.8)
2017-01-08,13,POINT(-90.8 23.9)
2017-08-22,12,POINT(-101.7 24.9)
2017-05-30,32,POINT(-117.9 41.6)
2017-03-08,4,POINT(-106.6 21.0)
2016-09-08,2,POINT(-77.6 33.2)
2017-04-17,14,POINT(-87.6 41.9)
2017-07-16,7,POINT(-79.3 30.9)
2017-06-19,17,POINT(-78.2 39.5)
2016-02-15,77,POINT(-116.9 43.1)
2017-09-19,23,POINT(-103.1 46.4)
2017-06-22,64,POINT(-86.2 26.7)
2017-08-29,27,POINT(-77.3 41.1)
2017-03-10,2,POINT(-79.9 36.8)
2017-09-02,45,POINT(-98.9 33.8)
2017-09-19,5,POINT(-73.4 32.6)
2016-10-02,41,POINT(-105.0 46.2)
2017-05-22,28,POINT(-101.2 25.4)
2016-04-04,37,POINT(-110.9 43.4)
2017-12-11,6,POINT(-108.7 22.3)
2016-05-25,33,POINT(-119.6 36.4)
2017-10-28,19,POINT(-104.6 24.8)
2017-02-05,2,POINT(-104.7 33.8)
2017-05-18,44,POINT(-116.6 34.5)
2017-02-18,42,POINT(-103.0 42.0)
2016-10-02,17,POINT(-104.9 26.3)
2016-11-21,13,POINT(-80.0 28.9)
2016-09-12,11,POINT(-112.2 35.0)
2017-07-10,19,POINT(-83.7 42.7)
2017-05-27,37,POINT(-113.5 36.3)
2016-05-26,17,POINT(-95.2 43.8)
2016-10-21,3,POINT(-83.2 39.6)
2017-01-09,8,POINT(-89.7 47.6)
2017-10-28,23,POINT(-87.7 40.1)
2016-02-25,21,POINT(-109.7 30.4)
2016-08-13,15,POINT(-78.6 23.0)
2017-06-02,6,POINT(-72.4 41.1)
2016-01-20,7,POINT(-112.3 49.5)
2016-06-07,14,POINT(-75.6 34.6)
2017-04-14,11,POINT(-100.1 24.1)
2017-08-13,8,POINT(-85.1 29.6)
2016-12-31,36,POINT(-94.7 32.3)
2016-01-01,15,POINT(-80.3 24.1)
2016-08-16,14,POINT(-117.7 30.0)
2017-12-25,12,POINT(-103.8 44.0)
2016-10-09,23,POINT(-117.6 29.5)
2016-04-28,4,POINT(-72.9 50.0)
2016-08-14,58,POINT(-111.5 28.7)
2016-01-24,3,POINT(-98.8 23.0)
2017-12-02,25,POINT(-87.9 43.6)
2016-11-03,25,POINT(-96.9 23.6)
2016-11-02,3,POINT(-93.2 21.4)
2017-07-22,100,POINT(-109.8 31.9)
2017-05-08,1,POINT(-116.6 47.0)
2017-05-22,10,POINT(-107.1 37.1)
2016-11-06,12,POINT(-104.1 47.5)
2016-03-29,33,POINT(-99.2 46.2)
2016-10-01,1,POINT(-105.2 22.3)
2017-09-12,17,POINT(-118.2 21.7)
2017-10-14,5,POINT(-115.3 28.9)
2017-04-24,18,POINT(-86.3 46.5)
2017-04-01,21,POINT(-116.8 35.1)
2017-08-08,1,POINT(-117.7 48.7)
2016-12-20,2,POINT(-79.4 29.0)
2016-09-18,2,POINT(-117.9 33.4)
2016-06-24,39,POINT(-116.6 20.8)
2017-02-07,53,POINT(-92.5 46.2)
2016-08-17,12,POINT(-97.9 24.8)
2017-08-10,42,POINT(-71.8 49.6)
2016-11-18,13,POINT(-73.2 29.1)
2017-11-25,11,POINT(-87.0 48.4)
2016-10-03,16,POINT(-116.4 40.1)
2017-11-07,32,POINT(-94.8 37.2)
2016-10-01,6,POINT(-117.7 23.6)
2016-08-04,8,POINT(-74.6 23.1)
2016-07-08,38,POINT(-87.0 28.0)
2016-01-18,50,POINT(-91.3 30.7)
2017-02-17,3,POINT(-98.6 38.5)
2016-07-02,25,POINT(-94.5 25.0)
2017-09-09,1,POINT(-100.0 40.8)
2016-08-30,6,POINT(-115.0 21.7)
2017-03-01,2,POINT(-87.0 46.0)
2016-02-22,15,POINT(-70.2 46.3)
2016-08-13,9,POINT(-114.4 46.9)
2017-12-14,3,POINT(-70.3 32.7)
2017-08-20,1,POINT(-75.0 23.9)
2017-07-15,10,POINT(-75.3 35.3)
2016-11-14,7,POINT(-78.4 42.8)
2017-12-07,1,POINT(-73.8 28.1)
2017-01-03,39,POINT(-107.7 40.0)
2016-09-04,11,POINT(-98.1 20.6)
2017-07-21,30,POINT(-96.0 44.4)
2016-06-25,11,POINT(-116.6 26.5)
2017-04-20,2,POINT(-71.0 47.4)
2017-10-23,11,POINT(-85.5 36.3)
2016-01-13,44,POINT(-97.4 31.3)
2016-12-26,1,POINT(-70.4 42.1)
2016-10-15,46,POINT(-106.4 29.4)
2017-03-06,22,POINT(-103.1 41.5)
2017-07-29,109,POINT(-110.5 29.4)
2016-12-04,50,POINT(-110.7 45.4)
2017-09-08,41,POINT(-110.6 49.4)
2016-02-03,1,POINT(-89.5 39.7)
2016-11-19,7,POINT(-105.3 36.1)
2017-07-04,10,POINT(-72.4 33.8)
2017-03-31,25,POINT(-79.2 47.9)
2016-08-12,21,POINT(-111.9 33.1)
2017-10-02,4,POINT(-78.3 44.3)
2016-05-12,27,POINT(-102.7 20.1)
2017-04-24,4,POINT(-108.6 46.8)
2017-07-05,13,POINT(-80.9 31.6)
2016-08-08,18,POINT(-77.2 28.4)
2017-02-04,41,POINT(-72.0 24.5)
2017-08-28,20,POINT(-99.0 22.1)
2017-09-02,62,POINT(-91.9 46.5)
2016-02-29,105,POINT(-89.3 30.0)
2017-10-02,15,POINT(-88.6 49.2)
2016-05-11,2,POINT(-99.9 32.6)
2017-01-27,1,POINT(-112.4 48.4)
2017-08-03,39,POINT(-116.5 39.7)
2016-01-14,14,POINT(-74.7 24.6)
2017-03-10,10,POINT(-101.7 29.2)
2017-04-18,7,POINT(-111.0 48.2)
2016-05-30,7,POINT(-70.8 32.9)
2017-11-16,2,POINT(-79.9 21.7)
2017-04-14,8,POINT(-70.9 30.2)
2017-02-14,21,POINT(-106.1 46.3)
2016-12-10,10,POINT(-96.8 49.9)
2016-07-14,60,POINT(-79.6 20.9)
2017-06-27,23,POINT(-92.4 34.1)
2016-03-13,40,POINT(-102.3 27.4)
2016-07-12,3,POINT(-112.1 49.4)
2017-07-15,12,POINT(-91.9 31.5)
2017-07-22,1,POINT(-90.1 48.0)
2017-09-20,46,POINT(-84.0 38.3)
2016-07-10,4,POINT(-80.5 46.8)
2017-03-05,33,POINT(-114.1 48.5)
2017-05-15,52,POINT(-88.6 23.1)
2016-08-04,12,POINT(-80.9 26.1)
2017-09-14,10,POINT(-100.5 28.0)
2017-04-29,19,POINT(-106.2 36.1)
2017-08-23,27,POINT(-96.0 27.2)
2016-12-25,21,POINT(-104.5 48.0)
2016-11-04,1,POINT(-94.5 25.4)
2017-10-30,31,POINT(-104.6 25.1)
2017-02-24,4,POINT(-98.9 24.5)
2017-08-03,12,POINT(-74.2 33.1)
2017-02-14,7,POINT(-74.2 21.4)
2017-05-31,53,POINT(-70.4 40.4)
2016-08-30,14,POINT(-95.7 27.5)
2017-09-21,15,POINT(-111.6 48.0)
2016-06-20,2,POINT(-75.5 25.4)
2017-10-16,46,POINT(-90.2 22.4)
2017-04-04,6,POINT(-82.6 32.1)
2016-12-30,11,POINT(-111.9 27.4)
2016-03-18,85,POINT(-104.0 46.1)
2017-07-22,3,POINT(-106.2 35.6)
2017-05-04,26,POINT(-92.0 34.3)
2017-06-15,7,POINT(-70.1 43.3)
2017-06-09,11,POINT(-89.4 39.6)
2016-07-24,11,POINT(-91.4 20.3)
2017-11-23,54,POINT(-82.0 40.6)
2016-10-17,1,POINT(-103.6 41.4)
2017-12-01,10,POINT(-107.3 25.2)
2017-05-18,39,POINT(-78.1 41.3)
2017-10-20,49,POINT(-72.0 49.8)
2017-07-07,8,POINT(-98.9 28.8)
2017-03-03,6,POINT(-117.9 21.2)
2017-04-15,13,POINT(-111.0 45.5)
2017-05-27,28,POINT(-77.2 26.1)
2016-11-19,4,POINT(-113.9 43.4)
2017-09-07,31,POINT(-81.8 32.2)
2016-09-11,15,POINT(-89.0 47.1)
2017-12-21,4,POINT(-83.7 48.3)
2017-12-30,23,POINT(-107.2 31.9)
2017-08-12,20,POINT(-119.1 49.4)
2016-02-20,20,POINT(-118.0 20.8)
2016-04-09,29,POINT(-83.8 37.1)
2017-12-24,4,POINT(-89.3 42.2)
2017-04-08,24,POINT(-78.0 32.8)
2017-05-13,44,POINT(-100.0 39.8)
2016-08-24,16,POINT(-92.2 29.2)
2017-04-16,14,POINT(-80.8 22.3)
2017-02-01,32,POINT(-95.2 45.0)
2016-06-05,4,POINT(-70.3 28.9)
2016-10-24,9,POINT(-82.9 25.9)
2016-01-14,39,POINT(-85.8 26.0)
2016-04-25,14,POINT(-79.9 44.7)
2016-05-18,37,POINT(-81.1 22.0)
2016-03-15,6,POINT(-109.0 34.9)
2016-12-25,10,POINT(-109.5 25.8)
2016-01-24,35,POINT(-89.7 39.6)
2017-02-09,4,POINT(-98.2 44.0)
2017-11-19,46,POINT(-76.4 36.8)
2017-07-20,8,POINT(-105.5 38.4)
2017-12-25,73,POINT(-103.5 38.7)
2016-11-21,36,POINT(-111.7 37.2)
2016-11-29,13,POINT(-70.9 26.6)
2016-11-24,28,POINT(-114.2 39.6)
2017-11-05,17,POINT(-70.9 43.2)
2016-10-26,39,POINT(-84.7 44.7)
2017-11-06,15,POINT(-115.5 22.4)
2016-03-29,89,POINT(-112.4 31.9)
2016-01-15,3,POINT(-103.7 31.1)
2016-10-27,23,POINT(-107.0 47.7)
2017-09-25,6,POINT(-71.3 39.8)
2016-11-13,5,POINT(-89.3 34.2)
2016-06-26,11,POINT(-116.3 48.8)
2017-04-06,10,POINT(-93.7 24.8)
2016-09-25,1,POINT(-75.1 30.8)
2016-04-14,12,POINT(-99.2 38.9)
2017-11-01,61,POINT(-86.7 35.3)
2017-05-31,13,POINT(-81.3 37.7)
2016-12-04,8,POINT(-110.7 42.8)
2017-01-26,60,POINT(-77.2 40.9)
2016-05-20,15,POINT(-97.6 39.7)
2016-06-17,7,POINT(-117.2 41.5)
2016-01-17,31,POINT(-76.1 43.4)
2017-06-27,6,POINT(-91.8 26.3)
2016-01-05,6,POINT(-110.1 40.6)
2016-05-16,8,POINT(-104.1 39.9)
2017-09-10,11,POINT(-91.5 41.2)
2016-06-10,18,POINT(-101.3 27.3)
2017-11-10,15,POINT(-108.3 28.4)
2017-04-07,28,POINT(-96.0 43.1)
2017-03-13,26,POINT(-110.7 31.3)
2017-01-16,1,POINT(-107.7 47.7)
2017-01-16,3,POINT(-78.7 23.4)
2017-04-26,5,POINT(-108.6 25.2)
2016-12-20,19,POINT(-85.2 25.6)
2016-09-01,46,POINT(-107.5 28.6)
2017-09-16,8,POINT(-109.4 47.0)
2017-11-20,67,POINT(-107.4 31.3)
2017-04-20,4,POINT(-96.6 33.8)
2017-04-09,52,POINT(-112.7 32.7)
2016-07-08,33,POINT(-114.7 44.2)
2017-05-08,10,POINT(-82.2 31.3)
2017-06-06,5,POINT(-118.8 45.0)
2017-06-18,10,POINT(-100.7 34.5)
2017-09-22,5,POINT(-100.2 27.3)
2016-10-08,17,POINT(-75.3 32.9)
2017-03-05,18,POINT(-81.3 31.9)
2017-08-03,30,POINT(-94.5 27.2)
2017-10-07,16,POINT(-96.0 23.7)
2016-09-09,9,POINT(-91.7 45.2)
2017-07-16,49,POINT(-102.1 35.5)
2016-02-12,2,POINT(-85.0 27.3)
2017-04-26,34,POINT(-85.7 32.8)
2016-05-20,11,POINT(-91.3 38.2)
2017-05-25,4,POINT(-117.1 41.6)
2017-06-20,3,POINT(-113.7 38.6)
2016-09-26,5,POINT(-118.0 27.0)
2016-12-26,3,POINT(-84.1 23.3)
2017-09-07,13,POINT(-96.1 22.2)
2016-10-21,9,POINT(-72.3 23.2)
2017-10-26,9,POINT(-72.4 30.4)
2017-04-19,4,POINT(-80.1 30.6)
2017-04-16,22,POINT(-97.8 49.3)
2016-06-09,19,POINT(-104.2 20.7)
2016-02-14,81,POINT(-110.0 39.0)
2017-11-08,4,POINT(-108.4 35.3)
2016-07-25,36,POINT(-70.5 24.4)
2016-04-17,1,POINT(-93.5 48.5)
2017-05-18,2,POINT(-119.4 44.3)
2017-03-17,21,POINT(-117.8 26.6)
2016-03-05,11,POINT(-97.1 28.8)
2016-09-23,6,POINT(-97.8 26.0)
2017-02-02,1,POINT(-99.7 29.3)
2017-11-27,22,POINT(-78.8 26.8)
2016-08-11,12,POINT(-84.8 27.7)
2017-10-26,4,POINT(-114.6 35.5)
2016-10-15,72,POINT(-101.9 30.1)
2016-10-11,9,POINT(-90.2 34.7)
2016-07-04,8,POINT(-100.9 20.9)
2016-08-13,15,POINT(-109.6 42.2)
2016-07-18,7,POINT(-88.6 47.8)
2017-05-18,7,POINT(-89.9 49.9)
2016-01-11,68,POINT(-71.3 26.0)
2017-05-12,7,POINT(-91.9 31.5)
2016-10-03,19,POINT(-76.3 49.2)
2016-01-03,1,POINT(-72.5 26.4)
2017-07-27,4,POINT(-98.3 36.2)
2016-01-05,1,POINT(-117.4 44.0)
2017-06-04,16,POINT(-112.8 20.9)
2017-07-23,14,POINT(-94.8 23.2)
2016-10-06,9,POINT(-75.4 25.9)
2017-02-26,25,POINT(-87.3 33.7)
2016-08-25,20,POINT(-109.9 20.5)
2016-11-12,19,POINT(-84.9 32.9)
2016-05-06,9,POINT(-75.3 24.8)
2016-10-30,8,POINT(-118.5 45.5)
2017-12-31,42,POINT(-107.9 34.6)
2016-06-26,16,POINT(-112.3 22.1)
2017-05-04,7,POINT(-80.8 33.9)
2017-03-12,16,POINT(-75.4 34.4)
2017-10-22,7,POINT(-92.3 29.0)
2016-02-07,5,POINT(-77.6 31.0)
2017-09-21,7,POINT(-87.2 49.1)
2017-04-27,20,POINT(-87.2 27.4)
2016-11-10,15,POINT(-91.0 40.3)
2017-04-28,4,POINT(-117.5 39.8)
2016-04-06,48,POINT(-73.2 32.7)
2016-01-17,14,POINT(-102.2 48.0)
2017-03-22,32,POINT(-79.9 43.1)
2016-10-05,9,POINT(-79.5 20.6)
2017-03-27,64,POINT(-71.7 34.6)
2017-10-27,28,POINT(-103.7 23.4)
2017-08-28,13,POINT(-70.1 28.6)
2017-11-17,47,POINT(-105.0 27.2)
2016-01-29,26,POINT(-97.4 42.7)
2017-06-29,12,POINT(-84.7 27.5)
2016-01-10,74,POINT(-112.3 49.8)
2016-04-10,8,POINT(-106.7 23.8)
2017-10-14,6,POINT(-83.6 32.3)
2016-03-27,46,POINT(-71.3 34.7)
2017-04-14,25,POINT(-83.4 33.0)
2016-10-27,9,POINT(-76.9 22.8)
2017-10-01,6,POINT(-118.1 26.8)
2016-07-24,4,POINT(-91.1 35.6)
2017-08-23,8,POINT(-74.3 44.0)
2016-03-22,3,POINT(-85.9 40.7)
2016-07-30,4,POINT(-86.2 36.3)
2016-04-28,30,POINT(-109.8 49.3)
2016-05-15,2,POINT(-76.9 42.8)
2017-01-11,12,POINT(-76.7 46.0)
2017-03-03,11,POINT(-89.3 20.4)
2017-12-20,65,POINT(-98.7 26.5)
2016-11-09,13,POINT(-78.8 41.6)
2017-02-07,4,POINT(-96.8 28.3)
2016-08-30,2,POINT(-78.9 30.6)
2016-12-10,27,POINT(-95.8 37.7)
2017-09-03,4,POINT(-91.0 36.3)
2017-09-18,56,POINT(-82.6 26.6)
2017-02-27,17,POINT(-106.8 46.4)
2016-01-16,11,POINT(-107.7 38.8)
2017-05-30,24,POINT(-86.6 40.6)
2016-09-22,5,POINT(-72.3 44.9)
2017-07-13,10,POINT(-97.7 23.1)
2017-12-16,1,POINT(-75.1 34.2)
2016-01-20,43,POINT(-94.1 22.6)
2017-12-06,12,POINT(-71.3 22.2)
2016-01-11,29,POINT(-80.4 41.6)
2016-01-20,50,POINT(-77.0 43.7)
2016-10-05,22,POINT(-86.0 21.6)
2016-11-28,10,POINT(-76.6 45.3)
2017-06-30,20,POINT(-90.4 28.4)
2017-02-04,9,POINT(-91.6 39.6)
2016-02-07,17,POINT(-76.3 40.6)
2016-03-23,12,POINT(-119.2 40.9)
2016-02-01,4,POINT(-96.1 37.4)
2016-02-23,31,POINT(-76.5 23.4)
2017-09-10,14,POINT(-110.2 23.4)
2017-06-20,5,POINT(-72.1 24.2)
2016-02-14,45,POINT(-83.0 47.6)
2017-09-21,39,POINT(-81.9 26.3)
2016-10-20,17,POINT(-86.7 24.6)
2016-05-04,71,POINT(-97.6 49.7)
2017-07-01,53,POINT(-97.0 20.1)
2016-12-09,46,POINT(-78.0 43.3)
2017-02-26,3,POINT(-113.0 45.4)
2016-06-15,7,POINT(-93.9 39.9)
2016-09-25,11,POINT(-104.5 49.2)
2016-07-12,36,POINT(-70.8 30.0)
2016-05-03,41,POINT(-119.8 22.6)
2016-09-27,28,POINT(-116.8 27.2)
2016-02-27,13,POINT(-71.6 23.0)
2016-02-28,4,POINT(-92.8 34.6)
2017-03-25,1,POINT(-113.1 48.9)
2016-08-04,25,POINT(-97.6 35.5)
2017-08-03,103,POINT(-103.9 29.8)
2017-04-26,9,POINT(-74.4 47.2)
2016-08-31,17,POINT(-85.6 38.4)
2016-04-12,34,POINT(-113.5 47.9)
2017-05-31,5,POINT(-93.2 49.0)
2016-09-20,36,POINT(-113.3 48.1)
2016-08-28,20,POINT(-86.7 40.8)
2016-08-16,17,POINT(-83.6 35.1)
2017-03-27,29,POINT(-91.9 28.7)
2017-03-30,6,POINT(-71.7 48.2)
2017-06-27,20,POINT(-72.8 36.3)
2017-01-08,6,POINT(-109.7 49.9)
2016-01-24,4,POINT(-120.0 47.5)
2016-11-01,20,POINT(-86.9 31.4)
2017-01-08,7,POINT(-96.2 46.3)
2016-07-05,26,POINT(-103.3 36.0)
2017-10-01,15,POINT(-74.2 42.3)
2016-04-21,24,POINT(-71.1 34.4)
2017-05-07,45,POINT(-73.5 49.7)
2016-10-20,3,POINT(-95.0 32.0)
2017-02-25,2,POINT(-84.8 22.9)
2016-05-28,11,POINT(-111.4 45.7)
2016-05-30,26,POINT(-72.5 42.7)
2016-06-22,44,POINT(-105.8 23.8)
2016-07-15,1,POINT(-110.4 35.1)
2016-09-11,32,POINT(-117.0 40.4)
2017-02-17,2,POINT(-92.5 32.3)
2016-06-16,18,POINT(-72.6 47.3)
2016-03-22,9,POINT(-113.2 48.3)
2016-03-10,1,POINT(-114.0 46.1)
2017-03-01,3,POINT(-106.4 35.9)
2017-02-05,9,POINT(-86.7 33.6)
2017-06-08,62,POINT(-92.6 37.6)
2017-09-22,4,POINT(-115.2 35.5)
2016-07-30,7,POINT(-97.9 23.0)
2016-04-11,103,POINT(-116.7 43.6)
2017-12-08,14,POINT(-77.4 48.2)
2017-08-11,7,POINT(-114.6 34.7)
2016-12-03,20,POINT(-96.4 21.8)
2016-11-28,12,POINT(-94.5 29.7)
2016-07-23,40,POINT(-93.5 23.7)
2017-05-01,1,POINT(-89.5 49.4)
2016-08-16,115,POINT(-84.9 24.1)
2016-07-07,2,POINT(-119.8 22.4)
2016-04-08,16,POINT(-118.5 35.7)
2017-02-14,24,POINT(-89.4 22.0)
2017-12-30,16,POINT(-110.9 39.0)
2017-04-04,8,POINT(-78.4 46.1)
2016-07-12,39,POINT(-88.6 27.5)
2017-07-08,12,POINT(-71.0 47.8)
2017-09-27,8,POINT(-83.6 39.4)
2016-01-20,30,POINT(-115.5 24.9)
2016-11-06,4,POINT(-111.5 39.3)
2017-11-10,5,POINT(-117.7 22.2)
2017-07-11,6,POINT(-82.9 30.5)
2016-03-19,12,POINT(-113.7 20.5)
2016-06-18,1,POINT(-86.8 33.2)
2016-09-02,97,POINT(-92.2 45.0)
2017-04-16,19,POINT(-88.3 40.9)
2016-04-08,71,POINT(-94.6 26.0)
2016-11-17,33,POINT(-119.3 25.5)
2016-05-20,3,POINT(-107.3 41.1)
2016-04-18,5,POINT(-75.8 40.0)
2016-11-08,1,POINT(-73.5 24.3)
2017-10-10,36,POINT(-115.1 40.2)
2016-04-30,19,POINT(-72.4 43.4)
2016-04-08,5,POINT(-86.5 43.0)
2017-07-31,71,POINT(-73.9 32.2)
2017-05-08,27,POINT(-99.9 44.4)
2016-05-23,25,POINT(-114.9 31.7)
2016-04-19,7,POINT(-104.9 39.4)
2017-04-28,8,POINT(-85.5 42.8)
2016-05-09,23,POINT(-80.2 42.7)
2017-02-03,19,POINT(-117.5 30.4)
2017-05-20,21,POINT(-95.7 37.1)
2016-07-28,43,POINT(-116.8 38.4)
2016-12-26,4,POINT(-76.8 27.0)
2016-06-02,3,POINT(-96.2 20.2)
2017-10-06,17,POINT(-74.3 23.0)
2017-06-16,14,POINT(-116.1 21.0)
2017-06-30,11,POINT(-103.5 29.0)
2016-12-25,48,POINT(-86.2 29.8)
2016-11-05,17,POINT(-105.3 46.0)
2017-04-18,17,POINT(-77.9 23.7)
2017-09-27,10,POINT(-70.7 25.6)
2016-10-26,9,POINT(-105.9 38.6)
2016-12-06,88,POINT(-101.9 34.1)
2016-01-04,20,POINT(-71.6 49.8)
2017-09-26,35,POINT(-102.1 42.9)
2017-07-07,12,POINT(-92.2 28.1)
2016-06-17,5,POINT(-81.5 41.6)
2017-02-23,8,POINT(-98.1 26.9)
2016-10-06,9,POINT(-101.4 40.4)
2017-01-23,17,POINT(-95.2 21.1)
2016-07-03,4,POINT(-81.0 26.0)
2016-11-18,10,POINT(-104.4 23.1)
2016-01-11,3,POINT(-102.5 32.9)
2017-11-15,14,POINT(-110.5 36.6)
2017-08-30,59,POINT(-84.9 27.8)
2016-10-04,9,POINT(-75.0 49.4)
2016-05-18,2,POINT(-110.7 32.3)
2017-11-08,19,POINT(-118.3 36.9)
2017-11-29,21,POINT(-100.9 33.9)
2016-03-26,14,POINT(-99.5 45.9)
2016-08-18,11,POINT(-87.7 31.1)
2017-03-26,45,POINT(-115.7 48.3)
2016-05-17,56,POINT(-78.9 44.1)
2017-06-14,23,POINT(-91.3 22.3)
2016-12-03,14,POINT(-92.7 46.5)
2016-06-04,2,POINT(-104.2 25.4)
2017-08-29,8,POINT(-101.7 21.8)
2016-01-17,7,POINT(-117.2 26.6)
2016-09-17,2,POINT(-82.3 22.6)
2016-06-08,38,POINT(-89.8 38.7)
2016-11-04,41,POINT(-71.2 33.4)
2016-03-21,49,POINT(-102.3 34.2)
2017-11-27,28,POINT(-86.7 38.5)
2016-07-31,25,POINT(-74.0 35.0)
2017-03-02,13,POINT(-84.4 49.7)
2016-12-07,39,POINT(-118.0 38.7)
2016-12-24,15,POINT(-88.4 37.6)
2017-11-09,1,POINT(-92.7 32.4)
2016-07-24,18,POINT(-95.0 33.4)
2016-12-01,10,POINT(-92.3 49.7)
2016-09-17,15,POINT(-97.0 20.2)
2016-08-30,12,POINT(-85.4 24.7)
2017-08-04,14,POINT(-119.3 30.3)
2017-01-29,3,POINT(-110.6 47.1)
2017-12-25,1,POINT(-101.7 48.1)
2016-12-02,9,POINT(-97.4 21.7)
2016-10-05,6,POINT(-113.5 24.2)
2016-09-05,6,POINT(-79.0 46.5)
2017-12-08,56,POINT(-73.5 28.2)
2016-01-30,35,POINT(-82.4 32.0)
2016-05-10,1,POINT(-73.6 20.1)
2017-06-07,1,POINT(-82.8 34.7)
2017-04-04,31,POINT(-97.9 46.0)
2017-01-29,84,POINT(-100.3 30.9)
2017-06-11,13,POINT(-111.7 46.4)
2017-02-16,12,POINT(-115.7 30.4)
2016-04-26,7,POINT(-109.0 39.7)
2016-05-28,22,POINT(-93.4 28.8)
2016-04-18,13,POINT(-113.3 35.4)
2016-08-23,4,POINT(-72.4 44.8)
2017-03-02,14,POINT(-109.1 45.5)
2017-05-31,10,POINT(-78.3 22.3)
2016-06-28,45,POINT(-79.1 47.9)
2017-01-30,30,POINT(-112.9 35.7)
2016-01-01,25,POINT(-84.5 26.6)
2016-01-08,8,POINT(-78.8 44.9)
2016-05-23,4,POINT(-75.8 39.1)
2017-10-16,41,POINT(-72.3 35.2)
2016-10-01,9,POINT(-73.5 44.4)
2017-10-26,18,POINT(-104.4 26.1)
2016-10-13,18,POINT(-106.6 37.4)
2017-05-04,53,POINT(-100.1 48.9)
2017-10-03,4,POINT(-96.7 39.1)
2017-09-24,30,POINT(-108.3 38.0)
2017-07-24,13,POINT(-115.7 20.9)
2017-12-29,4,POINT(-87.2 25.5)
2016-01-31,37,POINT(-111.3 38.4)
2017-03-27,35,POINT(-74.3 41.1)
2016-08-31,1,POINT(-105.6 47.0)
2016-05-19,25,POINT(-110.1 46.1)
2017-02-04,4,POINT(-110.3 30.8)
2017-12-25,19,POINT(-105.5 40.7)
2017-06-24,21,POINT(-89.4 33.9)
2016-06-12,22,POINT(-71.1 34.3)
2016-04-13,3,POINT(-95.7 48.4)
2016-03-03,19,POINT(-90.0 42.0)
2016-01-15,3,POINT(-77.9 49.0)
2017-05-08,28,POINT(-103.3 43.2)
2016-06-27,2,POINT(-111.0 41.8)
2017-06-06,29,POINT(-98.3 32.8)
2017-03-16,43,POINT(-104.1 23.2)
2017-06-08,8,POINT(-76.7 38.9)
2017-12-27,31,POINT(-71.1 34.1)
2017-05-02,11,POINT(-85.6 37.7)
2016-11-06,32,POINT(-87.3 28.5)
2017-07-28,24,POINT(-84.3 25.9)
2016-05-09,7,POINT(-96.6 28.0)
2017-04-10,5,POINT(-88.6 39.7)
2017-05-16,50,POINT(-116.4 48.6)
2016-09-19,37,POINT(-95.3 49.8)
2016-06-19,22,POINT(-103.4 44.3)
2017-02-09,9,POINT(-117.3 48.7)
2017-12-02,15,POINT(-92.8 28.5)
2016-01-25,17,POINT(-102.0 20.1)
2017-03-24,2,POINT(-90.5 25.8)
2016-06-08,72,POINT(-94.3 39.0)
2016-08-04,2,POINT(-106.2 47.0)
2017-11-18,26,POINT(-93.0 47.4)
2017-05-04,14,POINT(-101.1 44.9)
2016-10-06,29,POINT(-73.9 42.9)
2016-03-21,7,POINT(-101.2 29.1)
2016-05-04,11,POINT(-118.0 22.6)
2016-06-18,15,POINT(-81.8 35.8)
2017-08-04,3,POINT(-71.8 30.1)
2017-08-12,39,POINT(-111.5 23.8)
2016-03-30,96,POINT(-71.4 33.7)
2017-01-14,11,POINT(-89.1 35.8)
2016-04-20,10,POINT(-77.6 43.2)
2016-06-12,19,POINT(-96.4 44.2)
2017-02-18,24,POINT(-88.9 34.1)
2017-10-01,41,POINT(-77.9 47.6)
2016-06-03,10,POINT(-70.9 43.7)
2016-07-12,29,POINT(-110.8 33.0)
2017-04-20,6,POINT(-75.1 30.5)
2017-11-15,23,POINT(-86.6 29.5)
2016-01-21,13,POINT(-72.7 33.9)
2016-04-18,22,POINT(-104.1 29.9)
2017-02-02,10,POINT(-107.9 34.1)
2016-05-08,7,POINT(-101.7 37.3)
2017-05-23,14,POINT(-75.8 25.0)
2016-10-06,46,POINT(-97.0 43.9)
2017-03-02,23,POINT(-72.4 23.4)
2016-01-27,19,POINT(-107.9 32.1)
2016-12-09,26,POINT(-109.0 25.0)
2017-02-04,27,POINT(-86.1 29.1)
2017-08-26,7,POINT(-105.4 33.7)
2016-10-21,6,POINT(-113.5 42.5)
2017-07-20,15,POINT(-101.2 38.8)
2016-07-14,4,POINT(-106.7 30.8)
2016-06-04,13,POINT(-99.4 37.7)
2017-03-15,24,POINT(-110.7 28.9)
2016-04-10,1,POINT(-72.2 45.2)
2017-05-14,3,POINT(-79.9 34.5)
2016-10-11,66,POINT(-78.0 41.5)
2016-03-09,53,POINT(-105.1 29.4)
2017-01-20,11,POINT(-77.2 40.3)
2017-03-27,18,POINT(-90.5 47.8)
2016-05-17,4,POINT(-117.2 23.2)
2016-09-04,9,POINT(-112.3 37.7)
2016-04-12,32,POINT(-97.7 35.0)
2017-09-11,39,POINT(-100.3 36.2)
2017-12-12,11,POINT(-80.2 25.8)
2017-05-24,8,POINT(-76.3 20.8)
2017-01-09,23,POINT(-76.8 22.1)
2017-12-27,26,POINT(-101.2 28.5)
2016-06-03,83,POINT(-88.2 45.6)
2016-03-27,24,POINT(-95.1 44.2)
2017-04-26,6,POINT(-75.6 49.9)
2016-07-27,2,POINT(-75.6 42.2)
2016-06-26,6,POINT(-117.3 30.5)
2017-08-08,6,POINT(-91.4 47.5)
2016-09-14,2,POINT(-94.8 43.7)
2016-09-29,12,POINT(-81.5 41.0)
2016-01-24,7,POINT(-110.2 36.1)
2017-08-05,52,POINT(-85.3 41.5)
2017-08-17,11,POINT(-83.1 48.8)
2017-02-03,42,POINT(-118.7 45.9)
2016-12-18,8,POINT(-98.4 25.8)
2016-10-27,36,POINT(-71.1 22.9)
2016-01-10,13,POINT(-105.0 20.5)
2016-02-12,1,POINT(-75.8 41.4)
2016-02-20,14,POINT(-90.7 28.4)
2017-12-19,6,POINT(-105.2 41.5)
2016-04-16,8,POINT(-78.2 25.5)
2017-12-06,24,POINT(-70.5 33.1)
2016-08-22,16,POINT(-82.9 20.4)
2017-05-04,44,POINT(-116.9 23.3)
2017-11-05,55,POINT(-117.4 22.4)
2017-04-19,24,POINT(-95.4 43.7)
2017-08-03,40,POINT(-119.7 47.1)
2016-10-18,5,POINT(-86.2 25.2)
2017-04-25,2,POINT(-119.2 35.7)
2017-04-04,9,POINT(-71.3 24.5)
2017-02-28,8,POINT(-76.0 43.4)
2016-11-24,22,POINT(-79.2 44.6)
2016-07-03,37,POINT(-79.4 43.6)
2017-05-20,8,POINT(-78.3 27.5)
2017-09-19,12,POINT(-98.3 30.1)
2017-04-22,3,POINT(-80.4 26.3)
2016-01-14,11,POINT(-101.6 20.1)
2017-12-27,5,POINT(-77.6 21.9)
2016-04-02,10,POINT(-89.1 49.6)
2016-06-28,7,POINT(-102.1 47.4)
2017-07-19,34,POINT(-82.7 22.4)
2016-10-31,1,POINT(-107.9 33.8)
2017-04-19,9,POINT(-71.8 49.2)
2017-06-25,70,POINT(-86.8 21.6)
2017-06-07,23,POINT(-99.9 40.1)
2016-04-20,30,POINT(-92.5 23.2)
2017-02-18,40,POINT(-83.1 30.4)
2017-02-24,9,POINT(-80.1 21.4)
2017-02-14,2,POINT(-71.3 38.0)
2017-09-15,11,POINT(-109.6 41.1)
2017-11-11,22,POINT(-94.8 21.2)
2017-09-07,10,POINT(-115.4 35.1)
2017-06-06,12,POINT(-115.9 29.0)
2016-11-24,35,POINT(-114.8 41.3)
2016-09-28,1,POINT(-107.0 35.3)
2016-01-14,9,POINT(-85.2 20.5)
2016-06-23,14,POINT(-76.9 28.0)
2016-06-06,8,POINT(-98.2 34.6)
2017-09-13,12,POINT(-92.2 22.9)
2017-10-25,11,POINT(-109.7 46.6)
2016-08-21,52,POINT(-80.4 46.9)
2016-05-20,14,POINT(-75.6 23.4)
2017-04-25,13,POINT(-95.7 46.5)
2016-04-28,6,POINT(-112.0 37.2)
2017-01-16,1,POINT(-119.7 46.0)
2017-06-04,8,POINT(-93.2 38.8)
2017-11-19,1,POINT(-95.1 47.5)
2017-02-13,36,POINT(-73.7 33.8)
2016-02-18,5,POINT(-118.2 49.9)
2017-01-04,49,POINT(-112.6 45.7)
2016-11-28,44,POINT(-110.1 38.9)
2016-05-28,22,POINT(-92.6 31.8)
2016-06-05,40,POINT(-105.8 38.5)
2017-08-26,43,POINT(-109.7 41.9)
2016-05-31,30,POINT(-94.3 30.3)
2017-04-05,15,POINT(-118.0 36.2)
2017-01-10,60,POINT(-71.2 46.7)
2017-11-12,35,POINT(-76.9 48.6)
2017-08-18,3,POINT(-106.4 38.5)
2017-02-28,11,POINT(-103.2 24.5)
2016-02-17,16,POINT(-107.7 43.0)
2016-11-30,16,POINT(-73.6 27.4)
2017-12-29,10,POINT(-87.3 21.9)
2017-08-11,16,POINT(-93.9 31.1)
2017-07-08,2,POINT(-94.6 28.1)
2017-04-13,22,POINT(-111.7 35.4)
2017-07-28,14,POINT(-71.9 20.1)
2016-09-01,31,POINT(-74.3 40.4)
2017-09-23,24,POINT(-72.4 33.3)
2016-09-18,3,POINT(-105.5 27.8)
2016-09-06,9,POINT(-96.2 28.1)
2017-05-11,27,POINT(-94.1 21.3)
2016-02-21,9,POINT(-95.5 26.7)
2017-05-03,17,POINT(-119.0 23.6)
2016-05-21,66,POINT(-78.3 33.1)
2017-01-06,2,POINT(-82.7 34.8)
2016-09-07,5,POINT(-96.3 44.7)
2016-11-09,14,POINT(-106.6 37.0)
2016-08-12,27,POINT(-88.3 37.6)
2017-10-26,9,POINT(-113.1 22.9)
2016-02-25,3,POINT(-70.1 30.5)
2016-12-04,8,POINT(-113.7 43.9)
2017-06-04,21,POINT(-117.1 37.5)
2017-05-14,32,POINT(-89.4 31.3)
2017-04-28,76,POINT(-96.8 32.9)
2016-06-12,29,POINT(-84.0 23.5)
2017-03-16,14,POINT(-113.6 20.8)
2016-05-12,7,POINT(-101.8 24.3)
2016-03-21,53,POINT(-94.9 28.9)
2016-12-15,16,POINT(-97.7 28.5)
2017-10-08,24,POINT(-90.8 41.1)
2016-05-13,13,POINT(-114.9 24.8)
2016-02-21,6,POINT(-94.8 42.8)
2017-05-08,16,POINT(-92.3 41.3)
2016-07-20,37,POINT(-75.9 24.5)
2017-12-10,10,POINT(-91.4 39.8)
2017-09-09,23,POINT(-92.6 29.8)
2017-05-22,1,POINT(-79.4 23.2)
2016-01-14,56,POINT(-116.8 38.7)
2017-01-19,71,POINT(-87.6 43.8)
2017-12-23,10,POINT(-79.4 48.9)
2016-07-19,14,POINT(-115.3 36.5)
2016-06-13,4,POINT(-79.4 37.0)
2017-07-14,5,POINT(-80.6 33.9)
2016-05-12,19,POINT(-120.0 29.3)
2017-08-04,20,POINT(-107.7 24.3)
2016-04-28,9,POINT(-112.4 29.0)
2017-10-12,10,POINT(-94.4 30.0)
2017-11-23,15,POINT(-74.3 42.1)
2017-04-30,57,POINT(-89.9 23.9)
2016-07-01,4,POINT(-89.9 25.6)
2017-04-02,17,POINT(-113.9 49.2)
2016-11-30,2,POINT(-86.7 22.1)
2017-07-15,13,POINT(-75.6 47.9)
2017-11-23,11,POINT(-98.5 24.4)
2017-09-28,4,POINT(-85.9 36.1)
2016-08-18,4,POINT(-105.3 31.9)
2016-11-06,12,POINT(-106.6 32.0)
2016-01-03,3,POINT(-110.7 41.1)
2017-11-15,7,POINT(-107.9 39.7)
2016-03-21,2,POINT(-102.9 48.3)
2016-10-01,8,POINT(-91.7 41.6)
2017-01-22,16,POINT(-81.0 38.2)
2016-12-10,28,POINT(-105.5 25.3)
2016-08-06,36,POINT(-111.6 34.3)
2017-10-13,9,POINT(-97.5 34.9)
2016-03-03,56,POINT(-80.5 39.2)
2017-03-15,6,POINT(-100.5 31.0)
2016-01-27,2,POINT(-74.3 24.4)
2017-12-08,52,POINT(-107.6 46.4)
2017-01-15,16,POINT(-82.1 21.0)
2017-10-25,9,POINT(-96.6 24.0)
2016-09-04,46,POINT(-114.6 33.7)
2016-06-02,30,POINT(-105.9 46.7)
2016-07-28,36,POINT(-77.1 23.1)
2016-01-22,7,POINT(-119.7 42.1)
2017-08-04,42,POINT(-82.2 28.6)
2016-01-19,21,POINT(-79.4 22.3)
2017-05-23,27,POINT(-114.0 46.8)
2017-09-04,8,POINT(-71.9 49.2)
2017-11-04,6,POINT(-76.4 24.0)
2017-10-12,11,POINT(-111.1 46.9)
2017-08-22,18,POINT(-107.9 39.4)
2017-03-04,22,POINT(-79.1 26.0)
2016-02-06,14,POINT(-92.7 40.1)
2017-02-10,25,POINT(-73.9 44.3)
2017-02-27,25,POINT(-71.0 34.8)
2017-11-13,22,POINT(-102.8 47.3)
2016-12-03,6,POINT(-115.2 35.9)
2016-09-27,12,POINT(-84.8 25.6)
2017-10-13,30,POINT(-73.8 41.3)
2017-08-02,44,POINT(-111.8 40.3)
2017-08-02,14,POINT(-70.7 39.2)
2017-11-11,87,POINT(-110.2 46.4)
2017-09-08,4,POINT(-115.7 35.8)
2017-04-06,6,POINT(-95.2 41.1)
2016-11-10,13,POINT(-79.7 48.6)
2016-02-27,15,POINT(-102.3 24.1)
2017-01-10,12,POINT(-103.4 31.6)
2017-11-29,12,POINT(-110.1 26.6)
2017-03-31,14,POINT(-70.7 29.7)
2017-02-10,8,POINT(-102.9 35.3)
2017-01-19,3,POINT(-86.7 45.4)
2016-02-25,63,POINT(-113.4 32.0)
2017-04-03,32,POINT(-97.5 36.7)
2017-04-19,34,POINT(-80.2 44.4)
2017-05-30,10,POINT(-71.5 47.8)
2016-01-17,11,POINT(-111.1 30.5)
2017-03-08,55,POINT(-115.3 25.3)
2016-08-24,73,POINT(-70.6 37.5)
2016-11-02,58,POINT(-92.3 46.9)
2017-03-08,21,POINT(-102.7 27.5)
2016-01-24,6,POINT(-72.0 35.0)
2016-10-26,19,POINT(-100.5 34.6)
2017-09-19,18,POINT(-108.4 47.8)
2016-08-25,48,POINT(-79.8 33.7)
2017-11-11,8,POINT(-104.3 36.1)
2017-05-06,5,POINT(-103.9 24.1)
2016-10-14,7,POINT(-97.8 33.7)
2017-02-18,6,POINT(-85.4 30.3)
2017-02-03,21,POINT(-77.9 26.6)
2017-02-19,34,POINT(-108.7 35.3)
2017-04-27,10,POINT(-101.9 43.1)
2016-09-07,4,POINT(-95.2 25.3)
2017-11-07,9,POINT(-118.7 24.2)
2017-02-03,16,POINT(-85.1 23.7)
2016-05-20,22,POINT(-91.7 42.9)
2017-01-12,16,POINT(-113.3 43.6)
2016-04-29,6,POINT(-113.5 46.7)
2016-12-03,51,POINT(-75.2 48.9)
2017-03-25,12,POINT(-85.8 31.3)
2016-06-09,13,POINT(-100.6 30.2)
2016-04-14,69,POINT(-103.1 49.7)
2016-04-01,41,POINT(-104.2 24.3)
2017-04-29,33,POINT(-87.3 21.3)
2017-02-22,5,POINT(-111.1 31.6)
2017-02-24,37,POINT(-70.6 22.6)
2017-12-16,13,POINT(-85.6 31.5)
2017-07-05,5,POINT(-113.6 32.3)
2016-02-23,94,POINT(-113.1 39.2)
2017-08-23,4,POINT(-87.6 42.3)
2017-10-08,52,POINT(-100.8 39.4)
2017-05-28,1,POINT(-87.0 41.2)
2016-04-06,12,POINT(-83.9 31.1)
2017-07-21,1,POINT(-93.1 33.7)
2017-09-27,49,POINT(-107.2 41.4)
2016-07-03,3,POINT(-92.4 24.4)
2017-03-08,23,POINT(-98.9 41.4)
2017-04-15,20,POINT(-75.5 48.5)
2016-05-04,31,POINT(-83.0 25.3)
2016-11-29,28,POINT(-89.1 31.8)
2016-09-20,1,POINT(-118.0 37.4)
2016-07-09,10,POINT(-70.5 41.5)
2017-12-27,8,POINT(-91.7 27.6)
2016-08-08,73,POINT(-107.1 37.5)
2016-07-17,30,POINT(-90.4 48.1)
2016-12-09,25,POINT(-79.1 30.7)
2016-06-22,12,POINT(-93.1 37.1)
2016-08-04,45,POINT(-81.2 38.7)
2016-07-24,1,POINT(-99.3 46.6)
2017-08-01,6,POINT(-90.5 29.3)
2017-01-07,24,POINT(-98.9 46.2)
2016-06-22,15,POINT(-93.6 40.2)
2016-03-18,16,POINT(-111.6 41.5)
2016-11-18,11,POINT(-90.1 22.0)
2017-07-07,4,POINT(-71.1 30.7)
2017-07-29,4,POINT(-81.8 23.5)
2017-01-18,7,POINT(-104.0 36.8)
2017-03-12,13,POINT(-76.8 45.1)
2016-07-17,35,POINT(-75.2 32.3)
2017-08-24,12,POINT(-111.2 26.8)
2016-01-07,46,POINT(-117.3 29.1)
2016-09-19,3,POINT(-91.4 37.2)
2017-09-25,7,POINT(-96.2 43.0)
2017-11-06,2,POINT(-84.3 40.7)
2017-09-19,15,POINT(-105.3 48.3)
2017-06-08,2,POINT(-101.0 46.5)
2016-01-20,32,POINT(-106.8 23.1)
2017-12-13,1,POINT(-105.4 41.1)
2016-09-10,13,POINT(-119.5 31.8)
2017-08-20,11,POINT(-94.5 30.1)
2016-06-28,5,POINT(-96.3 34.3)
2016-12-18,18,POINT(-102.2 43.0)
2017-07-26,10,POINT(-93.0 32.5)
2017-12-27,5,POINT(-100.4 44.6)
2016-08-02,36,POINT(-98.4 34.2)
2016-12-23,22,POINT(-119.9 21.8)
2017-08-24,1,POINT(-116.7 38.9)
2017-08-30,14,POINT(-112.5 43.4)
2017-07-26,7,POINT(-110.8 29.5)
2017-07-21,50,POINT(-97.4 26.7)
2016-08-07,26,POINT(-76.3 39.2)
2017-08-28,19,POINT(-99.7 30.6)
2017-07-05,2,POINT(-88.6 47.2)
2016-12-02,54,POINT(-118.7 43.0)
2016-11-14,4,POINT(-77.3 33.8)
2017-04-10,12,POINT(-114.3 49.3)
2017-12-29,23,POINT(-105.8 30.3)
2016-06-02,14,POINT(-79.2 33.3)
2016-12-16,43,POINT(-106.8 39.5)
2016-03-02,37,POINT(-107.1 35.4)
2017-04-04,3,POINT(-89.9 30.3)
2016-08-27,20,POINT(-74.8 32.5)
2016-07-08,2,POINT(-109.3 45.9)
2016-05-25,26,POINT(-89.0 25.9)
2017-06-05,27,POINT(-90.0 29.5)
2016-10-18,9,POINT(-87.0 26.0)
2017-10-03,31,POINT(-72.7 35.4)
2016-02-29,22,POINT(-111.7 24.8)
2017-04-17,15,POINT(-87.3 25.1)
2017-11-17,13,POINT(-110.9 45.0)
2016-03-13,3,POINT(-104.3 41.1)
2016-08-26,16,POINT(-100.5 25.7)
2017-02-19,4,POINT(-78.2 31.6)
2016-06-27,22,POINT(-117.3 47.5)
2016-03-07,19,POINT(-83.3 46.1)
2017-08-15,7,POINT(-74.4 39.6)
2016-03-17,6,POINT(-116.0 28.5)
2016-09-04,13,POINT(-80.5 31.2)
2017-12-07,15,POINT(-114.6 39.6)
2016-03-08,32,POINT(-71.9 36.8)
2017-07-21,8,POINT(-79.2 36.8)
2016-04-08,11,POINT(-85.3 32.7)
2017-08-10,9,POINT(-92.5 22.7)
2017-07-31,11,POINT(-74.0 23.6)
2017-06-28,17,POINT(-114.0 45.1)
2017-06-25,17,POINT(-113.9 46.5)
2017-06-21,9,POINT(-78.9 46.8)
2017-12-22,19,POINT(-95.9 34.2)
2016-11-19,20,POINT(-77.7 48.1)
2016-05-02,15,POINT(-100.5 45.1)
2016-02-02,13,POINT(-97.4 31.5)
2017-10-16,2,POINT(-103.4 26.7)
2016-05-24,16,POINT(-72.5 41.9)
2017-05-31,25,POINT(-96.8 41.8)
2017-11-03,5,POINT(-82.2 46.7)
2016-11-05,31,POINT(-85.2 21.5)
2016-05-23,18,POINT(-108.2 30.6)
2017-10-25,6,POINT(-74.3 21.0)
2017-05-31,4,POINT(-92.8 26.3)
2016-07-13,6,POINT(-77.2 32.0)
2017-04-27,29,POINT(-78.4 23.7)
2017-09-28,6,POINT(-117.1 44.7)
2017-04-19,23,POINT(-89.0 26.1)
2017-08-10,16,POINT(-80.6 32.3)
2016-06-17,16,POINT(-74.7 44.1)
2017-12-29,39,POINT(-94.7 23.5)
2016-07-01,42,POINT(-82.5 38.6)
2016-04-22,16,POINT(-71.5 48.2)
2016-10-02,2,POINT(-78.6 33.6)
2017-04-20,4,POINT(-77.3 27.2)
2016-06-26,60,POINT(-99.6 48.3)
2017-09-28,3,POINT(-115.4 21.6)
2016-10-17,37,POINT(-71.7 29.3)
2017-03-09,16,POINT(-85.2 44.5)
2017-04-07,3,POINT(-111.4 24.6)
2017-02-20,51,POINT(-71.3 22.5)
2017-12-11,53,POINT(-84.2 33.7)
2016-05-17,20,POINT(-115.5 30.0)
2017-05-03,10,POINT(-111.5 43.9)
2017-12-30,19,POINT(-76.7 30.1)
2016-06-16,20,POINT(-72.3 40.1)
2016-05-13,20,POINT(-101.8 36.8)
2016-06-09,27,POINT(-99.3 37.9)
2017-01-11,2,POINT(-100.2 35.3)
2016-11-25,3,POINT(-78.2 24.1)
2017-01-29,7,POINT(-97.3 21.9)
2016-06-20,9,POINT(-101.2 36.3)
2017-04-14,21,POINT(-88.9 39.5)
2017-02-25,4,POINT(-95.5 41.8)
2016-09-12,16,POINT(-93.3 41.7)
2017-11-10,5,POINT(-99.6 42.2)
2016-04-29,9,POINT(-97.0 20.6)
2016-01-19,55,POINT(-118.2 26.7)
2016-09-03,46,POINT(-73.7 41.9)
2016-07-23,62,POINT(-118.5 23.7)
2017-02-23,18,POINT(-81.4 25.6)
2016-03-07,14,POINT(-105.1 39.8)
2016-12-07,38,POINT(-114.4 44.2)
2016-12-10,2,POINT(-89.5 24.9)
2017-11-27,77,POINT(-84.7 36.5)
2017-01-21,13,POINT(-88.5 25.4)
2016-12-07,23,POINT(-91.2 26.3)
2016-04-17,27,POINT(-93.2 34.5)
2017-11-07,20,POINT(-92.9 40.2)
2017-09-24,45,POINT(-76.7 37.2)
2017-02-05,7,POINT(-115.5 22.8)
2017-08-18,16,POINT(-112.1 28.6)
2016-10-28,12,POINT(-79.4 48.1)
2016-04-16,25,POINT(-104.8 38.8)
2017-09-26,11,POINT(-81.4 39.7)
2017-08-07,45,POINT(-102.4 26.3)
2017-04-21,14,POINT(-73.7 48.7)
2016-12-02,16,POINT(-105.9 26.2)
2017-04-04,14,POINT(-98.7 27.5)
2016-11-08,20,POINT(-112.1 35.3)
2016-06-02,15,POINT(-86.7 34.9)
2017-08-31,56,POINT(-99.9 21.0)
2016-12-14,3,POINT(-72.9 42.3)
2017-08-16,1,POINT(-119.2 22.9)
2017-06-12,15,POINT(-100.6 21.6)
2016-10-26,29,POINT(-118.8 35.2)
2017-11-22,21,POINT(-103.5 21.4)
2017-12-28,66,POINT(-101.0 26.0)
2017-06-17,5,POINT(-107.1 31.7)
2016-08-23,24,POINT(-107.2 38.1)
2016-07-29,34,POINT(-107.0 43.5)
2016-10-12,49,POINT(-106.7 28.7)
2017-02-26,16,POINT(-105.9 34.1)
2017-12-19,10,POINT(-77.4 48.6)
2017-05-08,63,POINT(-118.0 31.7)
2017-02-22,32,POINT(-70.6 41.3)
2016-12-10,13,POINT(-105.9 28.1)
2017-06-06,22,POINT(-118.6 38.7)
2016-11-14,7,POINT(-111.2 44.1)
2016-12-07,20,POINT(-72.9 47.4)
2017-01-13,16,POINT(-70.1 48.1)
2017-06-29,1,POINT(-107.7 29.1)
2017-09-24,41,POINT(-108.7 26.0)
2017-11-25,14,POINT(-78.2 44.4)
2017-08-12,14,POINT(-74.3 38.9)
2017-09-26,7,POINT(-87.5 32.4)
2016-07-26,5,POINT(-73.2 21.1)
2016-07-04,7,POINT(-72.5 29.2)
2016-01-17,21,POINT(-82.0 23.3)
2016-10-16,3,POINT(-102.6 34.8)
2016-09-10,9,POINT(-112.5 44.8)
2017-09-02,78,POINT(-94.1 29.4)
2017-03-21,7,POINT(-105.5 30.7)
2017-03-31,69,POINT(-114.1 43.5)
2016-05-26,3,POINT(-100.3 33.7)
2016-04-23,32,POINT(-96.0 40.0)
2016-04-06,12,POINT(-86.9 25.7)
2017-01-16,5,POINT(-108.9 27.5)
2017-01-10,31,POINT(-76.6 39.0)
2017-05-20,1,POINT(-110.7 23.4)
2016-11-17,9,POINT(-70.1 25.3)
2016-11-23,19,POINT(-92.2 29.5)
2016-12-14,6,POINT(-112.7 25.4)
2016-06-18,9,POINT(-78.3 49.3)
2016-11-02,2,POINT(-107.3 27.7)
2016-07-17,39,POINT(-110.6 48.6)
2016-06-25,11,POINT(-113.3 45.4)
2016-05-03,4,POINT(-92.5 30.0)
2016-06-05,5,POINT(-76.0 36.5)
2017-08-29,7,POINT(-75.1 30.1)
2016-10-12,6,POINT(-80.7 41.1)
2017-09-02,14,POINT(-90.9 30.9)
2016-08-22,48,POINT(-93.5 34.0)
2017-12-02,5,POINT(-101.3 41.6)
2016-10-20,13,POINT(-117.8 32.5)
2016-01-18,22,POINT(-78.2 40.7)
2016-06-22,5,POINT(-70.0 31.1)
2017-02-06,4,POINT(-74.0 32.0)
2017-01-15,4,POINT(-73.3 29.6)
2016-04-29,43,POINT(-103.3 49.7)
2016-04-05,25,POINT(-115.0 35.1)
2016-01-31,9,POINT(-76.4 26.7)
2016-04-06,47,POINT(-81.8 37.0)
2017-04-14,62,POINT(-100.5 34.1)
2017-12-05,11,POINT(-78.3 43.4)
2016-02-15,15,POINT(-113.1 48.1)
2016-08-23,9,POINT(-87.4 23.3)
2017-07-14,6,POINT(-72.3 49.4)
2016-12-02,31,POINT(-74.5 24.9)
2017-11-04,21,POINT(-82.0 28.2)
2016-10-11,10,POINT(-106.7 43.3)
2016-05-13,1,POINT(-114.9 24.7)
2017-11-25,29,POINT(-103.8 44.5)
2017-06-22,13,POINT(-89.1 40.2)
2017-10-13,2,POINT(-104.2 44.2)
2016-09-16,3,POINT(-99.3 36.9)
2017-05-17,20,POINT(-99.8 49.5)
2017-08-14,16,POINT(-103.2 37.8)
2016-06-28,6,POINT(-73.8 31.9)
2016-09-23,4,POINT(-104.0 49.0)
2017-07-17,44,POINT(-70.3 22.2)
2016-03-24,3,POINT(-109.5 35.4)
2017-02-13,2,POINT(-76.4 39.0)
2016-06-04,20,POINT(-83.4 30.4)
2017-05-04,6,POINT(-86.6 22.8)
2016-11-23,22,POINT(-97.7 32.3)
2017-09-07,14,POINT(-79.2 44.3)
2016-12-11,5,POINT(-95.4 37.1)
2016-04-06,2,POINT(-113.2 42.7)
2017-09-28,2,POINT(-106.0 41.5)
2016-07-01,18,POINT(-110.9 28.6)
2016-11-22,29,POINT(-91.5 27.6)
2017-07-19,24,POINT(-87.2 43.7)
2017-11-06,18,POINT(-103.2 25.1)
2017-10-22,5,POINT(-118.0 37.0)
2017-01-12,40,POINT(-87.1 48.7)
2016-03-27,20,POINT(-116.9 35.8)
2017-11-04,24,POINT(-71.7 44.2)
2017-11-10,6,POINT(-75.6 27.7)
2016-05-14,7,POINT(-78.5 21.7)
2016-03-30,48,POINT(-101.6 30.4)
2017-05-02,13,POINT(-82.8 37.2)
2017-08-15,17,POINT(-117.7 39.2)
2016-03-29,3,POINT(-115.5 36.1)
2016-10-19,11,POINT(-95.3 33.0)
2017-03-21,44,POINT(-90.7 49.6)
2017-02-02,47,POINT(-81.7 40.7)
2017-05-28,27,POINT(-105.1 48.6)
2017-01-29,16,POINT(-92.9 25.3)
2016-01-17,54,POINT(-116.9 50.0)
2017-12-08,42,POINT(-96.5 41.1)
2017-09-23,38,POINT(-86.4 49.2)
2016-08-29,43,POINT(-70.5 38.2)
2017-11-16,13,POINT(-81.6 24.6)
2017-06-27,15,POINT(-70.2 30.4)
2017-12-07,12,POINT(-95.1 21.6)
2016-01-04,27,POINT(-98.4 24.5)
2016-10-07,18,POINT(-78.3 50.0)
2017-06-16,2,POINT(-96.9 47.5)
2017-04-15,3,POINT(-82.2 47.1)
2016-08-25,5,POINT(-70.3 20.1)
2017-08-27,23,POINT(-83.8 33.5)
2017-04-22,3,POINT(-119.3 43.5)
2016-03-29,16,POINT(-111.0 26.8)
2016-04-22,37,POINT(-106.2 32.6)
2017-09-01,59,POINT(-78.9 26.1)
2016-05-21,12,POINT(-73.4 40.8)
2017-10-23,16,POINT(-87.5 41.1)
2017-07-13,36,POINT(-115.6 28.5)
2016-02-20,55,POINT(-95.0 34.3)
2016-07-26,10,POINT(-77.0 33.6)
2017-06-06,9,POINT(-101.9 43.3)
2017-05-22,12,POINT(-116.7 40.3)
2016-09-26,6,POINT(-81.0 22.0)
2016-09-19,40,POINT(-87.1 24.5)
2017-12-09,8,POINT(-96.7 45.2)
2016-07-04,12,POINT(-77.5 49.0)
2016-08-08,8,POINT(-77.5 39.1)
2016-03-21,3,POINT(-85.0 30.9)
2017-02-12,19,POINT(-72.9 26.6)
2017-11-12,18,POINT(-97.3 42.3)
2016-03-26,7,POINT(-83.6 39.2)
2017-07-09,1,POINT(-78.5 47.3)
2016-04-13,56,POINT(-88.2 47.1)
2016-10-10,9,POINT(-92.3 29.2)
2017-04-04,16,POINT(-83.4 44.1)
2017-11-30,4,POINT(-102.3 27.6)
2017-04-05,6,POINT(-101.7 43.5)
2016-04-30,12,POINT(-71.2 25.0)
2017-10-22,17,POINT(-114.1 30.4)
2016-12-17,39,POINT(-77.9 22.6)
2017-03-15,7,POINT(-80.6 28.9)
2017-07-22,42,POINT(-117.3 29.5)
2016-07-07,13,POINT(-84.8 40.1)
2017-07-03,12,POINT(-115.3 41.5)
2017-12-13,11,POINT(-109.5 37.6)
2016-08-16,44,POINT(-72.1 43.1)
2017-01-20,6,POINT(-101.9 33.5)
2016-05-10,39,POINT(-117.2 38.8)
2016-06-19,2,POINT(-93.9 30.8)
2016-11-25,63,POINT(-109.7 35.6)
2016-02-04,14,POINT(-98.7 24.2)
2016-07-19,137,POINT(-114.9 38.3)
2016-06-16,19,POINT(-115.2 26.1)
2017-05-23,3,POINT(-94.8 33.8)
2017-05-25,2,POINT(-103.2 40.0)
2016-09-02,5,POINT(-112.2 32.8)
2016-08-11,11,POINT(-91.0 26.7)
2016-12-06,28,POINT(-116.9 40.0)
2017-07-23,1,POINT(-82.4 45.6)
2017-06-20,6,POINT(-117.4 35.0)
2017-03-15,18,POINT(-71.5 36.7)
2017-06-27,8,POINT(-83.2 31.7)
2017-09-13,9,POINT(-75.1 37.5)
2017-09-04,8,POINT(-98.0 34.9)
2016-05-29,62,POINT(-117.1 42.4)
2017-12-05,2,POINT(-108.5 27.2)
2017-09-12,48,POINT(-71.4 34.6)
2016-12-21,8,POINT(-89.1 29.5)
2017-06-16,6,POINT(-108.6 22.8)
2017-01-07,43,POINT(-95.9 31.6)
2017-02-15,7,POINT(-104.1 48.6)
2016-09-08,88,POINT(-95.5 33.8)
2016-01-14,16,POINT(-78.2 36.4)
2016-08-02,13,POINT(-108.9 42.3)
2017-06-19,76,POINT(-100.0 49.5)
2016-01-20,6,POINT(-97.7 32.4)
2017-05-02,48,POINT(-90.6 35.5)
2017-12-14,18,POINT(-116.1 49.1)
2017-03-11,29,POINT(-109.6 32.9)
2016-11-16,18,POINT(-100.1 43.7)
2016-02-21,20,POINT(-79.5 33.3)
2016-12-22,4,POINT(-110.7 26.8)
2017-11-28,4,POINT(-75.9 48.1)
2017-12-19,11,POINT(-103.0 41.4)
2017-08-29,9,POINT(-107.3 45.9)
2016-12-13,25,POINT(-99.5 23.5)
2016-11-21,26,POINT(-92.3 41.1)
2017-06-10,17,POINT(-83.3 39.2)
2017-11-17,11,POINT(-96.2 34.5)
2016-08-06,23,POINT(-79.1 24.3)
2017-06-05,24,POINT(-79.1 32.4)
2017-02-08,34,POINT(-119.9 38.5)
2016-01-19,34,POINT(-80.4 40.3)
2017-08-02,2,POINT(-97.9 23.5)
2016-10-20,10,POINT(-71.6 33.3)
2016-01-15,11,POINT(-79.0 32.8)
2016-11-21,38,POINT(-100.8 43.6)
2017-09-17,14,POINT(-88.3 21.2)
2016-06-06,14,POINT(-110.3 43.6)
2016-04-13,17,POINT(-105.5 43.5)
2017-08-20,3,POINT(-109.9 40.9)
2017-08-28,17,POINT(-82.4 47.0)
2017-11-16,17,POINT(-119.6 34.0)
2016-10-08,29,POINT(-99.6 22.9)
2016-05-26,21,POINT(-78.1 29.9)
2017-05-28,63,POINT(-84.5 38.3)
2016-03-08,2,POINT(-98.9 29.7)
2017-05-18,30,POINT(-88.3 39.0)
2016-03-09,28,POINT(-98.4 21.3)
2017-07-12,7,POINT(-77.8 22.1)
2017-02-16,24,POINT(-91.4 20.3)
2016-03-04,22,POINT(-88.4 49.3)
2017-08-14,8,POINT(-70.6 27.8)
2016-08-24,26,POINT(-81.5 43.9)
2017-01-30,54,POINT(-105.7 46.6)
2016-05-18,8,POINT(-81.4 24.7)
2016-11-11,79,POINT(-73.6 26.0)
2017-10-27,6,POINT(-105.2 31.5)
2017-02-26,3,POINT(-79.1 35.1)
2016-05-11,2,POINT(-108.1 36.0)
2016-08-13,5,POINT(-98.3 31.6)
2017-08-26,9,POINT(-85.5 37.6)
2017-04-17,27,POINT(-107.8 42.1)
2016-04-27,2,POINT(-110.6 41.0)
2017-09-29,15,POINT(-96.9 20.9)
2016-12-04,15,POINT(-80.8 37.8)
2017-02-22,6,POINT(-90.2 41.4)
2017-03-10,1,POINT(-84.9 26.0)
2016-06-27,6,POINT(-85.5 38.1)
2017-04-06,6,POINT(-92.8 23.3)
2017-08-19,24,POINT(-104.2 39.9)
2017-11-06,6,POINT(-98.9 38.6)
2017-12-18,9,POINT(-101.0 27.2)
2016-04-13,1,POINT(-116.0 46.3)
2016-04-23,20,POINT(-75.1 44.2)
2017-11-30,13,POINT(-87.9 42.2)
2016-09-27,9,POINT(-77.1 33.8)
2017-07-16,25,POINT(-81.2 26.8)
2016-11-01,23,POINT(-116.6 43.5)
2017-09-14,8,POINT(-109.2 26.4)
2016-02-24,25,POINT(-72.5 34.6)
2017-06-07,9,POINT(-96.9 31.4)
2017-03-09,6,POINT(-79.4 26.1)
2016-07-08,26,POINT(-91.2 38.4)
2017-01-23,27,POINT(-78.8 49.5)
2017-10-28,41,POINT(-83.3 34.3)
2016-11-30,14,POINT(-106.0 35.0)
2016-12-11,6,POINT(-70.4 31.2)
2016-09-21,37,POINT(-95.5 26.8)
2016-04-13,4,POINT(-90.8 28.5)
2017-11-05,56,POINT(-93.0 46.3)
2016-05-20,8,POINT(-75.7 48.4)
2017-07-09,1,POINT(-106.0 44.8)
2016-08-26,5,POINT(-116.9 20.8)
2017-03-05,11,POINT(-98.6 38.2)
2017-08-31,2,POINT(-74.1 36.5)
2016-04-07,11,POINT(-98.0 43.2)
2017-04-05,5,POINT(-106.1 43.4)
2017-07-18,1,POINT(-89.1 33.1)
2017-09-12,8,POINT(-83.1 28.6)
2016-09-13,6,POINT(-96.9 22.9)
2016-01-11,11,POINT(-101.0 38.3)
2016-06-26,29,POINT(-101.8 28.2)
2017-01-27,15,POINT(-98.9 48.9)
2016-10-20,30,POINT(-77.9 21.4)
2017-01-31,9,POINT(-95.9 48.9)
2017-01-23,1,POINT(-104.3 34.9)
2017-06-20,52,POINT(-110.9 38.2)
2017-09-29,8,POINT(-105.9 37.5)
2016-09-22,15,POINT(-96.9 42.6)
2016-05-12,13,POINT(-92.6 22.7)
2016-10-04,18,POINT(-88.9 46.6)
2017-07-07,44,POINT(-116.4 43.7)
2016-04-10,41,POINT(-89.3 45.5)
2017-02-07,80,POINT(-102.4 34.6)
2016-10-10,16,POINT(-107.2 40.9)
2016-10-03,52,POINT(-103.4 33.7)
2016-05-18,14,POINT(-80.8 23.9)
2016-08-08,1,POINT(-79.8 29.1)
2016-03-09,4,POINT(-114.8 28.4)
2016-06-25,9,POINT(-95.3 25.0)
2017-01-07,26,POINT(-93.5 27.2)
2017-12-09,2,POINT(-118.5 35.0)
2017-06-28,9,POINT(-84.1 32.7)
2016-10-27,81,POINT(-101.7 29.9)
2016-08-15,31,POINT(-99.1 47.2)
2017-10-09,17,POINT(-89.5 43.4)
2017-01-06,2,POINT(-96.6 20.1)
2017-10-07,1,POINT(-82.6 37.1)
2017-02-02,3,POINT(-90.2 41.0)
2016-05-22,8,POINT(-108.7 21.6)
2016-05-16,19,POINT(-76.5 23.4)
2017-07-26,5,POINT(-109.2 28.4)
2016-02-25,2,POINT(-84.3 38.4)
2017-10-06,2,POINT(-80.4 47.7)
2017-01-16,12,POINT(-85.6 34.6)
2017-04-15,30,POINT(-98.9 49.5)
2016-07-26,35,POINT(-76.1 48.1)
2017-09-29,7,POINT(-103.6 39.1)
2017-09-26,22,POINT(-85.6 33.7)
2016-02-04,10,POINT(-76.1 40.4)
2016-09-22,72,POINT(-112.2 43.7)
2017-08-25,11,POINT(-87.4 48.3)
2016-01-21,11,POINT(-75.0 42.6)
2016-05-19,14,POINT(-114.8 31.7)
2016-09-21,1,POINT(-112.7 34.8)
2017-02-03,11,POINT(-101.1 21.4)
2017-04-01,36,POINT(-70.3 20.9)
2016-04-29,19,POINT(-108.8 28.4)
2017-01-17,70,POINT(-103.8 44.2)
2017-06-18,8,POINT(-78.2 29.6)
2016-02-08,4,POINT(-113.5 23.5)
2017-10-01,28,POINT(-70.2 30.7)
2016-01-22,1,POINT(-83.1 29.2)
2017-07-20,4,POINT(-72.0 49.7)
2016-02-16,15,POINT(-112.8 49.1)
2017-06-22,29,POINT(-108.4 42.1)
2017-01-18,19,POINT(-101.5 44.9)
2017-04-26,106,POINT(-117.4 27.6)
2016-02-17,22,POINT(-117.0 36.1)
2017-11-09,26,POINT(-74.8 50.0)
2016-03-21,103,POINT(-117.9 29.7)
2017-09-21,18,POINT(-82.5 49.6)
2016-02-14,26,POINT(-84.1 25.6)
2016-10-01,8,POINT(-116.4 38.6)
2017-11-23,16,POINT(-110.6 43.5)
2016-11-06,49,POINT(-97.3 37.8)
2016-08-19,39,POINT(-87.9 29.3)
2016-03-26,8,POINT(-75.2 44.4)
2016-04-14,9,POINT(-93.7 26.1)
2016-06-25,38,POINT(-73.2 32.9)
2017-08-12,7,POINT(-110.5 28.4)
2017-09-29,44,POINT(-88.9 34.9)
2016-07-07,30,POINT(-77.8 31.6)
2016-02-29,4,POINT(-108.3 25.4)
2016-08-07,26,POINT(-80.6 42.3)
2017-08-10,36,POINT(-100.0 25.3)
2017-08-25,4,POINT(-70.0 36.4)
2016-04-25,13,POINT(-115.4 44.1)
2017-04-14,40,POINT(-92.3 34.5)
2016-06-15,5,POINT(-80.8 46.6)
2017-09-29,12,POINT(-86.2 32.9)
2017-03-20,19,POINT(-94.7 49.1)
2016-08-20,3,POINT(-94.3 20.7)
2016-04-23,5,POINT(-99.7 43.7)
2017-05-22,13,POINT(-102.9 41.2)
2017-09-03,10,POINT(-90.3 38.3)
2016-05-30,8,POINT(-82.6 28.9)
2017-08-06,1,POINT(-106.0 38.3)
2017-01-04,53,POINT(-72.7 37.8)
2016-12-14,42,POINT(-101.8 24.5)
2016-06-15,10,POINT(-98.3 46.4)
2016-03-12,5,POINT(-99.4 36.0)
2016-12-18,2,POINT(-114.4 22.7)
2016-01-11,3,POINT(-114.2 31.7)
2017-09-29,19,POINT(-80.2 26.5)
2016-06-01,27,POINT(-100.9 25.1)
2016-06-10,4,POINT(-109.2 48.4)
2017-01-20,3,POINT(-84.6 40.2)
2017-11-21,24,POINT(-72.0 29.0)
2016-05-23,15,POINT(-73.2 40.4)
2016-05-18,10,POINT(-83.8 44.1)
2016-07-24,26,POINT(-110.4 29.5)
2016-04-05,13,POINT(-112.3 49.5)
2017-12-26,13,POINT(-76.4 46.4)
2017-08-03,1,POINT(-71.9 43.9)
2016-12-21,8,POINT(-88.9 41.5)
2017-04-15,1,POINT(-74.9 21.2)
2016-11-13,52,POINT(-79.3 20.7)
2017-05-26,7,POINT(-112.3 24.9)
2016-01-19,4,POINT(-108.9 47.5)
2017-02-16,2,POINT(-116.6 26.5)
2017-02-10,1,POINT(-96.3 41.0)
2017-02-05,44,POINT(-103.8 49.4)
2016-04-10,4,POINT(-98.7 48.1)
2017-08-15,20,POINT(-119.6 32.0)
2017-11-25,22,POINT(-83.9 40.4)
2016-01-18,8,POINT(-110.0 42.8)
2016-06-03,36,POINT(-101.6 36.5)
2016-05-08,5,POINT(-99.9 35.7)
2016-11-10,2,POINT(-116.7 26.7)
2016-12-31,2,POINT(-101.7 40.3)
2017-04-06,8,POINT(-75.0 28.8)
2016-06-09,13,POINT(-75.3 29.3)
2017-09-22,20,POINT(-118.8 28.0)
2017-01-10,27,POINT(-118.5 22.0)
2016-11-27,4,POINT(-90.3 45.3)
2017-11-15,24,POINT(-109.8 45.9)
2017-10-26,5,POINT(-75.1 41.7)
2016-01-20,118,POINT(-95.9 47.8)
2017-06-29,64,POINT(-103.7 38.9)
2017-07-25,3,POINT(-72.3 39.2)
2017-04-06,22,POINT(-104.1 46.6)
2016-06-06,47,POINT(-104.0 26.3)
2016-12-29,2,POINT(-113.3 33.1)
2017-12-18,3,POINT(-108.9 41.1)
2017-08-27,9,POINT(-82.0 28.1)
2017-12-30,3,POINT(-82.0 26.9)
2016-11-18,44,POINT(-100.7 46.9)
2016-03-29,42,POINT(-102.5 49.9)
2016-06-21,60,POINT(-99.1 31.6)
2016-02-09,5,POINT(-105.0 27.1)
2016-07-21,1,POINT(-89.6 32.1)
2017-07-12,12,POINT(-78.2 29.1)
2016-08-30,43,POINT(-119.5 44.7)
2017-05-20,21,POINT(-73.2 47.0)
2016-03-28,128,POINT(-114.1 31.7)
2017-10-30,48,POINT(-75.0 38.0)
2017-11-04,10,POINT(-108.3 22.4)
2017-06-15,1,POINT(-74.1 33.9)
2017-10-21,1,POINT(-80.6 20.2)
2017-12-13,21,POINT(-106.5 40.1)
2016-05-30,50,POINT(-118.6 25.3)
2016-04-09,12,POINT(-84.2 46.3)
2016-09-03,42,POINT(-78.9 38.9)
2017-09-16,17,POINT(-86.0 47.8)
2017-12-31,3,POINT(-100.9 48.1)
2017-06-20,33,POINT(-113.6 25.1)
2017-05-10,14,POINT(-102.6 35.4)
2016-10-15,2,POINT(-106.6 25.9)
2017-02-18,34,POINT(-83.8 33.6)
2017-09-06,29,POINT(-112.0 33.5)
2016-03-19,13,POINT(-79.0 42.1)
2017-01-19,1,POINT(-89.4 49.3)
2017-03-13,9,POINT(-95.9 38.9)
2017-06-11,12,POINT(-102.0 44.5)
2016-12-06,4,POINT(-94.6 32.1)
2016-02-28,4,POINT(-93.0 22.2)
2017-12-06,4,POINT(-108.2 35.4)
2017-09-28,10,POINT(-70.6 47.1)
2017-06-27,35,POINT(-74.5 27.2)
2017-11-20,29,POINT(-100.5 27.9)
2016-08-06,1,POINT(-107.3 23.1)
2016-04-09,1,POINT(-104.6 49.9)
2016-04-12,2,POINT(-71.0 32.4)
2017-09-21,13,POINT(-99.6 29.0)
2016-04-28,44,POINT(-74.4 47.8)
2016-01-07,5,POINT(-117.0 44.3)
2017-01-22,13,POINT(-81.2 46.3)
2017-04-22,1,POINT(-81.9 48.5)
2017-06-05,1,POINT(-87.5 45.7)
2016-10-07,1,POINT(-113.9 49.6)
2016-02-11,27,POINT(-70.9 39.2)
2017-07-12,1,POINT(-109.4 27.2)
2016-04-05,7,POINT(-84.5 25.0)
2017-05-18,21,POINT(-82.4 38.1)
2016-09-02,20,POINT(-82.0 30.8)
2016-08-11,2,POINT(-78.7 23.9)
2016-04-23,6,POINT(-70.5 43.9)
2017-06-27,21,POINT(-115.2 30.5)
2016-11-25,10,POINT(-96.4 33.4)
2017-05-17,13,POINT(-71.3 38.4)
2016-06-01,5,POINT(-75.9 32.1)
2016-08-04,1,POINT(-70.5 46.0)
2017-05-03,9,POINT(-90.9 49.5)
2016-09-28,23,POINT(-86.4 31.6)
2017-02-03,30,POINT(-106.8 25.4)
2016-12-15,18,POINT(-97.1 28.3)
2017-02-25,10,POINT(-119.0 40.2)
2016-09-17,18,POINT(-84.0 22.5)
2017-06-02,25,POINT(-73.7 40.2)
2017-12-17,29,POINT(-114.4 35.8)
2016-09-20,2,POINT(-97.3 21.4)
2016-11-13,33,POINT(-88.8 32.3)
2017-12-14,2,POINT(-88.4 26.9)
2016-04-25,41,POINT(-104.7 23.9)
2016-07-30,10,POINT(-119.0 48.2)
2016-06-08,16,POINT(-75.6 28.7)
2017-04-21,7,POINT(-115.4 34.8)
2017-10-02,12,POINT(-111.1 38.4)
2016-05-27,38,POINT(-71.9 38.9)
2017-03-22,8,POINT(-95.0 31.4)
2016-03-18,17,POINT(-76.3 28.1)
2016-09-18,21,POINT(-75.2 36.9)
2016-02-21,4,POINT(-70.5 43.8)
2016-09-14,31,POINT(-118.0 46.8)
2017-07-04,140,POINT(-117.3 37.7)
2016-09-04,4,POINT(-110.5 35.9)
2016-10-14,30,POINT(-87.2 49.0)
2016-09-10,4,POINT(-106.9 26.1)
2017-09-19,61,POINT(-95.2 20.5)
2017-12-09,11,POINT(-80.7 34.8)
2016-08-01,79,POINT(-110.7 21.7)
2016-04-01,2,POINT(-105.7 21.8)
2017-06-27,32,POINT(-83.6 21.0)
2017-08-27,13,POINT(-119.6 38.5)
2016-08-19,7,POINT(-82.1 38.8)
2017-10-04,28,POINT(-86.2 27.7)
2016-01-13,21,POINT(-113.5 33.5)
2017-06-16,47,POINT(-107.8 32.6)
2017-03-20,6,POINT(-119.2 34.8)
2017-05-17,57,POINT(-90.9 26.0)
2017-06-09,21,POINT(-100.1 44.4)
2017-09-10,12,POINT(-98.8 28.6)
2017-02-09,2,POINT(-114.8 29.8)
2017-10-01,29,POINT(-102.4 39.5)
2017-06-27,40,POINT(-74.1 49.4)
2017-11-11,34,POINT(-116.8 26.1)
2016-10-14,27,POINT(-71.3 30.7)
2017-03-01,70,POINT(-77.6 31.2)
2017-03-11,38,POINT(-109.9 35.9)
2016-03-21,53,POINT(-84.7 45.1)
2017-05-02,27,POINT(-115.5 41.8)
2016-06-30,35,POINT(-112.0 26.2)
2016-12-23,7,POINT(-95.6 41.4)
2017-12-02,23,POINT(-100.0 23.8)
2016-09-11,5,POINT(-79.2 25.8)
2016-06-14,2,POINT(-73.0 31.8)
2017-04-09,18,POINT(-72.9 30.3)
2016-09-12,31,POINT(-112.6 46.1)
2017-02-26,2,POINT(-85.7 49.9)
2016-07-16,5,POINT(-91.5 26.1)
2016-07-31,2,POINT(-101.5 39.7)
2017-07-10,21,POINT(-70.3 37.5)
2017-06-08,2,POINT(-97.2 43.1)
2016-02-21,2,POINT(-86.7 41.0)
2016-09-21,7,POINT(-94.9 28.3)
2016-11-20,7,POINT(-114.9 45.2)
2017-07-08,17,POINT(-112.9 34.4)
2016-01-07,1,POINT(-82.5 48.0)
2016-02-13,20,POINT(-79.9 36.8)
2016-06-20,11,POINT(-101.8 28.7)
2016-04-11,4,POINT(-116.7 46.9)
2017-08-02,22,POINT(-72.1 44.8)
2017-09-25,8,POINT(-95.1 48.4)
2017-08-11,36,POINT(-113.3 46.8)
2016-10-22,91,POINT(-110.1 27.4)
2016-07-23,31,POINT(-117.7 44.5)
2017-05-05,28,POINT(-84.5 37.8)
2016-11-13,9,POINT(-84.8 32.1)
2016-06-19,16,POINT(-89.9 20.2)
2016-08-05,2,POINT(-92.7 40.9)
2017-05-15,26,POINT(-100.9 45.6)
2016-07-11,23,POINT(-72.5 38.1)
2016-11-28,7,POINT(-80.0 29.3)
2016-06-01,16,POINT(-74.6 21.7)
2017-07-06,23,POINT(-104.4 39.8)
2016-01-23,10,POINT(-71.1 32.1)
2017-11-28,26,POINT(-111.7 34.9)
2016-08-03,32,POINT(-117.2 36.9)
2016-02-12,6,POINT(-104.0 43.1)
2016-12-26,8,POINT(-109.9 36.1)
2017-09-16,11,POINT(-94.1 35.8)
2017-02-17,6,POINT(-102.5 34.4)
2017-02-21,30,POINT(-111.4 32.8)
2017-09-13,17,POINT(-77.8 38.7)
2017-10-11,10,POINT(-94.6 20.7)
2017-09-08,1,POINT(-114.5 41.7)
2016-11-11,8,POINT(-116.2 29.4)
2017-10-13,37,POINT(-100.8 31.2)
2017-03-05,28,POINT(-74.6 38.4)
2017-05-13,2,POINT(-94.6 27.4)
2016-12-14,33,POINT(-113.0 39.8)
2016-03-15,4,POINT(-107.7 23.8)
2016-08-20,87,POINT(-117.5 39.5)
2017-12-24,41,POINT(-78.4 41.5)
2017-07-23,49,POINT(-72.7 41.0)
2016-02-07,30,POINT(-116.1 43.2)
2016-09-18,25,POINT(-111.4 35.5)
2017-03-21,6,POINT(-111.4 45.9)
2016-07-30,18,POINT(-79.8 27.0)
2017-04-02,24,POINT(-78.0 31.5)
2017-10-11,7,POINT(-99.0 48.7)
2016-10-08,11,POINT(-71.5 43.7)
2017-07-23,59,POINT(-107.0 42.3)
2017-07-18,11,POINT(-93.7 41.3)
2016-07-24,8,POINT(-70.2 23.3)
2016-01-05,3,POINT(-78.6 48.5)
2017-09-10,9,POINT(-95.6 28.8)
2016-08-30,19,POINT(-114.6 24.3)
2016-05-27,4,POINT(-74.8 20.6)
2017-11-21,19,POINT(-92.9 31.6)
2017-11-16,28,POINT(-104.6 40.2)
2016-11-18,30,POINT(-97.4 31.8)
2017-01-21,84,POINT(-104.5 44.3)
2017-01-27,12,POINT(-92.4 25.4)
2017-10-12,1,POINT(-106.4 25.1)
2017-11-17,39,POINT(-97.7 28.0)
2016-09-06,2,POINT(-98.7 21.6)
2017-03-03,40,POINT(-89.2 45.2)
2017-01-03,82,POINT(-119.3 24.0)
2017-10-09,48,POINT(-90.1 31.4)
2017-03-22,67,POINT(-90.3 33.9)
2016-01-22,1,POINT(-100.4 27.0)
2017-07-03,1,POINT(-107.7 46.5)
2017-06-22,5,POINT(-78.0 42.1)
2016-10-08,33,POINT(-102.8 20.8)
2016-10-05,2,POINT(-104.4 33.2)
2016-04-29,28,POINT(-96.8 24.1)
2016-09-09,1,POINT(-106.1 39.2)
2017-04-21,27,POINT(-78.5 34.8)
2016-03-05,6,POINT(-91.8 44.3)
2017-08-08,12,POINT(-82.3 40.5)
2016-10-29,76,POINT(-82.7 44.6)
2016-11-12,17,POINT(-80.6 46.3)
2016-06-22,2,POINT(-76.5 25.4)
2017-02-18,42,POINT(-74.0 37.5)
2016-09-16,8,POINT(-100.8 24.8)
2016-10-11,18,POINT(-97.8 27.3)
2016-03-13,25,POINT(-117.5 26.8)
2016-03-19,31,POINT(-73.7 30.6)
2016-02-13,12,POINT(-90.6 43.6)
2016-01-03,30,POINT(-84.4 29.5)
2017-03-18,3,POINT(-98.2 42.4)
2016-03-19,15,POINT(-96.3 20.0)
2017-01-11,1,POINT(-92.8 37.4)
2017-11-23,11,POINT(-80.2 28.4)
2016-05-18,10,POINT(-89.4 42.3)
2016-01-07,77,POINT(-79.4 49.7)
2017-12-25,11,POINT(-109.2 36.0)
2017-05-27,48,POINT(-109.7 36.0)
2017-11-26,12,POINT(-109.7 49.2)
2017-12-27,16,POINT(-119.8 30.8)
2016-03-17,9,POINT(-111.0 31.9)
2016-02-12,21,POINT(-114.1 40.9)
2016-06-05,27,POINT(-97.3 34.8)
2017-06-13,32,POINT(-113.6 43.1)
2016-08-07,24,POINT(-99.2 32.3)
2017-08-07,9,POINT(-70.0 40.7)
2016-07-08,9,POINT(-94.8 43.1)
2016-09-18,9,POINT(-73.8 39.3)
2016-05-23,1,POINT(-84.9 26.1)
2017-04-29,58,POINT(-75.3 35.5)
2017-10-02,5,POINT(-88.7 49.0)
2016-10-04,4,POINT(-79.5 23.1)
2017-12-02,17,POINT(-104.9 41.2)
2017-10-24,1,POINT(-101.4 43.6)
2016-11-02,37,POINT(-72.0 40.3)
2017-08-29,42,POINT(-106.6 23.4)
2017-07-03,11,POINT(-98.9 22.2)
2016-06-04,72,POINT(-87.4 35.2)
2016-10-26,8,POINT(-100.4 29.6)
2016-12-12,7,POINT(-119.0 31.7)
2017-02-26,92,POINT(-80.4 28.2)
2017-03-01,6,POINT(-103.2 44.6)
2016-02-11,12,POINT(-108.6 45.5)
2016-11-11,19,POINT(-94.7 20.5)
2017-09-29,8,POINT(-119.6 44.4)
2016-03-17,10,POINT(-76.8 40.2)
2016-04-05,26,POINT(-106.9 33.6)
2016-09-19,26,POINT(-73.9 22.5)
2017-09-14,33,POINT(-86.1 40.1)
2016-07-23,19,POINT(-92.6 27.9)
2016-10-14,6,POINT(-79.7 36.5)
2016-09-19,9,POINT(-70.3 26.7)
2017-08-10,47,POINT(-107.4 46.3)
2017-10-16,27,POINT(-102.2 30.5)
2016-11-10,2,POINT(-95.8 40.6)
2017-01-03,29,POINT(-93.0 34.8)
2017-08-19,9,POINT(-92.4 47.4)
2016-09-08,1,POINT(-92.6 26.8)
2016-11-28,14,POINT(-78.6 48.7)
2017-03-01,43,POINT(-99.8 42.6)
2016-10-21,12,POINT(-119.5 41.0)
2017-10-03,90,POINT(-76.2 45.2)
2016-10-11,4,POINT(-86.9 39.6)
2016-11-12,9,POINT(-110.5 23.3)
2017-05-26,1,POINT(-118.5 41.0)
2016-01-29,2,POINT(-104.2 33.1)
2016-10-20,9,POINT(-113.8 36.6)
2016-01-07,16,POINT(-75.2 32.2)
2017-06-25,6,POINT(-106.1 25.1)
2016-08-02,4,POINT(-84.7 34.5)
2017-09-18,11,POINT(-87.1 21.9)
2016-08-02,4,POINT(-84.3 21.6)
2016-06-12,20,POINT(-93.5 36.0)
2016-06-18,63,POINT(-83.5 25.4)
2016-08-08,33,POINT(-94.4 38.7)
2016-09-16,5,POINT(-101.1 25.7)
2017-12-24,61,POINT(-77.1 44.2)
2016-09-17,28,POINT(-97.1 24.4)
2017-10-03,4,POINT(-91.6 33.3)
2017-09-08,18,POINT(-96.7 34.0)
2017-07-19,68,POINT(-81.2 38.6)
2017-09-11,3,POINT(-93.0 32.1)
2017-04-16,7,POINT(-96.5 39.7)
2016-09-11,10,POINT(-107.1 43.0)
2016-10-04,3,POINT(-74.4 23.7)
2017-07-12,8,POINT(-76.8 22.2)
2017-10-07,24,POINT(-98.4 40.3)
2016-01-24,13,POINT(-87.0 45.6)
2017-03-08,11,POINT(-94.6 34.4)
2017-09-20,12,POINT(-111.2 39.0)
2017-04-22,29,POINT(-101.2 28.9)
2017-05-08,95,POINT(-77.3 46.2)
2017-01-16,18,POINT(-80.1 43.1)
2017-01-08,28,POINT(-114.9 37.6)
2017-07-06,10,POINT(-116.2 29.2)
2016-11-18,40,POINT(-77.3 33.1)
2016-03-29,11,POINT(-75.0 28.4)
2016-04-01,55,POINT(-105.3 32.9)
2017-01-11,28,POINT(-102.5 21.5)
2016-03-21,25,POINT(-103.2 23.2)
2017-10-03,7,POINT(-113.7 26.5)
2017-08-25,32,POINT(-82.7 47.1)
2016-04-09,3,POINT(-101.5 34.0)
2017-08-12,16,POINT(-78.2 34.4)
2017-07-08,27,POINT(-76.1 35.9)
2016-05-02,44,POINT(-74.4 35.0)
2017-01-30,17,POINT(-79.1 22.6)
2016-01-23,6,POINT(-80.6 29.7)
2017-10-17,38,POINT(-97.5 22.0)
2017-06-02,30,POINT(-118.7 22.1)
2016-10-03,4,POINT(-114.4 22.3)
2017-11-28,42,POINT(-93.5 46.9)
2016-04-04,65,POINT(-102.0 26.6)
2017-01-16,16,POINT(-78.5 22.0)
2017-01-11,1,POINT(-91.8 20.1)
2016-01-25,50,POINT(-115.1 38.4)
2016-10-17,3,POINT(-96.1 38.5)
2016-08-14,21,POINT(-78.9 27.9)
2016-06-21,11,POINT(-76.8 28.4)
2017-10-08,97,POINT(-111.7 30.1)
2017-03-28,50,POINT(-115.0 30.6)
2016-10-14,31,POINT(-100.7 43.3)
2016-03-09,5,POINT(-116.7 48.2)
2016-10-07,25,POINT(-83.7 37.6)
2016-12-07,17,POINT(-97.6 31.8)
2016-11-28,3,POINT(-110.1 28.8)
2017-01-20,32,POINT(-114.9 44.9)
2016-12-07,2,POINT(-73.6 22.7)
2016-11-12,14,POINT(-117.8 33.0)
2016-11-02,12,POINT(-115.1 40.0)
2016-06-21,33,POINT(-108.3 27.5)
2017-06-27,12,POINT(-115.3 24.0)
2016-07-18,24,POINT(-87.8 39.6)
2017-08-14,14,POINT(-109.1 38.0)
2016-03-15,18,POINT(-96.0 38.6)
2017-08-19,6,POINT(-77.0 49.3)
2016-08-04,5,POINT(-78.8 29.7)
2017-09-24,25,POINT(-112.7 49.6)
2017-06-15,3,POINT(-115.6 21.4)
2017-03-24,4,POINT(-86.8 21.2)
2017-10-22,57,POINT(-109.5 45.8)
2016-01-07,6,POINT(-80.9 29.7)
2017-01-27,8,POINT(-98.3 30.7)
2017-08-20,21,POINT(-112.3 21.5)
2017-01-20,12,POINT(-71.3 20.1)
2017-05-15,17,POINT(-117.2 39.0)
2016-05-26,4,POINT(-113.8 35.7)
2016-11-11,23,POINT(-79.4 41.8)
2017-03-29,4,POINT(-97.4 26.8)
2016-07-05,28,POINT(-73.1 45.4)
2016-11-20,15,POINT(-114.4 27.9)
2016-11-13,34,POINT(-112.2 33.4)
2017-01-28,4,POINT(-119.9 31.0)
2017-01-13,10,POINT(-109.1 45.7)
2017-12-05,38,POINT(-87.1 44.6)
2017-04-18,33,POINT(-83.8 33.3)
2017-11-30,68,POINT(-98.5 30.7)
2016-01-18,6,POINT(-107.1 43.6)
2016-05-28,16,POINT(-84.2 26.4)
2017-07-11,1,POINT(-111.4 48.2)
2016-01-12,68,POINT(-81.6 29.5)
2017-04-06,4,POINT(-80.7 33.9)
2017-09-16,48,POINT(-97.9 44.2)
2016-06-08,23,POINT(-110.3 43.9)
2017-11-25,56,POINT(-88.5 40.8)
2017-07-20,6,POINT(-77.3 23.5)
2016-09-22,9,POINT(-93.5 27.3)
2017-06-30,4,POINT(-96.9 41.4)
2016-03-20,11,POINT(-71.0 45.8)
2017-06-01,59,POINT(-93.1 25.0)
2017-09-30,17,POINT(-118.3 49.7)
2016-03-08,11,POINT(-94.9 38.6)
2017-12-02,8,POINT(-97.7 44.6)
2016-08-31,18,POINT(-105.4 43.6)
2016-01-09,26,POINT(-104.1 23.2)
2016-06-05,11,POINT(-73.5 30.3)
2017-08-05,6,POINT(-113.3 33.8)
2017-04-08,18,POINT(-81.8 27.8)
2017-10-07,10,POINT(-74.9 40.5)
2016-10-26,104,POINT(-107.0 36.8)
2016-11-15,12,POINT(-116.7 49.4)
2016-09-05,12,POINT(-104.6 25.5)
2016-11-18,37,POINT(-98.4 36.8)
2017-07-09,6,POINT(-72.4 47.0)
2017-09-19,2,POINT(-98.5 21.2)
2017-04-06,39,POINT(-115.4 34.9)
2017-02-01,18,POINT(-112.7 26.4)
2017-01-27,7,POINT(-102.4 48.7)
2016-08-15,9,POINT(-110.8 40.0)
2017-07-22,12,POINT(-117.0 28.2)
2016-08-31,23,POINT(-111.2 49.7)
2016-02-26,13,POINT(-114.7 26.5)
2016-05-22,11,POINT(-109.9 29.9)
2016-07-10,31,POINT(-70.2 40.3)
2017-06-02,2,POINT(-97.7 37.0)
2017-02-07,22,POINT(-87.1 44.7)
2016-10-01,12,POINT(-111.7 40.1)
2017-10-07,9,POINT(-77.5 37.3)
2016-02-08,53,POINT(-106.7 30.1)
2016-07-11,31,POINT(-70.9 28.9)
2016-11-22,5,POINT(-78.2 22.9)
2017-04-27,22,POINT(-72.5 32.1)
2016-01-25,35,POINT(-86.6 43.7)
2016-04-11,91,POINT(-87.1 28.5)
2017-10-24,24,POINT(-77.9 46.4)
2016-08-04,24,POINT(-84.2 44.0)
2016-09-23,20,POINT(-89.7 49.9)
2016-06-10,1,POINT(-102.1 41.8)
2016-10-13,18,POINT(-108.9 21.5)
2017-11-08,33,POINT(-80.9 37.8)
2016-09-03,11,POINT(-100.7 29.1)
2016-06-22,18,POINT(-116.9 48.5)
2017-01-30,53,POINT(-96.0 41.4)
2016-01-09,4,POINT(-87.1 43.5)
2017-03-23,7,POINT(-118.8 36.8)
2017-07-24,3,POINT(-84.7 49.0)
2017-08-19,14,POINT(-108.8 25.1)
2017-10-23,37,POINT(-108.9 31.7)
2016-11-16,12,POINT(-91.9 35.0)
2017-07-25,2,POINT(-103.1 36.6)
2016-05-04,7,POINT(-97.5 43.3)
2016-02-10,45,POINT(-94.3 41.9)
2016-12-02,17,POINT(-73.9 21.6)
2017-11-15,50,POINT(-109.8 41.7)
2016-11-21,36,POINT(-96.8 27.9)
2017-11-15,11,POINT(-80.7 32.5)
2016-07-04,21,POINT(-109.7 33.5)
2016-08-28,22,POINT(-115.9 40.8)
2016-12-04,28,POINT(-119.1 40.4)
2016-04-03,9,POINT(-114.8 31.4)
2017-02-19,7,POINT(-106.3 44.4)
2016-03-03,24,POINT(-99.5 23.6)
2017-06-03,35,POINT(-90.3 27.0)
2017-12-25,11,POINT(-110.0 32.7)
2016-07-27,8,POINT(-106.5 26.6)
2016-07-27,35,POINT(-85.0 47.8)
2017-01-10,24,POINT(-74.5 47.8)
2016-03-25,9,POINT(-113.2 25.1)
2016-07-25,16,POINT(-96.4 32.4)
2016-12-12,65,POINT(-105.2 49.8)
2017-10-26,28,POINT(-93.6 20.6)
2016-06-09,6,POINT(-114.0 21.3)
2017-03-25,7,POINT(-106.4 45.3)
2016-04-25,7,POINT(-84.6 31.5)
2016-12-27,38,POINT(-79.0 41.9)
2016-09-07,21,POINT(-88.9 38.5)
2016-07-01,57,POINT(-72.8 40.8)
2017-11-06,2,POINT(-87.4 25.9)
2016-11-23,2,POINT(-82.7 36.4)
2017-08-14,23,POINT(-102.1 39.4)
2016-01-07,7,POINT(-111.5 36.6)
2017-08-21,23,POINT(-87.1 48.3)
2017-06-03,26,POINT(-74.0 20.5)
2017-01-21,8,POINT(-70.9 26.4)
2017-01-04,62,POINT(-97.5 22.2)
2017-07-01,30,POINT(-93.0 48.9)
2017-09-03,10,POINT(-104.4 27.0)
2016-03-19,11,POINT(-86.4 42.2)
2016-08-08,26,POINT(-81.7 24.4)
2017-12-08,8,POINT(-117.9 21.6)
2017-08-21,8,POINT(-77.7 25.7)
2017-07-23,20,POINT(-94.3 28.3)
2017-02-15,3,POINT(-91.0 33.7)
2017-04-23,101,POINT(-109.7 20.7)
2017-11-12,7,POINT(-119.5 38.5)
2016-04-06,10,POINT(-72.4 39.7)
2017-10-19,6,POINT(-73.6 28.7)
2017-01-27,21,POINT(-81.3 27.9)
2017-04-12,2,POINT(-96.3 25.7)
2017-01-05,53,POINT(-104.1 26.5)
2017-01-27,8,POINT(-112.2 39.5)
2016-01-18,53,POINT(-116.0 38.2)
2016-07-02,6,POINT(-97.1 47.4)
2016-05-22,15,POINT(-80.4 44.8)
2017-04-07,24,POINT(-83.7 37.3)
2017-05-21,19,POINT(-82.2 25.0)
2016-11-29,15,POINT(-114.1 29.7)
2016-03-02,32,POINT(-76.9 34.3)
2016-06-11,13,POINT(-79.8 32.6)
2017-07-05,9,POINT(-115.3 21.9)
2016-06-27,26,POINT(-102.2 30.7)
2016-08-22,56,POINT(-101.2 25.6)
2016-02-29,19,POINT(-83.2 37.2)
2016-08-15,7,POINT(-77.0 47.9)
2016-08-26,29,POINT(-101.2 24.2)
2017-07-21,29,POINT(-113.5 45.8)
2016-03-24,7,POINT(-115.9 27.9)
2017-12-15,10,POINT(-88.1 40.7)
2016-02-10,4,POINT(-95.1 38.2)
2017-03-13,2,POINT(-74.9 26.5)
2017-06-12,33,POINT(-72.3 31.1)
2016-04-14,10,POINT(-75.1 36.4)
2017-06-20,7,POINT(-116.2 47.4)
2017-01-16,6,POINT(-105.8 25.5)
2016-04-02,2,POINT(-108.1 30.3)
2016-08-02,84,POINT(-116.6 49.8)
2017-11-26,10,POINT(-74.1 43.7)
2016-08-04,4,POINT(-75.3 31.5)
2017-05-03,40,POINT(-100.5 24.3)
2016-05-30,26,POINT(-72.1 35.0)
2017-01-08,22,POINT(-91.8 37.5)
2017-09-22,8,POINT(-98.3 27.8)
2017-03-24,11,POINT(-92.5 41.4)
2017-02-25,37,POINT(-98.9 36.2)
2017-10-07,21,POINT(-105.4 31.0)
2016-07-25,9,POINT(-110.9 28.7)
2017-12-02,3,POINT(-97.0 28.5)
2017-10-31,47,POINT(-93.5 43.7)
2017-04-21,63,POINT(-78.9 34.9)
2017-08-10,26,POINT(-96.3 28.5)
2017-07-17,24,POINT(-78.5 43.7)
2016-08-13,16,POINT(-72.3 20.7)
2017-08-28,72,POINT(-83.9 49.9)
2017-11-20,24,POINT(-114.0 46.7)
2017-01-21,2,POINT(-96.9 42.3)
2016-04-15,2,POINT(-77.2 28.0)
2016-03-16,67,POINT(-95.4 46.7)
2017-05-30,58,POINT(-79.5 44.5)
2016-07-05,17,POINT(-81.2 44.0)
2017-06-15,5,POINT(-112.0 25.3)
2016-10-01,18,POINT(-103.5 38.5)
2017-10-09,29,POINT(-81.8 47.0)
2017-06-22,1,POINT(-112.0 35.1)
2017-10-09,35,POINT(-98.9 36.5)
2016-01-18,13,POINT(-113.1 32.2)
2016-10-11,13,POINT(-108.2 40.1)
2016-10-28,12,POINT(-105.7 45.8)
2017-05-13,24,POINT(-93.5 35.3)
2017-10-11,5,POINT(-74.4 49.1)
2016-09-13,19,POINT(-100.7 32.1)
2016-08-06,1,POINT(-77.5 23.6)
2017-10-05,34,POINT(-85.2 20.4)
2016-12-22,34,POINT(-81.0 37.4)
2016-09-12,8,POINT(-81.9 44.4)
2017-08-30,3,POINT(-104.9 45.5)
2016-09-30,28,POINT(-108.2 48.9)
2016-11-29,13,POINT(-71.1 35.8)
2017-01-02,52,POINT(-83.1 26.3)
2016-01-15,9,POINT(-101.7 40.3)
2016-06-27,37,POINT(-92.3 46.8)
2017-03-20,1,POINT(-81.2 25.6)
2017-02-06,30,POINT(-117.2 30.4)
2016-03-28,23,POINT(-115.0 43.5)
2016-04-03,15,POINT(-118.7 27.0)
2017-01-29,49,POINT(-111.8 47.0)
2016-01-28,57,POINT(-114.0 45.3)
2017-11-27,54,POINT(-96.8 35.2)
2016-03-15,19,POINT(-105.6 49.9)
2016-02-23,15,POINT(-117.7 28.9)
2016-11-16,7,POINT(-97.5 47.9)
2017-07-12,4,POINT(-91.1 28.7)
2016-08-21,17,POINT(-101.5 40.8)
2017-09-21,4,POINT(-107.0 42.7)
2016-08-17,4,POINT(-100.5 39.5)
2016-11-27,9,POINT(-94.0 36.1)
2017-11-24,5,POINT(-98.2 39.6)
2017-04-16,14,POINT(-115.3 20.7)
2016-11-12,22,POINT(-97.2 46.4)
2016-04-10,24,POINT(-84.0 36.0)
2016-09-04,16,POINT(-79.0 34.5)
2017-04-24,15,POINT(-98.0 37.2)
2017-09-16,13,POINT(-70.3 37.1)
2016-08-08,6,POINT(-77.9 41.9)
2016-12-04,22,POINT(-109.2 22.6)
2016-05-27,22,POINT(-97.2 48.2)
2016-10-22,6,POINT(-105.2 48.2)
2017-12-09,25,POINT(-92.5 20.4)
2017-02-10,40,POINT(-108.8 35.7)
2017-08-03,19,POINT(-118.2 42.0)
2017-04-22,3,POINT(-74.8 28.4)
2016-01-24,8,POINT(-94.0 39.2)
2016-07-04,2,POINT(-74.3 39.7)
2016-06-18,8,POINT(-114.1 26.5)
2017-06-27,5,POINT(-112.4 26.3)
2017-03-13,17,POINT(-108.7 42.6)
2016-10-27,12,POINT(-97.1 41.3)
2017-11-18,26,POINT(-76.0 45.9)
2016-12-29,10,POINT(-87.5 46.5)
2016-06-25,4,POINT(-117.2 24.7)
2016-05-23,6,POINT(-99.6 44.1)
2017-06-06,16,POINT(-83.8 39.9)
2017-04-25,12,POINT(-103.9 39.3)
2017-05-06,1,POINT(-95.4 28.1)
2017-04-30,5,POINT(-84.4 44.9)
2017-10-20,8,POINT(-71.8 49.7)
2017-04-29,26,POINT(-103.3 24.9)
2017-03-12,27,POINT(-82.8 42.2)
2016-07-13,24,POINT(-82.6 31.4)
2017-04-10,35,POINT(-92.9 25.6)
2016-03-16,42,POINT(-79.3 24.2)
2016-06-08,2,POINT(-93.2 26.3)
2017-05-04,14,POINT(-88.8 45.5)
2016-04-09,4,POINT(-78.1 36.4)
2016-04-25,9,POINT(-96.2 46.8)
2017-01-14,22,POINT(-96.1 47.3)
2017-08-17,19,POINT(-90.4 24.5)
2016-03-03,3,POINT(-79.8 38.9)
2016-05-11,29,POINT(-113.6 21.5)
2016-09-04,31,POINT(-81.4 28.2)
2017-01-29,3,POINT(-105.3 25.2)
2017-10-04,20,POINT(-116.4 45.2)
2017-02-14,59,POINT(-80.4 30.9)
2017-03-03,2,POINT(-112.7 49.8)
2017-10-31,4,POINT(-109.3 24.2)
2017-12-28,30,POINT(-84.7 26.9)
2016-11-21,9,POINT(-91.8 39.3)
2017-06-29,63,POINT(-74.0 49.1)
2017-01-09,20,POINT(-72.3 42.0)
2016-10-24,14,POINT(-104.3 23.8)
2016-10-05,9,POINT(-103.8 32.4)
2016-10-22,6,POINT(-109.5 49.9)
2017-06-10,21,POINT(-94.1 22.1)
2016-04-24,18,POINT(-101.1 28.6)
2017-05-07,9,POINT(-119.3 23.7)
2016-02-26,50,POINT(-100.3 44.6)
2016-05-21,29,POINT(-116.9 45.0)
2017-12-19,7,POINT(-80.0 30.3)
2017-10-13,58,POINT(-73.6 30.1)
2017-09-10,29,POINT(-105.2 44.4)
2017-02-12,46,POINT(-87.5 24.7)
2016-03-18,3,POINT(-115.6 44.7)
2016-01-02,1,POINT(-101.8 22.9)
2016-02-04,14,POINT(-91.2 28.8)
2017-01-29,12,POINT(-114.8 35.1)
2016-08-05,41,POINT(-101.1 23.6)
2016-03-07,4,POINT(-72.2 22.2)
2016-03-09,1,POINT(-111.7 28.1)
2016-08-11,16,POINT(-89.0 37.6)
2016-12-26,4,POINT(-78.3 44.4)
2017-04-02,2,POINT(-81.4 42.0)
2016-10-20,1,POINT(-81.4 36.4)
2016-11-21,4,POINT(-117.0 39.8)
2016-07-21,10,POINT(-71.3 36.1)
2017-08-15,44,POINT(-83.6 36.2)
2017-07-31,29,POINT(-72.3 20.5)
2016-10-23,16,POINT(-71.0 31.5)
2016-09-17,12,POINT(-102.1 36.8)
2017-06-01,13,POINT(-92.8 37.8)
2016-05-11,44,POINT(-83.5 35.2)
2016-11-20,26,POINT(-77.5 40.9)
2016-03-08,4,POINT(-71.5 31.0)
2016-05-05,57,POINT(-71.3 24.3)
2017-01-27,30,POINT(-103.6 21.0)
2017-02-05,1,POINT(-86.0 37.1)
2017-11-13,14,POINT(-112.7 34.9)
2016-12-01,22,POINT(-79.5 27.1)
2016-01-29,2,POINT(-112.0 26.6)
2017-11-18,9,POINT(-75.5 37.4)
2017-09-08,21,POINT(-71.0 23.2)
2016-02-14,34,POINT(-115.7 24.1)
2016-04-10,76,POINT(-94.4 27.5)
2016-08-13,3,POINT(-106.8 46.5)
2017-02-22,21,POINT(-96.5 41.2)
2017-09-07,45,POINT(-105.3 36.7)
2016-09-18,26,POINT(-116.7 31.1)
2017-11-07,21,POINT(-100.3 32.5)
2016-10-18,5,POINT(-109.8 25.2)
2016-07-30,34,POINT(-92.5 45.2)
2017-10-17,17,POINT(-86.0 25.5)
2017-03-31,3,POINT(-99.7 42.8)
2016-08-23,55,POINT(-109.8 27.2)
2017-06-17,90,POINT(-110.4 42.7)
2016-03-09,16,POINT(-119.9 29.1)
2017-08-03,30,POINT(-84.9 49.4)
2016-09-02,18,POINT(-107.3 47.6)
2017-07-28,11,POINT(-71.5 46.3)
2016-08-24,11,POINT(-82.6 25.4)
2016-11-26,67,POINT(-105.2 22.5)
2016-12-28,10,POINT(-112.1 48.9)
2017-06-14,14,POINT(-88.8 33.1)
2017-04-09,6,POINT(-76.8 46.3)
2016-08-16,6,POINT(-90.8 34.6)
2017-05-23,9,POINT(-119.5 39.5)
2017-01-16,52,POINT(-80.7 42.7)
2016-05-06,11,POINT(-71.8 36.0)
2017-10-19,17,POINT(-117.6 48.1)
2016-04-23,16,POINT(-79.5 21.4)
2016-08-30,18,POINT(-84.1 45.0)
2016-05-24,35,POINT(-100.1 40.6)
2017-07-06,47,POINT(-88.3 29.9)
2017-11-03,5,POINT(-112.1 34.1)
2017-03-14,40,POINT(-84.0 34.2)
2016-12-03,16,POINT(-90.9 21.3)
2017-02-11,52,POINT(-115.7 36.1)
2017-08-11,50,POINT(-76.6 22.0)
2016-06-16,10,POINT(-113.6 35.5)
2017-09-13,22,POINT(-98.1 26.5)
2017-12-07,42,POINT(-113.4 45.0)
2016-06-15,10,POINT(-87.7 22.1)
2017-06-16,1,POINT(-83.1 28.9)
2016-06-13,9,POINT(-72.6 32.3)
2017-10-03,10,POINT(-107.4 38.1)
2016-09-18,33,POINT(-101.7 49.6)
2017-07-17,8,POINT(-100.7 23.9)
2016-09-17,45,POINT(-115.1 31.2)
2016-06-23,16,POINT(-79.6 40.4)
2016-04-05,18,POINT(-115.9 31.2)
2016-12-22,33,POINT(-103.1 27.2)
2017-01-04,3,POINT(-110.5 44.4)
2017-07-05,1,POINT(-86.8 25.6)
2017-12-21,2,POINT(-74.7 30.1)
2016-05-21,1,POINT(-82.7 27.2)
2016-06-15,25,POINT(-81.3 48.8)
2017-12-03,6,POINT(-116.1 45.1)
2016-11-14,39,POINT(-83.1 33.8)
2017-09-22,43,POINT(-116.9 45.2)
2017-10-19,9,POINT(-95.8 40.5)
2016-11-30,5,POINT(-85.4 30.7)
2017-04-18,14,POINT(-107.3 26.3)
2017-10-02,34,POINT(-85.9 30.8)
2016-05-24,24,POINT(-76.0 35.5)
2016-02-23,1,POINT(-76.1 26.0)
2016-05-01,1,POINT(-110.4 28.2)
2016-05-03,3,POINT(-106.3 39.4)
2016-06-15,9,POINT(-86.7 41.7)
2017-10-16,16,POINT(-77.9 33.7)
2016-01-22,35,POINT(-97.2 49.1)
2016-10-02,4,POINT(-73.9 29.2)
2017-02-11,4,POINT(-91.3 47.4)
2017-04-26,40,POINT(-106.9 28.2)
2016-10-25,52,POINT(-119.0 42.1)
2016-10-03,17,POINT(-79.6 50.0)
2016-11-17,31,POINT(-115.4 45.0)
2016-04-24,9,POINT(-116.1 34.3)
2016-09-28,59,POINT(-81.1 23.7)
2016-06-16,48,POINT(-118.4 49.0)
2017-03-11,38,POINT(-77.9 41.6)
2016-09-20,1,POINT(-90.1 45.1)
2016-09-06,15,POINT(-88.2 37.2)
2017-04-06,1,POINT(-73.1 34.3)
2017-03-14,23,POINT(-76.7 22.4)
2016-12-07,5,POINT(-116.2 21.9)
2017-04-10,21,POINT(-77.4 37.5)
2016-02-27,3,POINT(-86.6 25.7)
2016-01-05,29,POINT(-104.2 40.2)
2017-09-14,26,POINT(-77.3 48.7)
2016-09-21,1,POINT(-118.8 30.7)
2016-09-05,32,POINT(-78.1 42.1)
2016-04-04,4,POINT(-89.0 47.3)
2017-11-27,3,POINT(-106.9 45.3)
2017-04-01,14,POINT(-119.7 22.5)
2016-11-12,18,POINT(-93.9 40.3)
2016-04-28,3,POINT(-98.9 29.1)
2016-07-20,8,POINT(-76.9 47.1)
2016-02-22,11,POINT(-80.6 25.1)
2016-11-12,58,POINT(-90.5 26.7)
2017-11-03,6,POINT(-112.5 34.8)
2016-08-31,7,POINT(-83.7 29.9)
2016-04-03,22,POINT(-90.3 30.8)
2017-07-05,26,POINT(-118.9 32.7)
2016-10-06,1,POINT(-81.9 24.3)
2016-04-01,3,POINT(-78.4 22.9)
2016-02-07,9,POINT(-81.3 25.8)
2017-02-16,20,POINT(-111.2 36.0)
2016-08-30,3,POINT(-94.9 32.0)
2016-12-29,9,POINT(-93.6 39.9)
2017-10-09,2,POINT(-73.3 40.8)
2016-03-04,17,POINT(-73.7 38.9)
2016-07-19,12,POINT(-116.9 26.8)
2016-11-02,32,POINT(-70.0 38.7)
2016-06-23,18,POINT(-80.7 36.9)
2017-11-19,22,POINT(-101.2 39.1)
2017-08-19,23,POINT(-82.8 27.5)
2017-11-02,18,POINT(-101.2 49.7)
2017-11-24,1,POINT(-73.2 49.6)
2017-07-01,36,POINT(-101.1 46.4)
2016-04-08,50,POINT(-81.7 27.1)
2016-08-13,16,POINT(-112.2 42.6)
2017-07-02,3,POINT(-77.4 23.8)
2016-09-29,22,POINT(-89.0 47.5)
2016-07-04,10,POINT(-79.6 26.7)
2017-03-27,2,POINT(-99.1 33.2)
2017-07-14,39,POINT(-102.7 39.3)
2017-05-19,25,POINT(-93.4 31.0)
2016-04-03,33,POINT(-100.6 27.2)
2016-11-02,32,POINT(-94.3 43.8)
2017-05-31,9,POINT(-98.5 44.4)
2016-06-22,14,POINT(-110.2 34.3)
2017-11-25,6,POINT(-71.2 29.0)
2016-03-13,29,POINT(-119.2 41.3)
2016-05-24,15,POINT(-73.7 47.0)
2017-10-25,21,POINT(-78.6 44.1)
2016-02-25,9,POINT(-99.0 36.8)
2017-11-25,23,POINT(-103.9 21.8)
2017-09-25,23,POINT(-111.8 47.6)
2016-08-31,30,POINT(-113.3 47.3)
2016-07-22,4,POINT(-92.5 27.7)
2017-08-13,20,POINT(-114.7 40.6)
2016-01-16,43,POINT(-96.2 31.2)
2016-05-05,2,POINT(-79.3 26.6)
2017-08-21,65,POINT(-82.1 20.3)
2017-04-10,5,POINT(-113.4 31.0)
2017-03-03,56,POINT(-71.9 26.3)
2016-12-16,41,POINT(-105.7 20.7)
2017-07-08,30,POINT(-84.7 35.8)
2016-03-19,5,POINT(-105.0 27.0)
2017-05-15,5,POINT(-89.1 37.7)
2017-01-13,7,POINT(-91.4 32.5)
2016-09-20,34,POINT(-111.1 30.2)
2016-10-31,5,POINT(-87.4 31.3)
2017-05-02,18,POINT(-103.7 37.2)
2016-05-04,31,POINT(-89.4 45.0)
2017-09-09,13,POINT(-92.9 40.1)
2017-10-07,37,POINT(-77.9 23.3)
2016-03-21,17,POINT(-109.3 37.0)
2017-09-12,19,POINT(-112.4 43.1)
2016-06-23,23,POINT(-77.3 29.3)
2017-11-06,38,POINT(-97.8 38.8)
2016-05-04,1,POINT(-80.9 20.0)
2016-12-13,10,POINT(-72.0 48.2)
2017-01-01,66,POINT(-92.8 28.0)
2017-06-18,3,POINT(-105.0 47.2)
2017-02-18,6,POINT(-80.3 26.5)
2017-07-27,17,POINT(-73.5 46.9)
2017-12-24,40,POINT(-107.7 36.6)
2016-09-08,3,POINT(-85.6 25.5)
2017-08-30,1,POINT(-81.0 29.6)
2017-12-21,24,POINT(-118.7 44.9)
2017-07-22,19,POINT(-90.4 48.6)
2016-08-21,7,POINT(-88.3 46.3)
2016-12-23,64,POINT(-88.2 46.1)
2016-11-21,17,POINT(-115.8 20.1)
2016-03-05,22,POINT(-118.9 33.5)
2016-10-19,10,POINT(-105.3 45.1)
2016-11-19,51,POINT(-102.1 21.1)
2016-11-26,7,POINT(-112.8 40.8)
2017-06-12,28,POINT(-94.5 35.0)
2016-05-14,3,POINT(-108.6 43.7)
2017-02-22,16,POINT(-103.1 27.8)
2016-05-09,18,POINT(-105.4 46.5)
2017-07-02,5,POINT(-81.4 28.9)
2017-07-22,8,POINT(-76.1 48.5)
2016-12-22,4,POINT(-105.1 39.2)
2017-06-05,38,POINT(-101.2 25.9)
2017-04-04,22,POINT(-79.2 43.3)
2017-08-15,12,POINT(-82.0 36.0)
2017-08-24,17,POINT(-84.6 32.2)
2017-09-23,9,POINT(-84.6 34.2)
2017-09-05,12,POINT(-105.1 32.0)
2017-05-09,20,POINT(-73.2 41.2)
2017-06-22,5,POINT(-79.5 27.8)
2016-09-17,3,POINT(-109.4 35.4)
2017-07-26,58,POINT(-86.9 42.7)
2016-05-15,6,POINT(-112.3 24.3)
2017-08-31,14,POINT(-91.1 28.8)
2017-10-22,29,POINT(-105.5 26.4)
2016-08-14,17,POINT(-114.7 37.2)
2016-08-15,21,POINT(-89.8 32.4)
2016-09-14,4,POINT(-75.8 29.7)
2017-02-17,11,POINT(-113.0 30.7)
2016-08-07,24,POINT(-75.0 34.1)
2016-08-23,5,POINT(-113.6 32.6)
2016-01-20,14,POINT(-82.9 41.2)
2017-02-27,18,POINT(-70.5 40.8)
2017-02-16,32,POINT(-115.3 20.8)
2017-01-23,5,POINT(-109.4 41.3)
2016-12-10,77,POINT(-96.8 26.7)
2017-10-11,69,POINT(-83.1 32.6)
2017-04-11,1,POINT(-75.1 26.7)
2016-07-07,10,POINT(-83.5 23.6)
2017-09-08,2,POINT(-81.4 37.5)
2017-01-02,8,POINT(-97.4 48.5)
2017-01-19,19,POINT(-102.2 31.2)
2016-04-07,19,POINT(-94.6 40.3)
2016-09-26,3,POINT(-87.5 33.6)
2017-10-26,23,POINT(-94.9 25.4)
2016-08-05,38,POINT(-80.5 47.6)
2016-01-21,20,POINT(-112.1 33.5)
2016-09-28,8,POINT(-100.2 20.3)
2017-12-14,1,POINT(-116.7 33.7)
2016-06-08,21,POINT(-86.4 20.2)
2017-05-06,23,POINT(-82.1 43.8)
2017-03-04,25,POINT(-86.6 31.0)
2017-07-29,1,POINT(-72.2 38.4)
2017-08-18,15,POINT(-73.4 43.0)
2017-08-07,11,POINT(-106.5 20.8)
2017-07-25,30,POINT(-107.8 35.5)
2017-10-20,26,POINT(-118.7 39.1)
2016-02-16,61,POINT(-94.9 34.1)
2016-08-10,46,POINT(-76.9 29.2)
2016-06-06,17,POINT(-112.1 33.9)
2016-02-16,79,POINT(-90.3 31.8)
2017-12-22,4,POINT(-84.0 38.3)
2017-06-16,1,POINT(-101.6 34.1)
2016-12-16,3,POINT(-84.9 23.9)
2016-11-14,9,POINT(-78.1 22.5)
2016-08-18,29,POINT(-119.5 24.9)
2016-10-24,10,POINT(-83.2 22.0)
2017-03-20,31,POINT(-90.0 27.6)
2016-04-14,28,POINT(-77.8 22.1)
2017-09-29,32,POINT(-113.1 38.1)
2016-10-25,5,POINT(-79.6 33.3)
2016-03-08,15,POINT(-112.9 27.7)
2017-06-21,25,POINT(-90.8 20.4)
2017-11-03,7,POINT(-106.5 24.4)
2017-09-11,37,POINT(-108.0 40.0)
2017-08-18,31,POINT(-95.1 27.5)
2016-02-10,3,POINT(-82.1 30.0)
2016-07-18,5,POINT(-87.7 22.3)
2017-07-01,6,POINT(-70.6 36.4)
2017-01-09,43,POINT(-114.0 44.1)
2017-02-09,5,POINT(-83.9 30.6)
2016-08-21,20,POINT(-117.2 23.4)
2017-05-22,2,POINT(-102.1 48.6)
2016-08-29,17,POINT(-102.8 35.3)
2016-12-04,4,POINT(-107.2 22.7)
2016-01-20,18,POINT(-93.4 34.9)
2017-10-25,10,POINT(-107.8 21.3)
2016-06-19,19,POINT(-101.6 21.7)
2016-08-03,11,POINT(-77.0 29.6)
2016-01-16,39,POINT(-103.8 40.3)
2016-10-09,29,POINT(-70.7 41.2)
2016-10-27,38,POINT(-106.2 47.0)
2016-06-13,6,POINT(-74.8 23.2)
2017-11-21,4,POINT(-98.4 33.9)
2016-09-14,17,POINT(-74.6 34.3)
2017-08-10,42,POINT(-98.7 33.8)
2017-09-08,3,POINT(-81.5 45.2)
2016-12-18,6,POINT(-100.0 44.3)
2016-03-27,28,POINT(-89.0 35.2)
2017-06-09,13,POINT(-117.4 43.4)
2016-01-09,19,POINT(-90.0 21.8)
2017-04-07,18,POINT(-104.2 36.0)
2017-06-19,11,POINT(-70.2 22.8)
2017-09-15,25,POINT(-79.5 46.0)
2016-10-23,39,POINT(-116.0 35.1)
2016-08-04,48,POINT(-110.1 20.5)
2016-08-15,1,POINT(-89.2 36.5)
2016-02-01,17,POINT(-105.0 42.1)
2017-03-06,1,POINT(-109.4 24.0)
2016-06-18,47,POINT(-102.2 28.5)
2016-08-18,12,POINT(-114.7 33.4)
2016-03-10,47,POINT(-92.3 32.4)
2016-04-20,5,POINT(-105.8 35.1)
2016-03-29,4,POINT(-76.6 20.5)
2016-01-02,48,POINT(-118.4 42.1)
2016-02-25,56,POINT(-102.5 29.5)
2017-10-31,30,POINT(-92.5 41.1)
2016-09-27,6,POINT(-108.2 45.7)
2016-09-30,4,POINT(-117.1 40.6)
2017-06-27,28,POINT(-116.4 40.2)
2016-09-26,21,POINT(-112.0 37.4)
2016-07-08,42,POINT(-106.4 20.0)
2017-12-22,7,POINT(-84.7 47.1)
2017-04-27,8,POINT(-96.3 45.0)
2016-11-03,27,POINT(-118.4 25.8)
2016-01-22,7,POINT(-112.2 25.4)
2016-01-14,13,POINT(-101.6 21.1)
2017-04-30,15,POINT(-99.0 31.4)
2017-12-18,23,POINT(-116.8 49.6)
2017-06-29,9,POINT(-113.9 22.9)
2017-04-08,40,POINT(-106.9 37.0)
2017-07-21,11,POINT(-78.2 27.9)
2017-03-08,1,POINT(-109.5 45.8)
2017-07-28,2,POINT(-108.7 35.2)
2017-02-03,72,POINT(-95.3 45.6)
2017-08-14,20,POINT(-75.4 47.9)
2017-07-05,14,POINT(-93.6 39.0)
2016-10-05,41,POINT(-116.0 28.5)
2016-04-19,26,POINT(-110.7 33.5)
2016-02-17,5,POINT(-77.2 38.9)
2016-03-22,1,POINT(-76.2 39.5)
2017-11-16,81,POINT(-80.2 22.0)
2017-09-16,20,POINT(-92.9 30.5)
2016-10-04,13,POINT(-98.0 36.0)
2017-01-15,58,POINT(-106.6 30.1)
2016-11-05,10,POINT(-92.6 37.3)
2017-07-05,26,POINT(-85.9 25.3)
2017-06-25,23,POINT(-90.0 21.0)
2016-08-27,23,POINT(-108.7 30.2)
2016-07-01,23,POINT(-74.8 37.0)
2016-07-02,1,POINT(-100.5 20.3)
2017-07-07,35,POINT(-75.8 38.3)
2017-04-10,52,POINT(-100.1 30.6)
2017-09-30,12,POINT(-118.1 49.8)
2017-03-12,17,POINT(-83.1 43.5)
2017-08-16,8,POINT(-74.0 28.7)
2016-08-20,31,POINT(-107.3 49.1)
2017-12-04,27,POINT(-92.9 28.4)
2016-01-01,27,POINT(-79.6 23.2)
2017-05-19,27,POINT(-103.9 20.8)
2016-12-27,5,POINT(-105.7 43.5)
2017-12-19,3,POINT(-99.4 29.6)
2017-12-09,8,POINT(-92.5 49.5)
2016-10-09,18,POINT(-92.4 38.5)
2017-06-12,11,POINT(-95.7 24.9)
2016-06-17,6,POINT(-79.0 30.1)
2016-07-04,1,POINT(-112.4 35.4)
2016-05-01,3,POINT(-115.7 41.7)
2017-03-16,3,POINT(-111.6 37.7)
2017-09-30,63,POINT(-84.8 27.8)
2017-11-08,31,POINT(-112.7 34.3)
2017-04-18,3,POINT(-103.9 26.5)
2016-05-01,13,POINT(-76.0 30.5)
2017-10-21,22,POINT(-113.0 28.6)
2016-10-18,65,POINT(-93.6 47.0)
2016-09-03,7,POINT(-94.7 43.6)
2016-07-06,7,POINT(-118.3 35.9)
2017-06-06,17,POINT(-114.2 25.2)
2016-10-10,39,POINT(-72.5 37.8)
2017-07-10,7,POINT(-71.9 30.6)
2016-05-03,3,POINT(-76.3 21.1)
2016-09-03,7,POINT(-98.4 40.7)
2017-02-09,12,POINT(-90.4 27.7)
2016-12-02,9,POINT(-78.8 27.0)
2016-06-07,40,POINT(-86.2 39.9)
2016-09-23,58,POINT(-75.2 46.1)
2016-10-18,10,POINT(-104.2 28.5)
2017-08-12,35,POINT(-88.8 43.3)
2016-05-30,2,POINT(-91.6 46.6)
2016-10-11,17,POINT(-70.8 26.3)
2016-05-30,36,POINT(-76.1 47.5)
2016-05-03,11,POINT(-111.7 28.5)
2016-09-28,4,POINT(-117.1 26.5)
2016-12-05,7,POINT(-97.7 30.8)
2017-12-29,14,POINT(-92.7 26.8)
2017-10-20,38,POINT(-80.5 37.2)
2017-12-30,28,POINT(-112.0 34.2)
2017-08-30,2,POINT(-74.0 40.1)
2017-03-22,16,POINT(-91.4 41.7)
2017-07-15,42,POINT(-77.9 22.5)
2017-04-01,18,POINT(-78.2 24.6)
2017-07-08,2,POINT(-72.4 43.7)
2017-06-14,35,POINT(-87.1 22.0)
2016-04-22,48,POINT(-80.8 39.8)
2017-12-25,10,POINT(-79.0 39.9)
2017-06-13,8,POINT(-96.6 42.1)
2017-10-07,16,POINT(-98.4 26.6)
2017-06-09,83,POINT(-72.7 24.5)
2016-03-04,37,POINT(-116.7 33.5)
2017-01-27,34,POINT(-72.4 21.3)
2017-11-05,5,POINT(-91.1 45.3)
2017-05-13,46,POINT(-105.3 42.4)
2017-06-01,17,POINT(-92.1 46.5)
2016-12-20,50,POINT(-88.1 22.1)
2017-09-24,22,POINT(-114.5 47.6)
2016-06-01,36,POINT(-86.5 42.7)
2016-11-24,4,POINT(-74.9 23.4)
2017-11-20,25,POINT(-71.4 23.1)
2017-04-23,6,POINT(-90.0 47.0)
2017-01-25,4,POINT(-103.6 34.0)
2017-07-28,18,POINT(-91.8 50.0)
2017-02-15,19,POINT(-119.9 39.1)
2016-09-14,14,POINT(-74.0 40.6)
2017-07-30,2,POINT(-80.8 34.0)
2017-05-21,6,POINT(-111.7 33.1)
2017-11-29,6,POINT(-89.5 44.1)
2017-12-11,8,POINT(-119.0 33.5)
2016-10-20,20,POINT(-109.2 35.0)
2017-04-21,12,POINT(-111.5 31.7)
2017-12-05,70,POINT(-112.2 25.9)
2017-05-22,1,POINT(-92.4 45.5)
2016-04-28,5,POINT(-71.8 26.6)
2017-11-21,18,POINT(-113.5 29.1)
2017-04-22,43,POINT(-76.4 37.8)
2017-07-17,1,POINT(-115.9 29.8)
2017-09-13,44,POINT(-115.9 30.6)
2017-09-01,15,POINT(-88.6 20.1)
2016-11-14,31,POINT(-91.3 44.0)
2017-01-29,60,POINT(-102.8 34.8)
2016-02-17,5,POINT(-93.3 25.9)
2017-09-04,18,POINT(-82.3 41.4)
2017-03-13,44,POINT(-81.3 39.7)
2017-04-19,38,POINT(-119.4 31.3)
2017-08-08,15,POINT(-116.1 37.3)
2017-07-03,60,POINT(-119.8 40.0)
2017-12-28,25,POINT(-119.2 21.9)
2016-05-15,15,POINT(-78.0 32.5)
2017-06-01,2,POINT(-115.8 35.7)
2016-11-19,14,POINT(-84.4 41.7)
2016-07-15,11,POINT(-71.0 31.5)
2016-04-20,8,POINT(-79.0 25.1)
2017-07-03,58,POINT(-116.7 22.7)
2016-04-24,52,POINT(-75.3 44.3)
2017-11-27,9,POINT(-72.1 34.4)
2017-12-24,12,POINT(-84.7 26.9)
2017-05-02,28,POINT(-89.2 44.1)
2016-12-30,37,POINT(-89.9 44.4)
2017-04-28,3,POINT(-79.0 39.5)
2016-11-05,14,POINT(-92.3 23.6)
2016-04-22,50,POINT(-103.3 29.1)
2016-09-26,22,POINT(-71.5 46.5)
2016-11-15,16,POINT(-117.6 23.6)
2016-06-23,26,POINT(-86.7 41.0)
2016-01-19,22,POINT(-90.7 27.7)
2016-07-21,58,POINT(-88.0 21.0)
2016-05-05,49,POINT(-87.9 40.7)
2017-04-11,11,POINT(-113.8 27.9)
2016-09-10,1,POINT(-113.3 42.3)
2016-10-18,9,POINT(-116.6 31.0)
2016-05-31,5,POINT(-73.1 26.6)
2016-07-17,3,POINT(-89.5 47.3)
2016-07-17,44,POINT(-116.1 30.7)
2017-11-17,25,POINT(-98.3 47.4)
2017-03-28,1,POINT(-102.0 48.8)
2016-06-28,51,POINT(-112.6 32.2)
2016-08-05,47,POINT(-78.9 41.5)
2017-09-21,60,POINT(-81.2 31.9)
2016-11-15,36,POINT(-96.8 39.7)
2016-01-23,2,POINT(-93.9 43.2)
2017-09-28,20,POINT(-98.2 39.2)
2016-03-24,2,POINT(-92.4 28.7)
2017-12-11,25,POINT(-83.4 29.2)
2016-11-21,5,POINT(-76.2 45.9)
2017-11-29,55,POINT(-90.4 36.9)
2016-11-24,55,POINT(-113.7 47.0)
2017-08-26,19,POINT(-81.4 32.6)
2016-11-25,28,POINT(-101.4 27.9)
2017-11-24,40,POINT(-88.5 38.2)
2017-12-11,10,POINT(-110.1 46.7)
2017-04-17,18,POINT(-111.8 35.0)
2017-04-22,4,POINT(-117.4 28.3)
2016-08-22,85,POINT(-104.3 26.6)
2017-07-09,54,POINT(-90.1 33.5)
2017-08-10,14,POINT(-104.1 45.6)
2017-10-14,17,POINT(-108.0 28.6)
2017-11-24,12,POINT(-70.3 36.6)
2016-04-28,1,POINT(-70.1 25.2)
2016-02-09,6,POINT(-89.8 42.3)
2016-09-16,3,POINT(-103.8 33.8)
2017-10-02,8,POINT(-76.9 27.2)
2016-01-06,6,POINT(-83.2 42.6)
2016-11-06,29,POINT(-89.2 41.8)
2016-03-06,15,POINT(-74.6 21.0)
2017-01-08,34,POINT(-97.7 33.3)
2017-12-31,21,POINT(-107.2 37.8)
2016-05-25,22,POINT(-71.6 27.7)
2016-08-21,42,POINT(-77.0 21.7)
2016-01-29,38,POINT(-74.4 28.5)
2017-11-03,2,POINT(-74.1 46.0)
2017-10-04,18,POINT(-100.9 30.2)
2017-10-21,11,POINT(-77.0 43.6)
2017-08-16,19,POINT(-75.5 41.1)
2017-04-14,40,POINT(-92.6 48.8)
2016-12-26,1,POINT(-88.7 46.2)
2017-08-17,1,POINT(-91.1 48.2)
2017-08-07,2,POINT(-119.2 20.7)
2016-12-20,42,POINT(-93.2 28.9)
2017-12-26,9,POINT(-118.1 46.2)
2016-01-26,10,POINT(-97.4 31.2)
2016-10-16,9,POINT(-117.7 21.6)
2016-03-11,6,POINT(-97.2 47.9)
2017-11-19,1,POINT(-104.8 33.6)
2016-03-29,48,POINT(-81.3 21.6)
2016-06-25,6,POINT(-96.0 28.5)
2016-01-27,45,POINT(-94.4 45.7)
2016-10-15,63,POINT(-74.8 43.7)
2017-07-28,18,POINT(-95.9 49.9)
2017-06-14,10,POINT(-112.2 33.2)
2017-04-28,30,POINT(-114.4 29.1)
2017-03-09,1,POINT(-104.7 24.0)
2017-05-07,53,POINT(-106.7 28.9)
2016-10-04,11,POINT(-79.1 26.0)
2016-12-11,8,POINT(-82.1 40.0)
2017-08-01,3,POINT(-117.1 43.0)
2016-08-25,63,POINT(-110.0 44.1)
2016-05-16,34,POINT(-97.6 42.6)
2016-06-11,26,POINT(-115.6 34.7)
2016-10-19,54,POINT(-111.7 31.8)
2016-01-28,65,POINT(-74.6 23.0)
2016-09-12,7,POINT(-92.9 37.4)
2017-09-15,31,POINT(-80.2 33.6)
2017-10-26,30,POINT(-103.5 27.3)
2016-09-21,17,POINT(-101.3 44.1)
2017-07-17,4,POINT(-77.1 41.3)
2017-04-25,57,POINT(-87.1 37.0)
2017-02-04,8,POINT(-86.1 26.0)
2017-04-04,18,POINT(-88.1 37.1)
2017-07-19,1,POINT(-92.9 26.1)
2016-05-12,12,POINT(-70.4 42.0)
2016-07-09,20,POINT(-75.3 25.2)
2016-05-03,10,POINT(-84.5 42.2)
2017-03-06,13,POINT(-86.1 36.2)
2016-08-05,5,POINT(-115.8 49.3)
2017-02-06,9,POINT(-95.7 34.0)
2016-11-17,26,POINT(-95.2 27.2)
2016-10-27,70,POINT(-117.4 45.2)
2016-03-11,13,POINT(-82.2 37.4)
2016-08-01,24,POINT(-119.9 36.1)
2017-06-28,75,POINT(-98.7 23.2)
2017-01-08,30,POINT(-74.8 31.4)
2016-12-01,1,POINT(-103.0 20.1)
2016-06-19,55,POINT(-90.9 26.5)
2016-12-09,41,POINT(-104.6 35.8)
2017-03-31,7,POINT(-111.1 34.2)
2017-02-13,5,POINT(-83.5 37.0)
2016-10-27,46,POINT(-109.8 46.0)
2017-05-10,24,POINT(-116.4 27.8)
2016-10-17,6,POINT(-98.2 40.3)
2017-03-12,26,POINT(-84.6 36.5)
2016-04-11,19,POINT(-91.0 44.6)
2016-01-10,8,POINT(-107.8 28.0)
2016-02-10,17,POINT(-79.1 49.7)
2017-01-04,15,POINT(-115.1 39.9)
2016-05-05,15,POINT(-86.5 21.2)
2017-01-17,15,POINT(-89.7 20.1)
2016-11-22,1,POINT(-75.1 46.0)
2017-03-25,7,POINT(-93.7 27.8)
2017-06-06,12,POINT(-79.1 27.1)
2017-12-07,3,POINT(-109.2 36.5)
2017-06-15,28,POINT(-92.7 25.1)
2016-09-29,38,POINT(-93.4 28.7)
2017-05-16,35,POINT(-105.2 35.5)
2017-05-01,13,POINT(-119.7 49.5)
2016-08-14,24,POINT(-82.8 24.6)
2016-08-14,2,POINT(-100.2 21.3)
2016-12-06,5,POINT(-105.0 41.2)
2016-09-28,1,POINT(-110.3 38.5)
2017-01-29,68,POINT(-77.4 29.4)
2016-05-03,18,POINT(-103.3 28.4)
2016-07-13,4,POINT(-109.8 46.0)
2017-08-05,25,POINT(-93.8 29.6)
2016-06-21,14,POINT(-80.9 37.8)
2016-07-21,12,POINT(-89.9 32.8)
2016-02-02,49,POINT(-72.0 35.8)
2016-07-29,25,POINT(-72.2 46.6)
2017-11-24,24,POINT(-74.9 33.4)
2016-02-20,3,POINT(-91.7 44.8)
2017-02-10,2,POINT(-81.6 38.1)
2017-06-24,22,POINT(-105.6 30.9)
2017-06-01,4,POINT(-91.2 20.7)
2016-05-12,13,POINT(-116.7 40.0)
2016-04-05,17,POINT(-106.8 40.9)
2017-02-27,10,POINT(-103.7 49.8)
2016-03-22,2,POINT(-101.9 41.3)
2016-11-10,28,POINT(-111.9 44.6)
2017-12-29,44,POINT(-115.8 25.0)
2016-10-06,4,POINT(-91.1 42.9)
2017-10-04,39,POINT(-95.4 30.6)
2016-03-26,32,POINT(-90.8 49.4)
2016-12-31,17,POINT(-113.5 33.6)
2016-12-31,19,POINT(-72.6 33.9)
2016-04-02,22,POINT(-99.3 34.9)
2016-03-11,15,POINT(-97.5 29.2)
2016-11-21,38,POINT(-92.7 31.4)
2017-05-21,13,POINT(-85.5 31.8)
2016-11-21,16,POINT(-100.8 35.4)
2016-07-09,1,POINT(-112.8 24.2)
2016-08-01,4,POINT(-80.8 37.9)
2016-02-16,47,POINT(-107.0 36.2)
2017-12-30,3,POINT(-97.9 49.5)
2016-03-29,47,POINT(-88.4 46.2)
2016-08-14,21,POINT(-71.7 33.9)
2017-01-31,51,POINT(-118.3 40.9)
2016-08-04,34,POINT(-94.1 39.7)
2016-10-27,41,POINT(-73.2 27.0)
2017-02-19,15,POINT(-107.2 30.0)
2016-06-18,35,POINT(-114.4 21.0)
2016-12-30,13,POINT(-90.2 22.9)
2016-08-19,1,POINT(-112.4 29.3)
2017-09-11,22,POINT(-76.1 43.3)
2016-11-23,27,POINT(-83.8 41.5)
2016-08-20,3,POINT(-113.9 48.9)
2017-11-12,34,POINT(-91.1 31.0)
2017-10-08,2,POINT(-118.6 30.3)
2017-10-04,12,POINT(-77.7 23.1)
2016-02-06,14,POINT(-109.7 43.6)
2017-02-05,1,POINT(-83.4 25.0)
2017-09-27,2,POINT(-114.7 48.6)
2017-03-01,12,POINT(-96.4 29.5)
2017-02-11,8,POINT(-73.5 39.4)
2016-08-04,34,POINT(-116.3 33.5)
2016-06-18,11,POINT(-105.2 26.7)
2017-09-01,3,POINT(-80.9 33.7)
2016-12-23,4,POINT(-96.8 29.8)
2016-07-04,23,POINT(-87.5 38.8)
2017-12-25,60,POINT(-79.4 36.5)
2017-11-09,41,POINT(-80.8 22.5)
2016-06-09,3,POINT(-100.2 22.2)
2016-10-10,1,POINT(-98.5 49.0)
2016-07-02,1,POINT(-91.4 29.0)
2017-06-20,17,POINT(-113.9 22.7)
2016-05-21,14,POINT(-76.5 25.5)
2017-11-25,1,POINT(-115.3 24.6)
2017-08-18,2,POINT(-110.8 26.3)
2016-08-18,167,POINT(-72.8 21.4)
2017-04-12,68,POINT(-105.9 25.9)
2017-01-22,3,POINT(-107.8 48.2)
2016-06-06,4,POINT(-98.7 37.2)
2016-11-13,47,POINT(-83.8 29.8)
2016-07-03,15,POINT(-101.7 43.7)
2017-02-24,64,POINT(-76.3 46.9)
2016-07-01,15,POINT(-112.5 22.1)
2017-08-19,18,POINT(-114.1 30.3)
2017-07-30,5,POINT(-116.1 44.6)
2016-02-21,42,POINT(-105.1 38.2)
2016-01-03,35,POINT(-110.0 40.5)
2016-03-17,9,POINT(-96.9 36.8)
2017-10-08,19,POINT(-70.2 22.5)
2017-08-04,9,POINT(-76.6 45.5)
2017-11-04,13,POINT(-75.3 27.2)
2017-08-30,39,POINT(-78.5 23.1)
2016-01-16,11,POINT(-106.4 30.2)
2016-08-17,37,POINT(-108.7 42.4)
2016-09-23,65,POINT(-83.4 46.4)
2016-11-01,11,POINT(-90.1 39.5)
2016-01-06,42,POINT(-109.7 30.7)
2016-04-19,8,POINT(-71.6 41.8)
2016-05-22,1,POINT(-98.8 43.0)
2017-10-28,2,POINT(-79.3 47.7)
2016-07-25,27,POINT(-116.3 23.6)
2017-03-04,3,POINT(-118.2 24.2)
2016-06-14,56,POINT(-97.2 33.1)
2016-09-16,41,POINT(-114.0 30.2)
2017-11-15,15,POINT(-71.0 43.2)
2017-01-28,18,POINT(-79.4 37.6)
2016-04-30,24,POINT(-97.3 22.9)
2017-02-16,27,POINT(-71.0 36.0)
2016-05-19,14,POINT(-108.1 28.6)
2016-06-16,8,POINT(-86.1 32.2)
2016-03-24,49,POINT(-119.1 22.4)
2017-02-24,1,POINT(-101.4 21.1)
2017-12-06,9,POINT(-116.0 49.0)
2016-09-24,22,POINT(-101.6 42.3)
2016-02-07,45,POINT(-101.0 39.6)
2016-10-29,2,POINT(-101.2 40.3)
2016-12-03,22,POINT(-99.3 39.1)
2016-11-25,14,POINT(-89.2 31.4)
2016-07-17,24,POINT(-110.5 34.9)
2016-01-05,8,POINT(-108.3 47.8)
2017-03-07,25,POINT(-87.7 31.1)
2017-01-05,4,POINT(-96.7 25.7)
2016-04-12,30,POINT(-111.9 21.6)
2017-03-10,28,POINT(-80.6 27.8)
2017-10-11,59,POINT(-73.5 23.9)
2017-01-15,4,POINT(-96.7 39.5)
2016-03-06,26,POINT(-89.3 27.1)
2017-08-01,8,POINT(-79.2 30.0)
2016-09-26,7,POINT(-71.8 22.9)
2016-02-16,11,POINT(-71.5 33.1)
2016-12-30,7,POINT(-73.9 48.6)
2016-06-28,6,POINT(-79.2 33.2)
2016-03-08,30,POINT(-98.7 42.5)
2016-04-24,25,POINT(-86.5 37.1)
2016-01-26,3,POINT(-81.8 29.5)
2017-07-12,17,POINT(-115.4 48.2)
2016-07-25,9,POINT(-114.2 35.5)
2016-03-13,71,POINT(-84.7 43.2)
2016-09-15,12,POINT(-86.7 23.7)
2017-01-20,1,POINT(-79.8 26.8)
2016-01-30,9,POINT(-110.8 33.6)
2017-02-24,8,POINT(-73.2 43.1)
2016-01-03,1,POINT(-108.1 44.5)
2017-06-04,14,POINT(-113.2 49.3)
2017-06-03,48,POINT(-103.8 48.5)
2017-06-04,33,POINT(-79.6 32.7)
2017-02-04,24,POINT(-118.6 36.0)
2017-10-25,9,POINT(-108.7 20.8)
2017-10-15,6,POINT(-72.2 34.7)
2016-09-30,9,POINT(-119.1 21.1)
2017-04-16,3,POINT(-106.1 20.4)
2017-01-06,3,POINT(-103.7 36.7)
2017-03-06,18,POINT(-73.8 46.9)
2017-06-22,34,POINT(-77.4 48.9)
2016-12-13,3,POINT(-97.0 42.0)
2016-03-11,9,POINT(-104.1 42.4)
2017-04-26,3,POINT(-72.8 33.3)
2017-12-31,8,POINT(-110.6 37.0)
2016-09-12,36,POINT(-96.2 37.5)
2016-04-12,1,POINT(-99.1 22.1)
2016-05-26,21,POINT(-73.2 21.4)
2017-10-31,2,POINT(-82.2 24.4)
2016-05-19,12,POINT(-96.8 43.8)
2017-10-16,13,POINT(-89.6 36.8)
2017-09-12,11,POINT(-74.6 37.7)
2017-02-26,21,POINT(-78.4 30.5)
2016-03-04,73,POINT(-89.2 46.1)
2016-09-27,7,POINT(-74.2 48.9)
2017-11-28,19,POINT(-101.0 26.4)
2017-05-27,9,POINT(-83.3 29.4)
2016-01-07,153,POINT(-119.2 29.8)
2017-01-27,61,POINT(-90.9 48.9)
2016-01-01,2,POINT(-113.2 35.5)
2016-09-17,73,POINT(-93.8 37.0)
2016-02-16,27,POINT(-107.7 31.0)
2016-01-02,98,POINT(-101.0 47.0)
2017-06-18,30,POINT(-80.4 25.7)
2016-12-24,3,POINT(-117.1 33.7)
2017-04-21,28,POINT(-93.1 26.8)
2017-02-25,26,POINT(-112.8 37.6)
2017-08-18,4,POINT(-91.3 36.4)
2016-07-22,28,POINT(-88.3 23.9)
2016-08-14,23,POINT(-110.9 44.9)
2016-05-30,104,POINT(-119.7 23.7)
2016-09-03,20,POINT(-115.7 25.3)
2016-01-17,11,POINT(-85.5 28.1)
2016-10-30,62,POINT(-101.0 44.4)
2017-05-28,20,POINT(-101.4 26.1)
2016-07-15,9,POINT(-85.4 26.6)
2017-03-21,1,POINT(-95.1 39.6)
2016-12-06,29,POINT(-88.1 44.9)
2016-03-01,3,POINT(-74.0 41.0)
2016-09-23,52,POINT(-94.7 36.1)
2016-04-06,66,POINT(-88.1 39.5)
2016-10-09,6,POINT(-88.0 36.4)
2016-09-03,3,POINT(-93.3 30.7)
2016-02-04,19,POINT(-86.8 40.7)
2017-04-13,5,POINT(-78.3 40.6)
2016-03-08,16,POINT(-79.6 39.0)
2016-07-07,11,POINT(-117.1 39.1)
2016-02-10,32,POINT(-72.4 27.1)
2017-08-30,178,POINT(-77.6 47.8)
2017-11-13,13,POINT(-71.5 49.8)
2016-03-07,24,POINT(-110.3 36.7)
2016-11-03,9,POINT(-93.2 26.7)
2016-04-28,40,POINT(-98.0 29.5)
2017-11-13,1,POINT(-101.2 42.2)
2016-07-04,14,POINT(-99.7 28.2)
2016-03-10,4,POINT(-74.8 38.3)
2017-11-01,4,POINT(-85.1 23.1)
2016-10-10,16,POINT(-103.8 49.0)
2017-09-10,8,POINT(-101.1 45.2)
2017-07-01,13,POINT(-96.6 44.6)
2016-12-13,8,POINT(-101.7 43.3)
2016-07-13,13,POINT(-109.5 20.0)
2017-04-28,7,POINT(-98.2 22.0)
2017-08-10,33,POINT(-116.0 37.7)
2016-10-06,17,POINT(-77.3 43.1)
2016-12-13,4,POINT(-78.8 42.7)
2017-08-14,1,POINT(-75.4 35.9)
2017-04-22,1,POINT(-97.7 35.6)
2016-04-07,11,POINT(-87.4 22.6)
2016-10-08,8,POINT(-79.5 47.9)
2017-09-21,7,POINT(-104.3 29.4)
2017-02-22,20,POINT(-88.3 26.3)
2016-08-10,34,POINT(-98.1 37.9)
2016-09-08,2,POINT(-101.3 20.7)
2016-03-20,3,POINT(-77.0 48.8)
2017-11-12,10,POINT(-88.8 31.0)
2017-02-16,12,POINT(-88.8 28.9)
2017-10-30,11,POINT(-112.2 24.5)
2017-01-27,21,POINT(-102.7 35.2)
2016-11-29,2,POINT(-77.9 31.7)
2016-11-23,14,POINT(-109.3 29.2)
2016-01-02,34,POINT(-71.5 24.0)
2016-07-21,53,POINT(-78.4 29.8)
2016-09-14,17,POINT(-106.6 44.6)
2017-01-01,3,POINT(-114.6 43.8)
2016-05-25,27,POINT(-111.5 37.2)
2017-01-12,32,POINT(-107.9 42.6)
2017-03-16,5,POINT(-108.1 38.4)
2017-03-30,23,POINT(-119.2 23.5)
2017-02-10,54,POINT(-84.2 47.8)
2016-01-19,26,POINT(-71.1 35.0)
2017-03-08,11,POINT(-105.7 42.2)
2017-03-04,12,POINT(-119.2 46.3)
2016-09-08,2,POINT(-74.1 46.4)
2017-07-15,15,POINT(-109.7 48.0)
2017-10-10,33,POINT(-119.6 39.4)
2016-08-08,77,POINT(-108.8 39.0)
2016-04-22,11,POINT(-114.8 27.2)
2016-05-28,12,POINT(-83.7 29.4)
2017-07-13,2,POINT(-119.9 38.1)
2016-02-27,30,POINT(-97.9 27.5)
2016-07-15,26,POINT(-95.4 30.8)
2017-10-10,11,POINT(-80.8 25.0)
2017-12-07,25,POINT(-93.9 42.5)
2017-12-18,20,POINT(-113.8 38.9)
2016-01-18,30,POINT(-98.7 41.7)
2016-08-02,8,POINT(-73.3 33.3)
2017-12-18,22,POINT(-108.2 42.1)
2017-09-27,20,POINT(-105.0 34.0)
2016-01-16,2,POINT(-76.3 36.0)
2017-11-07,7,POINT(-80.7 23.8)
2017-10-21,40,POINT(-105.2 21.1)
2017-02-02,4,POINT(-84.6 42.4)
2016-08-20,10,POINT(-115.7 46.7)
2016-01-25,6,POINT(-92.9 30.8)
2017-02-04,4,POINT(-76.5 45.4)
2016-12-30,3,POINT(-77.9 28.3)
2016-10-21,9,POINT(-109.9 42.0)
2017-03-12,33,POINT(-93.3 37.5)
2016-03-11,68,POINT(-100.1 21.0)
2017-12-12,17,POINT(-92.0 27.2)
2017-07-12,21,POINT(-116.2 38.9)
2016-01-25,31,POINT(-70.9 26.2)
2017-12-25,22,POINT(-91.8 37.7)
2017-01-08,38,POINT(-114.0 41.2)
2017-06-28,44,POINT(-87.9 30.4)
2017-04-02,20,POINT(-119.6 40.7)
2016-08-01,16,POINT(-119.7 39.3)
2016-07-29,10,POINT(-111.0 49.6)
2017-06-24,13,POINT(-106.5 38.4)
2016-02-08,9,POINT(-106.8 28.3)
2016-09-16,12,POINT(-97.8 27.4)
2017-11-07,46,POINT(-94.3 39.8)
2016-04-04,72,POINT(-98.9 23.1)
2017-01-24,9,POINT(-101.3 26.8)
2016-08-07,5,POINT(-86.5 20.3)
2016-09-24,2,POINT(-107.6 35.3)
2017-05-08,37,POINT(-88.6 43.6)
2017-09-21,41,POINT(-72.2 35.3)
2016-03-06,12,POINT(-96.4 28.6)
2017-01-21,16,POINT(-94.4 45.1)
2016-07-11,27,POINT(-83.6 34.5)
2016-11-15,10,POINT(-94.6 40.7)
2017-06-30,5,POINT(-112.8 49.6)
2016-06-23,3,POINT(-89.5 44.4)
2016-04-21,6,POINT(-94.6 45.5)
2016-11-03,21,POINT(-72.4 23.6)
2016-12-05,9,POINT(-115.3 36.2)
2016-03-20,41,POINT(-93.2 49.9)
2017-04-22,2,POINT(-89.2 29.7)
2016-04-20,11,POINT(-89.0 21.3)
2017-05-01,6,POINT(-117.0 21.0)
2017-03-28,44,POINT(-103.6 49.4)
2017-02-16,33,POINT(-106.9 33.0)
2017-08-26,84,POINT(-86.0 28.5)
2016-07-04,3,POINT(-83.2 35.4)
2017-07-06,31,POINT(-109.5 38.3)
2016-03-27,3,POINT(-78.7 46.4)
2016-08-11,4,POINT(-95.7 33.3)
2016-02-20,1,POINT(-106.9 45.6)
2016-05-05,13,POINT(-105.0 27.8)
2016-05-25,3,POINT(-106.8 36.5)
2016-02-10,9,POINT(-89.8 43.4)
2016-12-20,7,POINT(-93.6 33.3)
2017-03-20,75,POINT(-73.1 28.3)
2016-12-28,22,POINT(-106.3 44.3)
2017-06-19,11,POINT(-104.0 44.2)
2016-10-10,43,POINT(-119.7 28.5)
2016-02-05,2,POINT(-105.1 38.1)
2016-10-03,9,POINT(-107.5 27.4)
2017-11-26,15,POINT(-99.9 46.9)
2016-11-20,2,POINT(-95.2 22.3)
2017-10-27,4,POINT(-86.5 31.5)
2016-06-30,46,POINT(-110.4 39.5)
2017-04-15,4,POINT(-92.2 45.8)
2017-02-20,51,POINT(-83.6 43.9)
2017-10-27,3,POINT(-107.9 40.5)
2016-05-29,44,POINT(-102.4 47.8)
2017-02-07,13,POINT(-109.7 20.7)
2017-05-28,18,POINT(-114.4 49.4)
2017-07-19,7,POINT(-82.2 30.4)
2017-03-16,7,POINT(-108.0 42.4)
2016-09-02,14,POINT(-101.6 28.4)
2016-02-15,9,POINT(-107.6 32.4)
2016-03-15,2,POINT(-117.8 46.3)
2016-05-28,9,POINT(-83.6 33.4)
2017-02-09,6,POINT(-87.8 46.5)
2016-01-03,38,POINT(-96.2 36.5)
2016-01-09,37,POINT(-86.3 27.9)
2017-05-28,4,POINT(-77.7 34.6)
2016-08-25,27,POINT(-89.1 22.7)
2017-06-23,12,POINT(-74.7 34.3)
2016-10-16,41,POINT(-109.9 43.6)
2016-06-29,7,POINT(-75.8 22.1)
2016-11-10,2,POINT(-92.9 27.0)
2016-09-22,33,POINT(-77.9 32.7)
2016-03-23,41,POINT(-82.8 42.7)
2016-09-14,37,POINT(-117.1 42.5)
2017-07-13,8,POINT(-78.1 46.6)
2017-10-07,1,POINT(-103.1 24.4)
2016-07-17,4,POINT(-98.8 24.7)
2016-10-18,51,POINT(-119.4 40.1)
2017-10-09,10,POINT(-82.1 25.4)
2016-03-23,43,POINT(-96.7 32.4)
2016-09-22,80,POINT(-73.0 36.2)
2017-02-20,11,POINT(-106.0 27.7)
2017-12-31,30,POINT(-95.2 40.7)
2016-01-19,4,POINT(-99.4 45.7)
2017-06-13,10,POINT(-80.4 20.4)
2017-01-05,25,POINT(-93.2 28.7)
2017-11-21,5,POINT(-97.0 41.4)
2016-01-23,8,POINT(-72.7 28.3)
2017-01-19,17,POINT(-101.1 35.7)
2017-09-10,24,POINT(-95.5 42.7)
2017-10-04,9,POINT(-92.3 30.3)
2017-06-05,10,POINT(-117.3 43.6)
2017-01-13,3,POINT(-93.7 44.5)
2017-12-11,83,POINT(-103.2 49.7)
2016-03-30,19,POINT(-87.5 33.0)
2016-05-23,16,POINT(-87.8 34.3)
2017-09-12,5,POINT(-84.4 43.5)
2016-07-22,14,POINT(-100.0 46.0)
2017-07-09,12,POINT(-114.8 35.2)
2017-06-03,6,POINT(-98.0 20.7)
2017-01-26,12,POINT(-92.4 33.7)
2016-10-27,5,POINT(-118.8 26.8)
2017-05-19,25,POINT(-92.6 22.9)
2016-06-01,48,POINT(-100.0 30.2)
2017-06-12,1,POINT(-96.1 31.8)
2016-12-04,17,POINT(-104.8 49.4)
2017-05-26,27,POINT(-95.4 33.7)
2016-11-30,48,POINT(-75.9 49.0)
2017-05-23,9,POINT(-80.6 42.0)
2016-02-25,48,POINT(-89.2 27.6)
2017-07-09,35,POINT(-88.7 41.1)
2017-07-04,15,POINT(-75.2 32.1)
2016-05-09,6,POINT(-96.0 37.4)
2016-04-07,22,POINT(-93.0 35.6)
2017-02-25,7,POINT(-77.0 48.0)
2016-03-20,9,POINT(-82.3 23.9)
2016-10-14,13,POINT(-98.3 33.3)
2016-06-17,14,POINT(-104.7 22.4)
2016-03-19,5,POINT(-94.1 27.6)
2016-03-11,24,POINT(-114.0 22.3)
2016-09-19,97,POINT(-86.0 48.2)
2017-12-12,6,POINT(-96.8 29.4)
2017-12-23,17,POINT(-90.3 43.4)
2017-06-13,13,POINT(-77.7 42.5)
2016-07-28,8,POINT(-102.2 24.2)
2016-04-26,11,POINT(-95.1 24.2)
2017-09-07,27,POINT(-92.2 31.3)
2016-03-17,11,POINT(-106.0 37.1)
2016-11-10,15,POINT(-106.3 32.8)
2016-01-11,13,POINT(-93.7 43.0)
2016-02-20,17,POINT(-107.1 36.1)
2016-01-07,7,POINT(-76.9 46.5)
2017-07-02,15,POINT(-70.3 37.8)
2016-09-17,3,POINT(-109.5 37.8)
2017-07-27,28,POINT(-91.2 39.8)
2017-05-26,3,POINT(-112.7 38.1)
2016-07-18,31,POINT(-110.7 38.4)
2016-11-25,35,POINT(-81.7 33.5)
2016-03-30,1,POINT(-110.0 22.7)
2017-08-13,36,POINT(-82.5 31.1)
2016-02-24,21,POINT(-99.8 43.0)
2016-08-08,3,POINT(-96.0 21.1)
2016-04-01,124,POINT(-107.0 40.7)
2017-08-08,20,POINT(-92.6 49.4)
2016-02-25,11,POINT(-103.4 33.1)
2016-06-27,44,POINT(-111.3 26.4)
2016-03-01,1,POINT(-113.0 20.7)
2016-04-26,26,POINT(-70.0 45.6)
2017-08-12,4,POINT(-102.7 24.4)
2016-08-23,17,POINT(-79.8 21.3)
2016-02-02,3,POINT(-102.9 34.6)
2017-07-20,23,POINT(-88.9 31.5)
2016-08-30,13,POINT(-77.9 48.8)
2016-03-14,1,POINT(-85.2 33.9)
2016-01-21,2,POINT(-116.5 45.1)
2017-12-13,25,POINT(-110.4 48.0)
2016-06-02,11,POINT(-76.3 25.5)
2016-09-10,23,POINT(-96.4 30.4)
2016-07-25,10,POINT(-90.1 47.7)
2016-05-28,9,POINT(-118.8 36.7)
2017-11-25,39,POINT(-95.6 29.7)
2016-10-28,39,POINT(-98.5 35.6)
2016-10-23,51,POINT(-85.7 41.9)
2017-05-05,35,POINT(-106.3 38.6)
2016-02-13,3,POINT(-82.8 48.0)
2016-05-23,2,POINT(-86.5 48.9)
2016-08-31,2,POINT(-94.5 41.3)
2017-02-22,79,POINT(-101.2 39.9)
2017-05-31,14,POINT(-104.9 20.4)
2016-03-02,3,POINT(-93.2 43.5)
2017-06-21,16,POINT(-91.2 35.0)
2016-11-12,25,POINT(-97.6 46.2)
2017-03-10,2,POINT(-104.0 48.0)
2017-11-26,9,POINT(-76.0 31.1)
2017-01-15,5,POINT(-104.5 47.2)
2016-02-05,75,POINT(-86.4 39.8)
2017-06-25,8,POINT(-74.8 32.8)
2017-08-03,24,POINT(-87.7 21.5)
2016-08-19,51,POINT(-101.7 42.3)
2017-11-18,40,POINT(-105.1 46.8)
2016-02-02,11,POINT(-77.3 37.5)
2017-08-03,8,POINT(-95.5 32.1)
2016-12-17,34,POINT(-90.3 33.5)
2016-09-11,5,POINT(-90.2 41.2)
2016-02-19,26,POINT(-93.3 25.9)
2016-01-23,37,POINT(-73.4 26.1)
2016-09-10,38,POINT(-73.4 30.4)
2017-01-28,1,POINT(-118.0 20.9)
2017-11-06,14,POINT(-94.7 40.1)
2016-09-29,9,POINT(-91.7 33.4)
2017-11-23,78,POINT(-73.7 46.8)
2016-09-06,16,POINT(-116.5 39.4)
2016-08-24,12,POINT(-80.5 41.1)
2016-08-19,6,POINT(-87.9 40.2)
2017-03-03,38,POINT(-83.4 32.5)
2017-09-25,8,POINT(-105.4 48.0)
2016-08-29,36,POINT(-82.7 47.4)
2016-05-13,45,POINT(-105.9 34.5)
2016-03-11,2,POINT(-86.2 43.4)
2017-04-09,15,POINT(-80.6 49.6)
2017-02-24,11,POINT(-80.8 29.9)
2016-11-05,10,POINT(-92.8 38.7)
2016-10-05,10,POINT(-99.3 37.1)
2016-08-06,16,POINT(-107.8 36.2)
2017-11-27,3,POINT(-118.3 48.0)
2016-11-02,42,POINT(-117.6 23.8)
2016-11-09,17,POINT(-99.1 35.5)
2017-02-06,9,POINT(-115.3 20.8)
2017-12-29,6,POINT(-114.4 29.2)
2017-05-02,20,POINT(-110.3 40.3)
2017-02-08,31,POINT(-95.9 43.4)
2017-01-13,12,POINT(-90.4 45.6)
2016-10-07,84,POINT(-85.3 22.3)
2017-09-28,16,POINT(-95.7 25.5)
2017-11-21,78,POINT(-86.8 32.0)
2016-11-22,66,POINT(-76.9 31.4)
2016-02-04,19,POINT(-101.3 27.6)
2016-03-10,18,POINT(-85.6 48.1)
2016-12-25,3,POINT(-87.1 36.0)
2017-11-20,53,POINT(-88.2 39.7)
2017-02-11,33,POINT(-90.8 42.5)
2017-07-14,14,POINT(-83.7 36.3)
2017-08-02,8,POINT(-79.1 45.0)
2017-06-02,37,POINT(-100.4 49.5)
2017-08-28,7,POINT(-87.3 31.8)
2017-01-18,16,POINT(-107.6 39.3)
2016-03-21,5,POINT(-82.2 29.5)
2017-03-13,33,POINT(-76.0 22.1)
2016-09-06,28,POINT(-81.9 20.8)
2016-02-07,7,POINT(-95.4 27.0)
2016-02-14,3,POINT(-113.3 24.9)
2016-12-24,4,POINT(-76.3 41.7)
2016-05-16,20,POINT(-79.3 33.9)
2017-04-05,4,POINT(-85.1 36.2)
2017-01-01,8,POINT(-77.4 22.5)
2016-10-31,37,POINT(-93.3 20.6)
2016-08-16,2,POINT(-70.5 33.1)
2016-07-01,18,POINT(-78.1 27.7)
2017-04-11,11,POINT(-111.8 38.7)
2016-07-22,3,POINT(-99.9 35.3)
2017-09-14,15,POINT(-111.5 44.9)
2016-03-08,15,POINT(-108.8 45.2)
2017-07-03,10,POINT(-95.0 36.1)
2017-12-10,2,POINT(-101.9 47.2)
2016-10-31,5,POINT(-74.5 48.0)
2017-08-26,11,POINT(-120.0 27.3)
2017-09-19,7,POINT(-119.5 49.3)
2016-04-04,4,POINT(-74.0 49.6)
2017-12-25,14,POINT(-108.0 21.9)
2016-09-02,11,POINT(-119.9 20.1)
2017-11-15,22,POINT(-98.1 21.8)
2016-03-19,17,POINT(-110.2 30.5)
2017-03-08,4,POINT(-117.3 44.2)
2016-10-06,24,POINT(-93.5 35.1)
2017-10-22,13,POINT(-113.0 28.9)
2017-01-03,3,POINT(-78.2 21.7)
2016-10-05,1,POINT(-104.9 31.9)
2016-12-16,20,POINT(-108.9 21.1)
2016-08-13,20,POINT(-83.0 25.2)
2017-02-09,35,POINT(-77.6 46.4)
2017-03-21,29,POINT(-115.3 42.8)
2016-11-18,42,POINT(-112.4 49.9)
2017-09-21,7,POINT(-96.3 46.8)
2016-03-13,11,POINT(-90.5 45.7)
2017-06-01,2,POINT(-115.8 25.2)
2016-11-16,11,POINT(-101.2 39.4)
2016-01-22,5,POINT(-75.1 38.0)
2016-06-27,33,POINT(-76.2 47.5)
2017-12-08,22,POINT(-104.4 43.4)
2016-04-18,31,POINT(-108.6 43.2)
2017-01-06,18,POINT(-90.9 29.7)
2017-11-27,19,POINT(-115.2 23.7)
2017-03-31,6,POINT(-108.3 31.1)
2017-07-20,23,POINT(-111.7 26.3)
2016-08-16,4,POINT(-109.6 41.8)
2017-06-14,7,POINT(-109.3 33.8)
2016-12-29,4,POINT(-88.6 27.0)
2017-02-28,60,POINT(-95.6 39.7)
2016-08-03,46,POINT(-76.9 22.1)
2016-02-17,42,POINT(-83.2 47.5)
2017-04-09,65,POINT(-95.1 37.3)
2017-11-02,19,POINT(-104.6 33.8)
2016-09-29,46,POINT(-78.4 27.5)
2017-08-30,7,POINT(-116.0 36.4)
2016-01-30,10,POINT(-86.0 28.6)
2017-09-24,13,POINT(-114.3 31.8)
2016-07-08,2,POINT(-93.4 46.7)
2016-05-31,35,POINT(-74.9 25.8)
2017-01-10,3,POINT(-108.1 30.4)
2016-09-11,33,POINT(-116.1 39.7)
2017-12-03,52,POINT(-103.0 41.7)
2017-10-15,17,POINT(-96.1 23.4)
2016-02-03,4,POINT(-83.8 48.1)
2016-07-05,12,POINT(-118.5 20.8)
2017-03-24,3,POINT(-113.5 22.0)
2016-03-26,3,POINT(-99.5 42.9)
2017-11-03,29,POINT(-115.2 43.1)
2016-04-27,10,POINT(-72.2 40.0)
2017-09-14,1,POINT(-94.5 35.6)
2016-02-27,1,POINT(-101.2 28.7)
2016-01-18,35,POINT(-71.0 45.2)
2016-05-19,20,POINT(-87.7 41.0)
2017-04-02,38,POINT(-94.2 49.0)
2017-12-06,7,POINT(-107.9 33.6)
2017-10-03,8,POINT(-107.3 34.1)
2016-07-30,20,POINT(-101.9 43.7)
2017-04-30,22,POINT(-82.5 49.8)
2016-04-29,1,POINT(-79.2 46.9)
2017-07-07,48,POINT(-110.4 28.9)
2016-01-03,33,POINT(-79.1 48.6)
2016-08-16,3,POINT(-103.5 25.9)
2016-08-16,1,POINT(-110.0 32.6)
2016-12-08,30,POINT(-110.3 46.6)
2016-05-20,47,POINT(-96.8 29.4)
2016-02-26,8,POINT(-81.6 30.6)
2016-08-03,8,POINT(-91.5 49.8)
2017-10-04,15,POINT(-96.8 33.5)
2016-04-23,23,POINT(-119.1 48.4)
2017-12-03,21,POINT(-91.8 28.2)
2016-10-20,28,POINT(-86.3 35.0)
2016-01-28,3,POINT(-115.1 31.5)
2017-06-21,15,POINT(-72.2 36.9)
2017-08-18,15,POINT(-115.4 47.0)
2016-11-16,60,POINT(-85.5 49.7)
2017-12-14,51,POINT(-93.8 35.0)
2017-07-26,28,POINT(-75.8 25.3)
2017-11-27,42,POINT(-99.3 21.5)
2017-05-27,28,POINT(-94.6 24.8)
2016-02-01,26,POINT(-92.4 42.4)
2017-02-14,5,POINT(-76.3 37.8)
2017-01-31,20,POINT(-80.0 42.5)
2016-01-17,50,POINT(-106.0 48.6)
2017-08-23,28,POINT(-72.2 41.2)
2016-02-21,19,POINT(-82.3 43.3)
2017-01-04,6,POINT(-119.4 32.8)
2016-06-12,23,POINT(-110.8 35.3)
2016-10-29,9,POINT(-77.2 44.7)
2017-03-25,2,POINT(-87.7 39.2)
2017-06-27,6,POINT(-107.1 36.1)
2017-12-10,10,POINT(-111.4 26.6)
2017-05-16,115,POINT(-112.7 38.1)
2016-12-16,29,POINT(-104.1 28.7)
2017-01-13,7,POINT(-75.1 37.7)
2017-03-14,29,POINT(-102.4 33.9)
2016-07-19,9,POINT(-87.0 23.1)
2016-04-16,19,POINT(-114.4 45.7)
2017-05-19,29,POINT(-93.4 37.4)
2017-01-18,28,POINT(-102.9 47.1)
2016-10-22,4,POINT(-112.0 47.8)
2016-01-28,35,POINT(-80.1 35.5)
2016-12-02,52,POINT(-79.2 40.3)
2016-10-13,6,POINT(-104.7 46.9)
2017-09-22,8,POINT(-87.3 40.4)
2016-12-08,56,POINT(-100.3 27.3)
2016-01-31,83,POINT(-117.8 27.8)
2017-10-27,13,POINT(-98.6 32.6)
2017-05-01,1,POINT(-91.2 21.1)
2017-09-10,55,POINT(-105.0 31.1)
2016-09-07,1,POINT(-72.6 24.3)
2016-12-28,9,POINT(-92.1 44.8)
2016-04-16,2,POINT(-101.4 43.5)
2017-05-20,15,POINT(-83.2 25.3)
2017-03-17,1,POINT(-103.0 28.5)
2016-04-26,6,POINT(-118.8 37.1)
2016-09-01,13,POINT(-119.6 27.5)
2016-03-19,2,POINT(-104.9 21.7)
2017-04-30,14,POINT(-112.2 43.0)
2016-01-23,7,POINT(-102.4 22.7)
2016-07-15,7,POINT(-81.5 40.3)
2016-12-26,56,POINT(-104.5 24.5)
2017-11-30,24,POINT(-92.0 20.2)
2017-03-02,54,POINT(-74.0 36.9)
2016-08-04,18,POINT(-85.1 28.5)
2017-10-27,48,POINT(-91.9 23.9)
2017-12-07,37,POINT(-76.6 40.5)
2017-09-19,123,POINT(-103.5 39.3)
2016-07-14,14,POINT(-110.1 32.3)
2017-07-20,24,POINT(-82.6 22.7)
2017-11-17,4,POINT(-117.1 34.0)
2017-03-18,57,POINT(-98.8 23.1)
2017-04-03,11,POINT(-105.6 49.8)
2017-04-03,50,POINT(-71.4 27.0)
2017-04-28,3,POINT(-101.1 20.1)
2016-05-23,15,POINT(-86.8 26.6)
2016-11-09,1,POINT(-106.6 38.6)
2017-12-29,11,POINT(-70.8 49.3)
2016-09-13,2,POINT(-111.0 35.8)
2017-09-30,12,POINT(-74.7 33.4)
2017-04-18,17,POINT(-97.7 49.8)
2017-11-15,39,POINT(-98.6 24.9)
2017-08-28,8,POINT(-84.9 25.9)
2017-05-13,17,POINT(-115.3 31.4)
2016-08-06,2,POINT(-92.7 42.4)
2017-07-17,49,POINT(-109.0 29.1)
2017-06-14,13,POINT(-112.1 34.1)
2016-12-23,6,POINT(-76.1 48.2)
2016-08-24,13,POINT(-70.1 46.2)
2017-11-13,14,POINT(-71.4 48.4)
2016-10-01,28,POINT(-78.9 25.0)
2017-11-02,74,POINT(-74.0 34.5)
2017-07-30,5,POINT(-73.8 41.4)
2016-08-04,2,POINT(-111.2 42.0)
2017-07-12,22,POINT(-115.7 36.5)
2017-01-31,44,POINT(-113.7 44.6)
2016-03-14,17,POINT(-111.9 21.3)
2017-11-06,2,POINT(-78.9 25.9)
2017-12-10,11,POINT(-72.9 29.8)
2016-11-23,22,POINT(-102.4 41.9)
2017-02-11,8,POINT(-118.3 47.1)
2016-05-27,38,POINT(-104.6 35.9)
2016-03-26,6,POINT(-84.7 41.2)
2017-06-04,10,POINT(-72.9 37.8)
2017-05-17,50,POINT(-97.5 47.7)
2016-08-19,18,POINT(-103.2 47.0)
2017-05-12,1,POINT(-87.3 44.2)
2017-02-26,6,POINT(-109.4 28.4)
2017-04-11,28,POINT(-81.7 31.2)
2016-09-03,2,POINT(-99.3 32.5)
2017-01-04,100,POINT(-71.1 20.1)
2017-05-27,46,POINT(-73.3 26.9)
2016-04-14,6,POINT(-86.7 41.4)
2016-08-21,46,POINT(-87.6 36.3)
2017-04-02,25,POINT(-113.8 48.7)
2016-09-13,12,POINT(-106.0 20.9)
2017-04-19,5,POINT(-76.9 31.3)
2017-08-15,5,POINT(-101.9 41.2)
2017-09-26,19,POINT(-98.8 24.0)
2016-06-20,11,POINT(-78.0 35.0)
2016-09-29,19,POINT(-98.7 20.5)
2016-07-12,9,POINT(-77.5 25.4)
2016-04-21,6,POINT(-116.5 48.1)
2016-01-23,37,POINT(-85.4 38.0)
2016-11-10,51,POINT(-116.8 42.8)
2016-07-20,25,POINT(-80.5 23.1)
2017-05-15,4,POINT(-92.4 27.0)
2017-09-09,2,POINT(-92.2 25.8)
2017-08-28,16,POINT(-101.2 28.2)
2016-01-25,16,POINT(-74.8 27.7)
2017-10-18,21,POINT(-94.5 36.9)
2017-05-22,48,POINT(-107.0 41.2)
2016-12-31,21,POINT(-78.8 36.5)
2017-06-14,50,POINT(-72.6 29.0)
2017-12-22,3,POINT(-107.9 40.8)
2017-08-16,25,POINT(-89.7 36.6)
2016-02-15,53,POINT(-90.6 39.2)
2016-02-04,13,POINT(-89.5 26.3)
2016-07-20,69,POINT(-91.8 48.8)
2017-06-18,17,POINT(-115.0 29.8)
2016-12-30,58,POINT(-99.4 31.1)
2017-04-14,28,POINT(-70.7 36.2)
2016-10-26,13,POINT(-115.6 21.5)
2017-02-19,1,POINT(-86.5 25.7)
2016-12-11,22,POINT(-75.3 44.4)
2016-12-14,6,POINT(-110.0 43.8)
2017-11-29,7,POINT(-79.9 24.3)
2016-07-08,1,POINT(-107.9 37.7)
2017-02-06,17,POINT(-118.5 22.0)
2016-12-14,7,POINT(-93.9 22.2)
2017-01-07,81,POINT(-84.5 44.0)
2017-09-30,28,POINT(-110.2 34.1)
2017-05-19,9,POINT(-116.5 47.8)
2016-10-17,7,POINT(-92.3 34.3)
2016-04-20,26,POINT(-112.6 44.2)
2017-07-08,6,POINT(-110.8 39.2)
2017-05-17,12,POINT(-84.8 32.9)
2016-10-27,4,POINT(-89.4 36.6)
2017-10-07,6,POINT(-72.7 48.0)
2016-01-13,3,POINT(-103.8 22.3)
2017-06-06,12,POINT(-109.3 35.9)
2016-04-11,53,POINT(-87.2 21.6)
2016-07-15,3,POINT(-71.4 36.7)
2017-01-25,12,POINT(-92.3 38.2)
2016-02-24,8,POINT(-105.3 44.2)
2016-07-01,10,POINT(-74.5 43.9)
2016-01-19,30,POINT(-89.5 20.3)
2016-12-28,12,POINT(-109.4 22.1)
2017-04-17,22,POINT(-72.5 40.5)
2016-01-09,72,POINT(-106.3 25.5)
2017-10-21,20,POINT(-75.1 35.8)
2016-01-25,9,POINT(-89.3 27.0)
2016-11-01,11,POINT(-94.9 45.0)
2017-08-06,24,POINT(-103.4 40.4)
2017-03-09,24,POINT(-114.1 33.1)
2017-02-25,10,POINT(-107.8 26.7)
2016-02-26,26,POINT(-103.4 39.8)
2017-06-17,16,POINT(-105.6 30.5)
2017-07-01,79,POINT(-116.3 37.7)
2016-06-27,48,POINT(-91.0 40.0)
2016-03-08,35,POINT(-96.2 24.1)
2017-05-10,1,POINT(-114.7 21.5)
2016-01-01,10,POINT(-96.8 34.8)
2016-02-17,18,POINT(-116.1 24.7)
2017-02-20,15,POINT(-73.4 22.7)
2017-10-25,29,POINT(-107.0 22.7)
2016-07-15,48,POINT(-83.8 41.1)
2017-07-23,31,POINT(-107.4 47.2)
2016-02-17,5,POINT(-96.3 48.0)
2016-12-20,14,POINT(-73.3 48.1)
2016-08-21,11,POINT(-76.4 40.1)
2017-03-12,30,POINT(-81.1 47.8)
2017-11-30,46,POINT(-80.5 24.0)
2017-09-17,7,POINT(-78.8 38.0)
2016-03-30,14,POINT(-82.9 42.8)
2017-01-03,27,POINT(-75.2 48.3)
2016-06-17,2,POINT(-102.5 29.9)
2016-12-28,66,POINT(-93.7 37.5)
2016-06-25,33,POINT(-87.7 32.1)
2017-05-14,16,POINT(-110.1 36.1)
2017-12-04,31,POINT(-94.8 35.1)
2016-05-12,37,POINT(-113.8 45.5)
2016-06-20,14,POINT(-89.4 44.7)
2017-06-13,12,POINT(-115.1 31.8)
2017-03-16,37,POINT(-94.8 28.4)
2016-04-21,40,POINT(-96.9 45.5)
2016-02-09,3,POINT(-114.4 48.6)
2016-04-11,48,POINT(-98.0 20.6)
2017-01-03,7,POINT(-86.1 35.0)
2016-06-22,23,POINT(-90.3 43.1)
2016-12-06,25,POINT(-97.1 49.6)
2016-07-14,7,POINT(-101.8 35.9)
2017-08-06,8,POINT(-117.1 41.6)
2016-06-30,25,POINT(-72.2 48.0)
2016-11-18,4,POINT(-99.9 31.3)
2016-04-22,40,POINT(-99.2 46.5)
2017-11-05,6,POINT(-113.6 28.0)
2017-07-04,9,POINT(-93.4 41.8)
2016-08-22,7,POINT(-71.0 48.7)
2017-05-19,6,POINT(-107.3 39.4)
2016-03-11,78,POINT(-104.3 31.3)
2016-08-06,6,POINT(-108.2 22.3)
2017-05-31,18,POINT(-76.7 26.0)
2016-06-13,28,POINT(-96.2 41.9)
2017-05-27,1,POINT(-78.8 49.7)
2017-01-15,43,POINT(-77.5 45.5)
2016-07-02,4,POINT(-82.5 43.7)
2017-01-03,18,POINT(-106.9 20.6)
2017-03-23,21,POINT(-118.2 42.0)
2016-01-08,20,POINT(-112.8 44.8)
2017-09-11,27,POINT(-85.2 29.7)
2017-01-16,54,POINT(-83.0 50.0)
2017-01-16,53,POINT(-81.7 21.1)
2017-03-23,18,POINT(-107.8 31.7)
2017-11-27,10,POINT(-112.3 26.4)
2016-06-02,8,POINT(-73.8 49.2)
2016-02-03,44,POINT(-86.8 40.2)
2017-05-11,39,POINT(-82.9 32.5)
2016-01-22,8,POINT(-115.3 49.2)
2017-01-14,4,POINT(-99.4 21.8)
2016-05-27,40,POINT(-116.8 26.6)
2017-10-24,19,POINT(-87.1 32.7)
2017-08-01,8,POINT(-95.5 23.7)
2017-08-12,19,POINT(-97.4 49.9)
2017-07-04,2,POINT(-74.9 37.2)
2017-11-07,5,POINT(-83.0 24.9)
2016-04-08,16,POINT(-71.8 27.5)
2017-10-02,16,POINT(-117.7 31.9)
2017-06-14,6,POINT(-89.2 41.8)
2016-09-27,81,POINT(-88.5 29.1)
2016-01-01,11,POINT(-118.7 28.9)
2016-10-13,25,POINT(-80.6 38.8)
2016-06-28,6,POINT(-112.3 21.4)
2016-09-12,12,POINT(-84.9 41.4)
2016-06-22,36,POINT(-118.1 36.4)
2016-02-19,38,POINT(-89.3 33.0)
2017-06-15,3,POINT(-94.0 31.8)
2017-09-08,9,POINT(-95.8 26.6)
2016-07-08,5,POINT(-101.7 27.2)
2016-02-12,45,POINT(-99.0 35.0)
2017-05-31,29,POINT(-96.2 25.9)
2016-03-06,17,POINT(-105.1 37.0)
2017-01-30,22,POINT(-73.2 39.5)
2016-09-07,50,POINT(-71.7 33.7)
2016-05-07,8,POINT(-105.0 23.2)
2017-11-27,1,POINT(-81.1 48.1)
2016-07-06,1,POINT(-82.4 45.0)
2016-07-01,1,POINT(-76.2 48.6)
2017-08-05,3,POINT(-119.8 31.0)
2017-07-31,17,POINT(-103.1 21.0)
2017-10-28,80,POINT(-112.8 33.1)
2017-02-15,11,POINT(-100.5 34.0)
2016-03-19,25,POINT(-91.2 41.2)
2016-01-19,32,POINT(-74.6 42.0)
2017-04-22,33,POINT(-78.0 32.7)
2016-02-14,12,POINT(-95.0 49.3)
2016-08-09,16,POINT(-118.8 23.4)
2016-05-08,8,POINT(-105.0 47.1)
2017-09-09,24,POINT(-114.7 43.1)
2017-09-24,10,POINT(-87.5 36.0)
2016-08-17,8,POINT(-85.2 42.9)
2016-08-14,20,POINT(-87.6 42.6)
2017-01-31,9,POINT(-106.3 25.0)
2016-10-01,11,POINT(-74.0 36.0)
2016-05-17,25,POINT(-90.6 34.1)
2016-06-21,39,POINT(-90.1 34.8)
2016-11-22,12,POINT(-79.2 25.0)
2016-08-02,15,POINT(-116.5 31.5)
2016-08-15,28,POINT(-109.5 35.6)
2016-04-16,6,POINT(-90.5 40.5)
2016-06-07,11,POINT(-89.5 32.7)
2016-05-15,34,POINT(-96.7 39.4)
2016-01-30,45,POINT(-81.0 38.5)
2016-04-07,21,POINT(-102.7 44.4)
2017-08-31,10,POINT(-119.4 32.4)
2017-06-06,19,POINT(-103.0 46.2)
2016-12-07,4,POINT(-71.7 20.8)
2016-06-16,1,POINT(-81.0 47.0)
2016-07-29,2,POINT(-104.1 48.5)
2017-11-14,3,POINT(-108.9 32.4)
2017-09-23,6,POINT(-79.5 48.5)
2016-07-03,13,POINT(-110.0 45.9)
2017-03-07,6,POINT(-91.0 21.7)
2017-02-27,18,POINT(-94.6 39.5)
2016-02-08,128,POINT(-98.9 47.5)
2017-01-21,14,POINT(-98.7 26.2)
2017-03-26,29,POINT(-84.9 47.6)
2016-04-24,7,POINT(-114.9 26.2)
2017-02-04,66,POINT(-100.2 38.9)
2016-10-30,6,POINT(-71.6 31.4)
2017-08-25,19,POINT(-81.1 36.4)
2016-11-04,82,POINT(-118.9 28.4)
2017-07-26,34,POINT(-97.6 32.2)
2016-04-12,97,POINT(-114.1 35.1)
2017-12-27,10,POINT(-95.8 35.1)
2016-04-11,2,POINT(-114.8 49.8)
2017-10-16,6,POINT(-100.5 45.6)
2016-03-30,64,POINT(-92.8 24.4)
2016-04-27,10,POINT(-101.6 48.8)
2016-05-18,3,POINT(-91.1 37.0)
2016-10-29,18,POINT(-70.7 38.3)
2017-10-09,14,POINT(-107.7 28.3)
2017-05-31,2,POINT(-91.8 29.1)
2016-07-27,13,POINT(-96.4 24.1)
2016-03-27,21,POINT(-79.5 44.9)
2016-11-14,6,POINT(-104.3 34.5)
2017-09-24,3,POINT(-88.1 22.9)
2016-09-01,41,POINT(-85.4 33.3)
2016-03-30,20,POINT(-71.2 30.2)
2017-04-22,4,POINT(-112.4 40.7)
2017-10-13,20,POINT(-70.1 25.6)
2016-04-21,27,POINT(-83.9 48.1)
2017-01-28,19,POINT(-97.2 43.4)
2016-08-27,3,POINT(-106.8 31.7)
2016-09-28,3,POINT(-88.6 25.6)
2016-05-22,1,POINT(-112.9 43.0)
2017-12-19,6,POINT(-72.7 23.6)
2016-04-28,2,POINT(-110.8 22.6)
2017-08-18,33,POINT(-81.3 40.4)
2016-09-07,1,POINT(-102.7 26.0)
2016-10-04,18,POINT(-109.2 39.3)
2016-06-11,34,POINT(-79.6 30.7)
2017-10-15,46,POINT(-75.6 22.9)
2016-12-15,11,POINT(-119.7 38.7)
2016-01-31,20,POINT(-71.3 39.4)
2017-04-02,61,POINT(-98.9 36.2)
2016-03-31,23,POINT(-115.2 30.5)
2016-05-07,47,POINT(-97.3 47.4)
2017-07-01,24,POINT(-114.1 40.4)
2017-12-25,2,POINT(-107.1 36.6)
2017-05-23,5,POINT(-92.1 34.4)
2016-08-24,57,POINT(-102.0 45.3)
2017-06-16,38,POINT(-108.6 48.8)
2017-08-30,11,POINT(-110.2 36.7)
2016-02-20,4,POINT(-88.2 21.5)
2017-04-13,4,POINT(-74.5 34.7)
2017-01-22,48,POINT(-117.2 39.4)
2016-03-02,4,POINT(-107.8 44.5)
2016-12-08,10,POINT(-86.7 29.3)
2016-06-01,47,POINT(-70.6 40.3)
2017-10-15,1,POINT(-85.9 21.4)
2016-02-10,20,POINT(-117.4 30.5)
2017-04-30,9,POINT(-111.1 29.0)
2017-11-08,3,POINT(-102.6 22.6)
2017-12-02,17,POINT(-112.1 41.1)
2017-07-10,14,POINT(-110.9 31.1)
2017-12-20,3,POINT(-106.3 26.5)
2017-01-16,7,POINT(-101.4 24.4)
2016-04-05,27,POINT(-100.4 47.1)
2016-10-19,29,POINT(-95.0 24.2)
2016-08-22,19,POINT(-73.6 46.0)
2016-12-06,3,POINT(-70.3 35.6)
2017-12-19,39,POINT(-119.0 20.9)
2017-06-21,4,POINT(-95.3 48.7)
2016-12-15,26,POINT(-82.4 36.6)
2016-07-25,1,POINT(-116.3 29.5)
2017-05-05,9,POINT(-72.9 28.0)
2017-01-15,14,POINT(-73.1 29.5)
2016-05-20,1,POINT(-109.6 26.4)
2017-08-21,4,POINT(-80.7 27.4)
2017-09-01,8,POINT(-90.9 31.4)
2016-01-23,81,POINT(-118.3 35.6)
2016-12-29,31,POINT(-105.1 41.8)
2016-05-27,37,POINT(-106.8 29.1)
2017-07-19,23,POINT(-76.0 24.1)
2017-07-04,7,POINT(-75.1 20.6)
2017-05-19,25,POINT(-118.3 31.2)
2016-08-05,23,POINT(-82.9 43.7)
2017-04-26,19,POINT(-114.0 29.9)
2017-02-19,8,POINT(-80.5 26.5)
2016-11-20,7,POINT(-77.7 47.3)
2017-05-03,9,POINT(-117.0 39.9)
2017-02-11,8,POINT(-103.7 49.3)
2016-05-23,2,POINT(-101.0 36.8)
2016-07-29,33,POINT(-72.2 36.2)
2017-10-27,10,POINT(-101.5 49.2)
2016-09-15,25,POINT(-107.2 38.3)
2016-08-14,7,POINT(-89.0 35.4)
2017-08-16,19,POINT(-112.1 27.2)
2017-01-06,1,POINT(-88.7 31.5)
2017-01-25,3,POINT(-97.1 36.9)
2016-03-28,10,POINT(-83.4 36.9)
2017-02-03,7,POINT(-91.1 33.7)
2016-11-04,9,POINT(-111.2 40.7)
2016-01-04,54,POINT(-73.1 24.7)
2016-06-21,2,POINT(-97.6 46.0)
2017-06-27,13,POINT(-82.8 42.1)
2016-08-13,5,POINT(-93.4 44.7)
2016-12-04,9,POINT(-76.7 21.1)
2016-07-24,23,POINT(-103.1 43.5)
2016-04-11,73,POINT(-88.1 42.2)
2016-02-27,24,POINT(-116.0 20.6)
2016-05-29,44,POINT(-116.1 33.5)
2016-09-08,4,POINT(-77.8 29.1)
2017-04-23,5,POINT(-79.1 27.7)
2017-07-09,42,POINT(-102.0 24.7)
2017-03-03,19,POINT(-86.2 27.6)
2017-06-25,32,POINT(-78.6 42.9)
2017-06-07,6,POINT(-112.8 47.2)
2017-05-05,9,POINT(-70.8 30.5)
2017-06-09,2,POINT(-75.7 28.6)
2016-10-18,46,POINT(-85.5 28.8)
2016-02-14,63,POINT(-92.8 36.0)
2016-07-18,39,POINT(-75.3 21.4)
2016-01-24,12,POINT(-83.0 37.2)
2017-09-22,9,POINT(-90.8 47.6)
2017-01-21,13,POINT(-75.4 34.8)
2017-08-12,21,POINT(-109.5 32.0)
2017-03-10,12,POINT(-107.8 21.2)
2016-08-29,11,POINT(-73.5 36.4)
2016-07-21,12,POINT(-116.6 24.1)
2016-08-24,28,POINT(-117.7 33.8)
2016-10-20,31,POINT(-80.4 29.3)
2016-12-13,41,POINT(-99.3 27.8)
2016-03-27,6,POINT(-74.2 48.7)
2016-07-28,4,POINT(-105.0 43.6)
2017-08-31,9,POINT(-105.6 23.6)
2016-01-02,11,POINT(-72.1 29.5)
2016-08-16,25,POINT(-92.3 41.1)
2017-02-13,29,POINT(-89.3 44.7)
2016-08-30,83,POINT(-75.1 35.8)
2017-04-12,10,POINT(-101.0 47.0)
2017-04-02,11,POINT(-107.6 30.8)
2017-07-07,16,POINT(-91.4 22.3)
2016-07-31,35,POINT(-99.5 48.2)
2017-01-20,22,POINT(-111.8 32.4)
2017-02-15,18,POINT(-114.1 20.7)
2017-05-29,21,POINT(-83.7 41.6)
2017-06-11,13,POINT(-118.3 27.6)
2017-01-22,29,POINT(-93.6 22.7)
2016-10-05,2,POINT(-103.5 45.3)
2016-04-11,15,POINT(-112.5 27.3)
2017-08-11,33,POINT(-75.5 36.3)
2017-01-24,8,POINT(-83.0 38.4)
2016-07-20,38,POINT(-81.3 48.4)
2017-07-20,31,POINT(-98.2 31.9)
2017-12-21,18,POINT(-87.6 35.0)
2017-01-26,6,POINT(-115.5 29.1)
2016-12-19,40,POINT(-113.0 34.0)
2017-08-15,1,POINT(-103.9 20.2)
2016-08-22,18,POINT(-97.1 45.8)
2016-04-23,31,POINT(-115.3 22.0)
2016-03-07,14,POINT(-91.8 27.4)
2016-02-09,3,POINT(-108.0 41.6)
2016-04-12,36,POINT(-81.3 39.2)
2017-02-14,48,POINT(-120.0 42.6)
2016-10-21,17,POINT(-76.7 35.2)
2017-07-18,31,POINT(-83.4 47.9)
2017-07-17,19,POINT(-92.7 48.3)
2016-02-06,18,POINT(-83.1 42.7)
2016-03-07,3,POINT(-101.8 29.7)
2017-02-06,12,POINT(-111.9 21.2)
2017-11-04,23,POINT(-119.5 36.5)
2016-07-24,13,POINT(-92.6 20.3)
2016-12-06,20,POINT(-105.4 44.3)
2016-02-21,46,POINT(-109.4 37.6)
2017-03-01,10,POINT(-76.6 38.6)
2016-07-27,36,POINT(-83.7 21.8)
2017-05-28,1,POINT(-70.5 37.6)
2017-10-02,39,POINT(-86.9 25.4)
2016-06-26,3,POINT(-75.2 32.1)
2017-11-06,8,POINT(-114.1 29.6)
2016-01-22,15,POINT(-83.9 27.4)
2017-01-03,21,POINT(-115.7 33.4)
2016-03-22,62,POINT(-115.3 42.9)
2016-06-12,8,POINT(-77.1 27.0)
2017-01-11,2,POINT(-102.0 35.3)
2016-01-03,13,POINT(-104.2 30.7)
2017-11-14,9,POINT(-110.8 39.6)
2016-04-27,19,POINT(-95.8 37.0)
2017-10-17,52,POINT(-109.8 39.5)
2017-01-29,21,POINT(-93.1 49.5)
2016-09-22,18,POINT(-87.0 35.2)
2017-03-10,6,POINT(-87.3 23.1)
2017-11-12,7,POINT(-101.8 21.3)
2017-12-25,12,POINT(-84.8 21.5)
2016-08-14,45,POINT(-106.7 30.6)
2017-01-10,18,POINT(-79.6 41.7)
2016-09-18,14,POINT(-120.0 45.2)
2016-12-31,16,POINT(-71.7 37.8)
2017-03-03,36,POINT(-98.3 34.4)
2016-01-08,23,POINT(-103.3 45.4)
2016-02-10,53,POINT(-88.8 21.7)
2016-09-13,18,POINT(-76.0 29.7)
2017-10-04,5,POINT(-102.4 21.7)
2017-07-17,1,POINT(-116.5 47.9)
2016-04-11,8,POINT(-102.3 22.7)
2016-08-06,2,POINT(-119.7 48.8)
2016-08-31,11,POINT(-110.7 41.9)
2016-10-29,5,POINT(-117.4 34.8)
2017-01-04,11,POINT(-100.6 29.4)
2016-10-01,11,POINT(-117.0 36.1)
2016-03-10,7,POINT(-70.8 39.3)
2016-02-16,22,POINT(-80.9 34.4)
2016-04-26,12,POINT(-99.0 47.5)
2017-08-12,45,POINT(-80.5 24.2)
2017-05-31,2,POINT(-99.1 23.9)
2016-09-10,11,POINT(-87.6 43.4)
2017-09-10,30,POINT(-78.9 36.8)
2016-06-21,14,POINT(-85.8 32.2)
2017-03-04,68,POINT(-115.8 44.6)
2016-02-05,4,POINT(-117.8 48.2)
2017-02-10,8,POINT(-91.5 35.7)
2017-02-19,3,POINT(-110.2 37.1)
2017-11-15,6,POINT(-70.8 21.6)
2017-02-15,23,POINT(-119.2 35.0)
2017-05-02,14,POINT(-82.6 20.6)
2017-11-22,4,POINT(-117.9 32.2)
2016-11-16,13,POINT(-89.5 49.0)
2016-03-13,38,POINT(-99.0 42.9)
2017-07-22,12,POINT(-88.4 42.0)
2017-07-31,1,POINT(-81.9 43.5)
2017-10-05,2,POINT(-118.3 45.5)
2017-02-16,12,POINT(-93.9 21.3)
2016-05-03,18,POINT(-72.9 46.4)
2017-01-19,44,POINT(-109.1 43.2)
2017-08-26,81,POINT(-116.1 40.5)
2017-10-14,79,POINT(-81.5 32.2)
2016-08-19,17,POINT(-82.9 29.0)
2017-08-04,1,POINT(-100.5 25.8)
2017-03-08,5,POINT(-78.5 30.2)
2017-05-05,12,POINT(-92.8 46.3)
2017-11-17,43,POINT(-96.2 21.7)
2016-03-26,1,POINT(-78.9 41.8)
2016-01-30,15,POINT(-115.1 22.6)
2017-10-28,22,POINT(-108.8 23.5)
2016-07-18,7,POINT(-97.8 26.0)
2016-06-04,8,POINT(-115.7 40.2)
2017-06-15,10,POINT(-70.2 45.5)
2017-12-15,7,POINT(-104.3 24.3)
2016-05-31,12,POINT(-72.6 27.0)
2016-03-17,4,POINT(-96.3 39.0)
2016-11-23,5,POINT(-73.8 33.7)
2016-06-20,1,POINT(-98.0 39.0)
2017-02-08,11,POINT(-79.3 24.7)
2017-02-09,25,POINT(-82.4 33.8)
2017-11-28,15,POINT(-72.7 30.2)
2016-12-27,16,POINT(-88.1 33.1)
2016-05-07,12,POINT(-108.6 28.9)
2017-06-06,18,POINT(-92.9 24.3)
2016-12-01,6,POINT(-112.7 40.0)
2017-11-23,5,POINT(-103.3 40.1)
2016-09-21,57,POINT(-80.5 27.9)
2016-07-13,12,POINT(-119.3 37.3)
2016-04-09,36,POINT(-89.0 48.9)
2017-07-17,50,POINT(-85.4 36.1)
2017-01-05,20,POINT(-75.0 29.4)
2017-03-03,8,POINT(-82.2 29.3)
2017-08-09,23,POINT(-99.9 44.9)
2016-05-12,12,POINT(-81.7 34.7)
2016-09-12,73,POINT(-88.7 27.9)
2017-03-25,34,POINT(-90.7 38.9)
2017-12-21,34,POINT(-116.3 45.9)
2017-02-07,18,POINT(-93.0 41.8)
2017-10-16,1,POINT(-76.6 22.6)
2017-08-02,36,POINT(-98.2 30.2)
2016-02-23,1,POINT(-84.8 44.4)
2017-02-10,3,POINT(-74.8 32.5)
2017-01-19,37,POINT(-93.3 50.0)
2016-08-29,5,POINT(-115.6 30.3)
2016-02-16,37,POINT(-117.3 47.2)
2016-04-24,6,POINT(-80.1 33.8)
2017-12-08,30,POINT(-118.4 48.1)
2016-05-09,16,POINT(-70.1 32.6)
2017-07-10,23,POINT(-113.6 34.1)
2016-06-03,37,POINT(-81.2 36.2)
2017-05-09,83,POINT(-76.6 21.2)
2016-03-22,2,POINT(-104.7 22.5)
2017-10-30,24,POINT(-92.9 45.6)
2016-01-25,64,POINT(-72.4 28.0)
2016-11-29,10,POINT(-72.2 38.8)
2016-06-30,9,POINT(-73.5 27.8)
2017-03-07,23,POINT(-106.3 30.6)
2016-06-22,11,POINT(-117.0 38.1)
2016-02-10,5,POINT(-114.9 30.2)
2017-03-20,4,POINT(-112.9 41.8)
2017-01-29,5,POINT(-86.4 35.5)
2016-10-14,25,POINT(-79.9 42.7)
2017-07-14,51,POINT(-117.5 26.4)
2016-09-18,33,POINT(-75.5 39.3)
2016-02-26,12,POINT(-82.6 29.4)
2016-01-06,16,POINT(-93.5 30.6)
2017-07-12,20,POINT(-70.5 25.6)
2017-07-28,18,POINT(-106.7 23.9)
2017-08-01,70,POINT(-109.1 46.4)
2017-11-25,44,POINT(-103.3 48.4)
2016-06-10,1,POINT(-93.7 31.8)
2016-10-23,37,POINT(-100.7 42.9)
2017-09-08,3,POINT(-78.5 44.1)
2016-02-26,24,POINT(-75.3 24.3)
2017-06-11,7,POINT(-71.7 48.2)
2016-02-28,30,POINT(-79.1 44.2)
2016-06-14,1,POINT(-89.6 43.7)
2017-06-29,10,POINT(-89.3 47.7)
2016-02-15,1,POINT(-110.7 30.6)
2016-02-16,62,POINT(-106.8 46.6)
2017-01-24,1,POINT(-70.1 49.9)
2016-09-08,4,POINT(-106.9 26.9)
2016-06-14,16,POINT(-96.7 23.6)
2017-01-02,21,POINT(-100.7 23.3)
2017-01-13,27,POINT(-85.6 31.3)
2016-11-12,6,POINT(-103.2 44.3)
2016-05-11,8,POINT(-85.9 42.5)
2017-01-23,6,POINT(-72.0 25.9)
2017-08-04,6,POINT(-107.4 36.0)
2017-07-25,31,POINT(-101.5 30.8)
2017-12-17,60,POINT(-102.9 45.0)
2016-12-13,19,POINT(-105.0 44.1)
2017-09-09,4,POINT(-106.5 44.3)
2017-05-11,2,POINT(-88.5 35.8)
2017-11-26,6,POINT(-92.6 44.2)
2017-05-25,4,POINT(-94.6 42.0)
2017-06-02,18,POINT(-80.0 35.7)
2017-03-27,24,POINT(-112.7 43.2)
2017-06-26,1,POINT(-111.5 31.3)
2016-08-03,12,POINT(-94.3 43.4)
2017-04-14,20,POINT(-102.3 38.7)
2016-10-30,5,POINT(-111.3 45.9)
2016-10-24,47,POINT(-85.5 46.8)
2016-12-11,16,POINT(-95.2 31.7)
2016-10-12,9,POINT(-109.9 28.6)
2016-05-05,1,POINT(-106.8 28.4)
2016-02-20,14,POINT(-83.8 29.8)
2017-02-22,9,POINT(-103.6 21.5)
2017-12-02,70,POINT(-109.8 47.9)
2016-02-20,10,POINT(-71.7 23.7)
2017-04-15,51,POINT(-115.6 46.3)
2017-01-10,24,POINT(-112.7 34.6)
2016-12-30,2,POINT(-84.1 47.0)
2016-08-19,54,POINT(-98.7 48.0)
2017-11-20,4,POINT(-82.4 44.6)
2017-10-31,12,POINT(-92.4 32.2)
2017-10-20,52,POINT(-118.0 32.4)
2017-04-24,36,POINT(-85.8 49.0)
2016-11-01,14,POINT(-79.7 30.1)
2017-03-13,5,POINT(-92.4 32.3)
2016-09-07,15,POINT(-104.6 28.7)
2016-12-07,16,POINT(-119.2 35.4)
2016-05-11,116,POINT(-74.7 38.3)
2017-06-07,35,POINT(-84.7 39.9)
2017-10-16,40,POINT(-117.8 24.8)
2017-05-20,86,POINT(-78.0 30.4)
2017-02-02,15,POINT(-117.3 49.9)
2016-04-27,18,POINT(-84.4 22.1)
2016-03-01,13,POINT(-85.3 31.2)
2016-06-29,3,POINT(-74.2 26.4)
2016-11-08,15,POINT(-111.7 28.5)
2016-09-21,18,POINT(-91.6 34.0)
2016-01-29,6,POINT(-92.8 49.6)
2016-09-19,31,POINT(-118.3 44.4)
2017-12-12,3,POINT(-88.1 27.2)
2017-09-08,14,POINT(-107.3 24.1)
2017-08-13,22,POINT(-103.4 38.2)
2017-10-17,2,POINT(-107.9 46.3)
2017-12-11,33,POINT(-117.2 26.0)
2017-09-09,8,POINT(-111.7 25.9)
2016-12-04,26,POINT(-109.6 40.5)
2017-02-25,3,POINT(-91.1 28.9)
2016-03-29,20,POINT(-113.3 21.2)
2016-11-27,17,POINT(-74.0 29.1)
2017-03-06,4,POINT(-108.4 26.3)
2016-05-31,20,POINT(-87.4 29.8)
2017-12-08,24,POINT(-112.1 44.4)
2016-05-05,14,POINT(-80.2 40.2)
2016-02-12,18,POINT(-116.4 28.4)
2017-02-24,44,POINT(-83.1 32.3)
2017-11-15,24,POINT(-100.3 26.4)
2017-05-04,48,POINT(-96.7 36.6)
2017-07-19,17,POINT(-101.7 26.8)
2016-09-09,4,POINT(-99.9 47.8)
2017-12-08,6,POINT(-119.7 28.1)
2017-04-28,4,POINT(-118.7 41.4)
2016-10-19,9,POINT(-80.3 31.8)
2016-08-04,13,POINT(-109.3 46.8)
2016-06-17,6,POINT(-89.6 29.5)
2017-10-01,13,POINT(-87.3 20.5)
2017-01-19,10,POINT(-85.1 23.2)
2016-01-16,17,POINT(-90.1 22.0)
2016-02-06,12,POINT(-88.6 29.3)
2017-02-24,12,POINT(-90.9 40.2)
2016-10-22,14,POINT(-73.6 35.5)
2017-03-10,89,POINT(-86.8 27.5)
2016-11-15,17,POINT(-102.4 50.0)
2017-09-17,26,POINT(-102.2 22.0)
2017-06-17,11,POINT(-116.0 38.7)
2016-10-25,8,POINT(-70.4 44.0)
2017-07-27,50,POINT(-75.5 48.7)
2017-11-24,28,POINT(-117.8 30.6)
2016-01-16,18,POINT(-76.9 37.1)
2017-01-29,9,POINT(-113.1 27.6)
2016-10-03,6,POINT(-108.0 21.0)
2017-10-10,6,POINT(-86.0 35.5)
2016-10-09,15,POINT(-83.5 37.7)
2017-09-30,42,POINT(-94.7 28.3)
2016-03-26,43,POINT(-71.6 27.0)
2016-07-25,28,POINT(-95.5 28.4)
2017-10-24,16,POINT(-107.1 35.7)
2017-07-16,6,POINT(-119.5 40.4)
2017-04-21,14,POINT(-76.6 41.6)
2017-08-14,24,POINT(-100.2 28.3)
2016-05-10,19,POINT(-80.9 45.7)
2017-02-03,15,POINT(-81.3 34.6)
2016-05-15,12,POINT(-117.8 36.4)
2016-12-11,28,POINT(-78.9 26.8)
2016-06-18,37,POINT(-105.5 31.5)
2016-06-11,26,POINT(-77.9 21.5)
2016-07-17,56,POINT(-95.4 37.3)
2016-02-17,31,POINT(-90.4 42.5)
2017-05-08,12,POINT(-114.9 36.3)
2016-04-12,20,POINT(-101.0 29.8)
2017-07-01,15,POINT(-71.5 45.0)
2016-01-06,16,POINT(-73.7 21.7)
2017-12-11,46,POINT(-70.3 27.5)
2016-01-12,8,POINT(-94.5 21.5)
2016-04-12,1,POINT(-79.1 31.8)
2017-11-29,24,POINT(-97.2 27.5)
2017-11-20,4,POINT(-72.9 40.5)
2017-03-02,4,POINT(-70.7 22.4)
2016-06-19,98,POINT(-76.1 21.0)
2017-11-19,7,POINT(-88.9 36.6)
2016-03-29,5,POINT(-70.6 42.4)
2017-12-16,5,POINT(-70.8 34.1)
2017-03-14,11,POINT(-96.2 28.4)
2016-12-12,11,POINT(-104.8 35.0)
2016-07-29,21,POINT(-110.6 30.1)
2017-12-25,3,POINT(-86.1 28.9)
2017-03-09,21,POINT(-118.3 33.4)
2017-06-16,13,POINT(-81.8 38.4)
2017-08-22,5,POINT(-117.4 37.4)
2017-06-08,31,POINT(-106.7 23.2)
2017-03-01,13,POINT(-95.1 26.5)
2016-04-29,26,POINT(-115.1 20.2)
2016-06-26,51,POINT(-118.2 33.1)
2016-05-08,9,POINT(-96.0 43.1)
2017-07-16,46,POINT(-75.7 32.4)
2017-02-21,5,POINT(-99.6 50.0)
2017-07-07,6,POINT(-110.0 42.5)
2016-11-13,22,POINT(-99.6 31.2)
2017-08-29,3,POINT(-83.9 49.2)
2016-08-29,13,POINT(-117.9 39.2)
2016-12-21,5,POINT(-118.5 47.6)
2017-07-26,17,POINT(-96.9 22.6)
2017-03-13,33,POINT(-86.2 36.7)
2017-04-02,1,POINT(-89.3 47.3)
2017-03-17,11,POINT(-88.1 39.5)
2016-08-15,27,POINT(-111.7 49.6)
2017-02-11,9,POINT(-93.1 49.9)
2016-10-03,1,POINT(-101.1 43.8)
2016-01-18,18,POINT(-114.5 28.4)
2016-11-06,3,POINT(-113.6 45.6)
2016-11-19,10,POINT(-87.7 41.1)
2016-02-16,94,POINT(-72.1 23.2)
2017-06-13,11,POINT(-114.7 31.6)
2017-12-13,38,POINT(-95.3 46.2)
2017-05-14,40,POINT(-107.6 41.2)
2016-07-10,7,POINT(-105.9 32.8)
2016-02-18,19,POINT(-108.8 38.4)
2016-04-03,59,POINT(-92.7 48.1)
2016-06-15,19,POINT(-117.2 37.9)
2017-05-08,34,POINT(-82.9 26.8)
2016-09-10,13,POINT(-89.7 40.1)
2016-02-26,26,POINT(-100.8 28.0)
2016-01-06,1,POINT(-109.1 38.6)
2016-08-25,31,POINT(-93.2 39.3)
2016-08-11,23,POINT(-72.2 30.8)
2017-08-12,9,POINT(-84.6 42.2)
2016-01-20,11,POINT(-106.0 28.8)
2016-07-22,8,POINT(-82.9 20.4)
2016-05-21,15,POINT(-94.8 30.5)
2017-01-10,3,POINT(-117.6 45.9)
2017-02-10,38,POINT(-89.1 37.3)
2016-03-20,14,POINT(-108.3 45.5)
2016-07-28,1,POINT(-99.5 23.9)
2016-11-07,17,POINT(-96.1 25.8)
2017-01-11,54,POINT(-80.0 24.9)
2016-02-09,2,POINT(-91.0 43.6)
2016-12-18,3,POINT(-103.0 38.4)
2017-03-28,10,POINT(-87.1 30.1)
2017-02-26,27,POINT(-110.4 43.4)
2017-12-14,19,POINT(-78.9 33.1)
2016-03-26,13,POINT(-109.9 38.5)
2017-07-08,99,POINT(-92.1 45.6)
2016-08-23,5,POINT(-109.7 32.8)
2017-02-18,35,POINT(-103.7 42.6)
2017-08-04,3,POINT(-98.9 37.0)
2016-12-21,4,POINT(-101.6 47.2)
2017-10-04,8,POINT(-73.3 33.7)
2017-10-05,42,POINT(-108.8 29.0)
2016-09-04,12,POINT(-111.0 28.1)
2017-10-28,11,POINT(-94.1 25.7)
2017-08-23,14,POINT(-72.6 30.7)
2016-08-16,20,POINT(-94.8 33.0)
2017-06-22,12,POINT(-72.0 24.1)
2016-12-26,66,POINT(-110.5 42.1)
2016-06-23,3,POINT(-119.5 48.1)
2017-01-08,13,POINT(-104.9 32.4)
2016-03-01,11,POINT(-88.1 47.8)
2016-06-18,24,POINT(-90.4 32.7)
2017-05-21,66,POINT(-107.9 26.6)
2017-02-17,7,POINT(-86.9 45.8)
2016-04-25,63,POINT(-78.5 47.0)
2016-06-23,36,POINT(-85.6 39.2)
2017-02-27,34,POINT(-83.6 47.7)
2016-05-07,2,POINT(-104.6 30.5)
2017-05-03,57,POINT(-93.5 29.6)
2016-01-05,37,POINT(-117.9 45.6)
2016-11-21,24,POINT(-102.0 28.4)
2017-11-28,3,POINT(-79.2 46.0)
2016-06-20,11,POINT(-80.5 27.2)
2016-07-17,37,POINT(-73.0 40.8)
2016-08-18,12,POINT(-71.6 44.6)
2017-09-18,12,POINT(-71.4 46.0)
2016-11-28,7,POINT(-112.1 49.0)
2017-04-10,2,POINT(-114.0 29.0)
2017-02-27,15,POINT(-76.2 36.3)
2016-11-08,30,POINT(-100.8 48.7)
2017-06-06,4,POINT(-102.1 20.3)
2017-02-27,45,POINT(-93.3 38.5)
2017-09-07,17,POINT(-97.4 24.5)
2016-06-23,34,POINT(-108.8 33.2)
2017-01-08,22,POINT(-77.8 22.5)
2017-09-23,3,POINT(-74.5 30.1)
2016-08-24,48,POINT(-82.6 40.7)
2017-03-18,26,POINT(-117.6 44.3)
2016-02-07,1,POINT(-114.1 36.8)
2017-06-22,18,POINT(-102.7 33.1)
2017-09-26,14,POINT(-92.2 30.3)
2016-06-04,40,POINT(-89.5 47.2)
2017-12-29,3,POINT(-115.0 25.9)
2016-07-12,18,POINT(-72.0 40.5)
2016-06-09,8,POINT(-93.5 24.2)
2017-10-01,6,POINT(-98.4 47.0)
2017-11-20,1,POINT(-110.4 28.6)
2016-05-05,9,POINT(-72.5 31.1)
2017-11-16,11,POINT(-97.6 25.5)
2017-06-30,12,POINT(-114.1 48.0)
2016-08-26,27,POINT(-89.3 46.6)
2016-02-10,11,POINT(-102.5 34.2)
2016-07-04,5,POINT(-79.6 20.9)
2017-04-05,11,POINT(-92.7 47.1)
2017-11-25,2,POINT(-114.7 48.9)
2017-01-23,72,POINT(-82.5 22.1)
2016-09-17,2,POINT(-104.8 38.3)
2017-02-09,5,POINT(-99.6 48.7)
2017-06-29,12,POINT(-81.2 40.9)
2017-03-24,55,POINT(-114.7 35.5)
2017-11-29,4,POINT(-71.1 30.3)
2017-02-04,11,POINT(-84.9 42.2)
2016-11-02,91,POINT(-110.4 49.6)
2016-05-16,19,POINT(-117.1 39.2)
2016-07-20,20,POINT(-92.8 35.1)
2017-10-16,74,POINT(-101.0 25.0)
2017-09-12,15,POINT(-118.5 45.8)
2016-06-05,1,POINT(-89.5 31.5)
2016-09-11,1,POINT(-104.6 43.1)
2016-06-29,23,POINT(-103.9 30.4)
2017-02-12,5,POINT(-111.9 23.6)
2017-12-31,14,POINT(-113.0 40.1)
2016-01-28,17,POINT(-112.8 36.4)
2017-10-24,23,POINT(-75.7 24.5)
2017-09-03,2,POINT(-93.3 44.9)
2017-05-29,29,POINT(-96.5 29.1)
2017-06-28,51,POINT(-84.8 33.3)
2016-07-17,6,POINT(-104.0 34.9)
2016-03-09,10,POINT(-78.9 27.4)
2017-08-24,28,POINT(-110.1 35.1)
2016-01-17,6,POINT(-79.9 22.0)
2017-06-29,16,POINT(-117.2 25.6)
2016-02-29,22,POINT(-112.2 28.3)
2016-07-02,43,POINT(-75.4 30.8)
2016-12-30,9,POINT(-114.5 27.5)
2017-03-09,14,POINT(-107.7 34.1)
2016-07-17,5,POINT(-117.9 39.8)
2016-08-19,8,POINT(-90.1 30.4)
2017-12-23,2,POINT(-103.6 21.1)
2017-01-02,5,POINT(-88.3 39.0)
2017-03-05,9,POINT(-115.7 46.4)
2017-07-17,12,POINT(-100.2 23.7)
2016-04-28,25,POINT(-101.4 25.6)
2016-11-25,13,POINT(-93.2 20.9)
2016-08-02,2,POINT(-105.2 26.6)
2016-11-17,29,POINT(-70.8 28.9)
2016-05-28,16,POINT(-104.2 33.7)
2017-02-11,57,POINT(-85.2 41.0)
2017-11-18,21,POINT(-101.7 33.0)
2017-01-11,16,POINT(-93.3 30.9)
2016-11-15,7,POINT(-108.7 40.5)
2016-01-05,6,POINT(-111.4 39.3)
2017-02-05,6,POINT(-71.4 32.7)
2017-09-19,11,POINT(-93.0 30.2)
2016-07-21,4,POINT(-97.0 31.4)
2016-02-06,38,POINT(-87.9 32.1)
2016-02-23,33,POINT(-108.8 22.7)
2016-10-14,27,POINT(-78.9 25.5)
2016-10-10,1,POINT(-107.6 39.7)
2017-08-20,2,POINT(-92.9 47.9)
2016-02-14,21,POINT(-113.6 22.5)
2016-10-10,28,POINT(-91.3 23.6)
2017-08-04,1,POINT(-95.9 23.0)
2016-02-11,7,POINT(-106.0 27.7)
2017-02-20,3,POINT(-104.6 43.8)
2016-09-28,6,POINT(-119.5 45.1)
2016-05-20,15,POINT(-118.6 46.8)
2017-07-24,3,POINT(-90.0 43.5)
2016-02-16,6,POINT(-84.1 33.8)
2016-06-15,17,POINT(-92.7 37.1)
2017-09-13,15,POINT(-115.9 40.5)
2016-05-05,39,POINT(-73.0 27.4)
2017-04-16,4,POINT(-84.3 36.4)
2017-09-12,10,POINT(-108.1 35.4)
2017-11-07,52,POINT(-86.4 43.0)
2017-01-04,32,POINT(-114.4 27.0)
2017-08-10,19,POINT(-81.0 47.6)
2016-01-07,30,POINT(-96.0 31.6)
2017-11-28,12,POINT(-99.5 34.8)
2016-10-02,49,POINT(-119.5 30.1)
2017-08-13,19,POINT(-87.4 23.5)
2016-03-05,24,POINT(-78.5 25.3)
2017-09-18,22,POINT(-105.6 49.7)
2016-07-20,23,POINT(-119.4 30.5)
2016-05-21,21,POINT(-81.2 23.5)
2016-04-07,2,POINT(-88.2 33.4)
2016-08-04,19,POINT(-81.2 24.1)
2017-08-08,31,POINT(-93.1 38.4)
2016-10-19,1,POINT(-97.0 20.7)
2017-05-22,45,POINT(-109.0 36.8)
2016-05-13,61,POINT(-116.1 40.6)
2016-09-18,3,POINT(-96.4 22.4)
2016-10-10,16,POINT(-76.6 24.4)
2016-04-11,3,POINT(-117.0 43.2)
2017-01-11,7,POINT(-70.5 32.6)
2016-07-24,20,POINT(-72.7 22.8)
2017-10-14,8,POINT(-88.0 45.9)
2016-01-13,10,POINT(-74.3 42.1)
2016-05-02,28,POINT(-92.3 25.6)
2016-01-10,18,POINT(-99.8 30.4)
2017-08-14,15,POINT(-91.4 37.0)
2016-06-15,8,POINT(-76.2 20.6)
2017-09-02,25,POINT(-72.1 34.7)
2017-12-19,12,POINT(-78.1 30.2)
2016-05-30,46,POINT(-111.0 47.8)
2016-02-06,19,POINT(-90.4 26.8)
2017-04-18,16,POINT(-97.8 32.0)
2017-03-19,33,POINT(-95.9 24.9)
2016-12-07,14,POINT(-98.6 23.9)
2016-01-05,7,POINT(-116.6 28.4)
2016-08-13,4,POINT(-77.7 44.5)
2017-06-22,17,POINT(-71.1 31.3)
2016-05-03,12,POINT(-109.5 25.6)
2017-02-06,11,POINT(-88.9 20.5)
2016-02-04,9,POINT(-93.2 36.4)
2016-08-24,23,POINT(-75.2 34.9)
2017-04-12,15,POINT(-84.8 26.3)
2017-05-13,16,POINT(-82.5 30.9)
2017-05-26,8,POINT(-72.4 28.7)
2016-11-12,20,POINT(-86.8 41.4)
2016-10-29,11,POINT(-97.3 31.0)
2016-04-11,30,POINT(-117.4 34.1)
2017-08-11,16,POINT(-74.7 49.7)
2016-11-07,7,POINT(-90.5 46.9)
2016-03-22,4,POINT(-85.9 39.7)
2017-10-19,25,POINT(-94.7 34.5)
2016-07-11,10,POINT(-100.3 30.6)
2016-08-11,2,POINT(-94.8 48.3)
2016-02-22,50,POINT(-117.6 47.4)
2016-12-10,10,POINT(-80.1 25.0)
2016-03-25,28,POINT(-112.1 27.6)
2017-10-02,13,POINT(-103.4 31.7)
2016-07-29,45,POINT(-115.7 33.7)
2016-07-01,1,POINT(-79.0 36.3)
2016-09-28,7,POINT(-111.6 21.2)
2017-05-20,16,POINT(-100.1 22.0)
2016-08-14,8,POINT(-99.2 34.1)
2016-01-12,28,POINT(-104.2 47.5)
2016-04-02,24,POINT(-77.0 42.3)
2016-11-25,1,POINT(-81.4 36.3)
2016-07-08,19,POINT(-82.8 20.9)
2017-08-20,37,POINT(-108.7 22.0)
2016-10-19,8,POINT(-110.5 38.9)
2016-09-17,4,POINT(-107.7 25.8)
2017-12-10,27,POINT(-100.7 37.3)
2016-11-18,47,POINT(-96.1 33.6)
2016-01-10,22,POINT(-107.5 25.5)
2016-03-28,38,POINT(-97.1 34.0)
2016-12-05,133,POINT(-110.8 46.6)
2016-11-13,14,POINT(-106.6 26.7)
2017-07-02,55,POINT(-107.0 48.7)
2016-08-10,9,POINT(-83.6 26.9)
2017-11-17,28,POINT(-97.1 33.7)
2016-07-27,47,POINT(-89.2 41.7)
2016-02-18,15,POINT(-86.5 43.2)
2017-06-19,20,POINT(-116.6 29.3)
2017-09-09,71,POINT(-80.3 20.5)
2016-09-19,6,POINT(-105.8 38.8)
2016-07-24,9,POINT(-94.5 29.7)
2017-11-11,30,POINT(-103.1 35.6)
2017-05-11,9,POINT(-81.3 21.9)
2017-10-31,14,POINT(-108.6 31.7)
2017-04-09,2,POINT(-71.8 38.9)
2017-09-26,17,POINT(-100.0 22.5)
2016-01-20,20,POINT(-84.4 34.2)
2017-07-21,2,POINT(-87.9 33.1)
2016-04-17,6,POINT(-82.9 29.4)
2016-05-19,12,POINT(-92.4 49.6)
2016-03-31,31,POINT(-100.8 49.2)
2016-09-27,1,POINT(-111.0 34.7)
2016-11-24,9,POINT(-94.0 25.7)
2016-07-28,1,POINT(-117.0 34.0)
2017-11-18,15,POINT(-117.1 45.4)
2017-07-26,14,POINT(-89.3 30.3)
2017-03-30,29,POINT(-96.0 30.2)
2016-10-10,1,POINT(-94.7 44.3)
2016-12-31,29,POINT(-104.1 38.8)
2017-04-28,45,POINT(-80.5 32.2)
2016-01-03,8,POINT(-109.9 35.6)
2016-06-12,9,POINT(-90.7 37.8)
2017-01-22,1,POINT(-77.0 24.8)
2016-01-09,12,POINT(-78.3 34.3)
2016-12-31,19,POINT(-118.6 35.7)
2016-01-12,3,POINT(-106.1 49.9)
2016-03-14,22,POINT(-84.3 27.6)
2016-08-25,10,POINT(-83.0 27.4)
2016-04-17,23,POINT(-95.9 42.8)
2017-06-08,6,POINT(-109.9 30.1)
2016-08-21,30,POINT(-106.0 21.7)
2017-03-14,16,POINT(-80.0 48.7)
2017-04-25,16,POINT(-110.4 21.2)
2016-04-01,14,POINT(-72.9 47.6)
2016-07-16,37,POINT(-95.0 44.4)
2016-04-25,17,POINT(-105.8 38.3)
2017-10-04,4,POINT(-100.5 46.4)
2016-12-30,20,POINT(-107.2 25.9)
2016-06-01,15,POINT(-100.8 25.6)
2017-09-24,2,POINT(-113.5 33.3)
2016-04-17,18,POINT(-78.8 49.9)
2017-06-11,2,POINT(-71.8 20.3)
2016-02-25,26,POINT(-87.0 24.3)
2017-03-27,22,POINT(-79.6 41.6)
2017-01-26,14,POINT(-108.6 27.7)
2017-09-06,28,POINT(-116.9 36.6)
2016-07-26,7,POINT(-88.6 41.4)
2017-05-24,12,POINT(-79.1 45.2)
2017-10-24,1,POINT(-78.3 36.7)
2017-07-08,89,POINT(-93.4 23.0)
2016-10-26,2,POINT(-88.9 40.8)
2017-09-21,3,POINT(-101.6 35.0)
2016-10-05,14,POINT(-78.5 40.8)
2016-05-23,10,POINT(-85.1 21.7)
2016-07-22,16,POINT(-110.7 20.1)
2016-08-16,37,POINT(-106.0 47.2)
2016-09-21,4,POINT(-112.4 37.1)
2017-04-10,21,POINT(-94.7 25.4)
2016-05-16,1,POINT(-109.9 41.1)
2016-08-27,32,POINT(-112.1 41.2)
2017-11-28,34,POINT(-112.0 47.4)
2017-03-24,10,POINT(-106.7 43.0)
2016-11-10,4,POINT(-79.5 45.2)
2016-05-30,34,POINT(-73.1 45.1)
2016-11-20,48,POINT(-70.2 28.8)
2017-02-06,2,POINT(-118.0 35.7)
2016-12-18,18,POINT(-91.6 21.1)
2016-04-19,56,POINT(-106.7 21.3)
2017-04-10,21,POINT(-70.6 46.4)
2016-02-09,35,POINT(-70.8 21.5)
2017-10-15,6,POINT(-73.3 36.5)
2016-12-05,3,POINT(-119.3 47.9)
2017-01-06,10,POINT(-112.3 26.2)
2017-06-08,11,POINT(-92.4 33.3)
2017-05-21,31,POINT(-110.6 39.4)
2016-02-22,11,POINT(-77.3 36.9)
2016-03-20,6,POINT(-85.0 30.9)
2016-12-16,44,POINT(-110.8 43.6)
2017-07-04,31,POINT(-79.1 32.3)
2016-12-05,23,POINT(-95.1 31.6)
2016-04-30,5,POINT(-84.5 20.6)
2016-03-05,5,POINT(-113.0 45.9)
2017-03-15,14,POINT(-94.1 50.0)
2016-10-22,16,POINT(-81.2 42.3)
2016-07-23,6,POINT(-102.7 49.1)
2017-10-08,3,POINT(-110.7 34.9)
2017-07-10,10,POINT(-88.0 37.4)
2016-10-04,12,POINT(-87.8 46.5)
2016-05-14,2,POINT(-109.8 35.7)
2017-01-12,17,POINT(-116.5 22.1)
2016-02-21,1,POINT(-111.7 42.2)
2017-08-02,4,POINT(-106.2 24.2)
2017-12-10,4,POINT(-118.2 30.3)
2016-03-07,24,POINT(-73.9 45.3)
2016-01-03,14,POINT(-108.5 28.3)
2017-07-23,37,POINT(-83.1 48.0)
2017-03-26,7,POINT(-99.3 44.5)
2017-05-24,5,POINT(-94.9 49.0)
2017-03-13,33,POINT(-93.2 23.1)
2017-06-11,12,POINT(-81.4 28.8)
2016-04-11,7,POINT(-80.6 43.7)
2017-03-12,11,POINT(-112.9 40.2)
2016-01-21,12,POINT(-104.8 42.9)
2017-01-21,17,POINT(-91.3 46.2)
2017-06-16,1,POINT(-103.5 28.2)
2016-04-01,6,POINT(-113.4 49.2)
2016-05-12,13,POINT(-99.6 42.8)
2017-05-19,16,POINT(-109.1 48.4)
2017-03-28,4,POINT(-112.8 23.3)
2017-11-17,5,POINT(-104.8 36.7)
2017-12-25,27,POINT(-105.0 44.5)
2016-05-27,31,POINT(-115.1 22.7)
2016-08-19,2,POINT(-90.8 34.6)
2016-06-13,93,POINT(-104.3 43.9)
2016-11-09,12,POINT(-111.3 21.5)
2017-10-18,18,POINT(-79.1 41.5)
2016-10-24,19,POINT(-119.9 49.1)
2016-08-10,9,POINT(-97.3 21.7)
2016-12-18,16,POINT(-98.3 47.5)
2017-02-19,18,POINT(-86.4 32.6)
2016-03-02,29,POINT(-100.5 20.7)
2017-08-30,22,POINT(-94.4 30.4)
2017-09-15,12,POINT(-74.6 29.1)
2017-01-10,5,POINT(-111.6 27.5)
2017-08-21,1,POINT(-114.7 44.9)
2017-02-08,22,POINT(-82.7 33.6)
2016-09-11,13,POINT(-82.9 29.2)
2017-03-26,68,POINT(-74.0 29.3)
2017-01-24,3,POINT(-70.8 49.8)
2017-09-16,2,POINT(-100.8 38.6)
2016-12-13,5,POINT(-101.1 21.2)
2017-05-16,10,POINT(-74.8 46.6)
2016-11-17,4,POINT(-77.0 41.8)
2017-06-27,13,POINT(-101.2 26.4)
2016-03-04,9,POINT(-116.2 23.4)
2016-06-02,152,POINT(-90.9 31.3)
2017-05-31,69,POINT(-106.6 26.2)
2017-01-29,10,POINT(-74.6 41.1)
2016-11-25,32,POINT(-79.7 25.2)
2017-04-07,6,POINT(-75.0 35.7)
2017-12-22,2,POINT(-116.0 39.1)
2016-04-01,1,POINT(-76.8 40.1)
2016-08-09,1,POINT(-90.3 43.0)
2016-07-08,27,POINT(-109.2 35.1)
2017-07-25,9,POINT(-104.9 26.3)
2016-07-23,35,POINT(-97.2 30.2)
2016-07-30,42,POINT(-88.6 31.4)
2016-03-29,8,POINT(-108.4 40.6)
2016-12-28,7,POINT(-109.6 38.8)
2017-01-05,8,POINT(-75.4 34.9)
2016-11-27,13,POINT(-77.7 34.2)
2017-12-08,1,POINT(-81.7 21.8)
2017-03-01,1,POINT(-82.0 40.7)
2017-03-30,27,POINT(-81.7 44.1)
2017-11-25,34,POINT(-73.8 46.7)
2017-02-25,5,POINT(-77.8 20.6)
2016-06-19,19,POINT(-100.6 46.2)
2017-12-10,5,POINT(-96.4 46.3)
2016-09-05,27,POINT(-89.8 39.9)
2016-06-29,11,POINT(-96.2 28.4)
2017-04-19,35,POINT(-105.2 46.8)
2017-04-27,60,POINT(-76.9 30.4)
2017-01-18,17,POINT(-79.8 37.4)
2017-02-07,47,POINT(-100.5 33.2)
2016-06-09,1,POINT(-114.3 46.6)
2016-09-04,13,POINT(-119.8 27.7)
2016-11-14,15,POINT(-115.4 29.9)
2017-11-30,11,POINT(-112.3 32.2)
2017-06-14,8,POINT(-87.1 45.6)
2016-04-22,26,POINT(-109.0 29.5)
2017-07-16,17,POINT(-88.3 28.7)
2016-12-09,2,POINT(-103.6 43.9)
2016-05-02,61,POINT(-75.2 31.6)
2016-11-14,44,POINT(-96.5 39.9)
2017-07-27,9,POINT(-86.4 46.3)
2017-04-22,6,POINT(-97.0 26.8)
2017-02-16,20,POINT(-74.4 33.9)
2017-08-08,1,POINT(-85.6 34.6)
2016-09-01,14,POINT(-87.9 37.0)
2017-06-27,23,POINT(-90.4 47.6)
2017-04-01,11,POINT(-70.6 49.4)
2016-06-01,72,POINT(-85.8 44.0)
2017-10-17,26,POINT(-82.3 20.9)
2016-01-15,55,POINT(-115.9 23.5)
2017-03-18,48,POINT(-79.3 23.5)
2016-10-30,3,POINT(-90.2 35.9)
2016-09-01,23,POINT(-103.2 21.3)
2017-07-20,19,POINT(-90.9 35.4)
2017-07-07,2,POINT(-88.7 42.6)
2017-03-30,8,POINT(-107.0 29.1)
2016-12-24,16,POINT(-98.1 34.1)
2016-02-21,16,POINT(-83.9 22.9)
2016-01-11,34,POINT(-108.7 22.1)
2017-08-22,18,POINT(-78.2 36.0)
2016-08-14,13,POINT(-116.1 20.4)
2016-04-23,28,POINT(-90.9 41.1)
2017-06-20,17,POINT(-101.0 24.3)
2017-08-26,44,POINT(-117.3 46.8)
2016-03-27,48,POINT(-81.3 45.5)
2017-08-15,19,POINT(-92.7 26.8)
2016-09-06,17,POINT(-84.2 27.1)
2016-09-06,25,POINT(-101.0 21.1)
2017-02-24,26,POINT(-77.0 49.5)
2016-07-28,26,POINT(-115.8 21.7)
2017-06-04,20,POINT(-108.3 34.4)
2017-09-02,29,POINT(-80.3 45.5)
2017-07-01,4,POINT(-72.3 24.8)
2016-02-26,35,POINT(-77.7 43.1)
2016-03-03,8,POINT(-108.5 25.1)
2016-12-03,44,POINT(-102.6 29.1)
2017-12-25,3,POINT(-81.7 27.7)
2017-06-15,1,POINT(-72.7 21.4)
2016-01-06,1,POINT(-105.5 23.7)
2017-08-07,5,POINT(-100.7 40.3)
2017-09-10,3,POINT(-118.9 22.6)
2017-08-27,17,POINT(-94.8 49.3)
2017-05-25,12,POINT(-115.6 27.8)
2017-04-05,19,POINT(-115.7 23.3)
2016-12-21,5,POINT(-81.9 31.2)
2016-08-06,29,POINT(-102.8 28.3)
2017-01-01,19,POINT(-73.2 22.4)
2017-07-14,5,POINT(-84.2 39.7)
2016-12-29,11,POINT(-105.3 43.3)
2017-01-24,26,POINT(-85.9 20.1)
2016-10-21,23,POINT(-76.7 37.2)
2017-05-19,17,POINT(-98.2 39.4)
2016-10-14,78,POINT(-91.9 49.5)
2016-06-25,3,POINT(-109.1 39.8)
2016-10-25,14,POINT(-99.9 29.0)
2017-09-11,20,POINT(-91.0 40.1)
2016-10-10,103,POINT(-89.2 28.3)
2017-07-30,16,POINT(-84.0 24.2)
2016-02-23,12,POINT(-72.1 42.2)
2016-11-15,52,POINT(-78.1 34.5)
2017-04-23,15,POINT(-77.4 48.6)
2017-06-25,57,POINT(-92.1 21.9)
2017-12-22,28,POINT(-112.8 34.4)
2016-08-08,4,POINT(-88.2 27.5)
2017-11-12,4,POINT(-99.7 35.1)
2016-12-08,8,POINT(-118.4 21.3)
2016-08-01,2,POINT(-110.3 21.2)
2016-11-17,16,POINT(-82.0 36.1)
2017-08-03,40,POINT(-88.4 30.6)
2016-01-15,11,POINT(-71.1 20.7)
2017-04-24,21,POINT(-73.8 38.3)
2016-05-13,80,POINT(-90.3 33.3)
2017-12-18,5,POINT(-112.3 49.3)
2016-01-24,9,POINT(-103.2 45.0)
2017-01-11,1,POINT(-108.3 41.9)
2017-08-19,6,POINT(-96.5 34.4)
2016-05-21,31,POINT(-80.0 34.5)
2017-10-13,22,POINT(-78.9 48.2)
2017-03-14,31,POINT(-111.1 41.9)
2016-11-19,12,POINT(-92.5 22.7)
2016-05-01,27,POINT(-86.2 33.1)
2016-10-26,19,POINT(-100.2 32.5)
2016-12-06,8,POINT(-74.7 23.4)
2016-06-27,11,POINT(-102.0 45.4)
2016-07-26,16,POINT(-95.5 28.4)
2016-06-14,63,POINT(-90.7 31.2)
2016-02-10,54,POINT(-98.6 49.4)
2017-09-25,87,POINT(-71.8 40.5)
2017-07-09,1,POINT(-82.0 44.2)
2016-03-15,26,POINT(-78.5 23.2)
2017-04-24,46,POINT(-82.4 36.2)
2016-12-13,27,POINT(-90.6 41.5)
2016-09-28,11,POINT(-118.6 44.4)
2016-06-14,26,POINT(-81.8 46.5)
2016-03-26,12,POINT(-89.4 22.7)
2017-10-10,26,POINT(-116.0 42.2)
2017-07-04,31,POINT(-114.1 22.9)
2017-08-21,38,POINT(-95.9 32.1)
2016-06-03,27,POINT(-77.4 33.4)
2017-11-02,4,POINT(-92.3 28.6)
2017-07-29,56,POINT(-74.0 45.9)
2016-08-10,5,POINT(-79.2 37.6)
2017-02-20,9,POINT(-88.5 24.2)
2016-12-27,12,POINT(-104.3 31.2)
2016-12-11,25,POINT(-77.4 22.4)
2016-05-25,25,POINT(-87.0 34.8)
2017-12-16,66,POINT(-92.4 30.6)
2016-03-07,5,POINT(-95.0 29.7)
2017-05-31,12,POINT(-109.4 45.3)
2016-02-28,5,POINT(-119.2 45.5)
2017-08-10,23,POINT(-84.2 40.4)
2016-01-16,5,POINT(-74.0 47.6)
2017-08-09,41,POINT(-110.8 39.6)
2017-04-30,82,POINT(-73.3 38.6)
2016-06-24,8,POINT(-116.4 22.8)
2016-11-17,27,POINT(-92.4 20.3)
2017-04-05,16,POINT(-114.2 26.3)
2016-05-15,9,POINT(-75.5 43.6)
2017-03-03,5,POINT(-114.8 47.9)
2017-11-10,26,POINT(-107.4 26.9)
2017-06-25,4,POINT(-79.7 25.1)
2016-11-17,7,POINT(-85.6 45.1)
2016-12-01,51,POINT(-100.6 31.4)
2017-05-27,15,POINT(-78.2 49.3)
2016-06-19,39,POINT(-88.2 48.8)
2016-05-08,30,POINT(-107.0 30.0)
2017-11-10,10,POINT(-83.0 36.8)
2017-02-21,5,POINT(-103.3 40.4)
2017-01-31,3,POINT(-79.2 39.2)
2016-03-01,65,POINT(-80.9 49.3)
2016-04-26,8,POINT(-104.6 30.8)
2017-09-26,23,POINT(-114.8 41.8)
2017-04-17,27,POINT(-79.0 37.4)
2017-01-31,5,POINT(-101.8 35.6)
2017-11-28,24,POINT(-103.7 24.5)
2017-08-19,1,POINT(-119.1 42.6)
2016-08-05,11,POINT(-83.7 31.9)
2017-10-16,9,POINT(-106.3 23.9)
2017-04-21,55,POINT(-98.2 20.3)
2017-08-24,86,POINT(-75.0 24.5)
2016-09-24,7,POINT(-113.7 40.7)
2016-03-16,19,POINT(-118.1 42.5)
2016-03-09,28,POINT(-92.0 21.4)
2017-03-20,5,POINT(-85.0 24.6)
2016-10-24,24,POINT(-93.6 50.0)
2017-04-18,6,POINT(-103.0 32.4)
2016-06-08,4,POINT(-101.9 46.9)
2016-01-08,39,POINT(-112.5 32.2)
2017-12-31,14,POINT(-104.4 35.9)
2017-04-29,8,POINT(-82.1 46.3)
2016-03-28,11,POINT(-95.0 49.7)
2016-05-20,11,POINT(-75.5 22.1)
2017-06-24,30,POINT(-111.6 39.0)
2017-06-08,44,POINT(-97.9 34.1)
2017-07-28,13,POINT(-84.9 36.2)
2016-12-08,8,POINT(-106.4 26.1)
2017-11-17,26,POINT(-106.7 46.8)
2016-08-03,48,POINT(-114.7 28.6)
2017-05-20,3,POINT(-75.4 24.2)
2017-08-21,32,POINT(-111.4 41.3)
2016-03-14,17,POINT(-71.5 49.4)
2017-08-03,41,POINT(-97.6 27.2)
2016-03-09,15,POINT(-70.9 34.1)
2016-08-10,40,POINT(-118.0 21.9)
2017-01-20,17,POINT(-91.6 30.0)
2016-10-11,4,POINT(-85.5 44.2)
2016-05-01,1,POINT(-94.2 46.4)
2017-03-16,20,POINT(-91.5 27.0)
2017-04-01,18,POINT(-93.1 36.4)
2016-06-12,5,POINT(-112.5 43.5)
2016-09-19,39,POINT(-93.4 20.6)
2016-04-01,41,POINT(-92.9 26.4)
2016-12-01,33,POINT(-102.2 21.1)
2017-08-08,56,POINT(-89.6 23.8)
2016-11-09,15,POINT(-99.4 25.3)
2017-08-24,25,POINT(-82.2 20.9)
2017-04-10,47,POINT(-118.1 33.1)
2017-10-02,13,POINT(-119.5 32.4)
2017-02-04,20,POINT(-93.8 28.8)
2017-07-14,15,POINT(-70.5 29.5)
2017-08-20,82,POINT(-97.7 36.1)
2017-04-29,12,POINT(-119.4 44.1)
2017-10-17,8,POINT(-104.1 49.3)
2017-10-08,20,POINT(-96.6 44.5)
2017-09-18,7,POINT(-74.9 31.7)
2016-10-03,39,POINT(-113.9 46.3)
2016-03-06,45,POINT(-73.8 44.7)
2017-11-29,9,POINT(-73.0 47.4)
2016-07-19,9,POINT(-88.0 22.0)
2017-04-12,2,POINT(-108.7 30.6)
2017-03-09,6,POINT(-93.2 21.4)
2016-05-17,2,POINT(-79.2 29.6)
2016-02-21,29,POINT(-102.1 28.4)
2017-12-25,4,POINT(-74.7 47.3)
2017-03-27,2,POINT(-115.7 48.3)
2016-06-06,4,POINT(-104.6 40.9)
2016-07-24,10,POINT(-70.3 28.5)
2016-12-07,11,POINT(-90.8 20.2)
2016-11-11,46,POINT(-90.5 40.1)
2016-05-15,7,POINT(-108.0 35.0)
2016-03-15,26,POINT(-77.1 26.2)
2017-03-24,46,POINT(-98.5 25.3)
2016-03-09,39,POINT(-80.3 36.8)
2017-07-14,5,POINT(-79.5 23.9)
2016-07-20,7,POINT(-111.3 36.5)
2017-07-27,2,POINT(-94.9 47.5)
2016-06-15,14,POINT(-100.8 43.7)
2017-12-17,11,POINT(-112.3 48.2)
2017-10-22,16,POINT(-113.8 27.4)
2016-04-30,13,POINT(-117.7 48.6)
2016-04-06,27,POINT(-84.9 34.3)
2017-01-11,23,POINT(-80.9 38.9)
2017-05-05,12,POINT(-96.4 28.8)
2016-02-22,1,POINT(-91.8 49.8)
2016-01-09,9,POINT(-106.9 33.1)
2016-11-26,8,POINT(-84.3 25.6)
2016-09-07,2,POINT(-90.8 37.2)
2016-12-25,8,POINT(-75.9 27.7)
2016-12-14,88,POINT(-82.7 33.1)
2016-05-03,35,POINT(-119.1 26.2)
2017-09-25,33,POINT(-79.5 31.6)
2016-07-17,38,POINT(-118.6 22.8)
2017-02-14,41,POINT(-79.3 28.5)
2017-01-14,8,POINT(-70.6 27.5)
2017-05-19,8,POINT(-96.0 48.4)
2016-04-04,9,POINT(-108.7 37.8)
2016-01-30,35,POINT(-119.5 20.8)
2016-04-01,32,POINT(-112.5 47.4)
2017-08-18,1,POINT(-94.8 39.3)
2016-01-15,60,POINT(-79.7 30.1)
2017-10-16,7,POINT(-76.4 31.0)
2017-04-04,20,POINT(-85.8 20.9)
2017-12-21,21,POINT(-115.7 49.2)
2016-01-23,3,POINT(-70.4 45.8)
2016-11-21,24,POINT(-82.6 22.0)
2017-10-17,16,POINT(-98.7 40.4)
2016-03-27,19,POINT(-79.3 33.5)
2016-07-11,12,POINT(-90.6 44.2)
2017-11-15,33,POINT(-89.9 38.7)
2016-09-19,21,POINT(-71.4 32.4)
2017-03-04,5,POINT(-79.9 33.1)
2016-12-25,28,POINT(-106.9 39.5)
2017-07-15,14,POINT(-111.2 39.6)
2017-03-08,1,POINT(-111.4 36.7)
2017-07-13,11,POINT(-97.3 46.5)
2017-05-22,11,POINT(-100.6 43.4)
2016-02-18,33,POINT(-97.4 23.6)
2016-06-16,6,POINT(-116.9 46.2)
2017-11-09,13,POINT(-109.9 26.1)
2017-03-16,2,POINT(-80.1 48.5)
2017-08-16,43,POINT(-82.1 44.2)
2017-07-28,12,POINT(-100.3 47.3)
2016-08-15,39,POINT(-100.5 40.3)
2016-08-01,23,POINT(-75.8 39.5)
2017-10-03,8,POINT(-110.9 27.5)
2016-06-02,25,POINT(-102.1 38.8)
2017-08-30,13,POINT(-81.8 32.6)
2017-02-10,9,POINT(-91.3 24.6)
2016-01-18,23,POINT(-117.0 30.8)
2017-04-11,30,POINT(-119.4 39.9)
2016-12-09,24,POINT(-119.0 46.3)
2016-11-19,13,POINT(-87.2 33.1)
2016-09-02,7,POINT(-88.9 28.7)
2016-02-29,34,POINT(-117.8 24.8)
2017-05-08,9,POINT(-113.4 32.1)
2017-10-03,19,POINT(-83.9 28.5)
2016-02-18,3,POINT(-104.5 33.4)
2017-11-08,27,POINT(-70.4 23.0)
2017-11-10,62,POINT(-104.4 42.1)
2016-09-09,12,POINT(-103.2 20.1)
2017-01-17,16,POINT(-99.0 41.0)
2016-11-04,46,POINT(-78.6 29.2)
2017-07-29,32,POINT(-92.1 30.8)
2017-06-28,66,POINT(-77.1 25.1)
2016-02-27,7,POINT(-98.6 49.0)
2016-03-04,13,POINT(-89.6 21.6)
2016-05-04,13,POINT(-119.8 28.5)
2016-03-01,13,POINT(-91.2 24.4)
2017-01-14,49,POINT(-116.0 34.5)
2016-05-17,5,POINT(-110.3 36.8)
2016-03-06,46,POINT(-70.1 25.9)
2016-06-27,17,POINT(-88.1 39.7)
2016-06-19,16,POINT(-76.5 36.6)
2017-09-23,11,POINT(-117.1 45.3)
2016-12-09,16,POINT(-100.8 47.2)
2017-12-04,33,POINT(-76.9 40.8)
2016-07-05,14,POINT(-99.5 38.9)
2016-08-14,30,POINT(-107.3 38.2)
2016-09-22,11,POINT(-96.0 25.0)
2016-07-10,5,POINT(-96.5 46.5)
2017-08-28,11,POINT(-70.5 30.8)
2016-05-05,26,POINT(-102.3 40.7)
2017-04-18,39,POINT(-72.1 33.2)
2016-04-08,30,POINT(-74.4 47.1)
2016-12-09,10,POINT(-97.5 32.2)
2016-08-30,18,POINT(-72.8 36.8)
2016-01-20,9,POINT(-83.6 25.6)
2017-09-20,25,POINT(-75.7 36.6)
2016-12-24,12,POINT(-75.4 26.1)
2017-03-08,29,POINT(-115.7 43.8)
2017-09-02,1,POINT(-75.2 31.0)
2017-05-01,9,POINT(-95.5 32.7)
2016-11-25,43,POINT(-88.1 39.2)
2017-10-28,8,POINT(-105.0 22.6)
2016-11-02,11,POINT(-87.7 29.4)
2016-07-03,32,POINT(-118.6 48.0)
2016-11-30,2,POINT(-101.4 45.9)
2017-05-20,8,POINT(-88.6 26.9)
2017-04-07,30,POINT(-110.2 35.4)
2016-01-03,63,POINT(-86.4 37.5)
2017-10-30,31,POINT(-78.6 29.0)
2016-06-23,4,POINT(-118.1 30.4)
2017-08-03,37,POINT(-89.8 49.3)
2017-06-16,13,POINT(-91.0 24.2)
2016-10-24,31,POINT(-80.9 47.3)
2016-04-27,6,POINT(-85.1 30.6)
2017-10-03,9,POINT(-97.3 27.2)
2016-07-24,47,POINT(-102.3 27.8)
2017-12-09,49,POINT(-70.7 28.5)
2016-05-14,7,POINT(-94.9 28.6)
2016-07-21,2,POINT(-99.6 27.6)
2016-02-04,53,POINT(-70.3 45.3)
2016-01-30,8,POINT(-111.0 28.0)
2017-03-03,3,POINT(-110.7 45.9)
2016-09-13,9,POINT(-71.2 49.1)
2017-01-15,7,POINT(-87.1 28.4)
2016-06-30,2,POINT(-94.0 37.0)
2016-07-26,83,POINT(-116.6 33.7)
2017-10-02,7,POINT(-102.2 45.4)
2017-07-28,7,POINT(-98.3 29.2)
2017-03-14,11,POINT(-94.4 42.9)
2016-12-07,11,POINT(-98.2 34.3)
2017-08-11,12,POINT(-98.1 38.9)
2017-01-12,48,POINT(-70.3 37.3)
2017-02-14,2,POINT(-71.3 21.9)
2017-06-10,57,POINT(-115.7 37.7)
2017-01-17,22,POINT(-111.6 44.8)
2017-04-09,24,POINT(-72.9 28.7)
2017-01-27,4,POINT(-104.1 32.1)
2017-07-24,8,POINT(-89.4 26.2)
2016-05-30,2,POINT(-80.1 26.3)
2017-09-11,22,POINT(-96.5 29.2)
2017-01-03,9,POINT(-119.2 42.6)
2016-04-16,17,POINT(-78.6 34.4)
2016-05-18,28,POINT(-82.2 40.7)
2016-10-06,17,POINT(-117.9 48.1)
2016-03-12,2,POINT(-75.1 41.9)
2017-09-14,2,POINT(-77.1 31.2)
2017-05-19,41,POINT(-106.2 35.3)
2016-04-15,7,POINT(-116.0 28.4)
2017-05-15,9,POINT(-99.8 22.0)
2016-06-07,5,POINT(-76.3 40.0)
2016-05-29,25,POINT(-95.9 39.9)
2016-01-14,10,POINT(-105.9 45.7)
2016-01-05,13,POINT(-108.4 24.8)
2017-09-30,23,POINT(-102.2 46.5)
2016-09-29,20,POINT(-70.3 43.8)
2016-12-03,30,POINT(-76.1 23.2)
2016-07-29,28,POINT(-92.6 49.5)
2016-11-22,12,POINT(-79.6 21.2)
2017-12-29,5,POINT(-104.2 43.8)
2017-04-10,6,POINT(-89.2 32.9)
2016-03-19,25,POINT(-76.4 46.0)
2017-08-27,7,POINT(-101.6 41.8)
2016-06-25,12,POINT(-80.0 21.8)
2016-05-11,3,POINT(-89.3 27.2)
2016-10-18,3,POINT(-89.2 48.6)
2017-11-21,6,POINT(-117.9 24.4)
2017-01-12,2,POINT(-75.0 22.1)
2017-02-19,7,POINT(-81.2 24.6)
2016-12-09,17,POINT(-118.2 41.6)
2017-01-11,28,POINT(-89.5 21.2)
2017-04-29,1,POINT(-82.7 33.0)
2016-05-25,19,POINT(-80.2 22.7)
2017-10-16,10,POINT(-115.6 40.6)
2017-06-15,6,POINT(-88.0 27.6)
2017-07-23,1,POINT(-108.4 40.5)
2016-10-22,8,POINT(-97.4 25.3)
2017-07-31,32,POINT(-93.7 31.9)
2016-12-10,16,POINT(-118.6 47.8)
2017-01-31,30,POINT(-105.0 31.5)
2017-04-19,11,POINT(-80.1 23.4)
2017-06-08,38,POINT(-77.9 31.1)
2017-07-27,4,POINT(-103.5 33.6)
2016-02-15,35,POINT(-97.9 33.8)
2017-08-27,13,POINT(-78.4 41.3)
2017-03-03,28,POINT(-110.0 23.7)
2016-08-10,6,POINT(-83.5 33.8)
2016-01-23,14,POINT(-99.6 27.6)
2016-03-07,27,POINT(-70.6 33.3)
2017-09-17,14,POINT(-89.9 25.2)
2017-04-27,13,POINT(-112.6 27.1)
2016-07-24,34,POINT(-111.4 36.6)
2017-07-31,4,POINT(-118.6 29.0)
2017-07-15,13,POINT(-84.3 24.8)
2017-10-14,35,POINT(-97.8 38.6)
2016-09-14,38,POINT(-119.5 45.1)
2017-06-29,3,POINT(-114.9 44.6)
2016-09-09,38,POINT(-105.5 45.0)
2017-08-03,1,POINT(-98.8 20.5)
2016-07-07,39,POINT(-73.1 40.6)
2016-06-01,7,POINT(-92.9 50.0)
2017-12-15,18,POINT(-75.3 41.8)
2016-03-17,1,POINT(-107.5 28.0)
2017-12-03,27,POINT(-103.4 36.9)
2017-06-23,12,POINT(-76.0 34.3)
2017-12-25,38,POINT(-95.4 33.8)
2017-01-03,17,POINT(-90.5 41.7)
2017-07-21,36,POINT(-91.3 23.8)
2017-09-15,19,POINT(-87.7 23.6)
2016-06-02,28,POINT(-90.6 35.2)
2016-06-03,28,POINT(-85.3 49.2)
2016-09-27,6,POINT(-112.6 21.8)
2017-07-15,18,POINT(-84.5 31.1)
2017-05-23,42,POINT(-112.5 35.3)
2017-01-24,43,POINT(-103.0 20.0)
2016-03-08,10,POINT(-78.4 28.8)
2016-05-11,8,POINT(-89.6 23.3)
2017-10-31,22,POINT(-71.6 41.2)
2016-09-21,31,POINT(-107.4 33.2)
2017-11-12,1,POINT(-74.0 38.7)
2016-08-07,2,POINT(-87.9 38.1)
2017-07-05,31,POINT(-101.5 30.7)
2016-10-15,12,POINT(-80.7 21.1)
2016-03-19,23,POINT(-72.3 28.0)
2017-07-25,35,POINT(-81.0 34.4)
2016-11-15,29,POINT(-119.7 26.1)
2016-11-13,34,POINT(-119.5 48.1)
2017-05-01,15,POINT(-113.7 32.4)
2017-01-25,4,POINT(-77.5 30.6)
2017-08-10,13,POINT(-82.5 23.2)
2016-02-08,67,POINT(-88.0 28.3)
2016-07-17,8,POINT(-85.3 37.4)
2016-04-14,11,POINT(-89.0 44.6)
2017-08-04,30,POINT(-102.6 43.2)
2017-05-21,2,POINT(-84.0 40.6)
2017-07-23,29,POINT(-73.2 48.0)
2016-11-24,7,POINT(-82.5 27.3)
2017-11-21,7,POINT(-76.6 27.0)
2016-11-03,18,POINT(-108.1 21.4)
2016-08-09,6,POINT(-102.5 41.1)
2017-10-17,21,POINT(-94.6 44.0)
2016-01-27,48,POINT(-96.4 27.8)
2017-11-03,11,POINT(-96.7 43.7)
2016-05-30,58,POINT(-88.0 41.3)
2016-06-21,58,POINT(-77.2 36.2)
2017-12-23,5,POINT(-75.6 36.6)
2016-01-22,12,POINT(-112.5 41.2)
2017-06-28,93,POINT(-115.5 49.9)
2017-09-12,3,POINT(-104.4 29.6)
2017-01-28,13,POINT(-83.1 22.2)
2016-02-16,12,POINT(-80.3 41.0)
2017-08-30,34,POINT(-100.8 20.9)
2016-05-04,4,POINT(-104.5 46.8)
2016-11-30,6,POINT(-113.5 49.2)
2016-10-21,4,POINT(-108.1 41.8)
2017-06-20,4,POINT(-115.0 30.3)
2017-08-16,6,POINT(-104.8 26.8)
2017-07-23,16,POINT(-86.2 23.3)
2017-06-21,25,POINT(-113.6 20.2)
2016-10-23,10,POINT(-103.9 32.9)
2016-02-13,12,POINT(-93.6 39.4)
2017-08-19,32,POINT(-103.6 31.3)
2016-01-22,15,POINT(-98.0 33.1)
2016-08-13,18,POINT(-95.2 40.6)
2017-07-02,15,POINT(-81.2 32.3)
2017-01-08,32,POINT(-77.8 43.2)
2017-09-04,5,POINT(-110.4 39.3)
2017-10-15,80,POINT(-101.5 40.1)
2016-01-04,43,POINT(-91.2 38.6)
2016-01-24,11,POINT(-95.0 23.6)
2017-12-03,11,POINT(-116.0 40.5)
2016-11-17,38,POINT(-102.8 37.8)
2017-06-22,12,POINT(-108.6 37.2)
2017-01-06,15,POINT(-99.1 38.0)
2017-08-15,28,POINT(-103.1 49.6)
2017-09-24,10,POINT(-85.2 33.1)
2016-12-30,13,POINT(-99.9 23.2)
2016-03-09,1,POINT(-107.9 35.4)
2017-04-16,3,POINT(-89.0 24.5)
2017-05-19,13,POINT(-83.7 44.2)
2016-11-08,1,POINT(-114.6 27.5)
2016-03-12,8,POINT(-107.4 49.9)
2016-09-02,12,POINT(-109.6 25.3)
2016-03-13,3,POINT(-109.9 31.3)
2017-06-11,2,POINT(-74.9 24.4)
2017-11-21,1,POINT(-113.7 32.6)
2016-02-09,14,POINT(-76.4 34.5)
2016-02-08,4,POINT(-100.3 42.3)
2016-02-25,24,POINT(-88.0 20.0)
2017-07-19,14,POINT(-98.0 26.9)
2016-06-20,1,POINT(-90.1 28.1)
2016-10-28,2,POINT(-92.4 38.0)
2017-05-04,50,POINT(-98.4 28.3)
2017-03-07,3,POINT(-106.2 34.6)
2017-12-01,29,POINT(-73.5 34.6)
2017-07-08,6,POINT(-74.2 44.3)
2016-01-04,8,POINT(-116.4 46.3)
2016-09-17,1,POINT(-108.8 49.3)
2017-07-23,17,POINT(-91.3 45.2)
2017-07-02,13,POINT(-71.0 46.3)
2017-02-13,28,POINT(-83.6 49.1)
2016-09-21,48,POINT(-79.1 44.8)
2016-01-15,16,POINT(-104.3 26.1)
2016-03-28,61,POINT(-109.1 43.8)
2016-04-08,4,POINT(-108.7 41.3)
2017-09-08,9,POINT(-95.8 36.7)
2016-08-04,36,POINT(-77.1 25.2)
2017-02-13,17,POINT(-109.2 21.4)
2016-07-09,16,POINT(-91.5 26.5)
2016-08-02,13,POINT(-79.6 46.3)
2017-12-10,1,POINT(-95.0 28.1)
2017-09-08,2,POINT(-99.2 33.4)
2016-01-27,2,POINT(-102.7 49.9)
2016-06-30,5,POINT(-90.0 35.3)
2017-08-17,2,POINT(-79.1 43.0)
2016-06-07,3,POINT(-70.2 43.9)
2016-08-17,21,POINT(-76.5 46.4)
2016-08-22,3,POINT(-97.4 30.0)
2017-01-20,13,POINT(-116.0 24.6)
2017-06-13,2,POINT(-114.0 46.7)
2016-10-10,7,POINT(-118.5 38.3)
2016-03-11,52,POINT(-101.9 37.9)
2017-05-18,1,POINT(-95.9 37.1)
2016-08-02,42,POINT(-79.0 21.1)
2016-04-26,29,POINT(-115.7 27.5)
2016-04-09,51,POINT(-108.6 40.2)
2017-08-22,31,POINT(-94.5 21.0)
2017-10-26,35,POINT(-77.5 38.2)
2016-10-21,3,POINT(-115.6 21.5)
2016-06-25,37,POINT(-107.8 20.3)
2016-05-11,13,POINT(-92.8 46.8)
2017-09-25,9,POINT(-103.8 47.3)
2017-12-23,4,POINT(-70.4 28.7)
2017-08-02,1,POINT(-97.4 45.9)
2016-02-26,21,POINT(-74.4 22.2)
2016-01-13,26,POINT(-73.0 32.3)
2016-07-11,10,POINT(-107.0 34.3)
2017-07-28,4,POINT(-103.7 32.3)
2017-05-24,4,POINT(-103.8 30.5)
2016-06-01,4,POINT(-98.2 38.3)
2016-01-23,2,POINT(-116.8 40.3)
2016-01-30,9,POINT(-79.6 48.8)
2017-01-03,20,POINT(-113.5 23.8)
2017-12-01,12,POINT(-75.3 47.0)
2017-01-25,3,POINT(-91.2 43.9)
2016-11-05,34,POINT(-95.9 28.5)
2017-09-12,7,POINT(-87.0 26.0)
2017-02-04,19,POINT(-73.3 23.5)
2016-12-18,6,POINT(-105.2 32.7)
2017-07-25,19,POINT(-106.5 36.5)
2016-03-06,3,POINT(-101.5 37.1)
2016-06-14,22,POINT(-95.7 32.5)
2017-05-06,18,POINT(-116.2 40.6)
2017-10-14,15,POINT(-86.0 41.2)
2017-07-17,5,POINT(-94.0 35.5)
2016-06-28,16,POINT(-93.0 36.6)
2017-06-27,46,POINT(-107.5 25.8)
2017-12-26,3,POINT(-78.0 36.6)
2016-01-17,25,POINT(-100.1 22.3)
2016-05-05,3,POINT(-87.4 37.1)
2016-03-22,9,POINT(-108.0 39.3)
2016-02-09,24,POINT(-79.2 49.5)
2017-09-07,17,POINT(-105.0 32.7)
2016-08-06,23,POINT(-73.9 34.9)
2016-06-30,67,POINT(-97.3 33.6)
2017-03-13,70,POINT(-112.7 27.8)
2017-10-29,50,POINT(-89.4 22.8)
2017-11-20,14,POINT(-92.2 39.2)
2017-06-13,9,POINT(-98.9 22.2)
2017-10-14,7,POINT(-79.0 32.9)
2016-06-09,18,POINT(-98.9 20.3)
2017-12-26,13,POINT(-113.2 48.2)
2017-07-10,105,POINT(-118.6 40.9)
2016-07-05,16,POINT(-75.4 26.7)
2016-12-19,8,POINT(-96.7 28.3)
2017-01-09,21,POINT(-91.9 29.7)
2017-04-11,1,POINT(-114.3 35.6)
2016-08-28,3,POINT(-95.5 39.0)
2016-11-29,22,POINT(-93.3 22.3)
2016-02-17,3,POINT(-96.7 39.8)
2016-04-20,29,POINT(-72.3 22.2)
2017-08-17,2,POINT(-91.4 47.4)
2016-04-13,19,POINT(-71.3 34.9)
2017-04-07,23,POINT(-112.3 48.0)
2016-03-14,31,POINT(-74.3 39.3)
2017-07-20,44,POINT(-92.4 32.0)
2016-11-12,8,POINT(-105.2 43.5)
2016-01-02,26,POINT(-82.7 22.0)
2017-01-06,2,POINT(-92.2 37.6)
2017-04-13,36,POINT(-91.2 27.7)
2016-01-10,45,POINT(-111.4 45.3)
2017-08-10,28,POINT(-86.0 46.7)
2017-02-26,7,POINT(-105.3 37.6)
2016-09-14,2,POINT(-102.2 27.8)
2017-09-24,11,POINT(-74.7 31.7)
2017-12-27,7,POINT(-111.0 38.6)
2017-04-20,16,POINT(-75.7 32.8)
2016-09-01,11,POINT(-95.0 43.3)
2016-12-02,3,POINT(-111.1 31.1)
2017-11-22,37,POINT(-79.4 35.2)
2017-05-02,41,POINT(-87.4 25.7)
2016-03-13,34,POINT(-102.7 40.9)
2017-12-21,5,POINT(-105.0 46.0)
2017-11-15,12,POINT(-99.0 31.0)
2016-01-05,4,POINT(-113.2 48.6)
2017-04-06,22,POINT(-79.5 21.2)
2016-12-31,33,POINT(-106.1 26.6)
2017-05-09,18,POINT(-78.7 32.4)
2016-08-04,16,POINT(-83.4 32.7)
2016-08-01,26,POINT(-72.9 43.8)
2016-11-20,3,POINT(-115.0 46.6)
2016-11-05,6,POINT(-102.5 29.1)
2016-02-07,8,POINT(-88.8 39.2)
2016-03-01,16,POINT(-77.1 36.5)
2016-04-04,75,POINT(-112.2 25.3)
2016-08-20,40,POINT(-76.9 29.8)
2017-07-01,6,POINT(-116.7 20.6)
2017-05-27,6,POINT(-96.3 29.1)
2016-05-29,12,POINT(-115.8 23.2)
2017-04-15,74,POINT(-112.5 47.0)
2016-08-02,4,POINT(-81.3 47.0)
2017-02-02,63,POINT(-119.1 40.4)
2017-07-11,5,POINT(-92.2 49.8)
2017-07-30,44,POINT(-115.1 37.4)
2016-01-06,36,POINT(-79.4 26.0)
2016-03-21,43,POINT(-79.6 46.5)
2016-07-07,45,POINT(-84.9 26.3)
2017-10-24,5,POINT(-82.2 28.0)
2017-10-21,31,POINT(-90.5 39.8)
2016-01-28,23,POINT(-95.7 23.9)
2017-11-07,43,POINT(-99.5 38.3)
2016-05-14,14,POINT(-86.9 29.1)
2016-10-31,11,POINT(-100.9 38.8)
2017-05-09,26,POINT(-119.9 43.9)
2017-12-24,7,POINT(-115.0 31.8)
2016-10-06,35,POINT(-87.4 29.9)
2016-03-20,7,POINT(-101.8 29.9)
2017-01-25,1,POINT(-70.5 30.7)
2016-01-15,17,POINT(-102.3 43.5)
2017-08-21,37,POINT(-114.6 32.9)
2016-08-10,24,POINT(-103.6 41.4)
2017-08-25,91,POINT(-85.7 42.2)
2016-09-22,4,POINT(-93.6 36.0)
2016-11-15,9,POINT(-89.5 33.7)
2016-04-15,10,POINT(-114.4 31.4)
2016-09-09,2,POINT(-78.7 39.7)
2016-07-17,1,POINT(-74.9 35.4)
2016-02-25,1,POINT(-112.7 28.8)
2017-02-10,11,POINT(-88.7 36.0)
2017-03-13,38,POINT(-108.5 39.7)
2017-04-01,25,POINT(-110.9 36.3)
2017-04-21,12,POINT(-109.8 20.5)
2016-12-12,7,POINT(-93.9 49.8)
2017-04-30,1,POINT(-75.7 42.7)
2016-12-28,4,POINT(-79.1 27.3)
2017-12-30,10,POINT(-112.8 42.8)
2016-07-30,10,POINT(-94.5 43.0)
2017-12-01,7,POINT(-112.5 38.0)
2017-09-05,118,POINT(-98.1 38.7)
2017-03-12,12,POINT(-91.9 24.8)
2016-05-22,7,POINT(-79.4 31.2)
2016-10-11,11,POINT(-76.9 37.6)
2016-03-10,7,POINT(-118.6 22.3)
2017-07-30,9,POINT(-85.5 49.3)
2017-12-10,3,POINT(-99.5 23.1)
2017-06-11,1,POINT(-95.3 32.1)
2016-11-05,14,POINT(-108.9 47.4)
2016-09-19,14,POINT(-118.3 20.5)
2016-02-29,4,POINT(-78.2 40.5)
2017-06-05,36,POINT(-108.5 31.7)
2016-11-04,5,POINT(-76.0 41.5)
2017-06-03,30,POINT(-116.5 39.9)
2017-01-16,5,POINT(-99.6 37.9)
2016-12-06,7,POINT(-82.9 46.0)
2017-08-24,7,POINT(-107.2 20.2)
2017-07-02,6,POINT(-71.6 24.4)
2016-03-24,61,POINT(-88.1 43.6)
2016-08-21,7,POINT(-109.1 39.1)
2016-08-27,14,POINT(-80.3 47.8)
2016-04-13,27,POINT(-70.8 33.2)
2017-12-23,8,POINT(-107.5 36.5)
2016-08-12,1,POINT(-78.9 38.7)
2016-10-05,29,POINT(-71.1 25.3)
2017-01-27,7,POINT(-109.0 24.3)
2017-11-08,42,POINT(-108.3 27.6)
2017-03-04,14,POINT(-84.1 31.6)
2017-02-05,20,POINT(-72.5 34.6)
2016-02-15,61,POINT(-85.2 33.9)
2017-05-28,41,POINT(-94.8 43.8)
2016-06-24,32,POINT(-114.7 24.0)
2017-09-21,16,POINT(-73.8 31.1)
2016-12-31,4,POINT(-116.5 48.4)
2016-06-21,37,POINT(-109.4 43.2)
2016-10-30,2,POINT(-97.5 32.8)
2016-05-31,44,POINT(-95.0 37.4)
2016-12-16,30,POINT(-117.2 34.1)
2017-12-05,33,POINT(-115.9 31.5)
2016-04-01,10,POINT(-113.7 24.0)
2016-06-09,2,POINT(-118.0 25.0)
2016-04-15,26,POINT(-71.1 28.6)
2016-04-12,77,POINT(-108.1 31.0)
2016-05-11,40,POINT(-76.0 27.5)
2016-10-15,37,POINT(-80.8 37.3)
2017-04-02,21,POINT(-84.7 37.9)
2016-04-10,3,POINT(-87.1 21.4)
2016-01-21,40,POINT(-95.1 39.5)
2016-09-05,6,POINT(-91.8 34.0)
2016-07-10,7,POINT(-75.5 36.4)
2017-08-07,29,POINT(-81.1 46.8)
2016-11-08,26,POINT(-108.5 25.5)
2016-06-16,2,POINT(-114.8 32.1)
2017-07-27,6,POINT(-105.3 34.6)
2016-06-19,35,POINT(-113.4 37.7)
2017-09-24,60,POINT(-72.3 40.3)
2016-08-03,7,POINT(-100.9 23.9)
2017-05-23,29,POINT(-111.3 42.5)
2016-06-22,15,POINT(-88.9 26.6)
2017-06-19,10,POINT(-100.1 48.5)
2017-02-11,46,POINT(-109.1 23.2)
2017-05-15,16,POINT(-117.1 49.6)
2016-05-17,24,POINT(-115.4 47.8)
2016-04-08,18,POINT(-91.8 46.7)
2016-02-26,21,POINT(-82.5 20.9)
2016-09-03,15,POINT(-73.7 26.0)
2017-11-14,16,POINT(-90.7 37.0)
2017-12-13,39,POINT(-87.4 41.6)
2016-04-16,8,POINT(-107.9 42.0)
2016-02-17,27,POINT(-106.3 21.4)
2016-10-12,7,POINT(-99.1 40.7)
2016-02-15,2,POINT(-76.6 34.9)
2017-01-30,47,POINT(-98.2 29.4)
2016-04-29,11,POINT(-108.0 40.7)
2016-02-29,23,POINT(-74.0 27.5)
2016-05-26,29,POINT(-99.4 39.4)
2017-09-07,32,POINT(-116.0 38.4)
2017-08-02,6,POINT(-92.7 37.7)
2017-05-11,22,POINT(-88.7 36.0)
2017-11-04,29,POINT(-72.2 28.2)
2017-12-27,3,POINT(-79.7 26.0)
2016-04-27,4,POINT(-114.9 31.5)
2016-08-24,10,POINT(-94.4 49.1)
2016-08-05,8,POINT(-98.3 43.6)
2016-05-03,32,POINT(-100.3 31.5)
2017-09-20,21,POINT(-113.0 40.5)
2016-09-19,14,POINT(-101.2 28.4)
2016-06-18,3,POINT(-96.5 26.4)
2017-12-08,3,POINT(-109.1 37.5)
2017-01-26,15,POINT(-91.2 27.7)
2016-05-29,43,POINT(-108.9 36.4)
2016-09-02,30,POINT(-113.9 22.4)
2017-05-15,43,POINT(-70.8 45.0)
2016-07-09,17,POINT(-85.6 31.5)
2016-06-22,6,POINT(-90.3 20.5)
2017-08-15,1,POINT(-103.6 48.7)
2016-06-20,57,POINT(-109.6 36.4)
2017-11-06,13,POINT(-113.4 47.5)
2017-09-14,40,POINT(-116.9 25.6)
2017-12-19,27,POINT(-85.0 29.0)
2016-12-03,36,POINT(-106.2 31.5)
2017-02-14,5,POINT(-104.1 25.9)
2016-03-10,23,POINT(-112.0 33.6)
2016-04-07,26,POINT(-114.1 28.4)
2017-05-31,17,POINT(-95.3 23.8)
2016-07-03,37,POINT(-83.6 22.4)
2017-12-16,89,POINT(-70.5 27.7)
2017-02-16,1,POINT(-103.0 49.4)
2017-01-12,13,POINT(-86.8 27.7)
2016-01-12,29,POINT(-114.2 45.7)
2017-02-12,26,POINT(-92.2 33.8)
2017-02-21,13,POINT(-94.1 27.6)
2016-11-26,37,POINT(-118.4 44.7)
2016-10-06,23,POINT(-95.9 42.6)
2016-04-24,16,POINT(-95.2 38.5)
2016-07-28,7,POINT(-101.4 28.6)
2017-03-22,10,POINT(-91.3 42.9)
2017-01-28,91,POINT(-117.7 20.6)
2017-10-06,48,POINT(-77.8 28.4)
2016-06-29,24,POINT(-94.0 45.9)
2017-04-09,40,POINT(-118.4 27.0)
2016-01-28,3,POINT(-70.8 38.9)
2016-07-11,7,POINT(-100.9 34.4)
2016-09-12,44,POINT(-70.7 32.9)
2017-09-14,13,POINT(-111.0 40.6)
2017-02-27,18,POINT(-118.5 21.1)
2017-12-06,44,POINT(-84.3 34.9)
2017-09-27,11,POINT(-72.7 33.2)
2016-03-31,14,POINT(-116.1 42.5)
2017-10-09,3,POINT(-83.2 32.8)
2016-05-24,96,POINT(-116.5 47.1)
2017-03-27,73,POINT(-80.3 49.8)
2017-03-03,8,POINT(-90.9 46.3)
2016-08-29,39,POINT(-80.9 43.9)
2017-04-30,27,POINT(-101.4 41.5)
2016-01-31,4,POINT(-74.7 36.8)
2016-02-29,1,POINT(-104.9 43.6)
2017-08-23,1,POINT(-105.8 38.1)
2017-04-20,2,POINT(-72.0 48.9)
2016-04-10,20,POINT(-113.9 46.7)
2017-09-24,14,POINT(-90.4 37.3)
2017-08-11,115,POINT(-91.3 32.7)
2016-09-29,7,POINT(-108.2 25.9)
2017-04-22,26,POINT(-104.1 27.3)
2016-02-27,10,POINT(-105.7 26.6)
2017-05-19,3,POINT(-77.7 46.7)
2017-01-21,42,POINT(-100.5 47.5)
2017-04-05,11,POINT(-102.1 29.6)
2017-08-30,50,POINT(-88.2 41.1)
2016-02-14,56,POINT(-95.2 23.7)
2016-10-17,35,POINT(-98.7 36.8)
2016-09-14,1,POINT(-84.5 29.0)
2016-09-02,68,POINT(-99.4 48.5)
2016-08-27,3,POINT(-108.9 24.1)
2017-02-16,54,POINT(-82.9 24.1)
2016-05-07,19,POINT(-116.6 43.1)
2017-12-14,10,POINT(-70.0 29.4)
2016-10-02,26,POINT(-90.2 27.7)
2017-02-21,15,POINT(-109.2 26.3)
2016-07-25,32,POINT(-110.1 27.6)
2017-07-05,15,POINT(-106.3 49.7)
2016-12-30,10,POINT(-76.0 33.6)
2016-12-11,9,POINT(-78.7 27.5)
2017-07-21,9,POINT(-112.8 21.9)
2016-06-08,13,POINT(-90.0 23.6)
2016-04-05,3,POINT(-74.5 39.7)
2017-02-28,22,POINT(-83.3 27.8)
2016-04-25,9,POINT(-90.6 36.7)
2016-07-30,17,POINT(-109.6 36.6)
2017-08-21,15,POINT(-72.8 30.9)
2016-11-02,39,POINT(-75.4 41.4)
2016-09-24,40,POINT(-103.9 21.0)
2016-02-13,91,POINT(-95.1 32.5)
2017-08-17,6,POINT(-115.9 33.0)
2017-04-02,1,POINT(-88.4 23.7)
2017-12-23,12,POINT(-117.3 20.5)
2017-04-16,46,POINT(-74.7 36.0)
2016-01-09,19,POINT(-76.0 28.8)
2017-10-30,10,POINT(-105.9 48.0)
2016-07-07,30,POINT(-82.9 41.2)
2017-01-15,25,POINT(-98.0 22.6)
2017-10-04,26,POINT(-77.7 39.7)
2017-12-27,15,POINT(-116.9 46.3)
2016-04-24,16,POINT(-94.7 48.7)
2017-05-16,17,POINT(-100.1 29.4)
2017-09-26,17,POINT(-107.0 33.1)
2017-01-22,5,POINT(-109.5 39.4)
2017-03-14,6,POINT(-86.2 47.3)
2016-11-14,10,POINT(-109.9 40.3)
2017-12-04,39,POINT(-88.4 31.5)
2017-03-19,13,POINT(-100.5 22.7)
2017-10-21,53,POINT(-107.9 24.3)
2016-01-28,32,POINT(-80.8 36.4)
2017-09-27,40,POINT(-101.8 27.2)
2017-02-01,3,POINT(-119.3 33.5)
2016-03-17,4,POINT(-77.4 32.2)
2017-08-09,6,POINT(-104.3 37.1)
2016-12-23,22,POINT(-78.9 30.0)
2016-07-04,13,POINT(-92.7 33.8)
2017-07-04,4,POINT(-75.9 37.5)
2016-08-21,28,POINT(-99.1 37.8)
2016-09-04,15,POINT(-111.5 34.0)
2017-02-02,27,POINT(-119.1 41.4)
2016-11-24,49,POINT(-81.1 31.7)
2017-10-04,50,POINT(-81.0 43.6)
2016-01-05,8,POINT(-110.2 49.5)
2016-12-13,4,POINT(-72.2 42.8)
2017-02-02,12,POINT(-72.5 43.4)
2016-09-15,2,POINT(-101.7 46.2)
2017-02-22,1,POINT(-112.6 23.1)
2017-01-25,77,POINT(-105.8 36.8)
2017-08-12,72,POINT(-73.5 40.2)
2016-04-24,9,POINT(-89.5 47.5)
2016-01-04,35,POINT(-74.3 45.0)
2017-10-04,6,POINT(-118.9 31.7)
2016-05-07,11,POINT(-70.5 29.4)
2016-01-09,26,POINT(-88.6 28.9)
2016-11-19,16,POINT(-110.7 27.5)
2016-04-27,35,POINT(-94.7 29.3)
2017-04-11,79,POINT(-79.0 42.0)
2017-11-30,1,POINT(-112.9 23.5)
2017-10-12,52,POINT(-89.6 42.0)
2017-04-07,11,POINT(-85.3 25.8)
2016-05-04,11,POINT(-99.4 38.7)
2016-08-10,1,POINT(-92.9 37.9)
2016-11-23,36,POINT(-78.1 37.8)
2016-09-15,29,POINT(-72.4 29.3)
2016-03-07,45,POINT(-92.3 24.5)
2017-08-19,4,POINT(-84.9 43.8)
2016-03-02,5,POINT(-103.9 27.3)
2017-06-09,8,POINT(-103.3 22.4)
2017-09-25,16,POINT(-75.6 24.8)
2016-10-05,9,POINT(-115.1 23.4)
2016-05-02,8,POINT(-109.7 41.4)
2017-08-11,5,POINT(-106.5 42.4)
2016-09-28,4,POINT(-115.3 30.1)
2017-05-16,13,POINT(-86.6 42.9)
2017-10-19,12,POINT(-74.7 45.2)
2016-09-25,31,POINT(-118.7 34.3)
2017-07-21,35,POINT(-107.4 44.8)
2016-08-05,25,POINT(-74.0 35.1)
2017-11-15,36,POINT(-96.7 44.3)
2017-07-05,3,POINT(-75.7 33.2)
2016-06-07,13,POINT(-72.8 21.8)
2016-12-25,7,POINT(-70.5 26.6)
2017-04-09,6,POINT(-100.2 29.1)
2017-06-27,25,POINT(-102.9 33.2)
2016-09-04,36,POINT(-82.6 34.2)
2017-10-02,3,POINT(-90.3 49.3)
2016-10-17,3,POINT(-87.0 34.3)
2016-02-05,21,POINT(-93.4 31.1)
2016-03-06,4,POINT(-94.3 30.8)
2017-03-02,30,POINT(-104.3 46.6)
2016-06-05,36,POINT(-90.2 31.5)
2017-07-08,15,POINT(-106.6 43.6)
2016-04-30,48,POINT(-102.2 27.5)
2016-07-10,1,POINT(-88.5 32.9)
2017-04-20,6,POINT(-88.2 37.2)
2016-12-19,30,POINT(-91.1 36.9)
2017-06-26,64,POINT(-86.3 37.4)
2016-12-22,65,POINT(-99.4 42.2)
2017-06-14,1,POINT(-90.3 35.3)
2017-04-24,20,POINT(-115.2 25.5)
2016-03-13,1,POINT(-95.8 37.4)
2017-01-25,25,POINT(-90.7 28.9)
2016-03-16,30,POINT(-98.9 29.0)
2016-07-06,39,POINT(-119.2 23.9)
2017-11-21,16,POINT(-84.9 47.3)
2016-12-03,38,POINT(-97.2 21.9)
2017-04-20,52,POINT(-112.2 21.1)
2016-11-01,16,POINT(-71.4 41.7)
2017-10-10,15,POINT(-72.9 41.1)
2016-06-10,15,POINT(-112.1 30.5)
2016-02-16,15,POINT(-84.6 42.2)
2016-01-24,30,POINT(-94.1 34.6)
2016-12-01,2,POINT(-105.5 41.8)
2016-10-10,13,POINT(-85.8 36.4)
2016-06-22,15,POINT(-97.6 42.0)
2016-11-02,5,POINT(-75.1 43.2)
2016-08-17,16,POINT(-84.8 28.5)
2017-12-03,13,POINT(-94.6 31.6)
2016-04-27,27,POINT(-97.4 35.1)
2016-02-22,9,POINT(-118.4 25.7)
2016-07-10,60,POINT(-112.0 49.1)
2017-07-25,11,POINT(-117.7 47.7)
2017-06-06,20,POINT(-116.8 43.3)
2016-05-20,6,POINT(-116.6 25.9)
2017-10-16,24,POINT(-119.3 33.6)
2016-04-22,15,POINT(-80.4 47.8)
2016-09-20,9,POINT(-96.1 38.4)
2017-05-05,9,POINT(-82.5 31.6)
2016-12-09,10,POINT(-111.6 22.7)
2017-06-06,12,POINT(-77.9 23.0)
2016-04-08,6,POINT(-115.3 40.3)
2017-04-17,7,POINT(-103.9 29.3)
2016-01-23,64,POINT(-101.5 34.9)
2016-08-26,8,POINT(-108.2 42.5)
2017-09-12,20,POINT(-113.1 25.5)
2016-09-19,9,POINT(-88.6 22.3)
2016-11-20,34,POINT(-119.6 31.3)
2017-11-02,24,POINT(-80.4 24.9)
2017-11-14,8,POINT(-117.9 35.3)
2017-01-21,26,POINT(-71.8 36.6)
2017-08-28,29,POINT(-76.6 23.3)
2016-05-01,3,POINT(-99.3 43.8)
2016-10-26,18,POINT(-112.9 20.7)
2017-12-09,33,POINT(-76.5 30.3)
2017-07-16,2,POINT(-87.8 21.4)
2016-11-12,15,POINT(-94.8 41.2)
2016-01-20,37,POINT(-104.0 46.4)
2017-06-25,62,POINT(-91.9 30.4)
2016-10-26,22,POINT(-99.2 29.8)
2017-04-14,8,POINT(-96.7 40.8)
2016-03-26,19,POINT(-77.7 46.1)
2017-10-30,1,POINT(-72.4 46.6)
2017-02-08,13,POINT(-71.9 37.5)
2017-11-23,26,POINT(-74.6 37.8)
2016-04-21,1,POINT(-79.9 38.6)
2016-05-18,19,POINT(-97.3 35.2)
2016-01-10,18,POINT(-115.6 35.9)
2016-10-17,5,POINT(-88.5 22.8)
2017-01-13,17,POINT(-99.9 49.5)
2016-08-25,11,POINT(-85.6 21.9)
2017-10-05,14,POINT(-109.0 34.4)
2016-11-25,8,POINT(-81.8 43.6)
2016-07-03,34,POINT(-111.5 37.5)
2017-12-20,10,POINT(-79.6 22.9)
2017-02-28,32,POINT(-74.4 36.7)
2016-11-18,2,POINT(-75.0 47.2)
2017-04-26,7,POINT(-102.7 38.7)
2017-08-23,11,POINT(-100.5 43.4)
2016-12-23,11,POINT(-78.1 33.9)
2016-12-27,12,POINT(-85.4 29.4)
2016-02-05,22,POINT(-93.7 26.0)
2017-05-30,18,POINT(-72.0 45.5)
2016-11-25,15,POINT(-94.2 41.2)
2016-09-25,37,POINT(-107.8 25.3)
2016-03-10,5,POINT(-86.0 36.6)
2017-06-02,40,POINT(-94.4 41.3)
2017-10-29,34,POINT(-109.8 37.0)
2017-01-12,5,POINT(-112.4 48.5)
2016-10-19,20,POINT(-102.2 25.5)
2016-10-12,6,POINT(-71.5 41.4)
2016-12-25,58,POINT(-112.7 38.5)
2017-08-08,14,POINT(-96.4 47.6)
2017-06-07,5,POINT(-103.7 45.9)
2016-12-02,21,POINT(-72.8 39.5)
2017-09-15,25,POINT(-101.1 33.1)
2017-06-25,19,POINT(-108.7 24.9)
2016-02-05,6,POINT(-96.1 44.1)
2017-05-02,27,POINT(-112.3 44.7)
2017-01-13,54,POINT(-101.0 30.9)
2016-12-09,61,POINT(-83.4 26.8)
2016-08-17,23,POINT(-90.0 48.0)
2017-09-09,37,POINT(-119.5 34.1)
2017-07-28,77,POINT(-95.1 42.1)
2017-01-31,1,POINT(-79.3 38.7)
2017-02-24,13,POINT(-91.9 41.0)
2017-07-09,7,POINT(-96.5 20.6)
2017-10-22,13,POINT(-99.2 38.8)
2017-02-05,50,POINT(-93.2 36.5)
2017-05-02,82,POINT(-116.3 42.6)
2016-02-15,48,POINT(-80.0 48.1)
2017-11-17,5,POINT(-77.2 44.9)
2016-06-02,33,POINT(-90.4 33.3)
2016-09-17,35,POINT(-71.1 37.9)
2017-10-06,18,POINT(-92.2 27.2)
2016-10-13,26,POINT(-118.6 20.1)
2017-10-29,48,POINT(-96.8 24.4)
2016-11-26,103,POINT(-100.0 22.2)
2017-09-30,1,POINT(-110.3 42.5)
2017-12-05,6,POINT(-93.3 25.6)
2017-04-16,55,POINT(-97.3 23.3)
2016-09-25,8,POINT(-111.4 28.6)
2017-09-25,3,POINT(-94.7 48.0)
2017-10-19,8,POINT(-78.3 28.2)
2017-10-25,15,POINT(-94.5 39.7)
2016-06-05,10,POINT(-109.1 45.0)
2017-10-29,32,POINT(-85.7 44.9)
2017-09-05,19,POINT(-76.5 48.3)
2017-03-04,12,POINT(-102.7 30.9)
2016-09-08,119,POINT(-116.4 34.6)
2016-09-23,44,POINT(-74.3 27.1)
2016-02-28,40,POINT(-85.9 21.9)
2017-09-08,17,POINT(-70.4 49.3)
2017-07-12,31,POINT(-85.3 46.0)
2017-08-22,9,POINT(-113.8 29.5)
2016-06-19,9,POINT(-98.3 43.7)
2017-10-25,45,POINT(-117.9 44.9)
2017-11-18,19,POINT(-102.9 27.4)
2016-11-14,9,POINT(-80.7 48.0)
2017-10-18,38,POINT(-92.2 29.6)
2017-02-01,12,POINT(-97.1 37.0)
2016-01-15,11,POINT(-77.6 43.9)
2017-04-06,1,POINT(-111.1 37.7)
2016-05-17,23,POINT(-93.1 27.8)
2016-05-29,16,POINT(-87.6 48.0)
2017-08-15,8,POINT(-73.7 20.1)
2017-07-30,4,POINT(-111.8 35.7)
2017-10-15,5,POINT(-84.7 21.3)
2016-10-26,6,POINT(-117.7 39.6)
2017-02-26,41,POINT(-91.6 21.3)
2017-02-22,14,POINT(-87.8 21.7)
2016-07-11,24,POINT(-78.0 34.8)
2016-10-09,13,POINT(-103.8 40.6)
2016-09-10,13,POINT(-85.2 32.6)
2017-05-18,35,POINT(-115.4 47.4)
2017-11-15,30,POINT(-108.9 47.8)
2016-11-08,6,POINT(-81.3 33.5)
2016-10-04,20,POINT(-75.4 38.1)
2016-11-05,23,POINT(-119.2 49.4)
2016-07-04,11,POINT(-111.7 44.7)
2016-08-11,2,POINT(-109.5 24.0)
2017-07-27,10,POINT(-94.0 22.1)
2017-02-25,9,POINT(-112.3 37.1)
2017-08-18,24,POINT(-71.2 45.3)
2016-01-27,34,POINT(-100.6 42.7)
2017-01-15,11,POINT(-112.9 38.8)
2016-11-15,21,POINT(-81.3 45.0)
2016-05-10,21,POINT(-91.9 23.9)
2017-09-30,21,POINT(-74.3 34.1)
2017-06-06,17,POINT(-73.2 43.7)
2016-10-06,20,POINT(-77.2 24.8)
2016-10-11,41,POINT(-91.8 31.2)
2016-07-15,51,POINT(-108.9 33.8)
2016-10-01,2,POINT(-98.6 22.3)
2016-03-08,1,POINT(-95.9 20.7)
2016-08-20,15,POINT(-71.2 35.2)
2017-09-02,11,POINT(-107.4 47.2)
2016-08-09,12,POINT(-98.3 23.1)
2017-03-28,13,POINT(-91.9 23.9)
2017-09-27,46,POINT(-100.4 21.7)
2016-10-30,21,POINT(-114.0 30.9)
2017-09-05,12,POINT(-75.5 31.8)
2017-02-03,13,POINT(-79.9 49.5)
2016-11-15,38,POINT(-107.2 44.7)
2016-09-20,5,POINT(-97.6 31.0)
2016-12-30,1,POINT(-83.2 31.4)
2017-01-23,14,POINT(-71.3 32.5)
2017-09-26,65,POINT(-111.6 37.7)
2016-08-14,34,POINT(-88.1 46.3)
2017-03-31,11,POINT(-79.1 26.9)
2017-10-26,4,POINT(-118.7 27.4)
2016-10-31,17,POINT(-79.5 49.7)
2017-05-19,43,POINT(-80.5 34.7)
2016-11-23,26,POINT(-73.8 40.5)
2017-10-22,16,POINT(-115.8 44.3)
2017-06-04,27,POINT(-113.8 34.7)
2016-11-15,67,POINT(-94.1 20.5)
2017-05-06,17,POINT(-76.4 42.5)
2017-04-05,17,POINT(-76.3 37.5)
2017-06-18,14,POINT(-85.0 46.3)
2017-03-19,17,POINT(-97.6 44.0)
2017-03-18,21,POINT(-108.4 31.8)
2017-12-04,5,POINT(-96.3 21.3)
2016-08-14,17,POINT(-109.1 36.5)
2017-07-19,1,POINT(-81.3 49.4)
2017-08-26,56,POINT(-98.9 25.1)
2017-06-10,1,POINT(-93.0 35.2)
2017-11-21,64,POINT(-86.0 23.6)
2017-05-30,70,POINT(-93.7 48.2)
2017-02-21,15,POINT(-82.2 44.8)
2016-04-10,9,POINT(-80.7 36.1)
2017-02-11,5,POINT(-107.9 39.2)
2017-02-08,4,POINT(-105.1 39.4)
2016-05-09,6,POINT(-117.0 48.6)
2017-06-02,13,POINT(-115.5 49.1)
2017-11-26,28,POINT(-78.5 40.0)
2016-02-04,11,POINT(-109.3 28.8)
2016-06-02,31,POINT(-78.3 39.2)
2017-02-05,17,POINT(-70.7 36.7)
2016-03-04,1,POINT(-107.9 43.7)
2017-07-21,3,POINT(-97.0 45.9)
2016-08-16,17,POINT(-93.1 39.1)
2016-09-09,4,POINT(-72.9 35.5)
2017-05-02,19,POINT(-111.1 45.7)
2017-07-17,12,POINT(-78.2 33.4)
2016-01-15,24,POINT(-72.1 34.3)
2016-12-05,7,POINT(-92.3 20.5)
2016-12-28,35,POINT(-112.4 22.2)
2016-06-28,10,POINT(-103.3 32.9)
2017-08-11,32,POINT(-72.0 20.2)
2016-08-02,1,POINT(-111.6 26.1)
2016-06-02,10,POINT(-95.6 40.4)
2016-02-14,5,POINT(-110.5 38.9)
2016-12-17,12,POINT(-74.8 37.0)
2016-01-21,59,POINT(-90.5 44.8)
2017-08-15,4,POINT(-73.8 30.8)
2017-07-18,2,POINT(-72.7 39.8)
2017-10-30,2,POINT(-95.6 39.3)
2017-01-03,3,POINT(-73.1 39.8)
2017-10-20,2,POINT(-120.0 40.2)
2017-11-24,24,POINT(-110.4 44.1)
2016-03-18,3,POINT(-83.3 38.2)
2016-04-28,5,POINT(-93.7 46.3)
2016-12-24,21,POINT(-70.5 32.8)
2017-09-08,12,POINT(-80.8 49.2)
2017-05-28,2,POINT(-86.8 21.0)
2017-09-18,71,POINT(-74.4 24.0)
2017-05-17,19,POINT(-103.1 22.5)
2016-02-01,20,POINT(-111.6 33.1)
2016-12-23,39,POINT(-92.6 37.6)
2016-03-02,48,POINT(-108.1 33.3)
2016-04-06,2,POINT(-108.4 26.3)
2017-01-12,2,POINT(-104.7 27.0)
2017-10-08,30,POINT(-86.2 44.2)
2017-05-10,24,POINT(-118.8 21.6)
2017-09-01,5,POINT(-77.5 49.7)
2017-03-27,8,POINT(-89.4 41.6)
2016-08-02,19,POINT(-104.8 47.6)
2016-03-24,32,POINT(-114.3 25.5)
2017-02-09,19,POINT(-80.5 36.8)
2017-10-30,32,POINT(-98.2 35.9)
2016-04-16,6,POINT(-98.2 38.6)
2017-05-03,9,POINT(-96.5 43.3)
2016-12-22,3,POINT(-99.3 41.4)
2016-05-10,84,POINT(-94.3 31.8)
2016-01-22,34,POINT(-88.5 46.1)
2017-08-18,26,POINT(-98.4 20.4)
2017-08-23,5,POINT(-71.4 27.6)
2016-08-13,24,POINT(-100.1 35.6)
2016-04-15,40,POINT(-109.3 45.8)
2017-01-28,34,POINT(-71.0 32.0)
2016-04-10,29,POINT(-105.2 43.3)
2016-05-27,10,POINT(-89.0 28.0)
2016-08-17,30,POINT(-78.6 49.1)
2016-03-27,14,POINT(-119.8 20.5)
2017-06-06,11,POINT(-105.9 25.3)
2017-10-09,67,POINT(-93.4 20.7)
2016-04-02,4,POINT(-97.2 20.5)
2016-06-01,41,POINT(-116.4 47.2)
2017-02-26,8,POINT(-97.6 28.3)
2016-12-19,15,POINT(-114.7 27.0)
2017-08-30,10,POINT(-107.5 28.0)
2017-07-27,14,POINT(-82.6 44.1)
2017-02-12,35,POINT(-111.1 29.4)
2016-03-27,5,POINT(-86.7 37.8)
2016-07-29,29,POINT(-71.4 45.8)
2017-01-17,12,POINT(-107.7 29.6)
2017-08-17,55,POINT(-107.0 24.4)
2017-06-07,16,POINT(-72.3 22.0)
2016-06-01,1,POINT(-86.7 36.9)
2016-01-05,49,POINT(-81.5 38.2)
2016-03-16,52,POINT(-80.4 46.1)
2017-02-14,4,POINT(-83.5 34.2)
2016-01-04,72,POINT(-71.2 46.0)
2017-01-06,12,POINT(-106.3 35.4)
2016-03-23,50,POINT(-94.1 37.7)
2017-03-06,10,POINT(-86.8 36.1)
2017-04-16,1,POINT(-84.6 29.0)
2016-12-27,32,POINT(-110.4 45.3)
2017-02-15,44,POINT(-76.2 46.5)
2016-02-04,4,POINT(-79.3 45.5)
2016-08-29,17,POINT(-106.8 23.2)
2017-10-17,36,POINT(-92.8 40.0)
2016-03-20,13,POINT(-105.3 33.3)
2016-03-15,32,POINT(-101.7 22.9)
2016-10-10,21,POINT(-93.3 21.9)
2017-12-27,26,POINT(-93.0 40.9)
2016-08-25,51,POINT(-93.4 31.9)
2016-12-02,11,POINT(-92.8 31.5)
2017-06-14,30,POINT(-88.2 26.4)
2017-08-08,25,POINT(-119.2 38.1)
2017-07-20,12,POINT(-113.0 24.5)
2016-03-23,10,POINT(-96.5 20.1)
2017-11-06,43,POINT(-84.6 20.4)
2016-11-13,5,POINT(-94.5 31.0)
2017-11-09,8,POINT(-88.6 41.6)
2017-09-19,74,POINT(-71.5 38.1)
2016-10-23,7,POINT(-83.5 27.5)
2017-11-30,42,POINT(-73.0 23.1)
2016-12-07,10,POINT(-119.0 30.9)
2017-02-27,17,POINT(-97.6 46.9)
2016-01-19,11,POINT(-102.3 30.4)
2016-01-04,6,POINT(-84.7 23.6)
2017-04-11,24,POINT(-73.5 46.7)
2016-07-08,68,POINT(-118.0 29.7)
2016-10-07,45,POINT(-117.1 43.2)
2016-03-03,85,POINT(-86.4 28.2)
2016-09-10,24,POINT(-102.7 46.1)
2017-09-18,1,POINT(-109.8 22.5)
2016-01-02,17,POINT(-72.3 27.6)
2016-03-07,20,POINT(-119.3 41.8)
2016-10-12,3,POINT(-106.3 31.8)
2016-05-11,36,POINT(-103.4 36.5)
2016-02-17,27,POINT(-80.9 28.3)
2017-07-08,12,POINT(-91.9 30.8)
2017-08-27,7,POINT(-103.6 38.2)
2017-10-14,6,POINT(-111.5 43.8)
2016-02-16,67,POINT(-109.1 46.8)
2016-08-18,33,POINT(-118.1 30.8)
2016-10-10,24,POINT(-78.2 38.9)
2017-07-02,60,POINT(-114.1 34.9)
2016-01-28,5,POINT(-78.8 39.7)
2017-02-14,39,POINT(-113.0 38.7)
2017-04-17,18,POINT(-74.7 38.6)
2017-10-31,55,POINT(-86.1 33.1)
2016-08-09,22,POINT(-102.4 28.8)
2017-01-10,28,POINT(-100.4 32.6)
2016-01-09,6,POINT(-105.8 45.1)
2017-02-16,9,POINT(-109.4 30.3)
2017-04-15,8,POINT(-74.4 45.8)
2016-03-10,24,POINT(-110.8 25.0)
2016-12-07,11,POINT(-111.2 36.6)
2016-03-06,40,POINT(-102.0 23.3)
2017-08-29,5,POINT(-70.8 33.3)
2017-11-23,32,POINT(-96.8 49.1)
2016-03-10,34,POINT(-102.2 38.8)
2016-09-17,20,POINT(-70.1 20.5)
2017-06-15,4,POINT(-83.0 44.7)
2017-01-30,8,POINT(-72.8 35.0)
2016-12-23,11,POINT(-107.6 40.1)
2016-12-23,13,POINT(-82.3 39.3)
2017-01-26,27,POINT(-75.5 25.7)
2017-01-10,9,POINT(-93.5 32.2)
2016-07-04,1,POINT(-98.8 26.4)
2016-10-31,41,POINT(-105.2 25.4)
2016-03-04,12,POINT(-91.6 36.7)
2016-06-26,7,POINT(-110.4 26.1)
2016-08-22,35,POINT(-98.4 26.0)
2016-02-09,43,POINT(-85.9 38.8)
2016-10-13,27,POINT(-87.4 32.1)
2016-09-15,9,POINT(-85.0 26.1)
2017-04-11,6,POINT(-90.7 31.5)
2016-08-27,25,POINT(-119.9 37.4)
2017-05-17,2,POINT(-118.7 38.0)
2017-08-06,10,POINT(-91.0 46.9)
2017-06-25,29,POINT(-71.7 47.9)
2016-12-16,18,POINT(-110.3 26.1)
2017-06-24,27,POINT(-84.1 34.7)
2016-11-07,18,POINT(-98.3 33.4)
2017-08-21,6,POINT(-113.0 43.0)
2016-04-17,14,POINT(-118.3 25.8)
2016-01-30,30,POINT(-84.3 26.8)
2016-11-04,6,POINT(-112.8 24.7)
2017-04-30,66,POINT(-105.1 42.0)
2016-02-15,5,POINT(-99.9 26.8)
2016-12-24,1,POINT(-84.7 32.6)
2016-05-16,31,POINT(-100.6 27.8)
2017-07-28,53,POINT(-100.7 49.5)
2017-03-06,6,POINT(-80.3 39.4)
2017-07-09,4,POINT(-119.7 28.6)
2016-09-07,6,POINT(-82.3 23.5)
2017-03-08,20,POINT(-93.9 33.2)
2016-07-25,18,POINT(-92.9 25.4)
2017-03-21,20,POINT(-102.7 25.0)
2016-02-28,1,POINT(-115.4 28.9)
2016-07-24,4,POINT(-115.5 49.0)
2016-11-26,6,POINT(-103.0 32.0)
2017-08-18,24,POINT(-84.0 26.3)
2017-06-08,19,POINT(-75.4 29.9)
2016-06-06,20,POINT(-79.4 34.3)
2016-04-13,17,POINT(-80.1 22.2)
2016-12-24,28,POINT(-119.7 29.1)
2016-12-30,57,POINT(-110.4 24.3)
2017-07-08,23,POINT(-72.7 22.7)
2016-06-27,28,POINT(-76.5 47.3)
2016-12-23,19,POINT(-113.7 28.5)
2016-09-20,32,POINT(-88.2 26.3)
2017-07-02,58,POINT(-98.3 41.0)
2016-12-18,19,POINT(-119.6 21.7)
2016-12-29,4,POINT(-80.0 49.2)
2016-09-06,30,POINT(-72.8 49.5)
2016-04-29,22,POINT(-74.0 42.9)
2016-07-10,55,POINT(-100.8 49.6)
2016-03-02,7,POINT(-80.6 27.7)
2016-07-28,71,POINT(-95.1 27.6)
2016-02-21,17,POINT(-71.0 46.1)
2017-12-22,67,POINT(-71.8 38.2)
2016-11-08,31,POINT(-81.3 41.7)
2016-10-05,41,POINT(-96.4 20.4)
2017-01-22,8,POINT(-74.9 33.9)
2016-07-20,5,POINT(-108.8 28.4)
2016-05-18,20,POINT(-109.3 24.6)
2016-01-19,10,POINT(-92.1 35.6)
2016-11-16,86,POINT(-79.0 28.3)
2016-04-04,14,POINT(-116.9 36.3)
2016-05-09,3,POINT(-80.8 22.3)
2016-04-14,14,POINT(-72.5 43.9)
2016-07-15,16,POINT(-92.7 48.5)
2016-09-16,1,POINT(-109.3 38.9)
2016-02-08,6,POINT(-88.4 24.3)
2017-05-15,1,POINT(-110.2 42.5)
2016-05-10,17,POINT(-100.5 46.4)
2016-06-02,7,POINT(-85.0 31.0)
2017-07-06,4,POINT(-100.9 35.4)
2016-11-16,37,POINT(-95.8 21.9)
2016-05-01,1,POINT(-92.7 36.4)
2016-05-23,24,POINT(-103.0 21.4)
2016-07-04,18,POINT(-116.2 30.6)
2017-06-30,30,POINT(-94.5 28.3)
2016-07-29,3,POINT(-95.6 25.5)
2017-02-03,42,POINT(-98.7 45.6)
2016-02-02,8,POINT(-110.8 38.1)
2016-06-07,1,POINT(-117.4 40.3)
2017-02-09,22,POINT(-78.7 34.8)
2016-12-29,40,POINT(-93.4 42.4)
2017-12-04,9,POINT(-71.0 31.1)
2016-06-11,15,POINT(-71.1 33.2)
2017-07-04,11,POINT(-91.0 22.5)
2016-05-10,1,POINT(-95.5 29.6)
2016-04-05,28,POINT(-110.7 23.2)
2017-10-14,57,POINT(-101.0 34.4)
2016-09-26,11,POINT(-80.7 48.2)
2017-11-11,4,POINT(-71.8 44.3)
2017-01-01,15,POINT(-90.0 33.1)
2016-12-30,48,POINT(-89.2 29.0)
2017-03-09,19,POINT(-72.9 29.9)
2017-09-02,5,POINT(-113.7 34.2)
2016-03-01,17,POINT(-89.4 27.3)
2016-11-18,8,POINT(-90.7 30.1)
2017-12-29,1,POINT(-109.7 34.8)
2017-08-11,49,POINT(-81.3 45.2)
2016-07-26,32,POINT(-114.0 22.9)
2016-12-13,52,POINT(-116.8 32.1)
2016-02-14,23,POINT(-95.7 25.7)
2016-12-12,12,POINT(-105.0 39.1)
2017-12-14,14,POINT(-98.2 37.1)
2017-12-22,5,POINT(-114.4 37.3)
2017-10-08,10,POINT(-97.4 36.0)
2017-01-03,4,POINT(-98.0 42.0)
2017-06-17,13,POINT(-71.7 24.6)
2016-12-23,21,POINT(-83.9 25.6)
2017-05-09,6,POINT(-74.0 41.3)
2016-02-29,58,POINT(-80.9 24.0)
2016-10-24,21,POINT(-80.6 41.8)
2016-02-28,5,POINT(-76.7 24.9)
2017-02-27,4,POINT(-107.2 49.7)
2016-08-18,4,POINT(-98.7 21.4)
2017-11-25,73,POINT(-76.2 43.3)
2017-03-23,6,POINT(-116.7 27.0)
2017-09-04,4,POINT(-117.2 29.7)
2017-09-17,4,POINT(-87.6 47.4)
2017-01-02,9,POINT(-74.5 29.2)
2017-07-07,20,POINT(-80.3 31.3)
2016-01-29,2,POINT(-80.0 25.5)
2016-10-03,4,POINT(-102.0 22.3)
2017-08-31,75,POINT(-90.4 23.2)
2017-12-03,20,POINT(-81.4 37.8)
2017-01-13,4,POINT(-80.3 21.4)
2016-02-07,16,POINT(-91.0 26.8)
2016-07-25,6,POINT(-80.0 31.8)
2017-12-06,73,POINT(-118.7 23.3)
2017-10-13,10,POINT(-72.9 42.4)
2016-10-15,4,POINT(-76.5 49.1)
2017-05-07,19,POINT(-117.4 46.8)
2016-08-12,3,POINT(-99.0 48.6)
2017-03-27,15,POINT(-74.0 36.3)
2016-01-28,39,POINT(-94.4 24.4)
2017-12-02,9,POINT(-115.4 40.0)
2016-11-29,13,POINT(-71.7 21.8)
2017-01-07,3,POINT(-102.1 34.3)
2017-07-14,21,POINT(-94.2 43.7)
2016-10-27,3,POINT(-88.4 45.6)
2016-07-22,8,POINT(-78.4 28.9)
2017-01-13,37,POINT(-76.3 26.7)
2016-04-24,4,POINT(-87.3 40.7)
2016-01-20,37,POINT(-72.6 24.2)
2017-08-19,20,POINT(-109.0 49.8)
2017-01-30,4,POINT(-74.8 30.0)
2016-02-21,4,POINT(-110.5 42.5)
2017-10-21,22,POINT(-75.3 41.8)
2016-07-04,27,POINT(-109.2 29.3)
2017-11-15,22,POINT(-84.0 31.6)
2016-12-18,26,POINT(-79.2 45.3)
2016-04-23,9,POINT(-100.5 26.8)
2017-05-28,1,POINT(-114.3 21.8)
2017-06-29,16,POINT(-101.9 24.4)
2016-10-08,19,POINT(-116.9 40.5)
2017-11-03,24,POINT(-87.0 27.1)
2016-06-18,6,POINT(-85.1 37.0)
2017-08-28,4,POINT(-106.6 31.8)
2016-11-16,36,POINT(-87.4 46.0)
2016-12-31,37,POINT(-117.1 34.6)
2017-06-03,88,POINT(-118.4 24.2)
2016-04-19,9,POINT(-99.6 45.0)
2017-06-27,2,POINT(-95.8 22.5)
2017-07-16,13,POINT(-119.1 44.8)
2017-11-10,14,POINT(-90.5 21.2)
2017-07-31,1,POINT(-78.4 20.1)
2017-06-26,18,POINT(-99.5 42.7)
2016-11-19,7,POINT(-82.6 36.8)
2016-01-12,3,POINT(-112.4 26.5)
2016-01-23,19,POINT(-93.5 49.0)
2016-06-09,7,POINT(-80.5 39.1)
2016-09-20,17,POINT(-85.9 27.2)
2017-12-02,1,POINT(-81.0 32.5)
2017-01-14,10,POINT(-83.9 47.4)
2016-03-20,41,POINT(-113.9 26.1)
2016-09-27,22,POINT(-114.9 47.8)
2017-02-28,41,POINT(-71.2 26.5)
2017-09-07,27,POINT(-95.9 20.7)
2017-03-11,26,POINT(-83.4 28.1)
2016-03-18,41,POINT(-85.9 21.6)
2017-06-07,1,POINT(-117.8 27.0)
2016-04-20,11,POINT(-95.2 28.2)
2017-03-27,65,POINT(-93.9 32.5)
2017-02-17,4,POINT(-79.6 28.5)
2016-09-16,22,POINT(-71.9 41.4)
2016-12-16,32,POINT(-105.5 49.1)
2017-12-08,55,POINT(-117.1 21.4)
2016-07-02,42,POINT(-96.2 35.4)
2017-10-19,23,POINT(-118.5 27.9)
2016-06-23,25,POINT(-100.7 33.9)
2017-12-12,9,POINT(-106.3 41.1)
2017-11-30,6,POINT(-107.9 46.3)
2017-09-09,64,POINT(-119.9 46.6)
2017-01-20,75,POINT(-107.5 24.9)
2017-08-07,12,POINT(-104.0 36.9)
2016-09-28,11,POINT(-74.4 28.5)
2017-12-26,13,POINT(-115.6 34.9)
2016-07-04,13,POINT(-81.7 47.6)
2017-10-13,37,POINT(-83.8 21.8)
2016-06-15,12,POINT(-103.7 37.8)
2016-05-22,43,POINT(-74.7 30.8)
2017-05-07,24,POINT(-87.2 46.0)
2016-03-12,68,POINT(-115.2 26.5)
2016-12-09,23,POINT(-109.8 30.0)
2017-05-13,11,POINT(-99.9 20.6)
2016-05-26,51,POINT(-71.6 32.9)
2017-09-04,6,POINT(-106.8 39.0)
2017-05-15,68,POINT(-98.6 25.9)
2016-12-03,1,POINT(-92.0 39.1)
2016-03-25,21,POINT(-102.2 42.3)
2016-05-22,1,POINT(-85.0 25.8)
2016-11-06,5,POINT(-87.0 42.7)
2017-01-03,13,POINT(-117.0 48.0)
2017-12-07,4,POINT(-98.6 26.7)
2017-11-26,90,POINT(-80.9 24.0)
2017-03-16,30,POINT(-88.0 30.0)
2016-03-07,39,POINT(-97.0 25.7)
2017-06-17,78,POINT(-83.5 43.3)
2016-12-06,23,POINT(-86.5 24.0)
2017-11-08,7,POINT(-78.1 20.7)
2016-04-11,29,POINT(-117.5 30.6)
2016-11-09,18,POINT(-93.2 43.5)
2016-04-19,7,POINT(-87.0 39.5)
2017-03-07,10,POINT(-86.2 35.9)
2016-12-07,19,POINT(-73.9 33.7)
2016-06-27,11,POINT(-99.4 39.5)
2017-11-09,6,POINT(-80.2 34.8)
2016-05-13,12,POINT(-80.7 43.2)
2016-01-30,6,POINT(-106.6 46.0)
2017-04-17,42,POINT(-106.6 25.2)
2017-01-19,24,POINT(-72.9 27.0)
2017-08-20,10,POINT(-103.8 35.4)
2016-01-09,59,POINT(-99.3 46.0)
2016-05-15,10,POINT(-89.8 47.6)
2016-10-16,18,POINT(-104.2 23.8)
2017-10-09,15,POINT(-86.9 29.1)
2017-10-13,3,POINT(-105.5 43.1)
2016-02-12,12,POINT(-93.6 48.0)
2016-04-14,2,POINT(-92.0 22.4)
2016-01-31,4,POINT(-80.0 34.1)
2017-11-12,31,POINT(-77.0 34.9)
2017-11-03,8,POINT(-85.9 20.3)
2016-08-06,2,POINT(-106.5 45.6)
2016-04-22,26,POINT(-96.8 23.2)
2017-11-25,33,POINT(-91.9 45.1)
2016-09-16,18,POINT(-105.1 20.6)
2016-01-12,50,POINT(-73.0 49.5)
2017-04-15,38,POINT(-114.6 35.7)
2016-12-05,17,POINT(-78.3 29.0)
2016-09-02,27,POINT(-98.7 38.2)
2016-09-06,8,POINT(-72.7 28.5)
2017-07-23,21,POINT(-93.4 23.2)
2017-05-23,76,POINT(-83.5 27.6)
2016-10-30,33,POINT(-83.3 45.2)
2017-05-27,10,POINT(-85.1 27.4)
2016-12-26,54,POINT(-117.5 32.3)
2017-12-15,35,POINT(-88.9 36.5)
2016-02-13,1,POINT(-75.3 46.1)
2016-11-14,28,POINT(-77.8 20.3)
2017-08-29,75,POINT(-74.3 46.5)
2017-05-03,8,POINT(-97.8 42.2)
2016-10-20,7,POINT(-97.3 31.6)
2017-05-23,21,POINT(-79.6 49.8)
2017-06-04,3,POINT(-104.8 21.8)
2016-11-21,23,POINT(-81.7 42.1)
2016-09-09,6,POINT(-94.8 41.6)
2016-11-03,13,POINT(-106.8 48.4)
2016-11-18,45,POINT(-87.8 44.7)
2017-08-30,32,POINT(-105.2 37.3)
2017-10-03,3,POINT(-86.4 27.0)
2016-02-05,29,POINT(-91.5 35.3)
2017-09-08,11,POINT(-83.9 23.1)
2017-12-11,104,POINT(-90.0 34.7)
2016-10-17,8,POINT(-82.1 25.8)
2017-06-25,13,POINT(-70.2 48.0)
2017-08-27,9,POINT(-96.6 32.2)
2017-05-03,18,POINT(-90.1 24.5)
2016-08-23,7,POINT(-114.9 20.7)
2017-01-19,49,POINT(-72.5 29.9)
2016-12-26,20,POINT(-90.2 21.7)
2017-12-07,58,POINT(-114.9 33.8)
2016-09-12,23,POINT(-100.0 21.4)
2016-12-24,5,POINT(-115.9 45.0)
2017-06-26,1,POINT(-95.1 34.0)
2016-01-25,11,POINT(-106.1 43.8)
2016-01-01,101,POINT(-103.0 30.9)
2016-12-23,42,POINT(-116.5 43.0)
2016-04-27,38,POINT(-81.9 32.2)
2017-04-23,17,POINT(-77.9 40.1)
2017-11-07,2,POINT(-113.0 41.4)
2017-04-03,1,POINT(-82.5 38.1)
2016-04-22,37,POINT(-113.6 21.7)
2016-07-13,4,POINT(-115.7 31.0)
2017-10-13,2,POINT(-114.3 43.3)
2016-01-20,25,POINT(-118.4 47.7)
2016-10-12,1,POINT(-101.2 39.8)
2017-04-02,28,POINT(-72.4 49.0)
2017-03-23,5,POINT(-75.0 28.2)
2017-08-13,8,POINT(-103.4 24.1)
2017-10-01,4,POINT(-80.3 29.8)
2016-03-25,31,POINT(-78.8 40.3)
2017-07-29,14,POINT(-112.4 31.7)
2016-09-30,4,POINT(-108.5 39.8)
2017-02-06,1,POINT(-85.5 41.1)
2016-09-09,87,POINT(-106.8 38.4)
2017-08-28,26,POINT(-73.1 43.4)
2017-10-23,23,POINT(-108.5 27.0)
2016-12-30,14,POINT(-80.0 23.3)
2017-10-30,12,POINT(-82.1 21.4)
2017-12-28,32,POINT(-94.8 49.3)
2016-09-16,36,POINT(-106.8 41.5)
2017-03-09,2,POINT(-118.3 27.2)
2017-09-03,40,POINT(-78.6 34.3)
2016-05-01,29,POINT(-101.1 21.9)
2017-10-05,14,POINT(-103.0 39.9)
2017-05-31,13,POINT(-117.8 49.0)
2017-11-09,37,POINT(-112.4 41.2)
2017-07-22,32,POINT(-101.6 38.7)
2017-06-26,3,POINT(-85.5 47.7)
2017-06-02,16,POINT(-109.6 35.4)
2016-01-12,70,POINT(-111.8 42.4)
2016-01-10,27,POINT(-106.9 48.0)
2016-06-05,73,POINT(-105.8 39.4)
2017-12-25,30,POINT(-99.5 35.8)
2016-05-20,15,POINT(-102.0 37.4)
2017-09-30,19,POINT(-116.3 43.1)
2017-12-10,25,POINT(-89.1 21.6)
2016-05-16,27,POINT(-113.5 29.8)
2017-11-21,28,POINT(-76.6 21.5)
2017-08-22,54,POINT(-77.0 43.6)
2017-02-03,8,POINT(-116.4 47.4)
2017-03-18,36,POINT(-99.3 32.0)
2017-03-17,17,POINT(-96.2 27.6)
2016-09-23,44,POINT(-70.2 21.2)
2017-11-06,20,POINT(-107.4 20.2)
2017-05-27,55,POINT(-88.2 36.4)
2016-10-03,12,POINT(-97.1 30.0)
2017-11-14,3,POINT(-81.6 48.9)
2016-12-21,21,POINT(-107.6 44.5)
2017-10-15,30,POINT(-86.0 33.5)
2016-04-02,24,POINT(-113.5 26.0)
2017-10-02,26,POINT(-119.2 31.5)
2016-05-15,1,POINT(-119.1 22.1)
2016-04-20,68,POINT(-95.4 38.7)
2016-02-13,7,POINT(-81.5 46.0)
2016-07-29,11,POINT(-91.1 33.1)
2016-12-08,11,POINT(-118.2 34.4)
2016-12-24,48,POINT(-92.4 48.1)
2016-12-26,28,POINT(-114.3 29.3)
2016-11-26,20,POINT(-71.7 23.1)
2017-02-14,3,POINT(-102.4 22.1)
2017-05-22,8,POINT(-94.8 43.0)
2016-08-19,14,POINT(-103.1 26.6)
2016-06-18,3,POINT(-96.6 50.0)
2017-02-07,17,POINT(-72.1 48.9)
2016-08-21,5,POINT(-107.0 45.6)
2017-06-03,35,POINT(-84.1 35.1)
2016-10-28,36,POINT(-82.2 35.2)
2016-04-09,19,POINT(-110.5 48.0)
2016-09-09,9,POINT(-83.5 28.9)
2016-11-03,1,POINT(-87.6 34.6)
2017-11-30,20,POINT(-105.4 32.1)
2017-01-21,31,POINT(-93.9 30.8)
2016-05-02,32,POINT(-90.5 46.8)
2016-05-11,14,POINT(-78.2 41.7)
2016-08-23,4,POINT(-113.8 48.3)
2016-08-08,2,POINT(-71.4 22.2)
2016-03-02,2,POINT(-81.5 44.8)
2017-11-20,6,POINT(-93.3 29.8)
2017-02-06,4,POINT(-81.2 37.7)
2016-06-19,4,POINT(-83.3 41.1)
2017-04-20,25,POINT(-97.0 24.2)
2017-08-16,4,POINT(-103.2 42.5)
2016-01-14,24,POINT(-70.6 30.2)
2016-09-26,9,POINT(-75.8 28.4)
2016-02-23,30,POINT(-72.5 34.1)
2017-02-16,4,POINT(-117.6 43.5)
2016-05-10,1,POINT(-79.2 32.3)
2017-09-01,2,POINT(-75.4 36.4)
2017-12-13,68,POINT(-96.2 27.2)
2017-05-31,16,POINT(-75.5 29.5)
2017-09-20,19,POINT(-115.0 48.2)
2016-10-27,69,POINT(-117.0 47.6)
2017-12-04,30,POINT(-105.4 46.6)
2017-03-02,3,POINT(-118.7 31.7)
2016-04-25,11,POINT(-85.8 20.9)
2016-08-23,35,POINT(-73.7 47.6)
2017-07-16,22,POINT(-105.2 32.0)
2016-01-13,5,POINT(-87.0 44.1)
2016-08-05,33,POINT(-96.6 35.5)
2016-11-24,17,POINT(-107.2 46.8)
2016-03-08,32,POINT(-74.1 23.5)
2017-01-25,20,POINT(-72.1 44.9)
2016-04-01,13,POINT(-113.3 46.0)
2016-04-13,27,POINT(-81.7 28.7)
2017-08-12,41,POINT(-110.6 38.8)
2017-03-01,13,POINT(-95.6 21.7)
2017-09-05,1,POINT(-102.0 29.4)
2016-10-30,18,POINT(-107.8 31.2)
2017-01-13,2,POINT(-86.2 22.8)
2016-12-13,8,POINT(-77.2 33.0)
2016-06-23,16,POINT(-80.9 39.4)
2017-01-26,9,POINT(-83.9 39.5)
2017-02-08,7,POINT(-116.7 34.1)
2016-03-28,1,POINT(-115.1 23.7)
2017-09-21,7,POINT(-96.8 22.4)
2017-10-14,10,POINT(-92.2 44.7)
2017-09-16,7,POINT(-83.8 36.8)
2016-09-05,20,POINT(-102.2 42.5)
2016-12-31,22,POINT(-118.9 21.0)
2016-03-29,31,POINT(-118.2 33.2)
2017-03-31,5,POINT(-77.3 47.1)
2017-02-18,20,POINT(-113.6 41.2)
2017-03-30,12,POINT(-73.2 43.0)
2017-07-16,8,POINT(-103.4 34.1)
2017-05-25,14,POINT(-90.8 42.4)
2016-06-23,14,POINT(-111.6 40.2)
2016-07-27,21,POINT(-97.3 24.0)
2017-09-20,17,POINT(-76.2 22.7)
2016-11-08,20,POINT(-70.8 25.3)
2017-01-05,79,POINT(-81.7 22.4)
2016-11-08,34,POINT(-81.8 37.3)
2017-05-18,7,POINT(-75.7 49.0)
2016-03-26,16,POINT(-107.8 43.2)
2017-10-08,6,POINT(-83.2 42.4)
2016-09-22,15,POINT(-92.1 44.9)
2016-08-07,25,POINT(-106.9 47.0)
2016-10-21,2,POINT(-117.2 29.1)
2017-11-28,3,POINT(-110.0 22.7)
2017-05-20,1,POINT(-87.5 42.5)
2016-06-11,10,POINT(-91.5 32.8)
2016-05-06,30,POINT(-116.5 48.4)
2016-04-26,12,POINT(-91.9 48.0)
2017-02-09,17,POINT(-100.5 49.2)
2017-10-10,18,POINT(-119.3 43.2)
2016-12-21,2,POINT(-74.5 38.4)
2016-08-09,4,POINT(-107.1 43.0)
2017-01-10,50,POINT(-92.3 28.3)
2016-11-09,13,POINT(-90.5 20.1)
2016-05-29,11,POINT(-95.1 33.8)
2016-08-23,28,POINT(-108.0 39.2)
2016-06-16,1,POINT(-99.6 45.2)
2017-05-09,37,POINT(-105.5 21.5)
2017-02-15,23,POINT(-98.3 21.4)
2016-03-09,4,POINT(-115.9 48.1)
2017-12-21,2,POINT(-111.7 26.0)
2017-07-17,1,POINT(-113.1 40.6)
2016-09-23,7,POINT(-90.2 24.4)
2016-05-29,8,POINT(-87.2 47.0)
2017-06-08,4,POINT(-74.3 42.4)
2017-01-16,7,POINT(-106.9 21.6)
2017-09-03,17,POINT(-100.3 28.2)
2017-01-08,3,POINT(-88.9 49.1)
2017-11-15,5,POINT(-71.4 45.4)
2017-05-20,17,POINT(-100.4 21.4)
2016-08-24,25,POINT(-105.5 29.2)
2017-08-09,54,POINT(-100.6 29.9)
2016-11-20,15,POINT(-104.5 34.4)
2016-09-06,3,POINT(-115.7 28.3)
2017-08-12,18,POINT(-102.7 44.9)
2017-03-26,108,POINT(-90.7 34.1)
2017-02-25,43,POINT(-110.9 20.4)
2016-08-03,31,POINT(-78.3 31.7)
2016-01-21,27,POINT(-83.2 37.8)
2016-10-31,29,POINT(-92.1 39.8)
2016-12-18,2,POINT(-83.1 22.9)
2017-08-26,15,POINT(-104.2 34.9)
2017-03-20,24,POINT(-110.0 32.9)
2017-09-03,2,POINT(-77.9 25.3)
2016-09-22,50,POINT(-79.1 25.4)
2016-06-16,3,POINT(-83.2 49.2)
2016-02-27,2,POINT(-107.2 32.4)
2017-08-23,3,POINT(-102.8 39.2)
2017-11-15,12,POINT(-101.0 26.2)
2017-10-18,16,POINT(-110.8 48.7)
2017-09-24,2,POINT(-82.0 48.4)
2016-11-19,31,POINT(-110.8 43.8)
2016-09-22,5,POINT(-108.9 33.1)
2016-03-02,17,POINT(-117.6 32.5)
2016-03-29,14,POINT(-86.8 46.7)
2017-02-19,48,POINT(-73.6 46.1)
2017-08-06,45,POINT(-95.8 47.7)
2017-11-12,6,POINT(-75.1 28.2)
2017-11-15,16,POINT(-77.9 39.9)
2016-03-16,85,POINT(-80.3 40.2)
2017-02-08,9,POINT(-111.6 30.8)
2016-12-30,2,POINT(-101.1 22.8)
2017-10-31,26,POINT(-86.8 23.1)
2017-12-25,14,POINT(-102.8 45.3)
2017-01-19,57,POINT(-84.5 30.3)
2016-01-09,18,POINT(-105.6 46.7)
2017-05-29,15,POINT(-100.4 28.6)
2017-01-03,50,POINT(-83.4 26.1)
2016-11-04,10,POINT(-114.1 31.8)
2016-06-18,19,POINT(-80.7 41.7)
2016-05-26,38,POINT(-84.4 38.6)
2017-06-01,19,POINT(-97.5 24.5)
2017-11-13,8,POINT(-98.1 49.4)
2016-03-20,17,POINT(-74.7 49.4)
2017-03-27,12,POINT(-84.2 28.2)
2017-04-10,84,POINT(-89.0 35.9)
2017-07-08,2,POINT(-76.8 26.8)
2017-02-15,30,POINT(-103.4 49.8)
2017-07-15,1,POINT(-105.7 30.4)
2016-10-21,19,POINT(-109.5 47.1)
2016-05-09,12,POINT(-94.0 32.9)
2016-06-13,49,POINT(-70.6 41.5)
2017-09-04,16,POINT(-73.6 47.2)
2017-03-25,36,POINT(-97.2 38.6)
2017-05-21,23,POINT(-114.4 26.9)
2016-03-09,12,POINT(-76.3 43.9)
2017-07-09,9,POINT(-73.9 47.3)
2017-10-23,3,POINT(-111.4 22.7)
2017-05-14,1,POINT(-75.8 31.2)
2016-05-14,1,POINT(-97.7 49.8)
2017-05-16,6,POINT(-119.4 39.6)
2016-12-10,17,POINT(-72.8 25.2)
2017-12-30,75,POINT(-117.9 45.3)
2017-10-21,25,POINT(-118.3 34.1)
2017-09-29,2,POINT(-71.8 45.9)
2016-02-23,21,POINT(-109.3 42.9)
2016-11-27,14,POINT(-92.2 41.7)
2017-02-23,21,POINT(-72.9 28.1)
2017-12-21,20,POINT(-73.0 36.8)
2017-10-17,4,POINT(-111.3 45.7)
2016-11-08,51,POINT(-94.3 45.6)
2016-05-17,17,POINT(-119.7 25.1)
2016-12-20,25,POINT(-115.5 32.0)
2017-05-16,10,POINT(-72.6 33.8)
2016-08-12,3,POINT(-99.2 34.4)
2017-09-05,24,POINT(-112.5 33.7)
2016-04-08,58,POINT(-88.4 22.9)
2016-11-02,18,POINT(-111.3 47.1)
2017-01-25,5,POINT(-71.0 43.4)
2016-03-31,20,POINT(-86.5 32.9)
2017-01-08,12,POINT(-101.6 48.5)
2016-07-22,11,POINT(-100.9 36.2)
2017-08-31,49,POINT(-74.2 21.7)
2017-09-24,27,POINT(-75.2 33.3)
2016-04-26,15,POINT(-72.5 26.2)
2016-03-06,11,POINT(-97.3 49.9)
2016-05-10,6,POINT(-77.5 23.7)
2017-01-20,9,POINT(-95.8 29.2)
2016-04-01,16,POINT(-88.4 40.3)
2016-03-17,1,POINT(-94.6 26.7)
2016-09-08,9,POINT(-89.6 23.4)
2016-11-15,14,POINT(-94.5 31.6)
2017-10-14,19,POINT(-112.3 46.9)
2016-02-23,28,POINT(-114.6 37.3)
2017-10-13,1,POINT(-72.9 42.4)
2017-10-19,7,POINT(-94.5 28.6)
2016-05-24,7,POINT(-72.9 46.8)
2017-11-09,15,POINT(-85.7 36.8)
2016-03-26,13,POINT(-115.6 30.6)
2016-05-20,2,POINT(-109.9 39.7)
2016-02-14,29,POINT(-81.6 32.2)
2017-10-01,24,POINT(-111.1 28.3)
2016-04-26,35,POINT(-119.6 43.0)
2016-05-26,3,POINT(-114.4 23.2)
2017-10-20,15,POINT(-96.2 39.9)
2016-01-21,19,POINT(-111.8 35.8)
2017-06-19,2,POINT(-117.7 35.4)
2016-06-06,65,POINT(-82.8 30.3)
2017-04-20,32,POINT(-71.4 28.3)
2016-02-17,6,POINT(-71.1 40.7)
2017-02-22,20,POINT(-75.0 44.3)
2016-04-19,4,POINT(-119.0 31.6)
2017-07-24,42,POINT(-108.0 24.3)
2017-06-12,3,POINT(-113.1 20.6)
2016-10-30,47,POINT(-88.0 37.4)
2017-04-26,36,POINT(-77.5 27.5)
2017-07-20,14,POINT(-91.4 32.4)
2016-05-16,22,POINT(-102.7 36.7)
2016-03-17,6,POINT(-74.4 41.7)
2016-09-26,10,POINT(-94.7 32.7)
2017-11-22,5,POINT(-111.3 41.1)
2016-03-25,15,POINT(-93.3 47.4)
2017-04-12,8,POINT(-119.1 28.3)
2017-10-12,9,POINT(-118.1 40.9)
2017-11-12,12,POINT(-88.6 29.1)
2016-08-29,42,POINT(-83.8 22.0)
2016-03-04,16,POINT(-113.1 22.5)
2016-08-27,33,POINT(-93.3 41.1)
2016-04-04,38,POINT(-81.4 24.5)
2017-10-19,6,POINT(-75.9 49.9)
2017-02-01,31,POINT(-96.3 36.3)
2016-02-18,21,POINT(-113.9 29.4)
2017-03-28,15,POINT(-116.5 38.2)
2016-05-24,2,POINT(-77.2 22.7)
2017-02-01,17,POINT(-116.1 21.6)
2017-11-01,4,POINT(-79.1 36.1)
2017-12-29,34,POINT(-98.2 25.4)
2016-10-29,55,POINT(-98.2 22.2)
2017-03-03,14,POINT(-94.1 38.8)
2016-01-17,12,POINT(-113.2 33.5)
2016-03-21,14,POINT(-82.9 34.9)
2016-07-02,2,POINT(-105.0 42.9)
2017-04-11,6,POINT(-90.1 40.6)
2016-10-09,57,POINT(-119.7 44.2)
2016-03-11,9,POINT(-105.9 22.7)
2016-03-30,18,POINT(-118.0 22.5)
2017-12-09,21,POINT(-104.3 37.3)
2017-10-03,42,POINT(-113.7 47.7)
2017-08-14,6,POINT(-116.5 42.4)
2016-12-30,45,POINT(-77.6 41.0)
2016-07-21,10,POINT(-101.8 30.6)
2016-08-18,51,POINT(-78.7 37.1)
2017-08-21,11,POINT(-75.4 40.9)
2016-01-06,3,POINT(-94.7 35.2)
2016-12-22,2,POINT(-91.6 26.9)
2017-03-24,69,POINT(-87.7 40.4)
2016-05-25,3,POINT(-87.8 35.5)
2016-02-24,16,POINT(-93.5 27.5)
2016-03-07,15,POINT(-90.3 35.8)
2017-11-27,11,POINT(-97.9 30.3)
2016-05-26,11,POINT(-74.2 22.0)
2017-08-08,13,POINT(-83.9 34.2)
2017-10-12,3,POINT(-104.3 49.1)
2016-08-19,32,POINT(-103.2 27.5)
2017-04-12,10,POINT(-97.2 33.2)
2017-11-25,6,POINT(-118.4 44.6)
2016-04-05,8,POINT(-70.4 48.5)
2017-05-05,19,POINT(-96.6 21.7)
2016-09-04,30,POINT(-81.2 42.5)
2016-05-11,4,POINT(-112.1 29.7)
2017-06-08,18,POINT(-89.5 23.2)
2016-03-10,11,POINT(-100.9 42.7)
2016-12-14,40,POINT(-75.5 34.1)
2017-03-17,60,POINT(-73.4 26.2)
2016-09-12,23,POINT(-88.8 41.5)
2017-01-20,18,POINT(-117.0 26.6)
2017-05-19,31,POINT(-96.7 38.9)
2017-11-30,14,POINT(-119.2 30.0)
2017-08-23,2,POINT(-94.1 26.8)
2017-02-19,25,POINT(-94.9 21.2)
2016-11-14,18,POINT(-99.1 24.7)
2016-11-11,4,POINT(-103.1 48.0)
2017-10-27,5,POINT(-91.1 33.5)
2017-10-23,6,POINT(-111.2 45.4)
2016-11-25,27,POINT(-118.7 42.8)
2016-05-11,15,POINT(-80.7 40.8)
2016-05-23,1,POINT(-80.7 42.1)
2016-09-03,37,POINT(-91.0 25.0)
2016-03-03,21,POINT(-78.5 27.4)
2017-11-12,27,POINT(-94.4 43.4)
2017-05-17,56,POINT(-119.7 40.0)
2016-08-23,7,POINT(-112.6 44.3)
2017-01-31,18,POINT(-97.0 40.6)
2016-05-02,29,POINT(-76.9 43.6)
2016-09-26,15,POINT(-108.7 37.5)
2016-01-08,14,POINT(-118.3 44.5)
2017-12-30,53,POINT(-99.4 29.7)
2016-12-07,6,POINT(-116.7 22.0)
2017-11-16,22,POINT(-92.5 26.0)
2017-09-29,71,POINT(-117.2 24.6)
2016-11-10,5,POINT(-119.2 34.2)
2017-07-14,13,POINT(-72.8 47.1)
2016-12-01,75,POINT(-86.7 29.3)
2016-09-12,1,POINT(-114.0 35.5)
2016-04-25,20,POINT(-92.2 44.5)
2017-01-23,11,POINT(-107.1 46.1)
2016-03-25,30,POINT(-81.9 28.3)
2017-09-23,8,POINT(-79.3 35.7)
2016-02-19,10,POINT(-94.6 27.7)
2016-06-12,15,POINT(-99.5 32.6)
2016-05-27,9,POINT(-104.1 31.8)
2017-07-08,7,POINT(-118.4 21.9)
2016-05-15,9,POINT(-92.0 20.8)
2016-08-05,48,POINT(-94.6 38.5)
2017-05-20,9,POINT(-109.3 25.2)
2017-01-06,46,POINT(-93.4 24.5)
2016-08-21,5,POINT(-96.6 30.7)
2016-04-24,23,POINT(-107.0 26.9)
2016-07-07,28,POINT(-82.8 42.4)
2017-02-20,3,POINT(-107.7 39.5)
2016-07-15,16,POINT(-97.4 48.9)
2017-07-03,1,POINT(-93.3 32.1)
2017-06-07,53,POINT(-79.4 20.8)
2017-09-27,15,POINT(-99.0 45.4)
2017-07-09,1,POINT(-109.7 23.7)
2016-01-14,23,POINT(-119.3 28.1)
2017-07-17,44,POINT(-107.4 38.9)
2016-09-01,27,POINT(-82.5 33.8)
2017-11-22,3,POINT(-79.0 40.8)
2016-10-28,16,POINT(-90.0 25.8)
2017-04-08,27,POINT(-72.6 37.6)
2017-10-03,33,POINT(-93.9 33.6)
2017-03-08,1,POINT(-96.0 37.6)
2017-09-03,7,POINT(-78.4 46.5)
2017-04-06,44,POINT(-111.7 36.0)
2016-10-10,6,POINT(-119.2 42.2)
2017-09-14,13,POINT(-75.9 42.3)
2017-08-26,24,POINT(-93.3 39.9)
2017-08-10,85,POINT(-82.8 34.5)
2017-12-17,12,POINT(-88.6 20.1)
2017-06-17,15,POINT(-86.8 23.6)
2017-11-12,17,POINT(-90.6 36.3)
2017-01-02,6,POINT(-83.7 21.3)
2016-06-05,10,POINT(-114.3 21.4)
2017-04-07,12,POINT(-107.5 23.8)
2017-08-02,1,POINT(-96.0 27.0)
2016-06-09,1,POINT(-84.2 50.0)
2016-06-22,6,POINT(-104.6 23.6)
2017-05-13,15,POINT(-79.6 28.1)
2017-07-03,63,POINT(-116.7 40.5)
2016-12-01,72,POINT(-80.5 40.3)
2016-01-26,21,POINT(-85.0 46.2)
2017-05-18,36,POINT(-116.7 38.3)
2016-10-25,47,POINT(-118.4 28.0)
2017-03-12,37,POINT(-78.0 27.2)
2016-01-11,16,POINT(-112.8 44.9)
2016-08-25,25,POINT(-107.3 22.9)
2017-09-10,1,POINT(-75.2 34.4)
2017-02-13,21,POINT(-102.9 34.5)
2016-11-29,12,POINT(-93.5 42.2)
2016-11-08,21,POINT(-118.4 49.9)
2016-01-01,24,POINT(-91.5 34.9)
2017-06-06,3,POINT(-84.3 43.3)
2017-10-31,42,POINT(-91.7 45.5)
2016-03-28,4,POINT(-79.6 21.0)
2016-08-29,1,POINT(-81.2 39.1)
2016-05-11,12,POINT(-96.0 46.5)
2017-08-20,2,POINT(-87.7 41.6)
2017-09-13,63,POINT(-106.2 43.2)
2016-11-23,7,POINT(-102.1 44.3)
2016-04-20,6,POINT(-88.9 20.6)
2017-12-20,7,POINT(-87.0 47.9)
2016-10-15,7,POINT(-115.7 47.2)
2017-02-20,2,POINT(-79.0 38.0)
2016-03-14,16,POINT(-88.1 30.5)
2016-04-17,1,POINT(-103.6 31.1)
2017-05-30,28,POINT(-108.7 36.1)
2017-12-27,30,POINT(-89.8 28.7)
2017-11-21,11,POINT(-85.2 37.0)
2017-10-28,71,POINT(-73.6 38.5)
2016-04-14,31,POINT(-110.8 41.9)
2017-01-16,3,POINT(-94.9 22.0)
2017-08-18,79,POINT(-72.2 22.0)
2016-03-17,38,POINT(-74.5 47.7)
2016-07-21,25,POINT(-96.1 42.3)
2017-05-15,22,POINT(-92.4 30.3)
2016-08-28,19,POINT(-74.2 20.7)
2017-12-07,93,POINT(-118.4 38.3)
2017-01-06,14,POINT(-71.2 27.5)
2016-07-23,4,POINT(-71.2 21.7)
2017-02-15,7,POINT(-72.8 42.7)
2016-08-01,10,POINT(-71.7 49.3)
2017-03-16,8,POINT(-104.8 42.4)
2017-06-14,1,POINT(-118.1 23.4)
2017-11-01,2,POINT(-105.8 31.0)
2016-07-30,1,POINT(-102.7 27.4)
2016-02-22,23,POINT(-102.4 31.2)
2017-05-25,22,POINT(-86.0 36.7)
2016-03-28,2,POINT(-76.8 39.0)
2017-11-02,8,POINT(-108.9 29.2)
2016-01-09,7,POINT(-97.6 40.2)
2017-11-21,13,POINT(-101.1 40.5)
2016-03-23,9,POINT(-81.8 49.8)
2017-10-24,35,POINT(-104.1 34.4)
2016-01-25,43,POINT(-117.2 29.9)
2016-08-12,5,POINT(-103.3 45.7)
2017-05-11,3,POINT(-102.3 25.0)
2017-03-05,37,POINT(-78.9 33.4)
2017-03-03,14,POINT(-92.6 38.8)
2016-07-12,8,POINT(-93.8 24.3)
2016-04-27,2,POINT(-90.1 21.6)
2016-03-18,19,POINT(-91.9 31.9)
2016-05-31,5,POINT(-85.9 30.5)
2016-02-25,1,POINT(-74.8 42.3)
2016-12-22,12,POINT(-76.2 36.0)
2016-09-15,19,POINT(-95.2 20.7)
2017-06-18,4,POINT(-77.7 47.6)
2017-11-04,22,POINT(-76.8 45.8)
2017-08-16,5,POINT(-80.5 22.2)
2017-07-24,1,POINT(-117.9 27.6)
2017-07-31,4,POINT(-86.9 38.7)
2017-02-09,18,POINT(-104.3 25.4)
2016-04-24,21,POINT(-76.3 49.2)
2017-04-18,41,POINT(-105.8 32.6)
2016-11-29,2,POINT(-74.1 41.1)
2017-09-12,62,POINT(-89.2 35.3)
2016-11-04,15,POINT(-87.7 29.2)
2016-11-26,6,POINT(-75.6 40.9)
2017-06-27,10,POINT(-70.7 34.3)
2017-12-25,2,POINT(-104.5 39.1)
2017-05-18,3,POINT(-115.6 31.8)
2016-03-28,43,POINT(-83.8 49.9)
2017-07-27,3,POINT(-116.5 26.2)
2016-01-03,2,POINT(-93.3 25.5)
2017-01-17,19,POINT(-102.7 20.3)
2017-09-15,10,POINT(-100.5 46.1)
2017-06-07,11,POINT(-108.2 24.7)
2017-07-18,3,POINT(-85.0 27.4)
2016-05-27,1,POINT(-91.4 26.2)
2017-05-20,41,POINT(-72.4 49.4)
2017-10-07,10,POINT(-102.2 45.6)
2016-03-24,3,POINT(-100.3 42.5)
2017-02-01,5,POINT(-111.7 31.6)
2016-07-02,3,POINT(-89.4 20.2)
2016-06-17,14,POINT(-115.3 49.0)
2017-07-14,33,POINT(-71.6 26.1)
2016-04-17,11,POINT(-74.5 22.0)
2016-07-11,20,POINT(-85.0 31.4)
2016-08-01,23,POINT(-104.1 28.4)
2016-12-25,25,POINT(-102.2 48.3)
2016-04-04,19,POINT(-115.6 20.8)
2017-06-26,17,POINT(-107.6 49.4)
2016-06-04,14,POINT(-102.3 37.6)
2017-06-07,13,POINT(-97.6 29.0)
2016-09-28,9,POINT(-96.8 46.0)
2016-06-11,15,POINT(-75.7 32.5)
2017-07-09,14,POINT(-97.5 36.0)
2016-06-28,8,POINT(-72.1 24.3)
2016-08-10,8,POINT(-115.8 46.4)
2016-04-25,12,POINT(-109.5 46.3)
2016-01-05,33,POINT(-100.6 42.5)
2016-03-06,6,POINT(-75.6 41.8)
2017-06-10,38,POINT(-113.9 26.0)
2017-03-24,26,POINT(-102.2 33.3)
2016-05-28,7,POINT(-114.4 22.8)
2016-04-10,1,POINT(-81.3 37.7)
2016-09-23,2,POINT(-105.9 26.3)
2017-12-30,43,POINT(-98.3 29.0)
2017-07-07,33,POINT(-79.1 44.5)
2016-03-06,10,POINT(-111.6 49.6)
2016-12-15,2,POINT(-72.6 31.4)
2016-04-29,34,POINT(-100.3 43.8)
2016-09-01,6,POINT(-103.5 24.0)
2017-01-23,62,POINT(-110.5 35.9)
2016-10-13,15,POINT(-96.6 36.5)
2016-02-17,26,POINT(-71.0 46.6)
2017-02-21,13,POINT(-95.5 27.2)
2016-12-16,1,POINT(-97.4 21.9)
2016-06-03,2,POINT(-119.6 30.5)
2016-12-03,75,POINT(-105.6 42.4)
2016-09-17,11,POINT(-108.6 21.4)
2017-06-12,5,POINT(-118.1 24.4)
2016-07-21,26,POINT(-97.7 21.4)
2017-03-15,43,POINT(-113.2 34.9)
2016-06-14,7,POINT(-94.9 44.7)
2017-01-13,17,POINT(-97.3 28.0)
2017-03-13,6,POINT(-108.9 20.9)
2016-02-17,35,POINT(-80.1 25.3)
2016-08-16,2,POINT(-73.7 22.5)
2017-12-25,10,POINT(-113.3 36.6)
2017-12-28,10,POINT(-115.1 35.0)
2017-11-11,21,POINT(-102.8 27.4)
2016-01-22,4,POINT(-89.5 45.3)
2016-10-01,13,POINT(-88.4 32.3)
2016-04-22,17,POINT(-88.8 49.1)
2017-12-15,45,POINT(-91.2 27.0)
2017-06-28,15,POINT(-100.7 38.7)
2016-03-29,3,POINT(-80.9 43.9)
2017-10-07,3,POINT(-72.3 25.7)
2016-01-11,52,POINT(-90.5 43.8)
2016-01-27,78,POINT(-109.0 46.5)
2017-03-31,4,POINT(-91.9 40.0)
2016-01-31,28,POINT(-82.2 46.9)
2017-08-25,6,POINT(-78.5 31.8)
2017-03-22,36,POINT(-84.1 32.1)
2017-03-03,3,POINT(-75.5 20.6)
2017-11-11,12,POINT(-72.4 44.0)
2017-07-12,19,POINT(-95.4 21.0)
2017-08-13,39,POINT(-93.0 27.9)
2017-05-28,39,POINT(-103.1 38.6)
2017-02-02,5,POINT(-87.1 38.2)
2017-06-15,69,POINT(-90.2 34.4)
2017-01-21,21,POINT(-111.1 38.5)
2017-09-09,22,POINT(-85.3 29.7)
2016-11-25,44,POINT(-79.7 26.1)
2017-08-24,8,POINT(-110.9 28.8)
2016-05-17,11,POINT(-111.8 27.4)
2017-11-10,84,POINT(-88.0 32.9)
2017-10-14,1,POINT(-114.2 42.7)
2017-12-25,41,POINT(-79.5 29.8)
2017-04-26,37,POINT(-87.9 30.7)
2016-10-26,7,POINT(-118.4 40.9)
2016-02-01,35,POINT(-81.5 47.4)
2017-04-01,9,POINT(-94.5 27.8)
2017-06-25,20,POINT(-95.2 42.1)
2017-01-19,12,POINT(-104.4 38.7)
2016-11-27,3,POINT(-105.8 35.6)
2016-02-13,46,POINT(-95.0 20.6)
2017-06-30,16,POINT(-119.8 31.4)
2017-02-27,14,POINT(-80.2 26.2)
2016-02-14,43,POINT(-80.8 24.2)
2017-01-14,8,POINT(-83.2 28.3)
2017-05-11,17,POINT(-89.9 39.6)
2016-05-17,43,POINT(-105.2 36.2)
2017-07-12,9,POINT(-87.1 33.1)
2017-02-11,32,POINT(-113.5 24.4)
2016-07-03,15,POINT(-106.8 43.3)
2017-05-03,4,POINT(-117.7 34.4)
2016-01-18,1,POINT(-77.0 39.4)
2017-11-27,26,POINT(-78.6 21.1)
2016-03-12,7,POINT(-97.5 46.8)
2017-09-26,34,POINT(-98.1 35.5)
2016-06-19,5,POINT(-73.7 30.5)
2016-03-17,17,POINT(-86.2 44.8)
2017-02-03,2,POINT(-84.5 44.4)
2017-06-04,27,POINT(-102.0 26.6)
2016-07-19,30,POINT(-105.4 31.1)
2017-08-03,50,POINT(-114.3 38.2)
2016-08-26,17,POINT(-116.4 50.0)
2016-11-12,3,POINT(-74.7 43.6)
2017-06-06,36,POINT(-74.7 21.5)
2016-11-15,8,POINT(-108.6 42.1)
2017-07-03,46,POINT(-118.1 34.7)
2017-06-05,77,POINT(-102.7 20.5)
2017-06-11,3,POINT(-72.4 33.6)
2017-04-21,2,POINT(-104.7 29.8)
2016-11-20,46,POINT(-76.7 23.1)
2017-04-10,46,POINT(-79.2 36.0)
2016-02-11,18,POINT(-72.8 48.3)
2016-08-21,44,POINT(-95.2 46.2)
2017-07-09,54,POINT(-73.9 36.8)
2017-03-12,17,POINT(-82.9 26.2)
2017-11-06,24,POINT(-76.6 23.4)
2017-10-23,20,POINT(-83.3 40.5)
2016-10-06,4,POINT(-96.9 31.8)
2016-07-22,12,POINT(-74.0 35.7)
2016-11-01,23,POINT(-80.0 43.3)
2017-05-24,19,POINT(-87.9 38.1)
2016-10-22,5,POINT(-95.8 22.3)
2016-01-22,49,POINT(-115.3 49.6)
2017-11-17,31,POINT(-79.2 24.3)
2016-08-29,2,POINT(-99.2 49.4)
2017-07-31,9,POINT(-102.0 35.2)
2017-01-28,109,POINT(-108.5 45.2)
2017-03-02,10,POINT(-92.9 23.7)
2017-03-28,22,POINT(-78.5 45.8)
2017-05-21,3,POINT(-105.5 23.9)
2017-08-28,8,POINT(-74.0 46.7)
2016-07-31,43,POINT(-100.2 33.3)
2016-08-28,15,POINT(-71.5 45.8)
2017-02-12,35,POINT(-86.2 28.3)
2017-09-13,1,POINT(-101.6 41.2)
2017-07-12,22,POINT(-70.8 43.2)
2017-10-29,8,POINT(-90.3 35.0)
2017-08-14,40,POINT(-81.6 45.9)
2016-02-14,58,POINT(-97.4 40.5)
2017-12-07,24,POINT(-114.0 29.4)
2016-08-24,4,POINT(-71.8 47.9)
2017-12-23,13,POINT(-103.9 30.2)
2017-08-17,13,POINT(-74.1 41.9)
2016-04-22,36,POINT(-74.6 40.8)
2017-05-21,13,POINT(-115.3 24.0)
2017-10-04,9,POINT(-114.3 32.8)
2017-03-25,19,POINT(-89.4 37.2)
2017-07-21,21,POINT(-118.2 25.6)
2017-06-21,34,POINT(-98.9 23.0)
2016-07-27,47,POINT(-93.6 36.4)
2016-10-16,45,POINT(-110.2 24.6)
2017-05-12,20,POINT(-81.5 43.6)
2016-07-01,15,POINT(-98.4 45.7)
2017-12-19,33,POINT(-98.8 22.8)
2017-12-16,8,POINT(-108.3 41.1)
2017-02-03,29,POINT(-75.6 42.0)
2016-07-26,15,POINT(-119.4 22.0)
2017-02-26,3,POINT(-119.7 37.9)
2017-01-24,28,POINT(-70.2 38.7)
2016-12-31,21,POINT(-118.9 35.4)
2017-08-06,2,POINT(-112.2 40.7)
2017-03-11,12,POINT(-75.9 27.4)
2016-11-07,14,POINT(-89.2 27.8)
2016-12-04,22,POINT(-88.8 47.7)
2016-05-26,23,POINT(-96.2 40.4)
2017-12-16,5,POINT(-112.5 31.9)
2017-04-01,1,POINT(-101.6 40.1)
2017-02-14,32,POINT(-84.1 42.4)
2017-10-06,80,POINT(-95.7 29.1)
2016-10-08,57,POINT(-83.5 35.6)
2017-02-17,14,POINT(-119.6 23.4)
2017-08-12,16,POINT(-87.2 38.0)
2016-04-06,54,POINT(-90.4 40.6)
2016-06-11,16,POINT(-71.3 42.3)
2017-03-12,7,POINT(-74.6 48.8)
2016-07-14,23,POINT(-90.0 25.0)
2017-09-19,13,POINT(-91.2 22.1)
2016-06-09,31,POINT(-115.4 48.3)
2016-09-11,31,POINT(-72.9 39.5)
2016-03-10,55,POINT(-84.7 36.9)
2017-02-15,3,POINT(-94.9 32.7)
2017-12-14,15,POINT(-77.1 33.2)
2016-02-05,31,POINT(-83.5 28.9)
2016-10-31,12,POINT(-91.8 38.7)
2017-12-30,20,POINT(-93.0 20.5)
2017-04-14,34,POINT(-73.7 36.3)
2016-11-04,13,POINT(-80.0 21.7)
2016-07-15,11,POINT(-99.8 41.7)
2017-04-25,4,POINT(-88.6 48.9)
2016-12-01,35,POINT(-110.2 25.6)
2017-12-04,32,POINT(-73.3 28.2)
2016-10-17,28,POINT(-85.2 36.2)
2017-03-05,10,POINT(-72.0 34.7)
2017-08-20,18,POINT(-105.4 44.5)
2017-03-07,3,POINT(-104.2 23.8)
2017-06-17,8,POINT(-78.4 36.6)
2017-10-07,12,POINT(-106.9 47.7)
2017-05-24,1,POINT(-102.1 40.0)
2017-05-19,3,POINT(-75.8 28.1)
2017-11-03,36,POINT(-94.1 21.9)
2017-07-08,71,POINT(-105.0 32.6)
2017-02-12,8,POINT(-99.5 34.0)
2017-02-05,3,POINT(-84.4 24.0)
2016-02-10,55,POINT(-112.1 34.4)
2017-01-18,50,POINT(-71.9 40.3)
2016-10-17,22,POINT(-95.4 34.3)
2016-07-01,9,POINT(-81.8 26.8)
2016-02-09,3,POINT(-84.9 48.8)
2017-08-21,57,POINT(-86.0 23.4)
2016-08-12,51,POINT(-99.0 38.3)
2016-10-11,28,POINT(-117.9 41.9)
2016-05-17,55,POINT(-82.9 28.1)
2016-11-30,4,POINT(-72.3 31.4)
2016-05-17,3,POINT(-94.7 33.1)
2017-04-18,5,POINT(-72.3 39.4)
2017-05-02,5,POINT(-93.3 35.4)
2017-07-29,36,POINT(-111.6 25.7)
2017-09-20,51,POINT(-108.0 46.8)
2017-09-01,5,POINT(-76.8 30.9)
2016-05-25,13,POINT(-88.9 31.5)
2017-02-12,13,POINT(-99.3 44.0)
2017-05-24,4,POINT(-80.0 36.1)
2016-03-25,39,POINT(-87.9 26.9)
2017-07-16,15,POINT(-76.4 47.4)
2017-08-29,17,POINT(-71.5 44.2)
2016-01-09,6,POINT(-87.4 38.0)
2016-03-29,17,POINT(-71.5 35.4)
2016-03-29,32,POINT(-96.5 40.3)
2016-08-06,8,POINT(-78.0 30.8)
2016-12-15,3,POINT(-74.7 40.8)
2017-02-08,18,POINT(-117.7 21.1)
2016-06-09,21,POINT(-76.7 32.0)
2016-02-12,5,POINT(-99.6 38.5)
2017-04-18,6,POINT(-100.1 38.6)
2016-09-14,4,POINT(-80.9 22.1)
2016-06-07,51,POINT(-107.7 41.6)
2016-05-11,5,POINT(-118.4 22.5)
2017-07-12,1,POINT(-106.4 42.2)
2017-08-23,37,POINT(-87.6 47.4)
2016-02-14,33,POINT(-72.3 49.3)
2016-11-16,13,POINT(-100.2 38.1)
2016-07-12,32,POINT(-80.1 41.4)
2017-06-01,12,POINT(-110.0 27.0)
2016-09-19,6,POINT(-77.4 31.2)
2017-03-10,12,POINT(-81.7 20.4)
2017-12-08,14,POINT(-97.6 43.9)
2017-06-13,1,POINT(-75.3 40.7)
2016-10-23,3,POINT(-118.1 27.7)
2017-05-15,42,POINT(-80.7 34.7)
2017-09-10,10,POINT(-118.2 41.9)
2016-03-09,9,POINT(-76.8 40.0)
2016-01-25,44,POINT(-111.2 29.6)
2017-07-21,4,POINT(-118.1 31.1)
2017-05-27,5,POINT(-104.6 24.6)
2016-07-01,36,POINT(-111.1 24.1)
2016-02-23,7,POINT(-87.4 32.1)
2016-03-21,21,POINT(-96.4 34.4)
2016-06-08,27,POINT(-113.5 48.5)
2017-01-20,6,POINT(-74.2 35.2)
2017-03-24,6,POINT(-101.6 25.7)
2016-09-20,15,POINT(-105.9 25.1)
2017-09-12,32,POINT(-85.1 30.4)
2016-11-04,17,POINT(-100.3 47.6)
2016-02-13,2,POINT(-112.7 43.8)
2016-07-19,9,POINT(-90.9 34.8)
2016-10-10,9,POINT(-118.5 48.7)
2016-05-26,33,POINT(-88.6 26.5)
2017-03-15,7,POINT(-76.6 33.0)
2017-02-07,47,POINT(-106.9 20.0)
2017-12-11,9,POINT(-77.4 46.0)
2016-07-02,5,POINT(-107.7 24.7)
2017-06-30,16,POINT(-109.9 48.7)
2016-07-27,10,POINT(-84.2 35.2)
2017-07-28,21,POINT(-116.7 49.8)
2016-03-22,50,POINT(-118.0 36.2)
2016-09-19,57,POINT(-97.2 33.7)
2016-02-08,6,POINT(-118.3 34.2)
2016-10-12,4,POINT(-95.2 45.1)
2016-01-23,57,POINT(-87.5 30.9)
2017-08-18,34,POINT(-108.6 45.6)
2017-04-18,7,POINT(-75.1 46.6)
2016-10-29,33,POINT(-110.0 28.7)
2016-07-24,28,POINT(-108.1 47.8)
2017-03-07,6,POINT(-74.3 25.7)
2016-04-04,48,POINT(-85.6 44.8)
2017-04-19,8,POINT(-93.6 25.1)
2017-07-28,14,POINT(-103.5 41.5)
2017-01-10,19,POINT(-81.5 49.3)
2016-05-16,5,POINT(-90.6 22.3)
2016-05-30,19,POINT(-102.9 25.9)
2017-09-20,25,POINT(-78.7 30.6)
2017-12-03,3,POINT(-80.3 30.8)
2016-07-20,10,POINT(-73.0 25.5)
2016-09-06,19,POINT(-70.3 34.9)
2017-08-21,53,POINT(-119.4 43.7)
2016-03-14,45,POINT(-104.0 44.1)
2016-11-17,4,POINT(-110.4 34.0)
2017-07-02,19,POINT(-109.3 29.4)
2017-09-28,3,POINT(-76.8 27.3)
2016-06-14,7,POINT(-71.3 41.5)
2016-01-01,19,POINT(-73.0 22.6)
2016-12-03,2,POINT(-85.2 36.4)
2016-10-17,44,POINT(-92.3 36.2)
2016-03-11,36,POINT(-88.1 23.4)
2016-04-17,13,POINT(-77.2 34.1)
2017-05-04,14,POINT(-119.6 27.5)
2017-08-20,43,POINT(-98.6 25.0)
2016-06-29,2,POINT(-94.7 22.5)
2016-01-25,4,POINT(-73.8 25.8)
2016-05-30,8,POINT(-111.4 39.3)
2016-09-21,10,POINT(-82.8 41.9)
2016-07-21,88,POINT(-73.8 26.9)
2017-07-16,4,POINT(-81.8 37.2)
2017-04-19,8,POINT(-119.5 31.1)
2016-08-07,36,POINT(-87.0 36.2)
2017-07-22,31,POINT(-109.5 27.4)
2016-03-22,22,POINT(-89.7 21.4)
2016-06-12,8,POINT(-91.4 29.8)
2016-09-25,3,POINT(-72.1 24.8)
2016-07-01,83,POINT(-110.5 42.0)
2016-06-28,6,POINT(-117.5 41.9)
2017-08-20,38,POINT(-89.4 22.2)
2017-04-16,46,POINT(-102.8 31.9)
2016-04-20,12,POINT(-82.5 22.8)
2017-10-31,39,POINT(-70.3 41.4)
2016-02-14,7,POINT(-99.9 20.6)
2017-07-03,45,POINT(-112.4 33.1)
2017-06-15,21,POINT(-92.3 24.6)
2017-08-31,5,POINT(-102.7 39.9)
2017-03-06,31,POINT(-80.3 26.4)
2016-12-23,49,POINT(-93.3 32.2)
2016-02-28,17,POINT(-74.6 20.2)
2016-08-11,29,POINT(-78.1 49.7)
2016-07-07,32,POINT(-74.3 42.6)
2016-02-28,31,POINT(-105.0 24.9)
2016-01-08,13,POINT(-74.9 33.3)
2017-04-28,27,POINT(-76.7 34.9)
2017-02-09,16,POINT(-88.6 26.8)
2017-09-05,11,POINT(-74.5 22.5)
2017-04-16,4,POINT(-117.3 37.1)
2016-01-21,48,POINT(-80.7 45.1)
2017-01-18,11,POINT(-112.7 37.2)
2017-02-15,6,POINT(-103.0 38.9)
2016-10-31,6,POINT(-83.5 37.7)
2017-12-28,6,POINT(-109.5 33.7)
2016-11-05,1,POINT(-108.4 24.4)
2016-08-18,12,POINT(-109.4 26.1)
2016-08-23,45,POINT(-97.2 29.8)
2017-10-24,1,POINT(-116.0 28.8)
2017-08-02,63,POINT(-75.7 35.6)
2016-02-15,4,POINT(-83.5 32.6)
2016-08-09,26,POINT(-94.3 39.1)
2016-06-04,31,POINT(-115.8 45.2)
2016-04-04,27,POINT(-113.8 21.5)
2017-08-31,9,POINT(-115.1 33.9)
2016-03-23,25,POINT(-119.3 26.5)
2016-09-01,13,POINT(-86.6 47.3)
2017-07-28,4,POINT(-94.5 36.3)
2016-01-10,5,POINT(-100.9 46.5)
2016-03-29,1,POINT(-102.6 40.1)
2017-11-07,9,POINT(-96.9 24.1)
2016-11-21,27,POINT(-96.3 45.4)
2016-10-12,70,POINT(-113.0 29.5)
2016-08-02,3,POINT(-93.4 42.3)
2016-03-12,9,POINT(-117.6 35.3)
2016-07-26,5,POINT(-73.1 41.9)
2016-05-18,29,POINT(-84.3 35.8)
2017-01-13,51,POINT(-119.5 47.8)
2017-10-02,3,POINT(-105.6 35.3)
2017-02-05,47,POINT(-70.9 21.8)
2017-09-03,7,POINT(-117.6 33.6)
2017-06-06,6,POINT(-112.7 49.0)
2016-12-05,2,POINT(-96.1 43.7)
2016-06-24,2,POINT(-102.3 38.9)
2016-12-22,2,POINT(-70.7 24.5)
2017-01-12,12,POINT(-93.0 25.5)
2016-11-11,22,POINT(-72.9 41.7)
2017-10-23,5,POINT(-101.2 41.9)
2016-03-15,5,POINT(-106.4 31.2)
2016-04-08,4,POINT(-105.6 49.8)
2016-09-21,33,POINT(-88.2 40.7)
2016-03-23,3,POINT(-89.8 46.8)
2017-08-04,2,POINT(-92.3 21.4)
2016-08-15,1,POINT(-110.5 38.7)
2017-11-14,1,POINT(-106.8 42.5)
2016-05-10,16,POINT(-105.5 43.9)
2016-01-10,2,POINT(-76.7 40.2)
2017-07-21,6,POINT(-79.1 38.2)
2017-06-28,36,POINT(-109.7 42.4)
2016-08-31,69,POINT(-112.7 21.2)
2016-08-13,40,POINT(-114.9 42.5)
2016-08-15,65,POINT(-116.6 29.9)
2016-09-01,23,POINT(-70.8 42.8)
2017-03-19,88,POINT(-79.4 43.3)
2017-09-06,14,POINT(-119.2 28.3)
2017-12-09,32,POINT(-119.7 41.5)
2017-04-05,72,POINT(-85.5 29.9)
2017-12-21,25,POINT(-104.4 41.7)
2017-01-16,63,POINT(-115.1 25.7)
2016-07-10,6,POINT(-96.8 22.3)
2017-09-30,8,POINT(-119.1 37.6)
2017-06-05,11,POINT(-98.8 25.8)
2017-07-31,13,POINT(-108.1 46.8)
2016-06-06,46,POINT(-106.8 24.7)
2016-09-12,44,POINT(-105.7 38.2)
2017-06-30,22,POINT(-104.6 40.9)
2017-05-20,6,POINT(-119.0 20.1)
2016-06-15,6,POINT(-91.5 46.1)
2016-01-22,20,POINT(-92.6 41.8)
2016-03-07,14,POINT(-87.5 43.1)
2017-12-10,6,POINT(-112.0 21.7)
2017-09-03,4,POINT(-70.3 30.6)
2017-12-07,26,POINT(-113.2 39.3)
2017-09-03,34,POINT(-79.4 26.9)
2017-08-09,7,POINT(-109.0 45.0)
2016-01-17,12,POINT(-98.0 32.2)
2017-10-20,25,POINT(-103.8 44.0)
2016-09-11,13,POINT(-104.6 46.3)
2016-07-06,66,POINT(-95.7 34.3)
2016-11-23,3,POINT(-108.0 26.8)
2017-01-14,39,POINT(-92.7 31.4)
2016-12-11,8,POINT(-107.5 35.0)
2016-08-27,24,POINT(-71.4 33.7)
2017-04-17,6,POINT(-108.0 20.1)
2016-11-02,68,POINT(-81.8 22.5)
2016-06-24,2,POINT(-96.5 33.7)
2016-11-08,15,POINT(-118.1 33.1)
2017-06-27,49,POINT(-112.4 46.7)
2016-11-30,13,POINT(-73.6 28.3)
2017-01-13,37,POINT(-79.0 49.3)
2017-09-25,60,POINT(-112.8 49.2)
2017-06-23,2,POINT(-117.4 25.7)
2017-12-01,14,POINT(-112.4 20.7)
2016-11-28,24,POINT(-90.8 25.9)
2016-05-19,36,POINT(-88.3 32.6)
2016-10-11,4,POINT(-101.1 31.0)
2016-12-08,17,POINT(-106.0 34.2)
2016-09-25,4,POINT(-109.7 40.8)
2016-07-04,29,POINT(-98.1 35.5)
2016-04-19,7,POINT(-118.9 30.3)
2016-02-04,7,POINT(-119.6 40.3)
2016-08-09,30,POINT(-80.1 30.0)
2017-09-13,37,POINT(-93.5 30.6)
2017-05-28,9,POINT(-80.9 30.3)
2016-04-08,14,POINT(-114.3 29.1)
2017-09-22,24,POINT(-79.2 41.0)
2016-01-10,28,POINT(-73.9 25.2)
2017-08-07,30,POINT(-93.3 43.2)
2016-07-27,10,POINT(-114.7 47.7)
2017-09-27,16,POINT(-113.8 28.3)
2016-02-07,3,POINT(-110.3 41.1)
2016-04-03,60,POINT(-110.7 38.1)
2016-08-20,25,POINT(-72.8 29.0)
2016-06-11,10,POINT(-80.0 27.1)
2017-10-13,10,POINT(-104.1 48.3)
2016-08-29,2,POINT(-79.2 40.9)
2017-11-12,13,POINT(-81.4 39.3)
2016-04-07,23,POINT(-102.2 49.9)
2017-01-17,61,POINT(-118.5 30.6)
2017-08-01,21,POINT(-119.6 26.9)
2016-10-15,22,POINT(-103.7 29.9)
2017-09-07,31,POINT(-117.7 25.1)
2016-05-20,15,POINT(-113.9 47.7)
2016-07-21,1,POINT(-107.3 40.9)
2017-05-02,45,POINT(-111.0 38.1)
2017-02-07,11,POINT(-112.8 44.2)
2017-02-20,84,POINT(-106.9 35.5)
2016-11-01,11,POINT(-83.2 25.7)
2016-05-16,23,POINT(-97.8 24.6)
2017-09-09,13,POINT(-86.8 35.7)
2016-05-09,6,POINT(-73.6 44.2)
2017-09-16,54,POINT(-119.9 26.6)
2016-04-25,20,POINT(-72.4 41.1)
2016-05-17,12,POINT(-106.0 27.5)
2017-02-18,4,POINT(-105.6 33.0)
2016-06-09,141,POINT(-88.5 21.8)
2017-09-11,46,POINT(-102.0 35.1)
2016-09-04,11,POINT(-116.0 25.1)
2016-05-13,4,POINT(-84.4 45.3)
2017-06-09,1,POINT(-110.8 48.7)
2017-08-12,4,POINT(-73.5 22.5)
2016-09-27,16,POINT(-70.6 36.0)
2016-08-12,34,POINT(-110.9 41.1)
2016-04-30,10,POINT(-82.3 22.0)
2017-12-21,12,POINT(-70.4 36.6)
2017-04-07,13,POINT(-72.2 48.1)
2016-08-27,1,POINT(-91.8 35.8)
2016-01-21,4,POINT(-104.4 38.6)
2017-03-23,14,POINT(-119.4 29.8)
2016-11-24,7,POINT(-75.1 38.5)
2017-03-23,15,POINT(-118.2 46.6)
2017-08-27,3,POINT(-91.2 29.9)
2016-09-11,33,POINT(-110.7 43.2)
2016-06-10,31,POINT(-107.9 37.1)
2016-10-29,23,POINT(-118.8 27.7)
2016-07-06,16,POINT(-118.2 31.7)
2017-09-15,10,POINT(-102.5 30.7)
2016-01-30,23,POINT(-76.1 34.1)
2017-03-11,31,POINT(-91.7 23.4)
2016-11-10,34,POINT(-93.1 24.5)
2017-01-22,9,POINT(-89.0 31.4)
2017-11-10,5,POINT(-93.2 36.9)
2017-04-24,9,POINT(-104.8 38.5)
2017-08-30,1,POINT(-76.0 47.3)
2016-05-14,12,POINT(-96.2 37.1)
2016-02-07,7,POINT(-82.4 41.9)
2016-10-14,32,POINT(-74.4 34.5)
2016-03-09,23,POINT(-119.8 35.7)
2016-03-07,1,POINT(-96.1 37.7)
2017-07-21,4,POINT(-89.8 35.7)
2016-07-10,16,POINT(-94.9 29.3)
2016-04-29,20,POINT(-74.9 49.3)
2017-02-04,30,POINT(-73.0 38.6)
2017-02-03,70,POINT(-113.3 30.4)
2017-06-06,25,POINT(-104.9 44.0)
2017-10-19,16,POINT(-106.8 24.9)
2016-01-14,11,POINT(-95.2 49.8)
2017-06-29,27,POINT(-100.9 43.7)
2017-12-16,55,POINT(-102.0 22.9)
2017-08-20,11,POINT(-93.3 45.4)
2017-04-13,18,POINT(-95.5 27.8)
2016-06-02,5,POINT(-96.7 39.1)
2016-06-18,39,POINT(-114.3 25.0)
2017-11-09,26,POINT(-93.0 41.3)
2017-01-20,9,POINT(-117.1 42.7)
2017-11-27,42,POINT(-89.2 45.5)
2016-11-01,71,POINT(-88.8 34.6)
2017-09-16,7,POINT(-107.0 36.6)
2017-10-17,5,POINT(-113.2 26.5)
2016-11-13,36,POINT(-80.1 35.5)
2016-12-19,18,POINT(-81.5 36.0)
2016-07-29,44,POINT(-72.7 44.3)
2017-12-03,9,POINT(-97.7 41.3)
2017-11-24,18,POINT(-104.2 40.9)
2017-03-30,18,POINT(-104.9 20.9)
2017-10-28,5,POINT(-111.0 36.4)
2016-07-10,97,POINT(-102.5 49.8)
2017-08-15,22,POINT(-113.6 42.6)
2016-11-30,22,POINT(-76.4 45.0)
2017-07-14,8,POINT(-102.7 34.8)
2017-07-20,22,POINT(-92.6 45.0)
2016-03-07,36,POINT(-116.7 44.5)
2017-09-18,34,POINT(-106.0 35.9)
2016-04-21,51,POINT(-108.8 37.1)
2017-11-01,4,POINT(-75.7 21.6)
2016-04-16,5,POINT(-111.0 45.6)
2016-01-26,25,POINT(-80.2 24.0)
2017-09-13,33,POINT(-105.9 29.0)
2016-03-06,23,POINT(-109.4 42.3)
2017-02-17,4,POINT(-119.5 29.0)
2017-12-17,19,POINT(-105.4 35.2)
2017-09-04,28,POINT(-116.5 24.6)
2017-05-14,3,POINT(-101.9 28.7)
2017-12-18,2,POINT(-117.4 42.0)
2016-01-01,6,POINT(-116.8 32.5)
2017-08-04,2,POINT(-102.3 36.9)
2017-10-23,4,POINT(-97.6 30.7)
2017-04-03,5,POINT(-103.4 47.9)
2017-01-03,16,POINT(-118.8 45.7)
2017-12-27,4,POINT(-111.1 23.4)
2016-05-21,19,POINT(-73.0 49.3)
2016-01-14,7,POINT(-91.4 44.3)
2017-04-12,8,POINT(-77.3 24.8)
2017-12-11,69,POINT(-117.4 21.2)
2017-06-14,33,POINT(-119.6 46.8)
2017-02-13,12,POINT(-80.9 42.7)
2016-05-29,12,POINT(-100.8 28.3)
2016-11-28,3,POINT(-101.5 48.6)
2016-03-14,38,POINT(-108.1 47.2)
2017-03-13,1,POINT(-112.0 26.4)
2017-01-17,4,POINT(-78.6 32.0)
2016-12-16,16,POINT(-116.9 21.4)
2016-09-22,5,POINT(-95.1 29.2)
2017-10-18,21,POINT(-102.0 34.9)
2017-10-06,1,POINT(-106.2 21.9)
2017-02-08,3,POINT(-82.0 30.1)
2017-02-26,29,POINT(-76.1 24.5)
2017-10-21,18,POINT(-110.3 47.7)
2016-03-19,1,POINT(-116.1 44.9)
2016-11-04,5,POINT(-101.2 43.0)
2017-12-27,6,POINT(-98.0 43.2)
2016-02-02,38,POINT(-117.3 20.4)
2017-03-03,18,POINT(-96.5 38.1)
2017-12-06,16,POINT(-72.4 37.7)
2017-11-20,2,POINT(-100.7 49.8)
2016-11-30,22,POINT(-75.0 39.0)
2017-03-30,4,POINT(-77.6 39.5)
2017-12-13,15,POINT(-98.2 31.4)
2017-02-15,18,POINT(-84.7 35.0)
2017-04-14,37,POINT(-109.5 31.9)
2017-05-29,33,POINT(-113.2 47.3)
2017-07-18,5,POINT(-119.9 26.1)
2016-04-30,50,POINT(-116.3 24.5)
2016-05-29,1,POINT(-88.6 49.9)
2016-06-01,9,POINT(-75.7 47.9)
2017-12-29,2,POINT(-71.1 37.8)
2017-10-08,26,POINT(-95.9 43.2)
2016-09-12,14,POINT(-113.0 23.3)
2017-07-27,4,POINT(-120.0 43.1)
2016-03-03,2,POINT(-70.8 33.9)
2016-10-19,6,POINT(-79.1 44.8)
2016-03-08,51,POINT(-93.8 35.5)
2016-08-12,23,POINT(-107.7 41.8)
2017-10-10,6,POINT(-94.1 30.2)
2017-03-29,45,POINT(-78.1 42.0)
2017-07-11,3,POINT(-92.2 28.2)
2017-08-29,24,POINT(-70.2 48.6)
2016-10-16,12,POINT(-114.7 40.1)
2016-09-03,7,POINT(-70.9 34.4)
2016-11-11,7,POINT(-90.8 38.2)
2016-10-18,14,POINT(-91.6 38.5)
2017-04-24,54,POINT(-102.0 45.6)
2016-08-01,28,POINT(-118.0 36.7)
2017-07-13,22,POINT(-82.0 36.9)
2017-08-27,42,POINT(-106.2 37.6)
2017-06-01,17,POINT(-102.5 43.2)
2016-07-11,5,POINT(-93.3 34.7)
2017-09-06,76,POINT(-117.2 26.4)
2017-03-09,16,POINT(-119.5 32.5)
2016-03-14,8,POINT(-114.8 31.3)
2016-03-14,31,POINT(-83.2 21.8)
2017-09-16,13,POINT(-110.5 44.0)
2017-10-25,1,POINT(-94.3 45.1)
2016-09-19,8,POINT(-110.7 28.0)
2016-03-26,13,POINT(-105.8 29.7)
2016-02-27,10,POINT(-118.1 29.6)
2017-10-22,17,POINT(-101.7 35.5)
2017-12-26,5,POINT(-113.2 34.1)
2017-02-20,17,POINT(-92.1 46.6)
2016-10-07,87,POINT(-78.2 34.8)
2017-08-29,29,POINT(-76.1 25.3)
2016-07-26,24,POINT(-73.3 42.4)
2016-05-22,5,POINT(-113.8 46.0)
2017-02-16,18,POINT(-94.2 38.3)
2017-08-17,35,POINT(-114.3 42.9)
2016-02-21,6,POINT(-104.7 26.7)
2016-01-17,2,POINT(-108.4 47.0)
2017-12-30,22,POINT(-119.4 22.3)
2017-02-22,23,POINT(-73.4 47.0)
2017-02-27,33,POINT(-80.9 30.9)
2016-07-19,20,POINT(-94.1 22.7)
2017-02-21,38,POINT(-102.8 25.4)
2017-03-17,7,POINT(-99.4 49.7)
2017-05-16,1,POINT(-109.7 31.2)
2016-03-22,27,POINT(-71.6 43.2)
2017-10-01,10,POINT(-105.7 34.3)
2016-03-20,5,POINT(-116.3 37.3)
2016-07-07,2,POINT(-91.8 39.1)
2017-04-24,29,POINT(-82.6 38.1)
2016-06-04,36,POINT(-71.4 49.9)
2016-06-08,10,POINT(-88.9 36.5)
2017-08-16,44,POINT(-110.8 38.6)
2016-02-13,11,POINT(-100.4 30.5)
2016-06-10,61,POINT(-104.2 27.2)
2017-10-22,82,POINT(-119.0 33.5)
2017-09-27,35,POINT(-100.4 38.4)
2017-05-24,6,POINT(-80.0 29.4)
2017-05-27,10,POINT(-99.7 35.0)
2017-11-25,16,POINT(-77.4 44.4)
2016-07-26,8,POINT(-82.9 32.7)
2016-04-06,35,POINT(-84.0 37.3)
2016-01-21,53,POINT(-100.9 47.7)
2016-12-20,86,POINT(-117.3 38.7)
2017-05-19,9,POINT(-75.9 29.3)
2017-02-07,7,POINT(-88.1 37.1)
2016-08-10,4,POINT(-115.5 45.8)
2017-02-03,1,POINT(-115.9 24.6)
2017-04-06,4,POINT(-89.3 44.7)
2017-07-13,7,POINT(-98.9 23.0)
2016-02-01,10,POINT(-110.5 48.7)
2017-05-03,3,POINT(-108.0 24.8)
2016-10-14,35,POINT(-100.7 34.0)
2017-03-12,20,POINT(-82.5 48.5)
2017-01-14,17,POINT(-110.2 26.3)
2017-03-12,16,POINT(-84.9 39.3)
2016-05-09,7,POINT(-111.0 42.1)
2017-03-16,56,POINT(-81.8 21.1)
2017-05-07,6,POINT(-75.0 37.8)
2016-09-01,23,POINT(-97.9 42.8)
2016-02-21,6,POINT(-87.9 49.1)
2017-12-21,92,POINT(-106.7 24.2)
2016-08-17,49,POINT(-73.6 45.9)
2017-04-09,7,POINT(-98.7 38.9)
2016-07-04,88,POINT(-95.2 41.8)
2016-06-10,20,POINT(-106.9 42.2)
2016-07-17,27,POINT(-110.3 41.7)
2017-02-04,7,POINT(-108.6 47.7)
2017-04-16,5,POINT(-96.2 23.7)
2017-03-31,40,POINT(-113.1 28.5)
2017-06-28,7,POINT(-100.6 47.1)
2017-02-16,50,POINT(-100.9 33.7)
2017-06-14,10,POINT(-98.3 32.2)
2016-04-30,1,POINT(-98.9 36.2)
2016-03-09,18,POINT(-106.3 29.3)
2016-10-19,9,POINT(-101.7 37.9)
2017-12-27,75,POINT(-74.9 46.4)
2017-09-26,10,POINT(-118.1 31.9)
2017-02-13,8,POINT(-115.6 26.2)
2016-10-06,17,POINT(-73.6 24.7)
2017-07-19,27,POINT(-106.4 40.9)
2017-06-16,68,POINT(-104.8 22.2)
2017-08-31,2,POINT(-102.8 22.3)
2017-10-11,11,POINT(-114.8 48.8)
2017-07-07,22,POINT(-81.6 40.0)
2017-02-22,1,POINT(-111.8 25.7)
2016-01-28,14,POINT(-84.9 39.0)
2017-01-30,33,POINT(-108.4 37.4)
2017-07-23,2,POINT(-85.9 43.4)
2017-09-30,9,POINT(-71.4 32.7)
2017-03-03,11,POINT(-94.5 20.5)
2016-05-23,26,POINT(-104.1 33.2)
2016-04-02,8,POINT(-101.1 40.7)
2016-02-04,6,POINT(-100.8 48.7)
2017-08-26,3,POINT(-113.7 45.2)
2017-04-14,110,POINT(-79.1 20.7)
2017-06-09,13,POINT(-101.0 27.3)
2016-11-10,1,POINT(-84.1 36.5)
2017-04-28,2,POINT(-106.5 21.7)
2017-12-14,3,POINT(-102.2 37.9)
2017-01-10,5,POINT(-75.7 32.9)
2017-10-17,27,POINT(-98.8 40.1)
2017-05-02,17,POINT(-102.3 26.6)
2017-05-10,30,POINT(-104.3 25.6)
2017-01-10,1,POINT(-75.4 47.5)
2017-05-05,7,POINT(-98.9 30.3)
2016-10-25,11,POINT(-76.1 49.1)
2016-12-18,12,POINT(-105.0 24.8)
2016-12-19,2,POINT(-71.1 42.6)
2017-04-25,15,POINT(-94.9 26.0)
2017-02-07,7,POINT(-111.8 41.5)
2017-01-28,5,POINT(-98.8 27.9)
2017-02-06,23,POINT(-85.9 30.0)
2017-05-05,2,POINT(-75.6 39.2)
2017-06-07,41,POINT(-113.6 21.0)
2017-01-28,47,POINT(-92.1 27.4)
2017-08-05,8,POINT(-93.4 45.7)
2017-11-26,87,POINT(-103.6 29.3)
2016-04-13,11,POINT(-99.6 48.7)
2016-01-11,66,POINT(-104.8 24.3)
2017-12-20,87,POINT(-104.9 41.6)
2016-08-12,36,POINT(-93.3 24.9)
2016-11-12,3,POINT(-117.0 42.9)
2017-02-25,18,POINT(-95.9 26.4)
2016-09-29,27,POINT(-103.8 46.0)
2016-02-23,2,POINT(-96.8 38.7)
2016-06-21,45,POINT(-71.3 46.4)
2016-09-03,39,POINT(-82.9 38.8)
2017-10-26,55,POINT(-76.9 44.2)
2017-09-09,15,POINT(-101.4 46.1)
2016-06-07,8,POINT(-84.7 34.1)
2016-04-15,15,POINT(-96.8 40.2)
2017-12-05,27,POINT(-90.1 20.8)
2016-10-21,11,POINT(-98.1 34.9)
2016-10-02,9,POINT(-113.4 26.4)
2017-08-07,2,POINT(-72.6 23.4)
2016-02-12,12,POINT(-84.7 49.9)
2016-07-12,10,POINT(-90.0 49.9)
2017-10-02,22,POINT(-92.0 26.4)
2016-11-06,12,POINT(-83.9 46.9)
2017-09-11,1,POINT(-93.4 46.9)
2016-04-12,14,POINT(-109.2 49.3)
2017-10-06,30,POINT(-119.6 31.8)
2016-09-06,59,POINT(-100.8 48.0)
2017-01-30,5,POINT(-91.8 43.5)
2017-09-06,11,POINT(-101.4 42.0)
2016-10-22,38,POINT(-93.3 27.4)
2016-08-25,1,POINT(-86.8 34.7)
2017-09-11,9,POINT(-79.5 43.6)
2017-10-10,18,POINT(-105.1 45.4)
2016-10-15,9,POINT(-88.3 25.9)
2017-06-20,14,POINT(-75.4 29.3)
2017-09-21,56,POINT(-112.4 24.9)
2016-09-12,1,POINT(-85.5 24.5)
2017-06-04,2,POINT(-74.3 26.4)
2016-04-28,5,POINT(-86.4 47.3)
2016-04-28,10,POINT(-115.4 30.9)
2016-03-31,13,POINT(-105.8 34.9)
2016-06-20,1,POINT(-110.5 20.3)
2017-12-23,43,POINT(-74.4 42.6)
2016-04-25,29,POINT(-70.4 28.7)
2017-06-17,7,POINT(-98.4 41.1)
2016-12-14,6,POINT(-75.2 26.0)
2017-07-20,1,POINT(-113.2 31.3)
2017-04-20,11,POINT(-119.8 35.5)
2017-03-20,6,POINT(-91.6 38.9)
2016-04-17,20,POINT(-70.6 24.9)
2017-08-11,16,POINT(-91.9 33.0)
2017-07-26,63,POINT(-71.0 20.4)
2016-05-01,32,POINT(-97.5 24.0)
2017-08-26,2,POINT(-100.9 29.8)
2016-08-09,25,POINT(-73.5 48.1)
2017-04-03,3,POINT(-117.6 46.5)
2017-10-03,8,POINT(-103.7 35.7)
2017-05-12,17,POINT(-97.8 38.1)
2017-01-04,14,POINT(-115.7 28.6)
2016-04-30,24,POINT(-94.1 40.1)
2016-07-19,34,POINT(-101.2 27.1)
2016-06-09,36,POINT(-98.2 20.1)
2016-08-05,2,POINT(-85.7 48.9)
2017-07-28,21,POINT(-116.5 31.4)
2017-02-03,66,POINT(-71.9 35.7)
2017-12-29,29,POINT(-93.9 23.0)
2017-01-19,15,POINT(-78.1 35.8)
2016-03-04,131,POINT(-104.1 47.1)
2016-07-30,1,POINT(-104.3 46.3)
2017-09-23,2,POINT(-74.8 37.3)
2016-03-09,30,POINT(-114.1 45.7)
2016-05-03,16,POINT(-114.8 30.9)
2017-01-11,3,POINT(-85.1 25.8)
2017-10-18,10,POINT(-96.7 32.6)
2016-10-22,2,POINT(-84.1 44.3)
2016-12-23,15,POINT(-98.4 41.2)
2017-10-02,3,POINT(-109.4 31.5)
2017-06-08,1,POINT(-84.2 30.2)
2016-03-08,8,POINT(-118.0 48.9)
2016-09-26,6,POINT(-97.6 27.9)
2016-05-12,9,POINT(-97.1 29.2)
2016-03-02,9,POINT(-116.1 30.4)
2016-06-09,20,POINT(-107.9 43.5)
2016-01-26,23,POINT(-107.0 45.5)
2017-12-01,3,POINT(-75.4 26.5)
2016-10-12,14,POINT(-94.4 32.2)
2017-03-21,44,POINT(-86.5 46.0)
2016-09-05,4,POINT(-117.3 29.4)
2016-03-31,69,POINT(-114.8 32.1)
2016-02-05,1,POINT(-91.8 36.6)
2016-01-07,3,POINT(-78.2 39.2)
2017-05-20,4,POINT(-117.4 29.1)
2016-11-16,13,POINT(-70.8 37.3)
2016-07-20,8,POINT(-75.7 41.7)
2017-07-06,11,POINT(-76.3 22.7)
2017-06-27,57,POINT(-119.6 50.0)
2017-10-15,9,POINT(-99.7 48.0)
2016-09-12,38,POINT(-80.2 24.6)
2016-06-09,2,POINT(-82.1 30.0)
2016-01-30,34,POINT(-102.7 28.4)
2017-04-01,47,POINT(-76.1 20.7)
2016-09-18,7,POINT(-88.2 35.1)
2016-01-10,16,POINT(-70.3 24.7)
2017-12-15,5,POINT(-103.3 24.1)
2016-12-24,2,POINT(-87.8 26.3)
2016-10-02,30,POINT(-98.8 42.8)
2016-05-03,20,POINT(-87.6 23.9)
2017-09-21,28,POINT(-107.0 38.9)
2016-09-24,12,POINT(-100.9 28.7)
2016-10-04,6,POINT(-73.4 22.1)
2016-03-16,12,POINT(-105.5 49.3)
2017-06-09,2,POINT(-89.0 39.4)
2017-09-09,7,POINT(-74.1 26.1)
2016-06-24,8,POINT(-95.9 35.2)
2017-11-24,26,POINT(-85.2 31.7)
2016-02-05,2,POINT(-82.6 25.3)
2017-07-20,6,POINT(-92.8 48.8)
2016-09-26,7,POINT(-101.1 45.8)
2016-01-02,17,POINT(-79.6 31.1)
2016-09-12,6,POINT(-92.3 44.3)
2017-05-28,3,POINT(-114.2 25.7)
2017-07-26,6,POINT(-76.3 22.3)
2016-12-28,11,POINT(-105.1 35.8)
2016-04-16,15,POINT(-95.3 31.8)
2016-05-13,1,POINT(-109.3 22.1)
2017-02-12,8,POINT(-95.4 38.9)
2017-03-26,29,POINT(-113.5 44.6)
2017-06-18,19,POINT(-91.7 35.8)
2017-08-07,13,POINT(-93.9 21.6)
2016-12-16,13,POINT(-79.1 31.3)
2016-01-28,10,POINT(-92.0 27.5)
2017-06-20,9,POINT(-99.6 24.5)
2016-03-05,11,POINT(-96.7 35.0)
2016-07-12,41,POINT(-89.8 22.0)
2016-07-25,13,POINT(-78.0 21.9)
2016-10-25,23,POINT(-117.9 43.3)
2016-02-09,33,POINT(-73.7 32.8)
2017-04-08,12,POINT(-115.8 42.3)
2016-01-23,37,POINT(-102.8 29.8)
2017-11-19,99,POINT(-103.2 30.5)
2016-05-07,15,POINT(-93.4 32.8)
2016-09-19,11,POINT(-102.3 29.1)
2016-02-04,33,POINT(-109.0 36.8)
2017-05-01,21,POINT(-107.8 22.2)
2016-04-10,19,POINT(-70.7 36.7)
2017-09-02,44,POINT(-78.2 41.4)
2016-03-22,21,POINT(-79.7 49.8)
2016-11-12,21,POINT(-99.0 39.1)
2016-11-25,5,POINT(-73.2 41.3)
2016-07-14,24,POINT(-116.9 37.9)
2017-02-17,49,POINT(-113.7 48.5)
2017-05-23,18,POINT(-107.7 44.3)
2017-04-25,47,POINT(-87.9 38.5)
2016-03-08,9,POINT(-111.7 30.0)
2017-01-27,1,POINT(-103.2 29.7)
2016-09-29,12,POINT(-111.1 42.6)
2016-10-25,1,POINT(-80.0 47.9)
2016-05-20,4,POINT(-74.5 49.6)
2016-07-03,5,POINT(-77.5 27.9)
2017-10-27,16,POINT(-118.6 37.8)
2016-07-07,60,POINT(-104.1 41.1)
2017-07-27,1,POINT(-88.1 32.4)
2016-01-19,6,POINT(-120.0 23.3)
2016-03-21,70,POINT(-82.7 28.6)
2017-05-12,43,POINT(-76.6 35.5)
2017-06-25,37,POINT(-116.1 23.5)
2017-09-30,2,POINT(-98.4 29.4)
2016-08-05,21,POINT(-104.9 27.7)
2017-06-08,5,POINT(-72.7 30.6)
2017-11-19,22,POINT(-103.8 40.6)
2016-12-03,12,POINT(-91.0 34.3)
2016-04-30,21,POINT(-119.5 31.3)
2017-04-13,12,POINT(-78.2 28.2)
2017-01-06,48,POINT(-118.5 40.7)
2017-04-26,1,POINT(-91.5 40.2)
2016-06-27,5,POINT(-83.0 33.4)
2016-04-20,36,POINT(-100.2 28.4)
2016-01-09,27,POINT(-118.4 44.3)
2016-08-09,5,POINT(-75.0 45.6)
2017-09-13,3,POINT(-101.7 45.4)
2017-10-09,8,POINT(-96.7 31.8)
2016-04-17,14,POINT(-79.3 27.6)
2016-12-02,1,POINT(-87.0 45.4)
2016-07-22,38,POINT(-103.7 49.4)
2017-06-10,15,POINT(-93.0 25.8)
2017-03-28,51,POINT(-115.3 39.1)
2017-11-04,8,POINT(-95.9 29.9)
2016-07-13,2,POINT(-98.6 34.6)
2016-09-17,42,POINT(-82.0 37.2)
2016-01-09,4,POINT(-80.0 36.2)
2016-08-03,9,POINT(-76.4 42.8)
2016-04-22,13,POINT(-77.1 49.2)
2017-09-20,14,POINT(-70.1 22.6)
2016-12-05,1,POINT(-84.6 40.5)
2016-02-16,15,POINT(-89.0 35.7)
2017-05-03,2,POINT(-112.6 31.9)
2016-11-17,8,POINT(-96.6 39.9)
2016-04-07,75,POINT(-98.5 46.6)
2017-03-20,7,POINT(-83.3 38.3)
2016-04-02,34,POINT(-106.3 44.6)
2016-09-08,15,POINT(-76.5 28.9)
2016-06-11,5,POINT(-109.0 33.1)
2016-06-06,26,POINT(-95.8 25.2)
2017-08-01,17,POINT(-72.8 37.2)
2016-05-17,16,POINT(-102.8 42.2)
2017-01-18,1,POINT(-83.6 37.4)
2016-11-07,9,POINT(-103.2 47.4)
2016-10-16,27,POINT(-94.3 45.8)
2016-03-05,32,POINT(-81.2 32.7)
2016-07-16,34,POINT(-79.3 37.2)
2017-11-13,1,POINT(-77.9 39.4)
2017-06-11,4,POINT(-115.0 44.2)
2017-12-03,85,POINT(-77.3 22.2)
2017-06-20,4,POINT(-112.7 44.2)
2016-09-06,5,POINT(-106.4 22.0)
2017-06-22,33,POINT(-71.4 41.6)
2017-11-12,10,POINT(-112.8 34.0)
2016-04-26,3,POINT(-107.4 27.1)
2017-07-20,3,POINT(-103.2 41.2)
2017-04-30,2,POINT(-79.7 46.1)
2016-12-28,4,POINT(-104.0 44.9)
2016-01-26,14,POINT(-78.7 25.8)
2017-09-11,1,POINT(-109.7 38.1)
2017-08-24,3,POINT(-89.9 39.9)
2017-05-07,48,POINT(-72.0 21.6)
2016-12-22,42,POINT(-117.9 29.8)
2017-02-15,36,POINT(-74.6 23.1)
2017-04-20,25,POINT(-111.8 32.5)
2017-02-17,22,POINT(-91.0 41.8)
2016-05-01,7,POINT(-117.6 44.2)
2017-04-05,9,POINT(-91.4 42.9)
2017-03-04,6,POINT(-89.2 28.2)
2016-08-30,79,POINT(-79.6 24.5)
2017-02-06,21,POINT(-99.2 46.2)
2016-09-08,68,POINT(-74.2 42.3)
2016-03-15,7,POINT(-101.5 42.7)
2016-04-21,20,POINT(-115.4 28.1)
2017-10-24,29,POINT(-100.7 37.2)
2017-09-01,2,POINT(-104.7 46.9)
2016-12-25,22,POINT(-97.7 45.0)
2016-06-16,4,POINT(-110.0 28.0)
2016-09-06,8,POINT(-101.5 48.5)
2016-07-31,26,POINT(-75.7 31.4)
2017-03-18,12,POINT(-87.4 37.2)
2016-02-15,51,POINT(-110.1 41.9)
2016-01-18,6,POINT(-117.4 27.5)
2016-12-15,4,POINT(-109.2 31.8)
2016-08-07,9,POINT(-99.5 47.9)
2017-11-18,39,POINT(-101.6 22.3)
2017-02-01,38,POINT(-77.6 20.6)
2017-10-22,10,POINT(-90.7 48.9)
2016-04-07,34,POINT(-77.9 46.3)
2016-01-05,2,POINT(-70.1 44.0)
2016-06-07,1,POINT(-105.5 30.0)
2016-03-27,41,POINT(-96.1 31.3)
2016-04-29,42,POINT(-84.7 46.9)
2017-03-18,4,POINT(-94.4 49.3)
2016-06-20,8,POINT(-103.7 21.8)
2017-07-29,39,POINT(-79.2 34.0)
2017-08-28,2,POINT(-75.4 32.0)
2017-11-12,40,POINT(-106.1 42.1)
2016-08-22,18,POINT(-105.9 34.8)
2017-04-22,22,POINT(-91.6 22.4)
2016-04-30,19,POINT(-79.2 25.0)
2017-05-11,18,POINT(-94.0 29.2)
2017-09-03,5,POINT(-117.0 43.6)
2017-02-25,6,POINT(-105.2 43.2)
2016-05-14,18,POINT(-94.9 43.1)
2016-11-10,11,POINT(-83.2 43.3)
2016-03-09,16,POINT(-81.3 32.5)
2016-07-16,6,POINT(-82.4 38.4)
2017-12-18,13,POINT(-115.3 24.3)
2016-01-11,4,POINT(-89.2 26.7)
2016-05-09,1,POINT(-98.7 29.7)
2016-04-19,61,POINT(-104.3 35.4)
2016-01-27,26,POINT(-78.6 25.5)
2017-02-03,14,POINT(-102.1 46.2)
2016-11-15,17,POINT(-110.9 38.6)
2016-07-12,15,POINT(-85.2 36.1)
2016-12-11,46,POINT(-113.2 20.5)
2016-01-16,30,POINT(-105.3 36.9)
2016-03-13,8,POINT(-97.8 47.5)
2017-09-19,5,POINT(-112.9 26.7)
2016-07-19,2,POINT(-105.6 26.6)
2017-10-06,4,POINT(-87.9 47.4)
2016-06-12,14,POINT(-92.1 45.0)
2016-01-07,5,POINT(-77.8 40.4)
2016-03-01,8,POINT(-113.0 42.0)
2016-12-17,3,POINT(-76.8 21.8)
2017-04-29,52,POINT(-116.2 42.8)
2017-09-23,1,POINT(-82.8 42.3)
2017-03-26,9,POINT(-109.7 21.5)
2017-02-17,6,POINT(-74.8 43.7)
2016-01-31,1,POINT(-117.9 39.2)
2017-07-13,53,POINT(-91.0 37.1)
2016-03-31,8,POINT(-119.4 35.4)
2017-06-01,14,POINT(-83.2 35.4)
2017-03-21,18,POINT(-118.3 27.0)
2016-10-11,19,POINT(-83.6 20.1)
2017-01-27,13,POINT(-79.6 48.8)
2017-08-18,19,POINT(-75.2 33.8)
2016-05-18,28,POINT(-102.0 21.3)
2016-11-25,61,POINT(-92.9 29.9)
2016-05-12,22,POINT(-83.3 31.2)
2017-09-06,13,POINT(-79.0 46.1)
2016-11-21,12,POINT(-80.9 30.3)
2017-08-29,25,POINT(-77.6 46.4)
2017-06-13,20,POINT(-75.1 33.3)
2016-01-21,11,POINT(-87.5 25.0)
2017-04-23,9,POINT(-111.3 28.6)
2017-04-02,100,POINT(-78.3 45.4)
2017-06-01,30,POINT(-96.8 24.8)
2017-06-19,5,POINT(-117.5 38.5)
2016-08-12,7,POINT(-88.7 41.8)
2017-07-25,45,POINT(-83.6 29.4)
2016-11-25,22,POINT(-97.1 44.1)
2017-07-11,8,POINT(-94.7 29.4)
2017-01-02,10,POINT(-92.5 28.2)
2016-05-21,10,POINT(-107.4 22.3)
2017-08-12,5,POINT(-101.3 37.6)
2016-07-17,15,POINT(-79.7 36.0)
2017-09-18,30,POINT(-118.5 39.9)
2016-02-05,17,POINT(-92.2 34.0)
2017-04-10,22,POINT(-118.4 26.2)
2017-07-25,19,POINT(-109.9 23.1)
2017-03-13,2,POINT(-101.4 35.0)
2017-08-13,5,POINT(-110.7 36.1)
2016-07-09,9,POINT(-77.6 48.0)
2016-04-06,45,POINT(-76.5 34.8)
2017-05-18,9,POINT(-112.3 48.0)
2017-01-01,8,POINT(-75.4 39.1)
2016-05-29,2,POINT(-108.5 24.5)
2016-02-12,72,POINT(-119.4 22.6)
2016-10-23,31,POINT(-83.2 48.8)
2016-11-14,30,POINT(-94.1 26.1)
2016-08-05,10,POINT(-95.1 30.4)
2017-12-19,2,POINT(-119.9 21.1)
2017-05-02,7,POINT(-71.1 28.2)
2016-05-25,39,POINT(-78.4 48.7)
2016-11-23,4,POINT(-71.6 22.7)
2016-09-15,45,POINT(-107.8 47.0)
2017-07-19,16,POINT(-89.8 22.0)
2016-04-28,26,POINT(-82.7 39.5)
2016-05-21,13,POINT(-79.8 34.9)
2016-10-16,54,POINT(-80.9 41.9)
2017-09-30,6,POINT(-91.4 43.3)
2016-08-12,17,POINT(-118.4 40.3)
2016-08-16,2,POINT(-70.3 25.9)
2016-09-13,14,POINT(-114.3 39.0)
2016-09-01,73,POINT(-111.0 38.5)
2016-06-24,2,POINT(-78.8 45.5)
2016-12-20,15,POINT(-115.0 23.4)
2017-06-05,19,POINT(-109.3 38.1)
2017-08-17,54,POINT(-119.0 26.2)
2016-05-18,8,POINT(-112.2 39.9)
2016-04-28,14,POINT(-87.1 35.5)
2017-09-30,88,POINT(-102.0 25.7)
2017-09-02,30,POINT(-113.2 23.7)
2017-07-31,34,POINT(-106.8 41.0)
2016-09-15,31,POINT(-82.3 44.5)
2017-10-16,15,POINT(-92.2 31.1)
2017-07-24,12,POINT(-96.2 38.7)
2016-07-10,6,POINT(-117.7 44.2)
2016-05-09,13,POINT(-94.4 41.7)
2016-06-06,1,POINT(-95.9 41.9)
2017-11-08,3,POINT(-97.9 36.7)
2016-09-17,7,POINT(-95.6 24.1)
2017-01-24,9,POINT(-116.3 48.4)
2017-10-06,25,POINT(-73.3 29.2)
2017-06-07,4,POINT(-104.7 23.4)
2016-05-11,32,POINT(-87.4 45.9)
2017-02-11,33,POINT(-102.1 46.5)
2016-06-01,18,POINT(-103.6 46.3)
2016-10-08,14,POINT(-83.8 35.5)
2017-07-20,13,POINT(-99.1 29.3)
2017-09-29,11,POINT(-89.2 44.4)
2016-02-15,2,POINT(-106.3 47.8)
2017-11-16,22,POINT(-106.7 20.3)
2016-10-25,18,POINT(-110.0 47.2)
2016-01-21,1,POINT(-105.0 27.1)
2016-06-13,5,POINT(-116.8 43.8)
2016-09-24,12,POINT(-116.1 44.3)
2016-04-10,47,POINT(-77.4 36.9)
2017-10-22,93,POINT(-106.0 33.1)
2017-10-14,28,POINT(-93.1 26.7)
2017-01-07,28,POINT(-95.2 27.2)
2016-02-02,11,POINT(-88.3 34.9)
2016-08-23,17,POINT(-87.6 24.3)
2016-07-16,6,POINT(-101.7 40.3)
2017-05-21,27,POINT(-113.3 21.0)
2016-11-27,2,POINT(-111.1 20.8)
2017-03-20,11,POINT(-102.0 35.3)
2017-04-30,36,POINT(-92.0 28.0)
2016-04-29,79,POINT(-89.3 34.3)
2016-06-06,24,POINT(-73.4 36.7)
2016-02-06,5,POINT(-104.7 29.3)
2016-05-23,17,POINT(-114.5 46.4)
2017-07-10,17,POINT(-93.1 34.9)
2017-12-11,68,POINT(-116.7 44.7)
2017-10-02,37,POINT(-111.7 46.8)
2017-11-23,2,POINT(-92.3 46.7)
2016-01-28,5,POINT(-73.8 22.0)
2017-08-01,37,POINT(-110.2 21.3)
2016-08-31,72,POINT(-101.9 37.8)
2017-11-09,7,POINT(-97.9 32.3)
2016-09-22,24,POINT(-72.3 43.2)
2016-02-20,8,POINT(-83.2 48.6)
2016-04-18,1,POINT(-103.4 22.0)
2017-02-01,36,POINT(-106.4 38.9)
2016-11-30,27,POINT(-94.1 38.1)
2016-05-13,2,POINT(-100.9 46.1)
2017-11-09,4,POINT(-89.2 29.4)
2016-03-20,154,POINT(-93.3 35.5)
2016-12-03,22,POINT(-118.3 48.2)
2017-09-02,33,POINT(-116.3 49.9)
2017-03-07,10,POINT(-113.3 37.0)
2017-10-26,15,POINT(-87.5 26.2)
2017-04-25,20,POINT(-71.1 43.8)
2016-10-15,33,POINT(-97.4 31.3)
2017-08-17,9,POINT(-112.5 47.4)
2016-04-11,23,POINT(-89.5 43.9)
2016-11-26,30,POINT(-88.7 48.2)
2017-01-10,33,POINT(-82.2 26.4)
2016-08-18,14,POINT(-84.5 32.5)
2017-03-26,13,POINT(-85.6 27.5)
2016-11-16,3,POINT(-83.8 48.2)
2017-02-27,14,POINT(-79.0 42.0)
2016-01-25,25,POINT(-75.2 20.7)
2017-07-22,51,POINT(-119.8 28.4)
2017-02-19,3,POINT(-86.7 42.1)
2016-10-28,70,POINT(-72.9 40.4)
2016-04-09,6,POINT(-82.1 21.1)
2017-01-22,4,POINT(-115.9 31.6)
2016-04-28,3,POINT(-83.2 43.8)
2017-10-24,93,POINT(-107.4 30.2)
2017-08-14,17,POINT(-110.8 27.2)
2016-11-26,7,POINT(-109.8 41.3)
2017-10-23,8,POINT(-71.4 39.6)
2016-12-24,61,POINT(-87.0 20.8)
2016-05-05,47,POINT(-71.1 47.2)
2016-10-15,9,POINT(-77.6 34.6)
2017-07-06,2,POINT(-73.8 45.7)
2017-12-02,36,POINT(-92.3 31.7)
2017-03-15,50,POINT(-102.6 31.3)
2017-07-28,37,POINT(-83.1 23.7)
2017-12-17,49,POINT(-119.1 43.9)
2016-12-06,18,POINT(-87.8 20.1)
2016-07-22,37,POINT(-72.2 28.7)
2016-06-27,58,POINT(-77.7 22.2)
2016-12-11,45,POINT(-110.5 41.4)
2016-04-14,18,POINT(-113.6 41.5)
2016-11-08,28,POINT(-78.7 29.4)
2016-03-26,26,POINT(-117.3 41.1)
2017-03-16,33,POINT(-70.2 27.5)
2017-04-24,6,POINT(-96.6 29.4)
2016-11-23,1,POINT(-73.6 44.2)
2016-09-07,15,POINT(-79.4 42.2)
2017-04-26,30,POINT(-85.1 43.2)
2016-01-04,3,POINT(-109.7 23.4)
2016-07-02,16,POINT(-115.7 24.0)
2017-11-23,8,POINT(-87.2 29.1)
2016-10-26,37,POINT(-110.5 23.1)
2017-06-11,3,POINT(-78.6 35.6)
2017-08-28,38,POINT(-116.6 35.9)
2016-06-04,19,POINT(-93.8 30.4)
2017-03-09,51,POINT(-98.9 32.4)
2016-12-22,55,POINT(-73.8 23.0)
2017-06-11,34,POINT(-75.1 40.4)
2016-02-10,16,POINT(-84.0 27.9)
2017-10-10,4,POINT(-82.2 43.3)
2016-09-14,6,POINT(-84.7 43.1)
2016-12-31,11,POINT(-86.3 37.7)
2017-07-08,27,POINT(-70.2 33.2)
2016-03-06,16,POINT(-83.2 26.2)
2016-07-26,12,POINT(-72.7 48.1)
2016-09-01,13,POINT(-98.1 46.9)
2016-08-30,28,POINT(-70.1 42.6)
2017-08-11,1,POINT(-89.3 47.5)
2017-12-31,12,POINT(-74.8 47.0)
2017-01-15,18,POINT(-115.5 35.7)
2016-08-10,18,POINT(-89.5 26.3)
2016-01-21,20,POINT(-70.4 26.1)
2016-05-26,2,POINT(-116.7 34.9)
2017-01-02,17,POINT(-72.6 41.7)
2016-11-08,16,POINT(-112.7 32.1)
2017-08-11,39,POINT(-70.2 32.1)
2016-11-11,29,POINT(-105.6 22.2)
2017-02-06,1,POINT(-80.3 43.4)
2017-03-23,17,POINT(-118.6 25.2)
2017-06-30,24,POINT(-105.7 47.0)
2016-05-05,18,POINT(-89.8 25.2)
2017-05-10,23,POINT(-108.6 42.3)
2017-08-21,3,POINT(-82.0 42.4)
2017-11-30,4,POINT(-86.2 45.9)
2016-02-14,18,POINT(-70.5 35.6)
2016-11-26,33,POINT(-90.8 32.1)
2016-03-12,1,POINT(-81.6 22.9)
2017-12-28,12,POINT(-116.3 45.0)
2016-04-07,97,POINT(-117.9 32.5)
2016-09-27,30,POINT(-90.9 49.7)
2017-02-10,12,POINT(-70.7 29.0)
2017-03-19,3,POINT(-106.6 33.1)
2016-03-31,9,POINT(-119.9 32.5)
2017-10-15,4,POINT(-103.0 34.3)
2016-04-26,51,POINT(-83.0 26.7)
2017-05-28,24,POINT(-79.9 28.2)
2016-02-12,39,POINT(-80.9 33.8)
2016-03-11,46,POINT(-116.0 43.1)
2016-05-23,19,POINT(-81.5 42.3)
2016-12-07,1,POINT(-115.9 25.5)
2017-12-26,17,POINT(-70.6 35.9)
2016-04-16,33,POINT(-101.5 35.7)
2017-01-20,8,POINT(-85.3 37.1)
2017-03-31,53,POINT(-95.8 29.4)
2016-10-20,116,POINT(-108.0 41.5)
2016-06-24,16,POINT(-89.5 28.4)
2016-04-16,16,POINT(-119.2 29.9)
2016-03-26,22,POINT(-94.7 25.8)
2017-05-24,17,POINT(-118.0 24.8)
2016-08-14,4,POINT(-91.6 46.4)
2017-08-16,7,POINT(-97.1 31.8)
2016-11-24,5,POINT(-75.3 42.7)
2016-08-28,2,POINT(-71.7 42.8)
2016-01-02,4,POINT(-87.4 37.1)
2016-09-07,72,POINT(-110.7 44.8)
2016-02-11,17,POINT(-93.8 20.0)
2017-03-01,3,POINT(-119.9 24.9)
2016-03-21,25,POINT(-81.6 45.6)
2017-05-02,13,POINT(-117.9 48.1)
2016-09-18,6,POINT(-79.6 35.3)
2017-01-29,58,POINT(-106.8 40.8)
2017-12-09,6,POINT(-107.5 24.7)
2016-09-04,3,POINT(-115.5 40.1)
2016-11-25,5,POINT(-85.7 39.5)
2017-07-01,49,POINT(-101.7 23.3)
2017-09-06,40,POINT(-115.5 43.5)
2016-04-07,45,POINT(-103.9 21.0)
2016-05-24,50,POINT(-73.9 49.4)
2016-05-06,2,POINT(-118.3 49.0)
2016-10-30,25,POINT(-86.5 43.6)
2017-08-01,22,POINT(-94.9 34.6)
2017-01-13,99,POINT(-90.1 28.9)
2016-05-26,26,POINT(-100.4 30.2)
2016-03-21,32,POINT(-95.9 23.1)
2016-08-29,26,POINT(-82.0 41.8)
2017-07-30,20,POINT(-95.8 48.8)
2017-08-05,17,POINT(-101.2 27.2)
2017-07-01,70,POINT(-106.2 49.3)
2016-03-07,56,POINT(-97.5 33.6)
2017-08-17,12,POINT(-91.2 24.2)
2017-11-12,7,POINT(-101.3 43.2)
2017-04-19,15,POINT(-75.0 44.9)
2017-08-01,28,POINT(-70.2 30.1)
2017-09-01,11,POINT(-109.8 49.0)
2017-03-08,16,POINT(-87.8 36.1)
2016-10-28,8,POINT(-109.7 21.0)
2017-12-20,12,POINT(-92.9 30.3)
2017-01-09,64,POINT(-100.3 43.0)
2017-07-28,5,POINT(-107.7 26.0)
2016-03-18,90,POINT(-102.9 23.9)
2016-01-30,5,POINT(-113.8 38.4)
2016-12-17,8,POINT(-116.0 29.0)
2016-04-24,2,POINT(-97.5 38.4)
2016-11-27,28,POINT(-79.2 29.5)
2017-05-19,1,POINT(-85.9 43.1)
2017-12-31,32,POINT(-90.2 32.6)
2016-06-02,18,POINT(-99.0 49.6)
2017-06-18,28,POINT(-96.6 31.2)
2017-01-03,31,POINT(-118.9 24.4)
2017-12-26,3,POINT(-73.0 39.1)
2017-10-21,1,POINT(-104.5 41.9)
2016-12-23,4,POINT(-74.3 30.3)
2016-10-28,10,POINT(-84.2 42.4)
2017-12-20,2,POINT(-91.9 30.2)
2017-11-01,13,POINT(-97.7 22.9)
2017-03-26,7,POINT(-103.9 22.5)
2016-11-02,10,POINT(-88.1 34.3)
2017-11-09,57,POINT(-71.5 49.5)
2016-03-03,26,POINT(-79.8 36.0)
2016-10-02,22,POINT(-100.4 36.0)
2017-05-25,22,POINT(-95.9 45.9)
2017-06-18,17,POINT(-96.6 48.4)
2017-12-13,15,POINT(-107.0 25.3)
2017-01-21,43,POINT(-77.6 24.0)
2017-04-02,2,POINT(-85.4 40.5)
2017-02-11,7,POINT(-90.1 38.4)
2017-12-27,3,POINT(-98.3 30.4)
2017-01-20,1,POINT(-108.0 46.9)
2017-01-24,1,POINT(-88.0 36.3)
2016-08-16,1,POINT(-108.2 25.2)
2016-08-14,23,POINT(-119.6 31.7)
2016-11-22,3,POINT(-116.7 46.3)
2016-11-30,5,POINT(-85.3 20.6)
2016-10-03,11,POINT(-101.1 45.1)
2016-08-17,7,POINT(-109.7 48.5)
2017-12-27,34,POINT(-108.1 31.0)
2016-06-05,20,POINT(-95.3 28.5)
2016-01-13,9,POINT(-74.7 25.0)
2017-05-17,8,POINT(-106.6 21.2)
2016-07-15,24,POINT(-87.2 40.3)
2017-09-14,4,POINT(-78.7 25.1)
2017-09-06,7,POINT(-95.6 46.8)
2016-04-12,9,POINT(-118.6 33.7)
2016-06-18,13,POINT(-80.2 49.2)
2016-04-18,5,POINT(-76.0 49.4)
2017-01-10,4,POINT(-118.4 44.0)
2016-05-05,93,POINT(-114.2 33.2)
2017-01-19,49,POINT(-115.6 33.9)
2016-05-27,15,POINT(-108.9 48.5)
2017-11-13,30,POINT(-95.2 41.8)
2016-01-01,23,POINT(-118.3 32.0)
2017-07-05,2,POINT(-111.5 45.9)
2016-01-07,15,POINT(-99.6 28.2)
2016-06-11,5,POINT(-88.3 48.1)
2017-03-11,18,POINT(-74.5 27.3)
2017-03-09,2,POINT(-78.5 42.0)
2016-11-20,4,POINT(-117.3 39.4)
2016-06-05,31,POINT(-71.7 37.6)
2016-04-23,38,POINT(-106.6 34.0)
2016-04-21,48,POINT(-101.8 36.7)
2017-03-30,46,POINT(-116.3 40.8)
2016-03-13,48,POINT(-73.2 39.0)
2016-07-11,2,POINT(-92.7 28.3)
2017-04-19,22,POINT(-94.2 28.2)
2016-09-29,25,POINT(-119.2 39.5)
2016-04-03,7,POINT(-119.8 24.6)
2017-12-19,100,POINT(-85.9 49.3)
2017-11-12,7,POINT(-95.9 45.4)
2017-10-29,18,POINT(-94.6 33.6)
2017-05-29,42,POINT(-87.5 35.7)
2016-08-07,7,POINT(-112.7 30.6)
2016-01-05,19,POINT(-70.1 24.6)
2016-07-12,26,POINT(-116.0 37.7)
2016-02-23,20,POINT(-106.6 49.7)
2016-07-27,11,POINT(-85.3 24.9)
2017-08-10,58,POINT(-94.2 36.1)
2017-12-30,19,POINT(-115.2 48.8)
2017-05-11,6,POINT(-81.3 49.5)
2017-09-21,33,POINT(-71.5 34.6)
2017-03-30,22,POINT(-96.3 22.2)
2016-03-20,3,POINT(-107.3 27.5)
2017-11-29,7,POINT(-114.7 41.1)
2016-01-08,4,POINT(-109.7 22.1)
2016-03-31,2,POINT(-104.4 39.1)
2016-12-11,6,POINT(-110.6 33.5)
2016-12-16,7,POINT(-85.8 25.4)
2016-07-28,13,POINT(-118.9 23.0)
2016-09-14,70,POINT(-99.5 40.5)
2016-02-10,58,POINT(-101.3 25.3)
2017-12-27,29,POINT(-76.1 35.7)
2017-11-26,21,POINT(-106.4 34.8)
2016-10-30,59,POINT(-90.9 40.2)
2016-08-28,4,POINT(-119.8 32.9)
2017-09-09,9,POINT(-74.2 47.5)
2017-06-17,17,POINT(-88.2 45.6)
2016-09-01,34,POINT(-80.3 44.5)
2017-08-13,20,POINT(-91.5 28.3)
2016-10-30,34,POINT(-79.2 49.5)
2017-06-18,4,POINT(-115.8 35.7)
2016-04-20,5,POINT(-84.5 49.3)
2016-05-09,27,POINT(-112.6 45.2)
2016-12-27,9,POINT(-91.2 45.9)
2016-09-16,12,POINT(-70.7 41.2)
2017-10-27,32,POINT(-111.0 25.2)
2017-06-14,2,POINT(-107.2 48.7)
2017-07-14,4,POINT(-109.4 32.0)
2017-08-08,8,POINT(-99.4 48.3)
2016-08-01,43,POINT(-95.6 46.3)
2016-02-22,11,POINT(-112.0 44.7)
2016-07-08,6,POINT(-118.6 20.2)
2017-10-02,23,POINT(-102.9 37.3)
2017-05-05,1,POINT(-100.9 27.3)
2016-05-23,30,POINT(-100.9 46.4)
2016-06-28,24,POINT(-86.8 41.0)
2017-06-02,2,POINT(-97.6 39.5)
2017-12-18,14,POINT(-114.6 47.1)
2016-03-08,11,POINT(-73.4 28.9)
2017-10-16,4,POINT(-85.0 23.2)
2016-04-17,4,POINT(-109.4 29.2)
2016-07-03,4,POINT(-73.2 25.5)
2016-05-30,19,POINT(-70.4 27.6)
2017-12-23,4,POINT(-110.1 37.0)
2017-08-12,2,POINT(-101.0 33.7)
2017-04-19,64,POINT(-116.6 49.4)
2016-04-11,1,POINT(-95.9 32.6)
2017-12-26,22,POINT(-80.6 24.6)
2016-05-18,55,POINT(-74.8 46.2)
2017-01-22,1,POINT(-92.7 28.3)
2017-11-28,68,POINT(-103.7 23.2)
2017-11-10,14,POINT(-91.3 39.8)
2017-05-03,31,POINT(-114.2 27.7)
2016-02-27,20,POINT(-78.2 20.5)
2017-09-22,20,POINT(-94.0 39.9)
2016-03-28,32,POINT(-70.9 22.2)
2016-05-01,2,POINT(-100.0 20.1)
2016-08-31,10,POINT(-87.3 40.5)
2016-03-07,70,POINT(-103.0 33.6)
2016-10-20,2,POINT(-112.6 44.1)
2016-05-09,7,POINT(-82.3 24.9)
2016-02-09,23,POINT(-86.4 35.3)
2016-07-30,3,POINT(-81.0 23.5)
2016-02-25,16,POINT(-71.0 32.3)
2017-12-12,25,POINT(-70.3 30.7)
2016-10-17,29,POINT(-73.6 39.1)
2017-09-10,17,POINT(-75.3 38.7)
2017-12-07,14,POINT(-104.9 27.7)
2016-12-17,26,POINT(-96.6 21.5)
2016-05-01,4,POINT(-117.7 23.1)
2016-04-04,23,POINT(-85.8 47.4)
2017-03-03,51,POINT(-92.7 41.8)
2017-09-28,23,POINT(-84.7 48.3)
2017-03-24,1,POINT(-86.0 38.5)
2017-09-29,15,POINT(-106.4 46.4)
2016-12-09,26,POINT(-96.9 43.2)
2017-07-01,1,POINT(-114.7 27.3)
2017-12-29,29,POINT(-115.8 42.5)
2016-01-03,7,POINT(-97.0 38.3)
2016-01-30,18,POINT(-92.2 25.1)
2016-09-11,68,POINT(-104.1 22.8)
2016-02-14,106,POINT(-116.9 31.0)
2016-06-25,21,POINT(-86.9 37.6)
2016-08-09,14,POINT(-86.1 36.7)
2017-09-16,4,POINT(-104.0 34.4)
2016-05-01,5,POINT(-120.0 34.4)
2016-10-01,12,POINT(-88.2 20.5)
2016-11-07,25,POINT(-116.5 20.6)
2017-02-21,30,POINT(-108.8 32.2)
2016-11-24,6,POINT(-107.6 35.5)
2016-04-12,16,POINT(-106.8 40.3)
2017-11-18,18,POINT(-89.2 40.0)
2016-10-08,45,POINT(-116.0 49.6)
2016-09-01,42,POINT(-87.7 31.8)
2016-05-12,35,POINT(-95.8 23.8)
2017-11-01,15,POINT(-102.6 29.0)
2016-12-06,2,POINT(-89.8 43.0)
2016-01-22,9,POINT(-76.3 27.3)
2017-09-05,20,POINT(-92.8 44.5)
2016-05-29,21,POINT(-112.2 44.2)
2017-07-22,38,POINT(-92.1 34.1)
2017-10-31,10,POINT(-97.3 41.9)
2017-12-07,56,POINT(-73.0 44.0)
2016-06-15,4,POINT(-90.3 41.8)
2016-12-10,2,POINT(-118.2 29.4)
2017-12-06,4,POINT(-114.0 25.1)
2017-04-05,13,POINT(-93.4 23.6)
2016-09-16,35,POINT(-80.2 48.9)
2016-07-18,4,POINT(-115.2 22.8)
2016-01-05,16,POINT(-91.7 33.2)
2016-10-26,30,POINT(-97.4 23.0)
2017-08-25,1,POINT(-101.9 43.8)
2017-06-19,1,POINT(-115.9 36.6)
2016-08-23,14,POINT(-76.0 25.3)
2017-06-23,5,POINT(-81.8 48.8)
2016-05-31,12,POINT(-74.0 45.5)
2016-09-02,1,POINT(-111.6 23.8)
2016-01-05,76,POINT(-91.4 44.4)
2016-01-13,22,POINT(-119.0 45.3)
2017-07-20,24,POINT(-111.1 43.2)
2017-04-09,15,POINT(-80.5 30.5)
2016-10-12,35,POINT(-105.7 27.7)
2017-09-05,36,POINT(-110.1 35.7)
2016-12-04,4,POINT(-92.9 34.2)
2016-08-01,30,POINT(-87.2 37.5)
2016-04-22,17,POINT(-89.5 32.5)
2016-12-03,29,POINT(-115.0 26.3)
2016-03-30,51,POINT(-73.5 37.1)
2017-04-20,9,POINT(-111.1 36.1)
2016-01-30,17,POINT(-73.7 47.3)
2017-06-23,31,POINT(-95.8 39.1)
2017-04-12,87,POINT(-114.9 43.1)
2017-01-22,19,POINT(-112.6 32.8)
2017-08-02,26,POINT(-98.5 44.7)
2016-12-22,38,POINT(-70.1 29.3)
2017-10-16,28,POINT(-75.7 49.3)
2017-06-29,58,POINT(-71.0 44.5)
2017-04-03,6,POINT(-97.3 20.1)
2017-04-15,48,POINT(-86.0 44.5)
2016-08-14,5,POINT(-94.0 36.1)
2017-12-15,17,POINT(-118.5 37.4)
2017-07-26,15,POINT(-112.9 49.9)
2016-07-09,36,POINT(-105.7 41.5)
2016-01-02,11,POINT(-104.3 23.9)
2016-04-27,4,POINT(-85.3 42.6)
2016-11-03,25,POINT(-84.0 26.0)
2017-07-17,19,POINT(-97.5 48.0)
2016-01-15,36,POINT(-101.0 27.9)
2017-02-27,29,POINT(-111.1 33.9)
2017-04-23,46,POINT(-118.0 44.4)
2016-04-05,37,POINT(-90.7 48.9)
2017-09-01,24,POINT(-102.6 24.7)
2016-02-24,13,POINT(-96.2 22.1)
2016-10-04,1,POINT(-75.0 43.7)
2017-02-16,8,POINT(-86.6 45.9)
2016-09-01,27,POINT(-81.1 38.1)
2017-01-30,2,POINT(-111.0 25.1)
2017-04-15,29,POINT(-119.9 24.7)
2016-02-07,15,POINT(-113.2 33.8)
2017-09-23,41,POINT(-81.6 25.8)
2016-05-19,22,POINT(-97.8 30.4)
2016-07-01,33,POINT(-109.3 43.8)
2016-07-31,4,POINT(-71.9 23.2)
2016-05-05,4,POINT(-95.7 29.1)
2016-05-19,5,POINT(-101.6 31.9)
2017-09-12,9,POINT(-71.1 26.8)
2017-04-23,47,POINT(-113.3 41.3)
2017-06-04,30,POINT(-90.0 34.1)
2017-04-07,10,POINT(-82.5 48.4)
2016-02-01,51,POINT(-73.0 30.2)
2016-08-22,31,POINT(-78.3 47.8)
2016-03-13,22,POINT(-105.5 37.0)
2017-04-16,12,POINT(-107.0 36.2)
2017-10-09,22,POINT(-115.1 27.0)
2017-09-19,18,POINT(-111.6 48.4)
2017-10-29,31,POINT(-83.5 29.5)
2017-08-16,6,POINT(-105.5 36.4)
2017-09-10,44,POINT(-97.9 48.2)
2016-10-18,18,POINT(-85.5 45.5)
2017-09-20,33,POINT(-86.8 29.3)
2016-10-14,9,POINT(-80.3 44.2)
2016-07-31,10,POINT(-117.1 40.4)
2016-06-15,56,POINT(-91.4 21.0)
2016-02-18,20,POINT(-75.4 34.8)
2016-08-08,8,POINT(-101.3 32.7)
2017-02-05,2,POINT(-110.4 39.8)
2016-10-15,12,POINT(-116.6 41.1)
2016-06-27,38,POINT(-73.0 41.1)
2016-06-19,6,POINT(-119.8 33.8)
2016-01-04,40,POINT(-80.4 48.4)
2016-12-01,4,POINT(-106.8 22.1)
2016-07-13,3,POINT(-107.9 39.5)
2017-04-08,19,POINT(-112.1 33.2)
2017-07-10,33,POINT(-110.3 27.0)
2017-04-11,31,POINT(-94.3 24.1)
2016-12-09,16,POINT(-76.2 33.9)
2016-07-26,21,POINT(-101.6 29.2)
2017-09-18,6,POINT(-82.7 26.6)
2017-05-17,17,POINT(-107.7 21.1)
2016-05-09,5,POINT(-74.8 29.4)
2017-11-02,53,POINT(-74.3 48.0)
2016-01-01,23,POINT(-114.6 36.2)
2017-05-01,17,POINT(-78.1 27.2)
2017-03-23,6,POINT(-84.9 49.3)
2017-11-02,11,POINT(-100.3 39.5)
2016-11-18,31,POINT(-78.3 35.2)
2016-01-24,6,POINT(-74.8 48.0)
2017-01-11,3,POINT(-95.2 43.4)
2016-06-04,8,POINT(-94.6 36.0)
2016-09-28,32,POINT(-84.8 20.2)
2016-04-02,43,POINT(-107.8 32.4)
2017-06-07,11,POINT(-116.2 44.0)
2016-04-30,31,POINT(-93.6 28.5)
2017-03-27,9,POINT(-104.0 21.6)
2017-08-24,15,POINT(-113.9 38.2)
2017-08-09,1,POINT(-113.0 47.0)
2016-11-17,25,POINT(-109.3 49.7)
2016-01-31,26,POINT(-103.1 23.4)
2017-03-09,3,POINT(-98.2 48.9)
2017-12-07,9,POINT(-72.2 31.5)
2017-08-23,14,POINT(-95.7 42.4)
2017-09-01,30,POINT(-74.3 26.1)
2016-05-08,35,POINT(-92.7 40.2)
2017-03-28,26,POINT(-112.1 40.1)
2017-03-11,5,POINT(-77.9 28.5)
2017-08-29,9,POINT(-119.2 33.4)
2017-11-06,6,POINT(-91.8 32.4)
2017-05-21,21,POINT(-102.9 39.7)
2017-10-13,21,POINT(-98.1 49.3)
2016-11-12,1,POINT(-80.1 37.1)
2017-04-08,27,POINT(-119.7 36.3)
2016-11-23,6,POINT(-110.9 30.1)
2016-04-18,33,POINT(-79.4 40.3)
2017-06-09,36,POINT(-92.7 45.4)
2017-04-19,32,POINT(-107.1 23.0)
2017-01-26,11,POINT(-95.1 27.2)
2017-11-03,9,POINT(-99.9 37.8)
2017-10-05,12,POINT(-81.6 22.5)
2016-04-22,15,POINT(-82.2 30.4)
2016-10-12,6,POINT(-96.8 34.4)
2017-08-28,54,POINT(-106.2 44.2)
2016-12-12,15,POINT(-119.4 35.8)
2017-08-23,2,POINT(-96.4 31.4)
2017-10-07,118,POINT(-90.4 24.4)
2016-09-17,14,POINT(-89.7 26.1)
2017-12-18,59,POINT(-76.6 35.5)
2016-11-02,10,POINT(-96.6 44.1)
2016-02-03,6,POINT(-84.0 32.0)
2016-06-17,27,POINT(-113.6 26.8)
2016-12-10,12,POINT(-81.8 31.4)
2016-05-25,43,POINT(-97.7 21.7)
2017-06-15,13,POINT(-85.3 35.9)
2017-09-10,9,POINT(-78.2 22.2)
2017-10-09,69,POINT(-107.3 45.5)
2017-06-21,36,POINT(-86.7 42.9)
2016-09-02,5,POINT(-113.8 41.1)
2016-12-06,14,POINT(-114.4 48.4)
2017-10-28,3,POINT(-105.8 46.7)
2017-07-07,3,POINT(-113.5 20.1)
2017-11-20,39,POINT(-97.4 43.4)
2016-03-21,54,POINT(-76.6 37.6)
2017-11-19,27,POINT(-116.3 33.1)
2017-12-05,91,POINT(-101.8 28.6)
2016-07-09,1,POINT(-109.6 25.9)
2016-10-09,9,POINT(-97.1 46.5)
2017-09-03,3,POINT(-88.3 30.9)
2017-05-03,31,POINT(-77.4 33.4)
2016-02-04,45,POINT(-118.8 41.4)
2016-10-20,12,POINT(-91.6 43.6)
2016-02-11,36,POINT(-85.5 38.8)
2016-06-18,38,POINT(-113.3 32.6)
2017-07-22,4,POINT(-73.1 21.9)
2017-07-19,10,POINT(-116.0 38.4)
2017-01-28,5,POINT(-104.0 45.4)
2016-07-06,23,POINT(-108.1 21.4)
2016-10-22,10,POINT(-116.6 30.6)
2017-01-19,23,POINT(-85.0 27.4)
2017-08-20,42,POINT(-94.4 36.2)
2016-03-04,11,POINT(-98.6 20.3)
2016-03-21,72,POINT(-110.0 46.5)
2016-07-03,11,POINT(-97.9 43.8)
2017-04-05,5,POINT(-74.9 23.1)
2016-12-10,16,POINT(-102.2 46.8)
2017-06-21,11,POINT(-94.6 43.0)
2016-08-25,3,POINT(-73.6 48.7)
2016-10-22,1,POINT(-85.4 27.8)
2017-05-01,28,POINT(-117.9 45.7)
2017-01-03,55,POINT(-103.4 24.4)
2016-10-25,12,POINT(-71.2 40.9)
2016-03-30,2,POINT(-76.7 22.2)
2017-03-15,27,POINT(-75.9 41.4)
2017-06-12,41,POINT(-73.3 24.6)
2016-03-28,8,POINT(-88.3 42.1)
2016-01-24,6,POINT(-81.0 33.2)
2016-11-27,9,POINT(-87.3 24.0)
2016-02-27,48,POINT(-93.6 37.1)
2017-04-08,11,POINT(-94.0 20.7)
2016-07-07,22,POINT(-119.4 27.1)
2017-04-08,2,POINT(-108.4 28.8)
2016-08-09,7,POINT(-118.5 49.8)
2016-12-18,6,POINT(-97.5 43.8)
2016-02-20,2,POINT(-83.9 29.4)
2016-03-28,3,POINT(-73.1 30.9)
2016-08-09,11,POINT(-119.3 33.1)
2017-05-02,17,POINT(-95.5 43.7)
2016-06-15,8,POINT(-85.0 40.4)
2017-12-06,11,POINT(-86.6 36.3)
2016-04-10,29,POINT(-82.4 33.4)
2017-12-14,6,POINT(-77.7 27.6)
2017-02-27,1,POINT(-74.3 33.6)
2017-06-08,6,POINT(-111.0 43.3)
2016-05-26,51,POINT(-72.2 33.4)
2016-09-18,1,POINT(-79.7 35.7)
2016-05-25,3,POINT(-75.0 30.2)
2017-05-02,2,POINT(-102.8 34.6)
2017-06-04,10,POINT(-70.1 42.8)
2016-03-21,21,POINT(-119.4 47.7)
2017-08-02,49,POINT(-76.5 34.9)
2016-05-05,32,POINT(-86.1 24.4)
2017-07-15,6,POINT(-113.1 43.2)
2017-08-04,21,POINT(-78.4 42.8)
2016-05-18,22,POINT(-80.3 40.3)
2017-11-12,2,POINT(-93.0 37.5)
2017-08-24,12,POINT(-88.3 29.6)
2016-05-18,8,POINT(-113.6 42.4)
2016-03-12,4,POINT(-97.1 49.5)
2016-09-01,2,POINT(-118.0 34.1)
2017-08-01,1,POINT(-91.1 24.9)
2017-10-03,40,POINT(-97.4 26.7)
2016-07-28,9,POINT(-115.7 27.7)
2016-07-12,14,POINT(-99.4 39.1)
2017-06-21,7,POINT(-98.1 43.0)
2016-11-27,4,POINT(-83.1 30.5)
2017-05-25,7,POINT(-117.3 42.0)
2016-10-19,4,POINT(-89.3 22.6)
2017-12-30,29,POINT(-94.4 46.9)
2016-02-05,48,POINT(-106.3 22.0)
2017-06-11,12,POINT(-82.8 44.1)
2016-03-18,35,POINT(-91.9 41.3)
2016-01-21,12,POINT(-94.0 39.4)
2017-10-08,12,POINT(-72.4 21.8)
2016-09-01,14,POINT(-79.3 35.6)
2017-01-29,35,POINT(-109.7 23.7)
2017-11-26,56,POINT(-100.6 33.2)
2017-11-14,28,POINT(-86.9 25.1)
2016-02-23,44,POINT(-92.5 24.6)
2016-04-02,21,POINT(-98.5 37.2)
2016-10-19,37,POINT(-70.9 28.5)
2017-01-10,17,POINT(-111.7 43.1)
2016-06-24,30,POINT(-103.1 27.6)
2016-07-08,25,POINT(-100.2 30.1)
2016-07-10,28,POINT(-116.6 37.8)
2017-09-07,6,POINT(-96.6 20.2)
2016-03-08,4,POINT(-93.8 45.2)
2016-11-19,22,POINT(-106.8 22.7)
2016-06-03,14,POINT(-71.9 20.8)
2017-03-29,29,POINT(-93.2 43.2)
2016-08-13,4,POINT(-90.9 44.0)
2016-08-20,60,POINT(-75.3 39.1)
2017-05-22,25,POINT(-106.3 44.9)
2016-04-13,1,POINT(-88.3 47.5)
2017-04-10,18,POINT(-97.5 26.7)
2017-03-03,8,POINT(-101.4 33.5)
2017-03-17,7,POINT(-101.1 32.1)
2017-12-24,47,POINT(-118.8 25.1)
2016-05-05,37,POINT(-78.9 28.0)
2017-09-26,1,POINT(-90.7 32.3)
2016-02-05,5,POINT(-73.4 23.0)
2016-08-25,26,POINT(-77.7 42.7)
2016-08-29,38,POINT(-70.8 38.3)
2016-05-12,26,POINT(-118.3 47.7)
2016-08-14,15,POINT(-87.6 20.9)
2017-02-06,84,POINT(-72.3 39.5)
2017-01-30,32,POINT(-81.6 43.6)
2016-03-30,13,POINT(-104.1 35.3)
2016-09-11,18,POINT(-114.4 49.0)
2016-03-23,1,POINT(-86.6 21.1)
2017-05-14,67,POINT(-87.1 35.7)
2017-10-12,10,POINT(-105.4 29.4)
2016-11-04,22,POINT(-79.7 49.2)
2017-06-15,22,POINT(-88.4 48.7)
2016-03-24,2,POINT(-99.3 22.9)
2016-01-27,7,POINT(-96.7 31.8)
2017-07-23,22,POINT(-107.6 26.6)
2017-01-13,49,POINT(-93.1 44.9)
2016-11-25,31,POINT(-94.9 47.4)
2017-01-27,18,POINT(-72.8 46.6)
2016-08-04,6,POINT(-94.5 30.7)
2017-01-15,60,POINT(-81.1 29.1)
2017-09-28,11,POINT(-89.3 40.3)
2017-12-12,4,POINT(-108.7 47.9)
2017-05-22,1,POINT(-117.5 21.9)
2016-10-09,60,POINT(-84.9 21.7)
2016-08-01,31,POINT(-79.9 32.1)
2016-06-04,5,POINT(-76.3 32.6)
2017-06-13,4,POINT(-85.8 34.8)
2017-09-08,65,POINT(-98.3 35.0)
2016-06-07,6,POINT(-95.4 33.9)
2016-02-10,13,POINT(-82.0 43.5)
2017-05-19,19,POINT(-111.1 42.9)
2017-06-02,2,POINT(-97.4 42.5)
2016-01-05,9,POINT(-117.3 29.8)
2016-01-21,58,POINT(-114.7 20.6)
2017-10-07,25,POINT(-108.5 44.7)
2017-09-23,10,POINT(-88.5 47.8)
2016-08-29,32,POINT(-74.0 37.2)
2016-04-15,37,POINT(-101.8 23.6)
2016-12-08,4,POINT(-95.0 24.7)
2017-10-04,18,POINT(-91.5 45.7)
2017-02-20,10,POINT(-105.8 39.9)
2016-02-07,15,POINT(-85.5 27.4)
2017-08-21,13,POINT(-109.4 25.6)
2016-12-01,15,POINT(-110.5 28.8)
2017-04-17,15,POINT(-109.7 29.2)
2016-04-22,2,POINT(-96.0 44.5)
2016-09-07,4,POINT(-107.5 46.9)
2016-12-10,17,POINT(-98.3 27.6)
2016-03-11,55,POINT(-101.2 25.8)
2016-09-20,28,POINT(-78.5 36.6)
2017-08-03,6,POINT(-109.0 37.0)
2017-01-18,9,POINT(-104.7 26.8)
2017-01-25,9,POINT(-72.4 44.5)
2017-08-20,30,POINT(-107.8 47.6)
2017-12-30,72,POINT(-80.2 22.4)
2017-07-15,9,POINT(-112.9 42.8)
2017-04-17,1,POINT(-90.7 35.0)
2017-05-25,56,POINT(-115.4 25.9)
2016-05-13,28,POINT(-99.5 32.9)
2017-01-23,36,POINT(-72.2 35.2)
2016-03-01,5,POINT(-87.9 37.6)
2017-04-14,21,POINT(-109.6 21.0)
2016-12-16,6,POINT(-79.6 40.9)
2016-02-27,1,POINT(-87.3 35.3)
2016-07-03,4,POINT(-73.6 39.2)
2016-07-21,52,POINT(-108.6 45.5)
2016-02-01,5,POINT(-113.9 37.0)
2017-10-18,18,POINT(-88.3 46.9)
2016-06-17,69,POINT(-74.3 43.8)
2016-01-22,2,POINT(-81.1 38.9)
2016-03-19,33,POINT(-99.4 37.4)
2016-05-15,19,POINT(-98.4 33.0)
2016-10-28,8,POINT(-103.4 46.4)
2017-11-18,10,POINT(-74.1 32.4)
2017-01-21,1,POINT(-79.4 20.6)
2017-08-11,6,POINT(-106.6 21.0)
2017-06-25,12,POINT(-104.0 47.8)
2016-10-10,26,POINT(-83.0 23.6)
2016-11-24,7,POINT(-98.8 43.6)
2017-04-04,18,POINT(-89.5 45.5)
2016-06-01,27,POINT(-112.2 36.5)
2017-12-25,24,POINT(-78.7 45.2)
2017-11-21,18,POINT(-92.2 23.2)
2017-05-01,18,POINT(-78.7 50.0)
2017-08-17,26,POINT(-84.3 37.9)
2017-12-12,9,POINT(-98.5 45.6)
2017-10-02,12,POINT(-86.0 28.2)
2016-07-09,68,POINT(-117.0 29.3)
2016-02-21,23,POINT(-98.2 24.6)
2017-08-17,15,POINT(-98.2 41.5)
2016-12-06,18,POINT(-99.0 20.7)
2017-11-30,3,POINT(-114.1 23.2)
2017-06-08,18,POINT(-95.7 25.2)
2017-12-31,37,POINT(-81.9 40.7)
2016-01-17,15,POINT(-103.8 39.6)
2016-08-29,4,POINT(-79.1 38.6)
2016-12-05,12,POINT(-90.7 32.4)
2017-10-31,7,POINT(-83.8 48.0)
2017-11-08,9,POINT(-75.1 48.9)
2017-10-12,6,POINT(-95.9 31.1)
2017-02-14,9,POINT(-77.8 35.8)
2016-10-20,35,POINT(-113.0 40.8)
2016-01-28,29,POINT(-81.1 28.0)
2017-02-13,14,POINT(-78.3 42.9)
2016-12-24,31,POINT(-74.8 43.1)
2017-11-03,75,POINT(-115.9 35.0)
2017-02-19,11,POINT(-114.2 32.5)
2016-06-30,79,POINT(-118.9 39.2)
2017-10-28,6,POINT(-94.7 20.5)
2017-12-26,62,POINT(-110.4 45.7)
2016-12-05,40,POINT(-91.6 45.9)
2016-12-18,5,POINT(-75.4 35.2)
2016-03-09,9,POINT(-103.6 20.5)
2017-04-21,25,POINT(-119.7 31.1)
2016-11-20,5,POINT(-75.5 33.7)
2017-05-08,18,POINT(-88.9 45.2)
2016-10-21,16,POINT(-109.9 21.0)
2016-07-27,7,POINT(-85.4 35.2)
2016-06-05,8,POINT(-88.4 33.8)
2016-03-15,15,POINT(-101.0 26.7)
2016-10-13,8,POINT(-109.4 27.3)
2016-08-18,4,POINT(-70.4 37.4)
2017-07-30,30,POINT(-87.8 49.1)
2016-09-27,18,POINT(-119.9 43.8)
2016-03-23,12,POINT(-113.7 35.0)
2017-08-08,4,POINT(-107.6 37.2)
2016-09-21,19,POINT(-79.3 37.2)
2016-09-25,20,POINT(-96.3 41.0)
2016-10-27,14,POINT(-117.0 30.1)
2016-03-30,10,POINT(-106.7 40.3)
2016-12-25,41,POINT(-71.0 27.6)
2016-10-26,25,POINT(-81.6 44.1)
2016-01-02,9,POINT(-119.8 48.2)
2017-02-16,18,POINT(-78.1 36.8)
2016-06-24,6,POINT(-110.4 22.1)
2016-05-04,1,POINT(-103.5 41.4)
2017-12-27,41,POINT(-114.1 47.8)
2017-08-01,35,POINT(-119.5 48.3)
2016-06-26,21,POINT(-94.8 47.3)
2016-01-05,34,POINT(-105.7 36.9)
2017-12-14,31,POINT(-102.0 47.5)
2016-04-26,40,POINT(-111.6 28.0)
2017-03-06,45,POINT(-79.7 24.3)
2017-01-24,35,POINT(-111.3 34.3)
2017-04-23,39,POINT(-94.1 20.9)
2017-04-15,14,POINT(-96.5 22.3)
2016-12-15,25,POINT(-74.0 38.0)
2016-03-24,9,POINT(-70.6 41.1)
2017-08-23,40,POINT(-74.7 24.2)
2016-08-14,40,POINT(-83.3 30.2)
2017-03-28,2,POINT(-98.5 44.2)
2017-03-22,9,POINT(-113.5 26.0)
2016-04-20,4,POINT(-76.5 46.7)
2016-11-18,3,POINT(-84.2 36.8)
2017-06-07,11,POINT(-113.4 37.8)
2017-06-22,20,POINT(-115.6 24.5)
2016-04-14,9,POINT(-86.3 21.8)
2016-03-26,8,POINT(-74.7 30.9)
2017-05-17,2,POINT(-109.3 22.8)
2017-05-20,10,POINT(-99.4 23.0)
2016-06-04,13,POINT(-71.8 48.5)
2017-12-11,11,POINT(-72.7 22.0)
2017-05-10,23,POINT(-85.1 33.2)
2017-01-20,7,POINT(-96.3 42.7)
2017-10-10,26,POINT(-101.4 28.5)
2017-04-07,43,POINT(-100.4 34.9)
2017-06-26,18,POINT(-94.8 30.8)
2017-11-06,10,POINT(-85.6 41.4)
2016-04-22,4,POINT(-94.5 38.3)
2017-03-21,54,POINT(-108.5 29.3)
2016-10-13,28,POINT(-82.3 38.9)
2016-07-19,6,POINT(-97.4 20.1)
2017-01-13,4,POINT(-91.3 40.1)
2017-05-27,2,POINT(-81.2 43.5)
2017-12-23,5,POINT(-100.8 20.2)
2016-09-21,27,POINT(-73.5 39.8)
2016-07-06,20,POINT(-94.5 36.5)
2016-12-22,69,POINT(-84.8 28.5)
2016-08-28,8,POINT(-82.2 25.9)
2016-07-11,31,POINT(-101.8 48.7)
2016-04-19,3,POINT(-107.1 34.4)
2017-05-13,17,POINT(-73.8 33.7)
2017-09-14,13,POINT(-104.3 45.4)
2016-03-05,37,POINT(-114.5 31.5)
2016-03-05,25,POINT(-95.2 44.2)
2016-11-12,5,POINT(-78.8 37.0)
2016-04-04,83,POINT(-105.9 26.3)
2017-04-03,35,POINT(-95.3 30.5)
2017-12-09,9,POINT(-101.9 20.7)
2017-01-29,35,POINT(-118.8 33.2)
2016-07-14,63,POINT(-113.1 48.1)
2017-07-03,45,POINT(-80.1 39.0)
2016-02-08,17,POINT(-73.3 37.3)
2016-05-28,18,POINT(-119.8 46.1)
2017-01-10,3,POINT(-76.9 23.7)
2017-11-06,4,POINT(-83.8 43.9)
2016-12-31,82,POINT(-85.8 40.9)
2017-03-31,30,POINT(-98.5 35.9)
2016-10-02,1,POINT(-103.4 31.6)
2017-07-08,16,POINT(-99.5 21.1)
2017-05-24,9,POINT(-89.9 38.5)
2016-08-25,8,POINT(-72.7 37.1)
2017-02-08,17,POINT(-109.7 28.5)
2016-06-11,8,POINT(-71.3 28.2)
2016-11-15,6,POINT(-108.4 30.7)
2017-09-10,56,POINT(-77.7 33.0)
2017-09-08,1,POINT(-87.0 42.1)
2016-03-09,12,POINT(-82.7 35.4)
2016-04-18,15,POINT(-78.4 24.5)
2016-06-28,12,POINT(-119.4 46.7)
2016-05-11,22,POINT(-83.8 34.4)
2017-06-02,1,POINT(-70.2 46.9)
2017-03-30,44,POINT(-95.3 38.4)
2017-02-11,14,POINT(-92.9 37.1)
2017-10-22,17,POINT(-114.7 30.0)
2016-07-03,13,POINT(-103.0 49.1)
2017-04-01,12,POINT(-89.4 49.5)
2017-05-19,5,POINT(-114.0 30.9)
2017-10-29,15,POINT(-103.3 43.7)
2017-05-24,11,POINT(-102.6 28.1)
2016-10-16,13,POINT(-79.4 38.4)
2016-09-01,1,POINT(-93.1 40.1)
2016-02-07,3,POINT(-92.3 49.5)
2016-04-24,29,POINT(-105.9 28.6)
2017-05-12,11,POINT(-104.3 41.2)
2016-12-02,28,POINT(-97.4 27.4)
2017-04-03,4,POINT(-79.2 21.1)
2016-04-28,24,POINT(-104.2 28.6)
2017-10-05,7,POINT(-103.9 43.6)
2016-02-25,25,POINT(-91.5 48.1)
2017-02-27,2,POINT(-78.0 20.8)
2016-04-29,9,POINT(-94.8 23.4)
2016-02-19,3,POINT(-113.6 31.1)
2016-12-30,20,POINT(-74.2 33.6)
2017-01-07,10,POINT(-96.4 47.8)
2016-12-27,2,POINT(-81.3 20.6)
2016-03-22,15,POINT(-117.8 45.5)
2017-07-14,1,POINT(-78.2 35.4)
2016-02-17,35,POINT(-117.1 26.4)
2017-10-07,56,POINT(-71.6 25.9)
2016-08-25,34,POINT(-75.5 21.5)
2017-01-16,61,POINT(-106.7 27.4)
2017-01-23,46,POINT(-108.8 49.2)
2016-11-30,46,POINT(-80.8 43.9)
2017-11-15,6,POINT(-112.4 48.9)
2017-10-18,6,POINT(-76.6 24.7)
2016-07-05,34,POINT(-118.4 36.5)
2016-04-29,14,POINT(-87.4 48.0)
2017-11-26,58,POINT(-107.0 39.8)
2016-12-22,46,POINT(-77.9 20.6)
2016-12-28,45,POINT(-101.1 22.1)
2017-08-13,8,POINT(-98.4 32.7)
2016-06-11,3,POINT(-112.7 31.5)
2016-01-08,23,POINT(-88.7 46.7)
2017-09-02,12,POINT(-96.5 43.4)
2016-11-12,55,POINT(-119.6 24.0)
2016-01-27,39,POINT(-83.5 22.7)
2016-10-02,53,POINT(-113.6 46.0)
2017-04-16,17,POINT(-93.7 33.5)
2017-12-16,15,POINT(-93.0 25.1)
2017-11-02,38,POINT(-105.0 47.0)
2017-04-21,15,POINT(-108.6 41.6)
2016-06-26,47,POINT(-104.4 24.9)
2017-12-04,1,POINT(-100.1 38.2)
2017-07-05,9,POINT(-73.3 34.1)
2016-12-25,37,POINT(-86.5 27.7)
2016-08-23,5,POINT(-71.7 37.7)
2016-02-02,11,POINT(-115.8 33.2)
2017-06-24,1,POINT(-117.7 36.8)
2017-06-28,8,POINT(-117.1 28.8)
2016-04-09,8,POINT(-77.0 41.8)
2017-10-18,27,POINT(-78.3 32.8)
2016-11-25,23,POINT(-98.1 44.4)
2016-03-05,12,POINT(-98.2 38.2)
2016-05-01,27,POINT(-98.6 27.3)
2017-07-08,12,POINT(-72.8 30.2)
2017-12-21,12,POINT(-106.9 28.6)
2017-04-20,21,POINT(-84.1 30.8)
2016-05-06,26,POINT(-114.5 25.1)
2016-07-04,38,POINT(-106.9 34.3)
2016-03-31,28,POINT(-90.1 21.5)
2017-07-08,23,POINT(-90.1 30.4)
2016-02-15,17,POINT(-92.3 32.8)
2016-01-25,8,POINT(-113.8 42.9)
2017-12-07,7,POINT(-82.3 45.9)
2016-12-14,38,POINT(-84.4 43.2)
2017-09-02,26,POINT(-86.0 22.5)
2017-03-10,22,POINT(-113.5 39.9)
2016-11-25,6,POINT(-109.0 45.6)
2016-10-20,70,POINT(-74.5 35.9)
2016-09-02,2,POINT(-95.9 48.1)
2016-06-14,37,POINT(-99.1 46.5)
2016-09-13,5,POINT(-76.4 46.3)
2016-12-17,10,POINT(-105.3 48.9)
2016-07-07,12,POINT(-78.7 43.0)
2017-11-28,22,POINT(-97.9 40.6)
2017-11-24,16,POINT(-88.9 42.6)
2016-10-01,5,POINT(-101.8 30.7)
2016-02-03,1,POINT(-74.2 20.3)
2017-12-19,26,POINT(-114.7 21.3)
2017-07-09,15,POINT(-109.1 45.6)
2017-05-04,9,POINT(-109.9 32.3)
2017-05-13,7,POINT(-107.0 30.9)
2016-09-01,35,POINT(-97.3 38.4)
2016-09-10,32,POINT(-114.2 24.2)
2016-04-18,35,POINT(-118.1 36.3)
2016-11-18,5,POINT(-91.7 45.1)
2016-04-23,39,POINT(-94.9 32.8)
2017-04-29,85,POINT(-103.0 35.5)
2016-10-04,19,POINT(-111.5 24.9)
2016-01-29,1,POINT(-114.1 42.1)
2017-02-01,25,POINT(-75.5 36.9)
2016-08-09,16,POINT(-98.3 36.6)
2016-11-13,25,POINT(-72.4 26.8)
2016-09-27,5,POINT(-103.7 47.5)
2017-02-01,19,POINT(-89.4 30.3)
2017-03-26,16,POINT(-91.6 48.8)
2017-08-31,19,POINT(-111.9 30.3)
2016-12-08,27,POINT(-95.3 47.0)
2017-01-15,16,POINT(-95.8 36.8)
2017-01-10,8,POINT(-94.7 21.9)
2016-12-05,8,POINT(-104.9 48.6)
2016-01-07,24,POINT(-107.9 30.0)
2016-09-29,22,POINT(-99.5 44.4)
2016-10-14,11,POINT(-73.9 37.0)
2017-12-17,9,POINT(-91.5 27.3)
2016-07-02,20,POINT(-96.6 24.2)
2017-07-23,8,POINT(-110.2 27.0)
2017-09-14,67,POINT(-73.7 36.3)
2016-07-04,19,POINT(-87.0 35.2)
2017-10-04,18,POINT(-70.6 28.1)
2017-08-23,3,POINT(-111.6 24.7)
2017-04-24,19,POINT(-100.5 30.5)
2017-09-21,7,POINT(-103.4 24.8)
2016-09-13,13,POINT(-103.4 35.2)
2017-05-18,16,POINT(-118.4 33.0)
2016-04-19,13,POINT(-93.1 33.5)
2017-08-01,34,POINT(-89.6 27.8)
2016-05-27,3,POINT(-117.6 22.8)
2016-08-01,4,POINT(-76.0 37.6)
2017-07-27,4,POINT(-109.9 49.2)
2017-07-21,34,POINT(-112.6 40.1)
2017-03-12,3,POINT(-111.0 46.6)
2016-11-29,72,POINT(-98.9 22.9)
2017-03-04,70,POINT(-115.9 21.8)
2016-04-05,97,POINT(-78.8 43.0)
2017-10-19,78,POINT(-86.0 33.6)
2016-02-17,4,POINT(-96.4 44.8)
2016-10-04,22,POINT(-95.0 34.4)
2016-07-21,11,POINT(-99.7 22.2)
2016-07-17,27,POINT(-84.2 33.6)
2017-05-22,11,POINT(-72.3 40.0)
2016-11-24,10,POINT(-92.3 35.5)
2016-05-03,47,POINT(-91.8 26.5)
2016-07-18,14,POINT(-93.9 47.7)
2016-03-15,27,POINT(-74.5 40.0)
2016-06-05,21,POINT(-88.2 35.8)
2016-05-13,22,POINT(-76.3 34.2)
2016-11-07,9,POINT(-90.8 38.4)
2016-04-29,6,POINT(-85.1 33.9)
2016-01-12,44,POINT(-87.2 29.3)
2017-09-11,1,POINT(-98.0 31.7)
2017-06-28,4,POINT(-113.1 25.8)
2016-04-29,3,POINT(-98.9 42.8)
2016-03-23,60,POINT(-76.4 44.2)
2017-11-23,1,POINT(-87.2 42.0)
2016-08-15,1,POINT(-72.8 33.9)
2016-07-04,6,POINT(-106.1 26.4)
2016-07-29,7,POINT(-96.4 48.9)
2016-02-12,17,POINT(-82.8 43.1)
2017-05-23,66,POINT(-113.4 43.3)
2016-03-13,13,POINT(-115.1 38.7)
2016-01-19,7,POINT(-82.4 28.5)
2016-06-13,34,POINT(-86.7 25.5)
2016-09-23,10,POINT(-96.0 23.4)
2017-03-15,4,POINT(-116.7 38.7)
2016-05-07,32,POINT(-88.6 25.4)
2017-03-28,1,POINT(-86.6 31.3)
2016-10-27,5,POINT(-105.0 44.6)
2016-11-13,21,POINT(-115.5 28.7)
2017-10-15,3,POINT(-94.8 28.0)
2016-02-03,6,POINT(-95.7 41.5)
2016-04-07,10,POINT(-105.2 35.6)
2016-07-28,11,POINT(-91.8 36.9)
2016-11-11,73,POINT(-89.6 23.9)
2016-11-15,23,POINT(-73.9 28.6)
2017-12-10,1,POINT(-81.3 31.1)
2017-03-10,6,POINT(-79.5 49.1)
2016-09-12,20,POINT(-110.7 21.2)
2017-07-07,25,POINT(-97.1 45.7)
2017-02-08,10,POINT(-109.6 23.8)
2017-09-07,39,POINT(-110.6 49.6)
2017-03-29,58,POINT(-94.7 25.8)
2016-07-07,20,POINT(-106.0 28.7)
2017-07-27,17,POINT(-109.3 44.9)
2017-01-22,28,POINT(-83.7 30.7)
2016-05-22,31,POINT(-118.3 39.4)
2016-08-09,5,POINT(-82.4 37.5)
2017-03-15,14,POINT(-75.1 40.6)
2017-06-15,12,POINT(-84.8 44.7)
2016-10-06,57,POINT(-110.3 29.0)
2016-09-04,3,POINT(-83.2 46.2)
2016-04-25,58,POINT(-94.9 49.3)
2017-02-08,18,POINT(-88.1 40.2)
2016-09-11,7,POINT(-100.4 37.0)
2016-10-23,41,POINT(-110.5 49.5)
2017-06-08,2,POINT(-118.9 22.7)
2017-07-11,8,POINT(-82.9 31.5)
2016-11-29,28,POINT(-98.7 27.1)
2016-03-11,36,POINT(-107.9 22.5)
2016-02-28,4,POINT(-88.9 45.9)
2017-12-16,57,POINT(-80.4 30.3)
2016-02-20,2,POINT(-93.6 24.1)
2016-01-16,12,POINT(-81.9 31.5)
2017-05-18,3,POINT(-103.1 31.4)
2016-02-20,3,POINT(-87.3 23.8)
2016-05-07,50,POINT(-89.2 36.0)
2016-06-18,47,POINT(-111.3 23.1)
2017-08-02,20,POINT(-83.1 26.1)
2017-09-24,68,POINT(-82.0 41.7)
2016-06-28,14,POINT(-87.2 29.1)
2016-11-23,31,POINT(-101.0 39.4)
2017-12-03,3,POINT(-92.7 26.3)
2016-10-27,11,POINT(-98.1 35.9)
2016-09-07,15,POINT(-119.9 23.1)
2017-06-01,31,POINT(-119.4 21.3)
2016-09-18,9,POINT(-110.2 36.5)
2016-03-31,79,POINT(-74.3 43.3)
2016-07-12,27,POINT(-88.4 41.1)
2016-11-24,16,POINT(-100.5 43.2)
2016-03-04,9,POINT(-89.6 34.5)
2016-10-20,21,POINT(-116.8 40.9)
2016-08-13,23,POINT(-114.8 22.4)
2017-03-20,23,POINT(-116.0 45.1)
2016-11-29,18,POINT(-79.1 30.2)
2016-03-03,11,POINT(-70.0 46.2)
2017-05-11,34,POINT(-108.8 37.3)
2017-08-05,6,POINT(-95.9 23.0)
2017-06-15,20,POINT(-113.4 32.6)
2017-04-03,13,POINT(-75.9 44.1)
2016-11-28,45,POINT(-112.2 27.3)
2016-09-01,18,POINT(-93.8 25.5)
2016-03-04,39,POINT(-90.9 20.5)
2016-09-22,62,POINT(-96.0 40.7)
2016-06-10,3,POINT(-116.9 31.3)
2016-02-14,17,POINT(-85.7 25.3)
2016-01-25,44,POINT(-75.7 38.0)
2016-10-26,42,POINT(-115.5 24.3)
2016-08-12,5,POINT(-83.6 41.7)
2016-03-14,14,POINT(-78.9 37.5)
2016-04-25,6,POINT(-111.8 27.4)
2016-05-31,46,POINT(-70.3 46.2)
2017-08-03,1,POINT(-105.1 36.8)
2017-12-14,5,POINT(-104.5 23.9)
2016-03-31,11,POINT(-91.6 41.6)
2017-07-15,5,POINT(-79.0 29.4)
2016-10-15,73,POINT(-97.1 43.2)
2016-04-01,6,POINT(-92.7 32.0)
2017-01-21,9,POINT(-89.2 22.3)
2017-02-18,4,POINT(-80.4 38.9)
2017-06-24,53,POINT(-87.7 29.3)
2016-06-20,11,POINT(-111.5 48.3)
2017-11-15,7,POINT(-90.0 44.9)
2017-01-06,6,POINT(-109.4 30.6)
2017-05-12,18,POINT(-98.2 20.8)
2016-08-23,77,POINT(-76.7 36.1)
2016-02-11,74,POINT(-113.8 39.4)
2016-05-28,80,POINT(-101.9 40.5)
2017-12-25,10,POINT(-91.9 30.5)
2017-11-17,50,POINT(-76.5 24.2)
2017-09-02,12,POINT(-81.1 36.8)
2017-04-22,15,POINT(-98.8 34.6)
2016-04-29,15,POINT(-95.0 49.8)
2017-06-12,2,POINT(-77.7 37.2)
2017-06-24,4,POINT(-76.1 25.4)
2016-02-17,44,POINT(-93.6 30.8)
2017-01-20,46,POINT(-110.0 35.9)
2016-05-07,5,POINT(-95.1 45.1)
2017-05-16,8,POINT(-73.7 34.4)
2017-03-22,36,POINT(-89.5 44.0)
2017-08-02,5,POINT(-81.3 24.7)
2016-02-08,43,POINT(-119.1 31.5)
2017-04-17,35,POINT(-88.3 35.6)
2016-05-12,33,POINT(-90.1 20.7)
2016-04-28,45,POINT(-96.4 42.8)
2016-11-19,44,POINT(-86.0 45.0)
2016-02-21,50,POINT(-76.8 29.7)
2016-05-15,43,POINT(-73.5 48.7)
2017-02-07,19,POINT(-107.2 41.9)
2016-06-17,4,POINT(-94.8 44.9)
2017-08-04,19,POINT(-104.9 39.6)
2017-07-01,58,POINT(-99.1 44.6)
2017-05-31,69,POINT(-95.1 49.5)
2016-12-25,27,POINT(-80.7 45.5)
2017-10-21,24,POINT(-74.2 34.2)
2016-08-24,56,POINT(-90.6 39.1)
2016-03-08,7,POINT(-70.4 37.4)
2016-05-29,4,POINT(-91.7 35.3)
2017-04-25,7,POINT(-79.7 43.1)
2017-02-18,60,POINT(-113.1 33.2)
2016-08-08,5,POINT(-119.6 29.3)
2016-09-17,6,POINT(-118.6 21.3)
2016-09-22,5,POINT(-75.4 22.6)
2017-04-03,14,POINT(-116.3 26.6)
2017-09-17,32,POINT(-89.4 24.6)
2017-11-07,10,POINT(-91.2 20.9)
2016-02-25,3,POINT(-81.0 40.9)
2017-02-11,27,POINT(-104.3 42.8)
2017-04-13,19,POINT(-102.3 30.6)
2016-08-30,14,POINT(-102.3 49.6)
2017-05-28,67,POINT(-111.6 37.6)
2017-10-16,13,POINT(-109.6 23.0)
2016-06-17,27,POINT(-110.1 30.9)
2017-07-28,4,POINT(-112.7 37.5)
2017-03-08,11,POINT(-81.5 48.7)
2017-10-27,5,POINT(-89.5 40.5)
2017-07-31,9,POINT(-91.5 20.3)
2016-10-11,14,POINT(-86.2 40.1)
2017-03-29,4,POINT(-102.8 39.7)
2016-07-06,33,POINT(-83.5 45.9)
2017-12-05,10,POINT(-106.3 23.9)
2016-10-22,46,POINT(-79.1 44.2)
2017-06-06,23,POINT(-89.2 46.3)
2017-11-22,4,POINT(-78.9 44.1)
2017-01-16,21,POINT(-117.3 32.3)
2016-12-08,1,POINT(-77.8 40.7)
2017-08-24,33,POINT(-114.9 44.5)
2016-08-10,74,POINT(-86.6 48.4)
2016-11-30,23,POINT(-108.6 30.0)
2017-04-01,53,POINT(-117.7 26.2)
2017-03-23,7,POINT(-107.0 42.7)
2017-09-06,12,POINT(-99.8 22.9)
2016-12-02,12,POINT(-112.8 36.9)
2016-12-20,3,POINT(-115.0 45.8)
2016-12-21,32,POINT(-70.3 26.7)
2016-08-19,14,POINT(-116.0 31.6)
2016-09-23,14,POINT(-110.5 44.7)
2016-07-08,23,POINT(-107.4 35.1)
2016-02-17,4,POINT(-104.1 25.3)
2016-10-10,34,POINT(-113.4 22.5)
2016-02-24,10,POINT(-78.0 36.7)
2016-12-04,2,POINT(-73.8 20.7)
2016-04-28,5,POINT(-92.6 30.2)
2016-01-02,6,POINT(-91.6 38.4)
2016-08-11,4,POINT(-70.3 20.2)
2016-07-21,6,POINT(-75.8 46.0)
2017-10-17,110,POINT(-99.6 48.7)
2016-01-11,16,POINT(-82.1 32.3)
2016-09-15,19,POINT(-106.7 21.2)
2016-10-24,4,POINT(-117.4 28.4)
2017-10-30,1,POINT(-118.9 39.9)
2016-07-15,8,POINT(-93.1 21.3)
2017-08-26,30,POINT(-95.0 45.6)
2017-02-18,17,POINT(-112.5 44.1)
2016-11-28,1,POINT(-77.3 33.9)
2016-06-01,32,POINT(-90.9 43.1)
2017-01-10,3,POINT(-100.9 25.1)
2016-05-13,12,POINT(-94.7 48.7)
2016-04-25,151,POINT(-115.1 34.9)
2016-03-07,3,POINT(-75.0 49.6)
2017-10-23,34,POINT(-105.5 35.8)
2016-09-12,33,POINT(-111.3 41.3)
2017-07-06,12,POINT(-98.7 44.0)
2017-11-23,89,POINT(-105.9 43.7)
2016-07-06,8,POINT(-104.6 42.1)
2016-02-08,8,POINT(-78.8 24.1)
2017-04-24,4,POINT(-92.6 32.3)
2016-11-22,10,POINT(-73.4 36.3)
2017-12-29,8,POINT(-72.5 41.2)
2016-05-09,19,POINT(-70.4 31.9)
2017-09-17,1,POINT(-113.4 36.7)
2016-03-03,8,POINT(-75.2 32.7)
2016-04-06,1,POINT(-105.3 41.4)
2017-02-15,1,POINT(-88.5 22.4)
2017-06-13,35,POINT(-76.1 41.4)
2017-03-21,28,POINT(-115.4 45.2)
2017-12-17,28,POINT(-112.4 20.4)
2017-12-25,9,POINT(-83.3 36.0)
2017-08-31,25,POINT(-102.7 27.5)
2016-08-23,6,POINT(-87.2 33.0)
2017-11-10,8,POINT(-114.3 42.4)
2017-07-25,17,POINT(-71.4 43.3)
2016-03-25,25,POINT(-94.9 32.0)
2016-12-20,7,POINT(-76.5 22.7)
2017-02-05,23,POINT(-86.3 38.3)
2016-06-14,66,POINT(-72.4 28.4)
2016-08-15,14,POINT(-91.5 23.5)
2017-01-01,11,POINT(-104.7 29.4)
2017-02-13,6,POINT(-89.3 37.4)
2016-02-29,9,POINT(-70.2 47.3)
2016-06-12,16,POINT(-79.2 26.5)
2016-08-17,58,POINT(-97.3 42.9)
2017-08-16,7,POINT(-79.2 45.9)
2016-06-05,6,POINT(-84.9 24.4)
2017-12-03,65,POINT(-73.1 20.2)
2017-01-08,19,POINT(-101.8 48.4)
2016-08-29,27,POINT(-118.0 22.9)
2016-06-16,36,POINT(-115.7 24.8)
2016-04-30,2,POINT(-81.6 32.2)
2016-01-02,14,POINT(-85.4 28.9)
2016-04-27,4,POINT(-83.3 49.4)
2017-10-09,20,POINT(-86.6 44.8)
2017-09-30,62,POINT(-97.1 39.5)
2017-05-21,2,POINT(-116.6 20.8)
2017-01-08,7,POINT(-78.2 27.3)
2016-04-17,162,POINT(-111.0 25.8)
2016-10-25,1,POINT(-70.5 27.8)
2017-03-08,4,POINT(-109.7 48.5)
2016-04-21,2,POINT(-115.8 32.2)
2017-02-09,29,POINT(-101.2 46.2)
2017-05-14,28,POINT(-103.7 34.2)
2017-11-05,31,POINT(-71.2 39.9)
2016-01-19,30,POINT(-100.3 48.2)
2016-01-20,37,POINT(-117.7 37.5)
2017-07-14,30,POINT(-70.6 30.7)
2017-05-20,14,POINT(-80.7 34.2)
2016-06-02,28,POINT(-70.1 34.1)
2017-05-29,19,POINT(-104.1 44.0)
2017-04-22,10,POINT(-114.1 30.1)
2017-01-18,37,POINT(-100.1 21.3)
2017-11-11,32,POINT(-113.0 40.2)
2016-07-16,4,POINT(-112.7 45.7)
2016-06-27,1,POINT(-74.9 35.0)
2017-09-06,8,POINT(-70.3 24.2)
2017-12-31,11,POINT(-70.3 24.3)
2017-06-11,4,POINT(-98.1 46.8)
2016-02-16,39,POINT(-108.0 22.2)
2017-07-11,1,POINT(-111.4 35.1)
2017-09-03,14,POINT(-100.9 29.9)
2016-07-01,2,POINT(-90.1 28.3)
2016-12-19,16,POINT(-82.8 25.2)
2017-05-01,13,POINT(-94.2 29.0)
2016-08-03,31,POINT(-77.9 41.5)
2017-02-26,24,POINT(-74.0 37.9)
2017-10-07,38,POINT(-75.7 22.5)
2016-01-09,16,POINT(-101.5 42.6)
2016-07-31,35,POINT(-72.5 30.6)
2016-05-18,26,POINT(-73.8 26.5)
2016-11-16,31,POINT(-99.4 44.5)
2016-03-31,19,POINT(-98.9 39.1)
2016-11-10,26,POINT(-116.1 41.7)
2016-04-21,11,POINT(-73.2 29.2)
2016-04-22,2,POINT(-115.6 42.5)
2017-12-10,11,POINT(-95.4 28.3)
2017-01-08,4,POINT(-83.9 40.4)
2016-09-19,20,POINT(-76.0 26.5)
2017-01-02,7,POINT(-91.5 39.0)
2017-01-12,64,POINT(-85.9 33.7)
2017-11-04,7,POINT(-84.5 24.7)
2017-08-18,3,POINT(-119.2 37.8)
2017-07-10,43,POINT(-72.9 20.3)
2016-02-14,11,POINT(-102.0 40.7)
2016-09-27,9,POINT(-111.1 48.4)
2017-05-09,44,POINT(-96.3 46.9)
2017-12-22,22,POINT(-83.3 49.3)
2017-11-16,16,POINT(-78.6 33.1)
2016-09-03,8,POINT(-84.0 44.9)
2016-06-22,7,POINT(-100.0 24.2)
2016-02-05,18,POINT(-85.9 20.5)
2016-10-28,14,POINT(-98.4 24.8)
2016-06-06,7,POINT(-70.7 33.3)
2017-10-12,5,POINT(-70.2 24.9)
2016-02-02,35,POINT(-107.5 33.6)
2017-01-16,24,POINT(-95.8 27.1)
2017-02-27,101,POINT(-91.2 26.5)
2017-11-13,15,POINT(-88.2 47.6)
2017-09-13,104,POINT(-98.3 35.6)
2017-11-09,13,POINT(-93.8 40.2)
2017-09-28,16,POINT(-92.3 32.0)
2017-12-26,5,POINT(-100.6 25.0)
2016-10-21,4,POINT(-104.0 41.4)
2017-11-23,57,POINT(-88.3 33.3)
2017-08-17,80,POINT(-97.9 45.2)
2017-02-18,16,POINT(-71.4 22.5)
2016-11-14,7,POINT(-101.2 31.5)
2016-01-25,61,POINT(-110.2 24.8)
2017-07-06,32,POINT(-98.7 40.8)
2017-03-09,4,POINT(-87.2 30.1)
2016-02-28,8,POINT(-97.9 32.5)
2016-06-25,1,POINT(-105.7 30.5)
2017-06-25,18,POINT(-95.2 45.2)
2016-02-14,15,POINT(-97.7 36.9)
2017-03-27,4,POINT(-72.8 41.3)
2016-11-04,9,POINT(-119.1 42.2)
2016-06-02,57,POINT(-100.3 41.2)
2017-07-05,21,POINT(-103.0 48.3)
2016-05-19,40,POINT(-108.8 39.6)
2017-08-04,37,POINT(-92.7 39.5)
2017-01-19,51,POINT(-89.3 44.3)
2017-10-09,1,POINT(-119.5 20.5)
2017-09-15,7,POINT(-86.2 21.7)
2016-02-02,11,POINT(-100.9 27.5)
2017-12-08,21,POINT(-73.8 25.4)
2017-01-05,19,POINT(-82.8 24.6)
2016-06-26,6,POINT(-94.3 36.6)
2016-12-25,5,POINT(-72.4 25.9)
2017-10-07,12,POINT(-85.6 49.0)
2017-12-03,6,POINT(-79.6 25.5)
2017-03-11,68,POINT(-72.2 25.0)
2016-01-06,68,POINT(-75.5 37.2)
2017-11-21,3,POINT(-116.5 25.4)
2017-09-09,25,POINT(-109.5 40.0)
2016-08-18,6,POINT(-88.5 45.8)
2017-02-04,26,POINT(-112.0 33.1)
2017-12-27,30,POINT(-96.8 30.5)
2017-09-08,1,POINT(-96.0 40.7)
2016-01-23,24,POINT(-96.8 44.2)
2016-06-09,46,POINT(-78.9 29.1)
2016-07-12,5,POINT(-95.5 44.3)
2016-09-22,3,POINT(-76.6 43.0)
2016-03-23,17,POINT(-81.3 34.5)
2016-06-16,15,POINT(-87.9 33.7)
2017-10-16,44,POINT(-91.1 23.1)
2017-07-08,12,POINT(-108.4 22.6)
2016-12-09,11,POINT(-81.6 42.4)
2016-01-12,26,POINT(-79.8 37.6)
2017-06-17,2,POINT(-95.5 34.7)
2017-06-13,2,POINT(-109.0 21.4)
2017-03-25,15,POINT(-82.0 21.7)
2017-07-27,2,POINT(-80.0 47.6)
2017-12-01,56,POINT(-91.6 39.8)
2017-08-13,22,POINT(-85.1 31.6)
2017-05-04,29,POINT(-81.3 41.0)
2016-06-15,6,POINT(-105.4 27.7)
2017-10-23,14,POINT(-105.9 32.3)
2017-04-09,3,POINT(-84.6 33.9)
2017-09-08,5,POINT(-94.4 20.9)
2016-01-07,17,POINT(-94.4 49.8)
2016-06-11,7,POINT(-72.1 31.4)
2016-07-13,50,POINT(-80.0 49.0)
2016-11-14,107,POINT(-107.2 39.4)
2016-05-09,1,POINT(-99.7 47.9)
2016-04-18,29,POINT(-78.5 21.6)
2016-08-06,3,POINT(-116.3 48.8)
2017-05-20,18,POINT(-103.9 32.2)
2017-03-04,6,POINT(-103.0 24.1)
2017-10-03,67,POINT(-100.5 40.1)
2016-08-31,42,POINT(-107.0 42.9)
2017-03-13,19,POINT(-87.9 39.5)
2016-11-02,4,POINT(-100.2 36.2)
2017-08-19,31,POINT(-92.9 44.5)
2016-09-11,15,POINT(-106.4 40.6)
2016-11-22,19,POINT(-76.9 38.6)
2017-02-12,26,POINT(-109.7 29.5)
2016-01-01,11,POINT(-76.1 46.3)
2016-07-12,1,POINT(-111.0 40.8)
2016-12-29,10,POINT(-101.5 47.0)
2016-05-01,11,POINT(-81.0 38.2)
2016-12-29,10,POINT(-95.4 44.0)
2016-01-04,36,POINT(-108.1 46.5)
2016-05-28,9,POINT(-86.8 36.2)
2016-03-01,11,POINT(-113.6 41.5)
2016-04-26,2,POINT(-109.2 37.3)
2017-11-14,26,POINT(-107.2 41.6)
2016-08-25,5,POINT(-90.8 35.7)
2016-05-17,6,POINT(-92.4 44.0)
2017-12-30,18,POINT(-94.0 44.2)
2017-04-02,83,POINT(-115.1 21.4)
2017-04-29,11,POINT(-81.0 26.1)
2016-03-22,8,POINT(-113.4 25.8)
2017-12-31,1,POINT(-73.1 29.7)
2017-12-14,31,POINT(-116.7 34.3)
2017-08-09,7,POINT(-76.0 42.1)
2016-02-16,30,POINT(-105.1 29.0)
2016-12-09,7,POINT(-85.0 39.5)
2016-12-04,1,POINT(-103.3 45.8)
2016-08-23,14,POINT(-84.0 33.4)
2017-04-08,48,POINT(-95.9 39.7)
2017-10-24,5,POINT(-93.7 45.4)
2017-01-10,4,POINT(-84.2 41.7)
2016-05-02,5,POINT(-113.3 23.1)
2016-09-02,24,POINT(-106.7 24.6)
2016-09-10,10,POINT(-78.0 22.5)
2017-07-19,6,POINT(-80.5 28.5)
2017-11-29,9,POINT(-70.5 20.1)
2016-10-07,8,POINT(-118.9 38.3)
2016-03-07,16,POINT(-112.9 20.8)
2017-10-14,3,POINT(-103.1 33.5)
2017-06-16,15,POINT(-85.3 34.8)
2017-06-17,8,POINT(-104.2 39.4)
2016-06-23,54,POINT(-102.7 27.2)
2016-07-09,11,POINT(-108.6 46.0)
2016-10-11,3,POINT(-74.5 35.1)
2016-10-31,55,POINT(-92.6 40.7)
2017-02-10,56,POINT(-112.0 30.4)
2016-11-27,4,POINT(-90.9 28.0)
2016-10-31,34,POINT(-112.0 37.5)
2017-10-30,40,POINT(-106.4 46.9)
2017-07-04,9,POINT(-85.2 41.5)
2016-12-02,4,POINT(-82.1 41.0)
2016-01-30,33,POINT(-98.3 34.8)
2017-03-15,1,POINT(-111.6 20.2)
2016-09-14,20,POINT(-109.4 46.4)
2017-07-16,9,POINT(-93.0 27.2)
2016-08-21,19,POINT(-90.6 34.2)
2016-01-26,32,POINT(-76.6 25.8)
2017-06-06,36,POINT(-106.6 44.4)
2017-01-18,130,POINT(-89.4 21.0)
2017-06-19,21,POINT(-119.9 39.7)
2017-01-27,6,POINT(-96.4 21.5)
2017-04-06,7,POINT(-100.1 47.5)
2017-12-28,12,POINT(-114.0 21.6)
2016-05-17,38,POINT(-75.4 46.7)
2016-04-19,10,POINT(-114.6 27.6)
2017-04-19,24,POINT(-106.7 39.6)
2016-11-23,1,POINT(-83.3 39.1)
2016-07-24,12,POINT(-111.0 45.6)
2016-03-11,4,POINT(-116.2 32.1)
2016-07-28,56,POINT(-71.5 35.9)
2016-07-03,32,POINT(-105.3 31.6)
2017-08-24,3,POINT(-117.0 39.7)
2017-01-17,11,POINT(-112.9 29.3)
2017-02-02,2,POINT(-108.9 39.2)
2017-06-28,28,POINT(-72.1 42.6)
2017-10-20,5,POINT(-119.2 23.9)
2017-11-12,33,POINT(-80.4 31.4)
2017-12-26,2,POINT(-81.0 21.1)
2016-11-09,18,POINT(-95.0 22.7)
2016-08-15,19,POINT(-73.4 21.4)
2017-10-19,9,POINT(-119.3 41.2)
2016-05-25,4,POINT(-95.2 49.4)
2016-01-22,8,POINT(-107.3 38.3)
2017-08-23,14,POINT(-81.9 30.2)
2017-11-22,70,POINT(-111.3 43.2)
2016-10-26,12,POINT(-76.2 35.2)
2016-09-21,5,POINT(-99.7 24.2)
2016-02-19,1,POINT(-113.2 46.9)
2017-01-09,1,POINT(-118.3 23.8)
2016-03-01,11,POINT(-85.5 49.3)
2016-01-19,8,POINT(-73.6 30.9)
2016-11-03,3,POINT(-71.5 41.8)
2017-06-20,4,POINT(-76.3 48.8)
2016-07-25,9,POINT(-100.5 37.8)
2016-11-20,24,POINT(-74.7 49.3)
2016-03-15,19,POINT(-87.8 25.4)
2017-10-14,2,POINT(-116.8 21.7)
2017-02-21,4,POINT(-111.5 39.3)
2016-11-23,48,POINT(-100.7 23.1)
2016-10-07,2,POINT(-104.7 35.2)
2017-08-25,5,POINT(-103.2 43.3)
2016-03-15,8,POINT(-83.3 44.8)
2017-07-29,6,POINT(-117.1 36.9)
2017-08-16,7,POINT(-89.7 34.0)
2017-10-11,27,POINT(-103.2 22.8)
2017-08-31,2,POINT(-75.9 40.4)
2017-09-03,9,POINT(-117.1 42.4)
2016-08-28,19,POINT(-71.4 31.7)
2016-01-05,2,POINT(-116.0 36.1)
2016-08-02,1,POINT(-98.3 27.6)
2017-08-01,14,POINT(-77.1 31.6)
2017-05-01,47,POINT(-103.9 37.8)
2016-12-22,12,POINT(-77.5 42.8)
2017-01-28,11,POINT(-71.8 21.8)
2016-06-03,1,POINT(-113.9 34.8)
2017-01-25,27,POINT(-96.1 22.1)
2017-01-03,4,POINT(-108.5 47.0)
2016-01-29,24,POINT(-81.6 39.2)
2017-02-26,9,POINT(-114.6 34.4)
2016-01-09,1,POINT(-81.3 21.3)
2016-07-18,8,POINT(-86.2 35.8)
2017-03-20,22,POINT(-88.4 38.9)
2016-11-29,30,POINT(-98.3 32.6)
2016-08-17,21,POINT(-94.9 28.7)
2017-01-27,25,POINT(-115.0 48.7)
2016-11-03,6,POINT(-106.5 26.2)
2016-11-26,68,POINT(-74.3 49.1)
2016-12-25,6,POINT(-97.9 20.4)
2017-11-05,4,POINT(-99.9 35.6)
2017-08-09,6,POINT(-117.6 30.5)
2016-07-01,72,POINT(-75.8 28.3)
2017-01-21,2,POINT(-82.3 30.6)
2016-04-18,30,POINT(-115.4 38.5)
2016-12-04,3,POINT(-112.5 32.3)
2016-07-18,30,POINT(-113.8 25.4)
2016-06-29,7,POINT(-87.3 38.8)
2017-06-23,26,POINT(-112.1 48.5)
2017-07-18,2,POINT(-70.2 49.4)
2017-03-12,9,POINT(-91.3 44.6)
2016-02-09,13,POINT(-76.5 25.4)
2016-08-09,1,POINT(-83.5 26.0)
2016-10-23,4,POINT(-118.8 20.3)
2017-11-08,4,POINT(-98.9 44.0)
2016-01-29,14,POINT(-101.9 25.1)
2017-12-01,3,POINT(-72.4 48.6)
2016-07-20,76,POINT(-103.1 33.5)
2017-04-29,44,POINT(-85.6 21.4)
2016-05-09,6,POINT(-90.5 39.3)
2016-02-17,6,POINT(-83.2 23.3)
2017-02-19,59,POINT(-116.9 39.7)
2017-08-22,8,POINT(-73.5 40.5)
2017-07-24,12,POINT(-70.3 21.5)
2017-04-01,25,POINT(-92.3 46.3)
2016-02-18,9,POINT(-111.8 31.6)
2017-12-28,47,POINT(-76.5 29.7)
2016-03-16,18,POINT(-87.6 39.7)
2017-06-29,17,POINT(-88.8 48.1)
2016-09-04,17,POINT(-75.8 49.1)
2016-10-16,3,POINT(-83.4 44.9)
2017-06-18,32,POINT(-74.0 43.1)
2017-06-14,17,POINT(-72.1 36.3)
2017-03-11,2,POINT(-102.8 36.2)
2017-01-17,38,POINT(-110.1 38.3)
2016-04-05,27,POINT(-100.7 49.5)
2016-09-07,7,POINT(-71.6 21.0)
2016-08-28,7,POINT(-110.4 34.1)
2016-10-31,15,POINT(-90.4 26.3)
2017-07-10,1,POINT(-115.8 38.2)
2017-08-10,34,POINT(-78.4 37.5)
2017-09-10,57,POINT(-86.6 48.1)
2017-07-25,12,POINT(-93.9 30.4)
2017-03-15,16,POINT(-88.5 43.3)
2017-05-02,34,POINT(-114.1 41.7)
2017-05-12,7,POINT(-76.9 33.2)
2016-05-11,14,POINT(-103.0 35.8)
2017-02-05,3,POINT(-111.5 33.8)
2017-10-30,25,POINT(-119.3 48.1)
2017-01-10,32,POINT(-117.0 23.4)
2017-07-20,2,POINT(-86.4 37.8)
2017-11-28,43,POINT(-84.1 31.5)
2017-11-17,10,POINT(-112.6 22.9)
2017-06-26,52,POINT(-89.7 27.3)
2017-01-05,47,POINT(-95.8 38.4)
2017-02-15,32,POINT(-73.1 42.5)
2016-06-03,36,POINT(-86.7 35.3)
2016-09-01,7,POINT(-94.0 35.2)
2017-06-25,10,POINT(-105.8 39.3)
2017-07-14,6,POINT(-96.9 24.5)
2017-11-12,9,POINT(-107.6 25.4)
2016-03-15,17,POINT(-86.1 48.8)
2016-07-24,40,POINT(-90.3 48.9)
2017-03-03,16,POINT(-105.2 43.3)
2017-02-24,24,POINT(-119.4 43.7)
2017-11-03,3,POINT(-70.9 22.8)
2016-05-28,57,POINT(-117.4 31.1)
2016-03-28,18,POINT(-92.6 33.6)
2017-05-20,30,POINT(-77.4 24.3)
2016-06-16,131,POINT(-88.9 20.7)
2016-07-07,40,POINT(-90.7 26.6)
2016-04-23,15,POINT(-84.2 49.0)
2016-01-13,41,POINT(-104.6 47.8)
2017-11-08,22,POINT(-100.5 27.0)
2016-06-05,27,POINT(-115.8 48.2)
2016-06-29,21,POINT(-119.8 30.2)
2016-11-15,7,POINT(-106.8 42.7)
2016-10-18,9,POINT(-79.3 31.3)
2017-09-07,17,POINT(-89.4 21.4)
2017-09-14,42,POINT(-113.0 49.0)
2017-10-21,13,POINT(-98.7 28.1)
2017-04-21,16,POINT(-119.0 21.6)
2017-10-12,10,POINT(-79.9 49.8)
2017-03-08,1,POINT(-96.9 39.2)
2016-06-17,21,POINT(-106.2 33.4)
2017-02-05,17,POINT(-81.6 44.7)
2016-06-06,77,POINT(-71.5 41.6)
2017-01-18,15,POINT(-99.8 32.8)
2017-02-01,16,POINT(-81.7 24.4)
2016-02-25,7,POINT(-103.9 39.9)
2016-03-13,3,POINT(-82.1 46.6)
2017-04-17,25,POINT(-71.7 35.5)
2016-06-28,34,POINT(-87.5 36.8)
2017-08-25,41,POINT(-108.1 45.4)
2016-07-12,11,POINT(-85.5 48.4)
2017-12-07,25,POINT(-77.8 36.3)
2017-01-18,7,POINT(-99.8 21.4)
2016-08-16,6,POINT(-88.9 24.6)
2017-11-05,110,POINT(-107.4 48.5)
2017-08-25,38,POINT(-97.3 45.0)
2017-12-23,6,POINT(-111.7 39.0)
2016-09-22,12,POINT(-78.2 34.1)
2017-09-30,17,POINT(-115.2 32.3)
2016-03-11,1,POINT(-117.2 21.3)
2016-03-31,65,POINT(-93.3 46.1)
2017-08-28,3,POINT(-90.9 31.2)
2016-03-16,34,POINT(-74.1 35.6)
2017-09-07,75,POINT(-109.8 36.1)
2017-03-20,25,POINT(-81.1 45.2)
2016-07-15,69,POINT(-87.8 25.9)
2016-07-02,1,POINT(-82.9 34.3)
2016-03-17,9,POINT(-112.1 48.7)
2017-03-23,13,POINT(-97.7 41.3)
2016-10-23,31,POINT(-102.2 32.0)
2017-01-22,22,POINT(-85.0 39.0)
2016-11-17,27,POINT(-90.3 37.6)
2017-02-24,4,POINT(-71.6 36.4)
2017-06-29,38,POINT(-113.1 36.0)
2017-09-25,35,POINT(-96.3 41.5)
2016-11-01,30,POINT(-85.3 46.5)
2016-12-11,35,POINT(-101.6 32.3)
2017-12-15,5,POINT(-73.8 49.3)
2017-10-02,4,POINT(-77.4 32.1)
2017-12-25,46,POINT(-76.4 40.3)
2017-10-11,63,POINT(-89.5 28.1)
2016-09-17,12,POINT(-96.4 42.4)
2016-12-11,12,POINT(-101.6 31.6)
2017-11-14,28,POINT(-114.0 31.5)
2017-10-20,14,POINT(-72.6 26.0)
2016-05-28,8,POINT(-106.8 22.1)
2017-02-21,5,POINT(-79.9 30.5)
2016-01-29,1,POINT(-119.4 38.0)
2017-09-05,18,POINT(-100.9 21.4)
2017-04-07,4,POINT(-91.4 25.7)
2017-07-14,40,POINT(-104.3 27.4)
2016-07-07,82,POINT(-110.3 25.6)
2016-03-05,13,POINT(-116.4 23.1)
2017-04-03,3,POINT(-70.5 25.5)
2017-11-06,18,POINT(-75.7 48.1)
2016-08-11,18,POINT(-104.4 43.5)
2017-04-20,3,POINT(-119.2 47.6)
2016-11-21,21,POINT(-93.0 46.7)
2017-06-02,8,POINT(-103.9 32.0)
2017-07-26,38,POINT(-114.2 31.1)
2016-07-10,18,POINT(-80.5 43.3)
2016-03-28,12,POINT(-103.1 47.0)
2017-04-02,67,POINT(-71.4 42.5)
2016-06-06,14,POINT(-84.7 37.4)
2016-09-29,44,POINT(-78.0 36.7)
2016-11-27,7,POINT(-88.9 33.9)
2016-10-08,12,POINT(-91.9 33.6)
2017-10-18,2,POINT(-98.6 21.7)
2016-06-11,11,POINT(-115.8 26.5)
2016-06-22,45,POINT(-83.1 24.3)
2016-04-17,36,POINT(-103.0 34.1)
2016-10-27,75,POINT(-110.2 28.7)
2016-11-26,28,POINT(-114.3 31.3)
2016-05-23,7,POINT(-116.1 49.1)
2016-02-27,4,POINT(-96.2 42.9)
2016-10-24,4,POINT(-78.2 24.2)
2016-07-06,22,POINT(-113.6 44.3)
2017-03-15,10,POINT(-94.3 33.3)
2017-05-02,11,POINT(-101.0 45.6)
2017-01-24,40,POINT(-93.0 42.8)
2016-01-20,26,POINT(-117.1 35.6)
2016-07-30,5,POINT(-93.2 41.6)
2017-06-19,4,POINT(-92.5 48.1)
2017-08-25,35,POINT(-76.5 36.2)
2017-12-28,62,POINT(-110.0 24.5)
2017-07-17,5,POINT(-79.3 37.0)
2017-10-11,61,POINT(-82.4 21.4)
2017-10-26,12,POINT(-74.3 33.6)
2016-08-07,48,POINT(-74.4 26.7)
2016-06-21,28,POINT(-81.7 39.4)
2016-01-01,48,POINT(-73.7 32.0)
2017-04-12,21,POINT(-107.1 35.4)
2016-01-25,4,POINT(-112.2 46.8)
2016-07-22,2,POINT(-106.0 33.8)
2016-07-19,20,POINT(-78.0 49.9)
2016-07-09,2,POINT(-104.3 24.1)
2017-02-12,6,POINT(-79.1 45.7)
2017-04-22,5,POINT(-101.4 30.9)
2016-10-30,12,POINT(-80.0 43.9)
2017-07-31,19,POINT(-77.6 35.0)
2017-06-19,49,POINT(-86.1 35.7)
2016-03-22,56,POINT(-71.0 36.0)
2017-08-25,81,POINT(-83.5 27.2)
2017-11-14,29,POINT(-107.7 21.6)
2017-06-30,51,POINT(-70.8 39.6)
2017-06-29,32,POINT(-85.8 20.8)
2016-09-18,49,POINT(-98.2 41.8)
2016-06-25,3,POINT(-95.4 29.7)
2017-10-17,66,POINT(-81.7 31.9)
2016-08-02,6,POINT(-82.3 42.6)
2016-05-20,17,POINT(-77.9 24.5)
2016-09-24,15,POINT(-108.0 39.5)
2016-05-18,17,POINT(-72.6 37.2)
2016-02-16,25,POINT(-106.9 32.5)
2016-02-29,16,POINT(-96.0 38.8)
2017-07-14,24,POINT(-109.4 30.8)
2017-07-17,16,POINT(-98.3 27.9)
2016-03-01,1,POINT(-87.5 22.7)
2017-12-26,20,POINT(-95.4 37.7)
2016-04-04,17,POINT(-107.6 48.8)
2017-09-23,18,POINT(-100.6 44.2)
2017-04-19,1,POINT(-90.3 22.8)
2017-12-31,13,POINT(-75.1 26.6)
2016-02-09,42,POINT(-98.8 39.5)
2016-12-11,9,POINT(-91.3 20.1)
2016-11-22,12,POINT(-74.5 36.9)
2017-03-12,3,POINT(-77.9 49.2)
2017-02-09,12,POINT(-110.7 30.6)
2016-07-29,11,POINT(-101.9 46.8)
2016-02-07,43,POINT(-80.6 23.2)
2017-04-12,1,POINT(-83.4 21.4)
2016-11-12,61,POINT(-81.6 30.4)
2016-07-29,18,POINT(-112.0 37.4)
2016-03-23,16,POINT(-97.0 45.0)
2016-12-21,44,POINT(-85.2 25.6)
2017-09-21,5,POINT(-99.7 27.8)
2017-06-22,5,POINT(-91.8 34.4)
2016-07-27,42,POINT(-82.0 30.4)
2017-09-28,54,POINT(-94.8 20.1)
2016-10-02,37,POINT(-89.5 29.9)
2017-05-06,1,POINT(-102.8 27.8)
2016-10-24,22,POINT(-101.7 35.2)
2017-08-06,12,POINT(-110.6 23.5)
2016-02-27,33,POINT(-70.4 40.6)
2016-10-22,4,POINT(-89.6 28.8)
2017-04-03,51,POINT(-110.3 26.9)
2017-09-22,9,POINT(-111.8 29.1)
2017-01-30,8,POINT(-108.6 33.8)
2017-01-08,4,POINT(-84.1 46.6)
2016-03-02,1,POINT(-95.1 40.6)
2017-03-21,8,POINT(-93.2 25.3)
2016-03-27,4,POINT(-85.2 40.2)
2017-09-02,27,POINT(-83.6 24.6)
2017-02-02,29,POINT(-82.7 29.6)
2016-05-03,36,POINT(-116.0 33.9)
2017-06-02,1,POINT(-78.4 39.1)
2017-10-07,9,POINT(-111.3 34.1)
2016-10-09,1,POINT(-88.3 37.5)
2017-05-28,15,POINT(-108.7 40.5)
2017-11-02,48,POINT(-78.7 48.9)
2016-06-05,11,POINT(-81.7 47.2)
2016-08-13,42,POINT(-111.2 35.2)
2017-10-16,59,POINT(-92.5 42.3)
2017-01-28,6,POINT(-83.9 33.2)
2016-09-22,1,POINT(-111.5 49.0)
2016-09-22,27,POINT(-112.7 22.3)
2017-07-02,18,POINT(-101.2 26.2)
2016-10-14,9,POINT(-74.1 27.8)
2016-10-18,10,POINT(-116.6 28.5)
2016-11-15,2,POINT(-102.1 28.2)
2017-04-17,41,POINT(-79.7 38.1)
2017-02-02,6,POINT(-102.8 46.8)
2016-03-13,3,POINT(-117.2 22.0)
2017-06-11,31,POINT(-88.4 45.0)
2016-03-23,14,POINT(-72.1 29.0)
2016-06-22,29,POINT(-91.0 37.7)
2017-03-03,47,POINT(-79.3 39.8)
2017-08-10,10,POINT(-119.3 36.9)
2016-10-17,2,POINT(-87.0 22.8)
2017-01-15,6,POINT(-112.5 34.5)
2017-07-16,2,POINT(-85.1 21.9)
2016-12-28,4,POINT(-91.5 20.1)
2016-07-04,38,POINT(-108.9 26.1)
2016-01-05,57,POINT(-90.7 28.9)
2016-09-18,23,POINT(-86.2 40.6)
2016-06-27,27,POINT(-74.9 31.5)
2016-05-21,27,POINT(-75.6 34.7)
2016-09-24,3,POINT(-73.2 38.0)
2017-09-17,1,POINT(-77.9 21.0)
2017-04-14,24,POINT(-93.0 30.4)
2017-11-22,1,POINT(-77.5 32.8)
2016-03-08,34,POINT(-83.9 27.9)
2016-04-16,18,POINT(-83.1 31.3)
2017-07-24,3,POINT(-112.3 34.8)
2017-03-12,22,POINT(-111.0 37.7)
2016-01-31,19,POINT(-111.0 28.7)
2017-06-30,10,POINT(-109.5 40.9)
2017-06-04,35,POINT(-99.1 45.8)
2017-09-12,8,POINT(-104.2 24.0)
2017-10-16,10,POINT(-117.5 28.7)
2016-02-11,24,POINT(-83.8 30.4)
2016-07-05,28,POINT(-99.8 23.2)
2017-08-19,7,POINT(-116.1 38.3)
2017-12-13,1,POINT(-80.5 26.3)
2016-10-27,4,POINT(-119.0 47.2)
2016-09-17,7,POINT(-92.0 24.1)
2017-05-04,48,POINT(-82.1 41.8)
2017-11-01,45,POINT(-101.4 39.7)
2017-10-26,22,POINT(-91.3 34.1)
2017-11-26,25,POINT(-117.5 35.5)
2016-09-13,20,POINT(-108.1 24.8)
2016-03-07,31,POINT(-86.8 20.9)
2017-12-25,9,POINT(-80.5 48.3)
2016-08-07,16,POINT(-114.3 21.1)
2016-11-18,23,POINT(-71.7 37.3)
2017-08-28,13,POINT(-100.3 44.4)
2016-02-28,30,POINT(-73.8 20.2)
2016-06-26,54,POINT(-93.0 31.5)
2017-04-05,22,POINT(-87.8 29.1)
2016-10-16,2,POINT(-111.2 26.3)
2016-04-21,19,POINT(-75.8 25.0)
2016-11-19,24,POINT(-115.6 31.3)
2016-06-30,7,POINT(-70.6 24.3)
2017-04-10,8,POINT(-100.4 25.9)
2016-08-11,19,POINT(-111.8 36.4)
2017-02-01,25,POINT(-89.7 27.2)
2016-06-08,42,POINT(-76.7 22.3)
2017-03-29,29,POINT(-100.1 45.9)
2016-12-28,3,POINT(-119.6 33.0)
2017-11-05,9,POINT(-76.4 44.9)
2016-01-03,4,POINT(-90.9 21.6)
2017-08-15,29,POINT(-115.4 39.1)
2017-11-21,7,POINT(-74.7 44.6)
2016-12-25,3,POINT(-81.3 40.9)
2016-11-10,3,POINT(-93.4 45.3)
2017-08-28,3,POINT(-97.7 23.4)
2017-12-29,6,POINT(-84.7 25.1)
2016-01-22,31,POINT(-101.9 24.8)
2017-02-24,6,POINT(-87.3 39.0)
2016-05-05,7,POINT(-112.5 49.9)
2017-02-08,43,POINT(-112.9 32.5)
2017-10-16,12,POINT(-104.4 47.4)
2016-09-24,15,POINT(-75.7 46.8)
2017-09-06,1,POINT(-77.5 44.4)
2017-07-21,2,POINT(-95.4 34.4)
2016-04-15,27,POINT(-90.7 29.5)
2017-10-17,9,POINT(-88.6 21.7)
2017-06-28,4,POINT(-101.3 34.4)
2017-09-20,12,POINT(-84.9 46.2)
2016-06-19,1,POINT(-89.6 34.4)
2016-10-31,25,POINT(-102.3 20.0)
2016-11-29,2,POINT(-105.8 43.9)
2016-01-18,2,POINT(-71.0 23.9)
2017-02-03,11,POINT(-105.8 24.9)
2016-06-16,18,POINT(-111.3 27.0)
2016-11-30,29,POINT(-78.3 25.8)
2016-06-03,2,POINT(-79.5 41.5)
2017-09-21,9,POINT(-108.1 48.2)
2017-01-10,7,POINT(-77.6 23.5)
2016-03-21,28,POINT(-74.4 31.7)
2017-03-25,10,POINT(-103.4 38.0)
2016-11-05,20,POINT(-103.6 34.2)
2017-11-10,14,POINT(-113.5 30.5)
2017-11-15,17,POINT(-89.5 26.7)
2016-12-20,10,POINT(-85.3 36.6)
2016-11-19,6,POINT(-116.3 35.2)
2017-12-30,2,POINT(-109.6 49.7)
2016-08-15,4,POINT(-106.5 33.9)
2016-07-09,4,POINT(-97.7 46.5)
2017-11-10,55,POINT(-78.8 48.3)
2016-10-23,56,POINT(-108.8 29.9)
2016-07-07,6,POINT(-79.6 29.0)
2016-07-11,3,POINT(-75.5 48.3)
2017-05-27,7,POINT(-110.0 37.3)
2016-01-09,32,POINT(-70.4 25.8)
2017-08-09,41,POINT(-94.2 27.7)
2016-05-22,14,POINT(-92.4 20.6)
2017-05-01,16,POINT(-89.2 29.7)
2016-07-12,13,POINT(-79.9 38.6)
2017-06-05,5,POINT(-87.3 29.4)
2017-03-08,2,POINT(-83.3 26.9)
2016-05-18,20,POINT(-98.0 21.8)
2016-01-30,33,POINT(-90.5 45.4)
2016-10-05,28,POINT(-107.6 39.4)
2016-02-11,47,POINT(-101.8 47.3)
2016-08-15,34,POINT(-88.4 20.7)
2017-04-24,7,POINT(-117.9 47.7)
2017-02-20,3,POINT(-91.1 35.7)
2016-07-19,12,POINT(-92.5 24.1)
2016-11-16,9,POINT(-110.7 27.6)
2017-12-22,27,POINT(-73.3 24.3)
2017-11-20,2,POINT(-115.8 26.8)
2017-01-02,58,POINT(-117.4 27.9)
2017-08-20,64,POINT(-76.9 37.5)
2017-07-13,2,POINT(-78.0 27.8)
2017-12-18,12,POINT(-100.2 34.7)
2016-11-21,46,POINT(-71.2 39.3)
2016-11-05,5,POINT(-71.2 43.4)
2017-12-03,24,POINT(-113.8 46.5)
2016-12-26,25,POINT(-96.0 24.8)
2017-06-11,6,POINT(-117.3 39.3)
2017-10-01,1,POINT(-102.1 23.4)
2016-10-29,22,POINT(-116.4 27.0)
2017-11-27,20,POINT(-112.0 37.1)
2017-10-03,21,POINT(-75.4 48.4)
2017-11-07,4,POINT(-77.8 38.3)
2017-08-27,19,POINT(-77.1 46.3)
2016-10-05,16,POINT(-118.4 40.2)
2017-12-25,13,POINT(-91.5 42.5)
2017-10-14,31,POINT(-81.3 26.6)
2017-09-18,10,POINT(-85.4 34.6)
2016-11-16,9,POINT(-95.0 44.1)
2017-04-21,16,POINT(-113.9 39.8)
2016-10-30,58,POINT(-81.3 20.9)
2017-06-02,9,POINT(-75.5 40.0)
2016-02-25,12,POINT(-106.6 25.8)
2016-07-10,7,POINT(-93.0 47.9)
2016-01-22,23,POINT(-95.5 47.9)
2016-03-20,10,POINT(-83.3 45.3)
2016-10-10,24,POINT(-73.7 25.9)
2017-03-03,4,POINT(-97.3 23.4)
2016-04-12,7,POINT(-96.9 46.7)
2017-12-29,5,POINT(-108.7 34.5)
2016-05-21,31,POINT(-111.0 46.3)
2017-08-19,2,POINT(-118.1 45.7)
2017-02-06,6,POINT(-79.1 45.8)
2017-08-11,15,POINT(-99.9 26.9)
2017-08-12,2,POINT(-116.3 39.8)
2016-06-10,1,POINT(-92.4 48.2)
2017-08-16,24,POINT(-103.2 30.1)
2016-08-03,20,POINT(-71.4 39.8)
2017-04-22,1,POINT(-97.6 31.0)
2017-07-16,1,POINT(-114.9 27.9)
2017-11-06,5,POINT(-88.1 44.4)
2016-09-07,48,POINT(-80.3 25.7)
2017-12-25,22,POINT(-90.9 23.3)
2017-12-23,33,POINT(-81.3 28.2)
2017-02-13,29,POINT(-105.0 33.4)
2017-11-05,82,POINT(-93.4 44.0)
2016-11-14,60,POINT(-78.6 27.0)
2017-01-22,2,POINT(-116.2 47.2)
2016-03-25,1,POINT(-107.0 36.5)
2017-05-29,14,POINT(-88.7 41.4)
2016-01-05,7,POINT(-94.7 27.5)
2016-08-22,15,POINT(-81.5 45.3)
2017-02-16,2,POINT(-111.1 20.9)
2017-01-09,48,POINT(-77.6 26.3)
2016-10-01,30,POINT(-89.1 43.4)
2017-01-05,17,POINT(-109.8 21.9)
2017-06-15,13,POINT(-117.2 37.8)
2017-12-07,13,POINT(-70.9 41.7)
2017-01-28,20,POINT(-97.8 37.2)
2017-10-22,16,POINT(-106.6 23.0)
2017-09-19,14,POINT(-111.0 38.0)
2016-01-04,23,POINT(-107.8 38.3)
2017-06-17,29,POINT(-95.5 34.6)
2017-12-02,21,POINT(-77.4 30.9)
2017-06-07,10,POINT(-109.6 27.3)
2017-02-09,11,POINT(-101.6 22.3)
2017-02-16,3,POINT(-80.1 21.1)
2016-07-07,11,POINT(-86.8 43.7)
2016-11-12,31,POINT(-118.6 35.8)
2017-06-22,2,POINT(-107.5 24.4)
2017-03-06,4,POINT(-113.6 22.8)
2016-12-05,37,POINT(-117.9 22.7)
2017-10-15,17,POINT(-72.6 24.3)
2017-06-02,23,POINT(-89.0 20.9)
2017-03-05,8,POINT(-92.9 43.0)
2017-03-02,14,POINT(-77.0 31.0)
2017-06-05,29,POINT(-90.4 28.6)
2017-11-21,42,POINT(-91.1 33.8)
2017-05-29,74,POINT(-109.9 29.3)
2017-09-06,39,POINT(-89.0 40.9)
2016-10-26,2,POINT(-86.6 28.9)
2016-02-23,9,POINT(-75.9 38.6)
2016-06-10,28,POINT(-98.7 31.2)
2017-03-24,11,POINT(-109.8 32.3)
2016-07-29,12,POINT(-91.5 43.5)
2017-03-22,32,POINT(-71.4 35.6)
2016-03-10,36,POINT(-116.2 32.2)
2016-10-27,32,POINT(-119.8 29.8)
2016-03-08,9,POINT(-118.2 39.7)
2016-10-08,6,POINT(-78.4 38.8)
2016-06-02,9,POINT(-119.9 22.5)
2017-04-06,25,POINT(-108.9 40.2)
2016-08-11,10,POINT(-70.9 33.6)
2017-01-02,2,POINT(-82.7 49.2)
2016-07-07,33,POINT(-109.1 34.1)
2017-01-20,2,POINT(-108.9 48.3)
2016-02-10,112,POINT(-97.1 44.1)
2017-11-15,40,POINT(-116.2 49.0)
2017-11-07,63,POINT(-87.3 26.2)
2017-10-03,36,POINT(-95.2 30.0)
2017-05-31,3,POINT(-99.0 37.7)
2016-05-09,11,POINT(-95.5 22.9)
2017-11-18,48,POINT(-106.4 41.3)
2016-01-22,2,POINT(-109.3 28.1)
2016-02-10,8,POINT(-116.6 24.5)
2016-06-01,13,POINT(-88.7 21.8)
2017-07-11,12,POINT(-95.3 32.5)
2016-12-15,58,POINT(-84.4 23.8)
2016-01-09,11,POINT(-75.3 35.0)
2017-09-04,6,POINT(-70.3 32.3)
2016-02-16,12,POINT(-108.6 46.1)
2016-11-25,11,POINT(-111.6 22.2)
2017-12-19,20,POINT(-74.4 45.8)
2016-01-03,103,POINT(-99.9 41.4)
2017-02-12,17,POINT(-79.8 39.4)
2016-02-05,13,POINT(-113.2 49.3)
2016-08-30,19,POINT(-105.3 21.5)
2017-03-09,79,POINT(-119.4 34.7)
2017-02-21,20,POINT(-70.5 41.9)
2016-08-06,3,POINT(-119.7 36.0)
2016-07-19,49,POINT(-111.4 29.6)
2017-01-28,18,POINT(-92.1 20.8)
2017-06-22,4,POINT(-77.5 39.6)
2017-08-23,6,POINT(-80.3 46.0)
2016-09-25,3,POINT(-107.3 41.6)
2016-05-03,65,POINT(-76.0 21.5)
2017-02-03,2,POINT(-116.5 41.0)
2016-10-07,29,POINT(-103.4 42.1)
2017-03-08,9,POINT(-106.8 39.9)
2017-02-03,2,POINT(-87.2 37.7)
2016-01-02,12,POINT(-118.1 41.0)
2016-11-24,1,POINT(-77.3 37.3)
2017-09-26,34,POINT(-71.9 34.4)
2017-01-17,16,POINT(-108.2 36.1)
2017-08-11,13,POINT(-74.9 22.2)
2016-03-18,36,POINT(-74.7 35.8)
2016-11-27,15,POINT(-88.7 41.1)
2016-06-11,19,POINT(-94.7 34.8)
2016-05-29,34,POINT(-81.3 36.7)
2017-07-13,26,POINT(-94.1 42.9)
2017-09-17,22,POINT(-82.8 24.2)
2017-05-19,25,POINT(-115.4 42.5)
2017-07-29,7,POINT(-105.7 31.2)
2016-05-29,3,POINT(-100.3 43.6)
2017-08-07,20,POINT(-109.7 26.6)
2016-02-16,6,POINT(-108.5 43.8)
2016-12-27,1,POINT(-81.9 43.7)
2017-11-23,6,POINT(-111.3 29.6)
2017-01-08,26,POINT(-114.4 43.9)
2016-04-04,25,POINT(-106.0 23.7)
2016-04-10,47,POINT(-112.0 44.3)
2017-01-24,23,POINT(-109.8 24.4)
2017-08-17,12,POINT(-80.9 49.6)
2016-03-22,7,POINT(-97.9 37.6)
2017-09-24,29,POINT(-98.3 43.5)
2017-02-16,11,POINT(-93.8 36.9)
2016-01-03,34,POINT(-115.5 37.4)
2016-01-13,39,POINT(-70.6 34.5)
2016-06-12,9,POINT(-77.6 24.1)
2017-09-08,9,POINT(-105.4 28.2)
2016-12-10,49,POINT(-117.2 48.1)
2016-06-14,11,POINT(-89.1 31.2)
2016-03-15,25,POINT(-90.4 21.7)
2016-02-29,10,POINT(-104.5 43.9)
2017-01-16,27,POINT(-103.0 41.4)
2016-03-13,4,POINT(-93.7 29.2)
2017-10-22,37,POINT(-76.0 31.1)
2016-05-02,82,POINT(-114.5 34.7)
2017-04-11,30,POINT(-94.5 24.3)
2016-10-15,9,POINT(-98.1 49.8)
2017-05-30,17,POINT(-96.7 31.3)
2017-04-25,23,POINT(-74.5 45.7)
2016-08-24,5,POINT(-92.8 44.9)
2017-12-20,7,POINT(-85.3 28.0)
2016-06-20,33,POINT(-74.4 22.4)
2017-01-19,59,POINT(-104.9 33.4)
2017-03-21,7,POINT(-102.1 26.6)
2016-07-25,4,POINT(-108.7 31.4)
2016-05-29,80,POINT(-87.4 47.6)
2017-07-24,8,POINT(-107.3 37.6)
2016-05-30,31,POINT(-108.3 32.7)
2017-11-03,10,POINT(-70.7 37.8)
2016-04-22,60,POINT(-85.1 23.1)
2016-08-19,19,POINT(-79.3 42.8)
2017-05-02,11,POINT(-71.6 37.0)
2017-01-17,4,POINT(-71.4 49.1)
2017-01-08,6,POINT(-103.3 31.8)
2017-11-28,39,POINT(-94.1 25.6)
2016-09-03,2,POINT(-73.8 25.4)
2016-05-19,4,POINT(-118.7 45.7)
2017-09-15,5,POINT(-74.2 33.8)
2017-02-05,2,POINT(-77.1 28.8)
2017-12-07,24,POINT(-96.6 43.7)
2016-05-04,80,POINT(-94.2 42.1)
2016-12-21,3,POINT(-117.6 47.3)
2016-08-26,33,POINT(-92.2 46.0)
2017-05-27,4,POINT(-113.8 22.9)
2017-09-24,73,POINT(-106.8 25.2)
2017-08-23,15,POINT(-79.8 33.8)
2017-06-15,38,POINT(-94.8 46.8)
2016-09-29,4,POINT(-82.4 42.4)
2016-06-25,44,POINT(-73.4 23.9)
2017-02-09,2,POINT(-111.4 25.7)
2016-04-23,1,POINT(-107.0 33.9)
2016-01-27,25,POINT(-90.7 40.7)
2017-11-30,3,POINT(-72.5 25.9)
2017-02-21,41,POINT(-81.0 22.5)
2017-08-21,20,POINT(-88.0 20.6)
2017-08-14,9,POINT(-86.0 23.9)
2017-04-06,7,POINT(-98.4 32.3)
2016-06-28,2,POINT(-99.8 45.9)
2017-07-20,24,POINT(-70.7 21.2)
2016-09-03,50,POINT(-77.2 40.4)
2017-05-14,29,POINT(-82.0 24.0)
2016-11-12,20,POINT(-84.0 34.7)
2017-03-09,3,POINT(-91.6 28.6)
2016-08-20,36,POINT(-103.5 45.2)
2017-09-12,68,POINT(-98.4 39.9)
2017-01-03,7,POINT(-117.1 28.9)
2017-10-28,11,POINT(-115.5 35.1)
2016-06-16,1,POINT(-100.8 42.7)
2016-03-08,36,POINT(-114.2 46.0)
2017-07-04,1,POINT(-100.1 38.6)
2017-10-16,14,POINT(-109.3 38.4)
2016-12-10,18,POINT(-102.5 23.1)
2017-06-13,2,POINT(-101.0 35.6)
2016-02-21,4,POINT(-80.3 44.5)
2017-03-20,32,POINT(-85.7 40.5)
2017-08-14,6,POINT(-79.3 21.4)
2017-11-23,26,POINT(-101.8 41.0)
2016-05-19,28,POINT(-78.7 32.1)
2017-12-21,11,POINT(-72.5 40.5)
2017-02-12,2,POINT(-106.1 44.3)
2016-11-30,1,POINT(-84.1 25.2)
2016-10-07,14,POINT(-117.1 46.1)
2017-02-08,2,POINT(-93.9 25.8)
2016-05-01,26,POINT(-112.2 28.6)
2017-12-23,10,POINT(-78.4 40.4)
2017-10-08,23,POINT(-99.3 41.8)
2017-04-04,11,POINT(-89.8 32.8)
2017-11-19,20,POINT(-90.9 23.4)
2016-02-08,36,POINT(-114.8 47.5)
2016-03-15,44,POINT(-115.0 30.4)
2017-07-14,1,POINT(-91.4 49.0)
2016-08-04,21,POINT(-104.3 45.5)
2016-09-02,17,POINT(-114.4 28.9)
2017-02-21,21,POINT(-104.5 42.4)
2016-07-21,2,POINT(-110.5 28.2)
2017-10-17,2,POINT(-118.0 20.8)
2017-06-02,14,POINT(-101.0 27.9)
2017-09-04,2,POINT(-86.0 24.8)
2016-10-22,30,POINT(-114.3 29.2)
2017-03-25,30,POINT(-90.7 34.3)
2016-08-15,3,POINT(-112.4 24.5)
2016-04-12,13,POINT(-116.6 22.9)
2016-04-01,19,POINT(-115.4 35.3)
2016-12-22,40,POINT(-109.5 30.4)
2017-11-29,90,POINT(-96.7 33.4)
2016-05-25,1,POINT(-97.8 49.7)
2016-09-23,13,POINT(-96.2 30.6)
2016-04-28,33,POINT(-101.2 38.1)
2017-05-17,32,POINT(-76.0 34.5)
2016-09-20,16,POINT(-75.8 42.1)
2016-10-02,5,POINT(-87.1 49.5)
2017-12-15,17,POINT(-103.8 35.7)
2016-02-28,10,POINT(-110.7 30.5)
2016-12-12,11,POINT(-85.1 24.9)
2017-10-26,8,POINT(-70.2 44.4)
2016-07-04,4,POINT(-79.0 22.2)
2016-04-24,27,POINT(-103.6 37.4)
2016-12-27,25,POINT(-110.4 42.9)
2016-08-23,16,POINT(-79.1 25.8)
2017-03-17,9,POINT(-99.9 34.4)
2017-07-31,35,POINT(-90.8 31.9)
2016-09-19,4,POINT(-117.9 26.3)
2016-02-20,12,POINT(-79.7 46.5)
2016-12-16,22,POINT(-109.9 36.0)
2017-02-20,35,POINT(-81.8 45.7)
2016-01-13,21,POINT(-87.0 45.5)
2017-01-28,3,POINT(-99.4 49.4)
2017-06-15,3,POINT(-93.3 47.6)
2016-07-31,2,POINT(-93.1 42.0)
2016-09-26,17,POINT(-108.7 40.3)
2016-02-09,6,POINT(-113.5 24.9)
2017-10-08,4,POINT(-79.5 32.9)
2016-06-29,2,POINT(-85.5 36.9)
2016-09-21,21,POINT(-88.9 21.9)
2016-04-15,29,POINT(-106.1 24.6)
2017-05-01,40,POINT(-99.9 39.2)
2017-02-07,19,POINT(-112.6 24.4)
2017-01-24,9,POINT(-82.3 30.2)
2017-08-30,13,POINT(-119.2 21.1)
2016-05-02,21,POINT(-119.9 25.1)
2016-02-06,25,POINT(-94.0 36.6)
2017-12-10,21,POINT(-102.8 39.3)
2017-05-17,66,POINT(-112.8 23.1)
2017-06-10,28,POINT(-83.8 27.2)
2017-08-19,28,POINT(-73.4 31.9)
2016-04-01,35,POINT(-106.0 40.5)
2016-04-09,13,POINT(-89.9 22.3)
2017-11-16,7,POINT(-82.8 33.5)
2017-03-30,34,POINT(-89.2 42.1)
2017-12-27,13,POINT(-100.9 24.2)
2017-08-20,19,POINT(-92.2 36.4)
2017-01-28,12,POINT(-83.8 33.2)
2017-08-16,11,POINT(-72.8 31.7)
2017-05-19,23,POINT(-81.4 48.0)
2016-04-26,22,POINT(-104.2 31.9)
2017-11-09,8,POINT(-86.4 33.4)
2017-05-05,5,POINT(-74.2 21.9)
2016-12-07,3,POINT(-94.1 31.0)
2017-03-01,3,POINT(-115.2 35.7)
2017-04-14,35,POINT(-87.9 20.3)
2016-05-13,7,POINT(-89.8 21.5)
2016-06-28,23,POINT(-113.3 27.2)
2017-11-07,7,POINT(-108.0 42.3)
2016-07-30,22,POINT(-86.4 43.5)
2017-06-01,83,POINT(-71.3 44.0)
2017-08-07,2,POINT(-111.3 37.2)
2017-02-16,22,POINT(-89.3 45.1)
2016-12-22,7,POINT(-96.3 24.1)
2017-03-28,2,POINT(-103.0 47.7)
2017-03-10,2,POINT(-74.3 44.2)
2016-03-17,10,POINT(-73.1 38.0)
2016-10-09,16,POINT(-111.8 37.4)
2017-12-27,21,POINT(-84.7 23.3)
2017-11-07,17,POINT(-81.3 44.0)
2017-11-16,46,POINT(-73.8 34.9)
2017-09-01,4,POINT(-116.3 44.6)
2017-06-20,36,POINT(-73.4 29.5)
2017-02-24,16,POINT(-107.7 21.5)
2016-05-30,40,POINT(-77.1 35.2)
2017-05-17,12,POINT(-78.6 46.4)
2017-10-27,14,POINT(-80.3 22.7)
2017-08-10,11,POINT(-105.3 32.3)
2017-05-29,3,POINT(-82.0 45.0)
2017-08-07,4,POINT(-106.9 26.9)
2017-09-14,15,POINT(-104.5 27.9)
2016-11-30,16,POINT(-79.1 38.6)
2017-08-06,13,POINT(-90.8 45.9)
2017-02-15,1,POINT(-104.9 37.3)
2016-09-11,15,POINT(-85.0 23.1)
2016-08-05,3,POINT(-77.1 47.9)
2016-07-26,17,POINT(-92.1 36.1)
2016-10-16,7,POINT(-109.1 30.3)
2017-07-30,96,POINT(-91.0 42.6)
2016-10-11,9,POINT(-90.7 40.7)
2017-05-30,35,POINT(-88.5 29.2)
2017-12-08,6,POINT(-81.0 45.7)
2017-09-22,5,POINT(-71.0 22.5)
2017-12-02,5,POINT(-114.5 46.4)
2017-11-08,9,POINT(-110.4 23.0)
2016-08-19,38,POINT(-79.3 21.1)
2017-10-03,29,POINT(-93.6 45.9)
2017-08-26,12,POINT(-82.7 22.0)
2016-11-27,5,POINT(-99.2 49.7)
2017-09-28,1,POINT(-78.1 22.5)
2016-07-25,20,POINT(-98.9 44.9)
2017-09-17,25,POINT(-72.7 48.9)
2016-12-26,19,POINT(-100.4 37.2)
2016-12-16,14,POINT(-105.9 25.1)
2017-01-07,73,POINT(-114.9 24.9)
2016-04-10,1,POINT(-77.6 42.8)
2017-06-27,90,POINT(-72.5 22.0)
2017-04-14,7,POINT(-75.3 40.6)
2016-05-10,10,POINT(-82.0 28.6)
2017-06-12,28,POINT(-98.4 47.8)
2017-04-21,6,POINT(-104.6 36.6)
2016-09-04,25,POINT(-105.8 26.7)
2017-01-09,9,POINT(-82.0 45.4)
2017-01-30,57,POINT(-102.8 49.5)
2017-07-29,4,POINT(-80.7 42.3)
2016-03-18,54,POINT(-70.9 40.9)
2017-12-12,32,POINT(-110.6 45.7)
2016-02-10,4,POINT(-114.3 20.6)
2016-09-14,10,POINT(-114.0 46.7)
2016-06-29,3,POINT(-117.1 27.5)
2016-10-16,19,POINT(-85.5 37.7)
2016-05-04,65,POINT(-90.4 33.4)
2017-09-15,2,POINT(-91.8 33.0)
2017-04-12,6,POINT(-90.9 33.5)
2016-08-22,29,POINT(-116.5 40.5)
2017-05-14,13,POINT(-105.4 40.3)
2017-12-14,9,POINT(-106.7 31.3)
2017-07-05,19,POINT(-96.0 49.8)
2017-12-11,7,POINT(-76.1 49.0)
2017-09-29,8,POINT(-71.4 24.7)
2016-03-14,33,POINT(-89.4 40.6)
2017-11-21,10,POINT(-107.7 35.4)
2016-01-05,25,POINT(-101.0 28.1)
2016-04-27,4,POINT(-103.7 44.2)
2017-10-22,11,POINT(-109.8 26.7)
2016-11-09,17,POINT(-71.1 40.1)
2016-07-19,7,POINT(-113.4 42.1)
2017-06-26,11,POINT(-91.7 32.1)
2017-03-05,29,POINT(-80.1 21.1)
2017-10-28,4,POINT(-73.0 29.6)
2017-12-10,14,POINT(-110.0 44.3)
2017-09-10,7,POINT(-110.4 40.2)
2016-06-07,11,POINT(-95.1 34.6)
2017-11-11,10,POINT(-100.8 41.4)
2016-10-27,22,POINT(-107.5 26.5)
2017-02-23,30,POINT(-115.3 47.8)
2016-09-14,14,POINT(-101.8 45.2)
2016-03-02,4,POINT(-105.9 21.0)
2017-10-22,41,POINT(-111.4 40.1)
2016-06-10,5,POINT(-101.6 28.3)
2016-03-26,18,POINT(-115.9 34.9)
2016-01-13,15,POINT(-74.1 25.9)
2016-10-01,7,POINT(-90.0 42.0)
2017-02-20,62,POINT(-96.0 21.3)
2016-05-03,23,POINT(-113.5 36.6)
2017-09-07,13,POINT(-81.1 23.3)
2016-02-18,12,POINT(-116.2 29.2)
2016-01-03,2,POINT(-70.7 25.8)
2017-12-23,31,POINT(-77.9 33.0)
2017-08-05,2,POINT(-96.5 34.4)
2016-09-27,5,POINT(-86.4 39.8)
2017-07-03,4,POINT(-115.6 33.5)
2016-06-01,2,POINT(-95.6 41.7)
2016-11-12,36,POINT(-79.0 44.2)
2017-12-27,48,POINT(-116.1 49.8)
2017-03-09,20,POINT(-109.1 23.7)
2017-06-05,43,POINT(-81.1 32.3)
2017-09-03,23,POINT(-97.1 27.6)
2017-05-04,24,POINT(-86.8 41.7)
2016-07-17,45,POINT(-79.1 35.5)
2017-03-11,2,POINT(-112.7 23.3)
2017-11-16,2,POINT(-96.6 21.9)
2016-08-04,2,POINT(-91.9 35.0)
2017-05-24,11,POINT(-89.3 30.5)
2016-02-09,59,POINT(-77.6 35.8)
2017-11-28,41,POINT(-96.2 27.5)
2017-05-03,31,POINT(-104.1 31.6)
2017-08-03,11,POINT(-79.9 49.2)
2016-09-05,35,POINT(-75.2 27.2)
2016-03-25,5,POINT(-102.1 20.7)
2017-11-10,18,POINT(-83.7 47.7)
2017-02-07,28,POINT(-109.4 44.1)
2016-01-29,2,POINT(-115.5 33.6)
2016-02-06,42,POINT(-101.2 36.0)
2017-05-21,26,POINT(-99.7 30.1)
2017-06-15,16,POINT(-114.3 24.3)
2017-10-19,2,POINT(-114.9 28.0)
2016-09-16,24,POINT(-84.7 30.7)
2017-10-12,12,POINT(-84.1 36.7)
2016-09-11,27,POINT(-116.4 28.5)
2016-03-26,1,POINT(-94.7 29.7)
2017-07-17,18,POINT(-92.0 36.4)
2017-10-15,12,POINT(-95.1 28.5)
2017-09-25,12,POINT(-71.0 49.2)
2017-02-15,15,POINT(-97.1 33.4)
2017-01-22,3,POINT(-92.7 44.2)
2017-02-03,55,POINT(-104.5 40.4)
2017-02-25,25,POINT(-107.4 24.1)
2017-10-24,2,POINT(-79.1 43.5)
2016-11-28,2,POINT(-73.6 27.4)
2017-10-21,5,POINT(-103.9 46.7)
2017-03-28,6,POINT(-77.6 41.7)
2017-08-17,14,POINT(-98.9 41.5)
2016-05-28,16,POINT(-93.8 29.2)
2016-06-18,4,POINT(-111.1 31.8)
2016-11-20,73,POINT(-90.8 41.9)
2016-08-15,35,POINT(-72.4 30.9)
2016-11-21,21,POINT(-117.5 33.6)
2016-01-05,7,POINT(-106.9 36.8)
2016-05-31,49,POINT(-85.3 28.9)
2016-08-08,8,POINT(-106.6 42.9)
2016-06-05,8,POINT(-101.6 28.2)
2016-09-14,9,POINT(-105.5 21.6)
2016-01-06,1,POINT(-71.6 43.6)
2016-10-16,2,POINT(-95.6 31.1)
2016-07-22,13,POINT(-113.3 45.4)
2016-10-04,43,POINT(-113.9 38.7)
2016-05-13,58,POINT(-104.5 44.9)
2017-08-11,30,POINT(-100.0 31.4)
2017-03-22,11,POINT(-105.6 36.8)
2016-12-11,8,POINT(-92.5 20.4)
2016-04-25,5,POINT(-76.4 27.7)
2017-12-13,16,POINT(-80.6 46.2)
2017-08-21,14,POINT(-91.1 33.2)
2017-08-02,13,POINT(-83.8 39.1)
2017-09-04,8,POINT(-86.9 28.4)
2017-11-04,18,POINT(-116.7 45.6)
2016-11-08,19,POINT(-88.3 37.8)
2017-02-24,42,POINT(-76.4 47.2)
2017-08-05,29,POINT(-78.5 27.3)
2016-06-21,9,POINT(-96.5 41.8)
2016-06-17,10,POINT(-103.7 20.6)
2016-04-12,6,POINT(-101.1 37.9)
2016-08-15,4,POINT(-91.7 29.0)
2016-05-12,3,POINT(-99.5 23.7)
2017-07-25,1,POINT(-102.6 38.8)
2017-10-18,11,POINT(-114.1 20.9)
2016-07-29,64,POINT(-114.7 24.7)
2016-04-18,16,POINT(-118.5 31.1)
2016-07-11,28,POINT(-70.3 33.4)
2016-12-22,11,POINT(-101.9 47.2)
2017-11-25,10,POINT(-116.4 30.1)
2017-06-04,3,POINT(-91.6 21.5)
2017-10-05,8,POINT(-86.2 48.9)
2017-03-01,53,POINT(-86.0 44.9)
2016-03-14,14,POINT(-71.5 26.8)
2016-04-05,5,POINT(-109.3 35.5)
2016-05-08,22,POINT(-75.3 24.7)
2016-12-08,11,POINT(-74.7 48.7)
2017-01-05,36,POINT(-97.1 35.5)
2017-02-04,2,POINT(-72.4 34.2)
2016-08-09,15,POINT(-109.9 44.9)
2017-10-01,33,POINT(-103.0 23.9)
2017-05-26,39,POINT(-82.0 27.9)
2017-05-19,11,POINT(-72.7 42.0)
2016-11-30,28,POINT(-116.1 38.4)
2017-01-08,68,POINT(-86.4 24.8)
2017-04-30,20,POINT(-72.8 26.3)
2016-01-07,34,POINT(-114.9 46.4)
2017-01-23,18,POINT(-110.8 44.7)
2017-03-11,32,POINT(-86.1 20.4)
2016-04-25,57,POINT(-88.4 48.5)
2016-04-12,25,POINT(-105.1 37.5)
2017-07-18,4,POINT(-73.2 34.1)
2016-01-03,2,POINT(-100.7 30.7)
2017-06-27,34,POINT(-102.9 31.3)
2016-03-20,6,POINT(-77.9 34.8)
2017-09-27,42,POINT(-91.9 26.3)
2017-01-30,5,POINT(-97.9 23.9)
2017-01-23,49,POINT(-92.8 36.8)
2016-09-16,33,POINT(-84.2 33.6)
2016-11-07,43,POINT(-115.8 40.3)
2016-12-01,6,POINT(-103.3 34.8)
2016-07-28,43,POINT(-77.0 31.8)
2017-05-25,18,POINT(-83.4 30.3)
2017-03-23,2,POINT(-116.3 37.3)
2016-02-14,54,POINT(-97.0 28.4)
2017-02-07,5,POINT(-104.6 44.5)
2016-11-04,5,POINT(-80.4 43.8)
2016-08-14,25,POINT(-112.8 39.3)
2016-12-14,18,POINT(-112.8 31.6)
2016-04-22,47,POINT(-82.9 38.1)
2016-01-30,8,POINT(-70.6 38.7)
2016-10-02,1,POINT(-100.5 40.3)
2016-12-27,106,POINT(-76.8 31.4)
2017-12-26,8,POINT(-100.1 32.5)
2016-03-27,4,POINT(-87.2 47.3)
2017-03-11,84,POINT(-95.7 23.3)
2016-01-22,17,POINT(-82.8 23.9)
2017-01-19,4,POINT(-117.1 49.7)
2016-01-21,37,POINT(-92.5 38.7)
2017-11-18,59,POINT(-70.1 33.8)
2017-05-05,43,POINT(-82.4 23.6)
2017-04-11,5,POINT(-108.5 39.3)
2017-03-31,2,POINT(-104.7 43.3)
2017-11-10,10,POINT(-85.5 35.9)
2016-08-08,9,POINT(-112.6 21.5)
2017-08-16,11,POINT(-119.6 35.3)
2017-08-13,33,POINT(-81.4 24.6)
2017-05-12,1,POINT(-90.0 33.0)
2016-06-07,23,POINT(-86.4 28.8)
2016-05-22,85,POINT(-118.9 23.9)
2016-02-14,11,POINT(-101.1 21.4)
2017-03-26,14,POINT(-93.4 38.0)
2016-08-23,20,POINT(-85.1 37.2)
2017-11-12,7,POINT(-77.8 24.8)
2016-08-12,26,POINT(-105.7 47.5)
2017-02-11,5,POINT(-74.7 46.2)
2016-10-20,2,POINT(-86.4 28.1)
2016-10-06,33,POINT(-100.1 35.1)
2017-08-25,4,POINT(-86.9 35.2)
2017-02-20,27,POINT(-86.9 25.4)
2016-05-26,42,POINT(-109.3 31.9)
2017-08-04,1,POINT(-119.7 39.1)
2017-04-15,25,POINT(-113.9 35.0)
2016-02-18,21,POINT(-72.3 31.4)
2016-01-17,20,POINT(-77.1 33.2)
2016-05-28,8,POINT(-111.4 39.3)
2017-07-08,1,POINT(-87.0 47.6)
2016-07-30,3,POINT(-74.2 47.5)
2017-12-16,7,POINT(-74.2 45.3)
2017-12-17,11,POINT(-91.8 33.5)
2016-03-03,51,POINT(-83.8 49.7)
2017-06-19,24,POINT(-100.3 24.8)
2017-06-28,1,POINT(-116.4 33.9)
2017-12-21,51,POINT(-93.6 36.2)
2017-05-01,26,POINT(-104.1 49.2)
2017-04-24,14,POINT(-99.7 34.4)
2017-11-18,13,POINT(-111.3 39.6)
2016-02-13,55,POINT(-83.2 27.0)
2017-10-26,16,POINT(-72.6 35.7)
2017-03-31,14,POINT(-85.0 39.7)
2017-05-25,30,POINT(-95.4 26.8)
2016-12-20,18,POINT(-99.0 35.7)
2017-11-30,6,POINT(-92.5 39.7)
2016-01-12,136,POINT(-87.4 28.3)
2016-12-21,7,POINT(-113.7 34.0)
2016-05-16,23,POINT(-80.5 44.4)
2017-04-18,14,POINT(-119.7 36.1)
2017-08-20,3,POINT(-77.7 26.5)
2016-02-22,64,POINT(-94.9 26.4)
2017-07-26,9,POINT(-98.3 41.2)
2016-04-22,22,POINT(-114.0 28.5)
2017-09-11,27,POINT(-90.8 20.7)
2017-04-22,11,POINT(-115.5 45.6)
2016-11-30,7,POINT(-76.7 20.6)
2017-02-20,2,POINT(-104.9 36.5)
2016-03-07,61,POINT(-111.4 26.7)
2016-11-15,18,POINT(-107.4 43.3)
2017-09-25,26,POINT(-93.3 24.2)
2016-09-10,13,POINT(-92.0 45.6)
2017-02-04,6,POINT(-103.1 37.1)
2016-10-26,108,POINT(-80.6 25.1)
2016-01-05,69,POINT(-101.1 39.5)
2017-03-21,40,POINT(-98.1 20.9)
2016-08-22,50,POINT(-113.5 38.0)
2017-03-22,18,POINT(-113.2 42.3)
2016-02-08,10,POINT(-114.9 34.4)
2016-07-18,9,POINT(-112.7 24.5)
2017-11-12,55,POINT(-75.0 25.9)
2016-01-21,64,POINT(-85.8 24.4)
2017-11-17,12,POINT(-86.4 32.1)
2016-03-14,19,POINT(-112.7 25.3)
2016-05-28,33,POINT(-94.0 29.0)
2017-09-16,25,POINT(-95.6 24.1)
2016-10-10,41,POINT(-105.6 25.3)
2016-03-26,19,POINT(-106.5 48.0)
2016-04-11,18,POINT(-81.9 20.4)
2017-06-14,10,POINT(-105.1 35.7)
2016-03-03,2,POINT(-90.4 32.9)
2017-09-19,2,POINT(-74.0 28.4)
2017-11-22,4,POINT(-94.3 43.9)
2017-07-03,2,POINT(-89.8 26.6)
2017-02-11,16,POINT(-76.2 46.8)
2017-08-26,11,POINT(-83.9 40.5)
2016-06-21,1,POINT(-119.3 39.9)
2017-12-17,1,POINT(-112.8 48.9)
2017-06-04,15,POINT(-106.5 46.0)
2017-06-04,16,POINT(-98.5 34.6)
2017-06-16,1,POINT(-106.2 37.3)
2016-01-24,23,POINT(-96.9 43.3)
2016-04-04,3,POINT(-80.8 26.2)
2017-12-04,14,POINT(-71.4 39.4)
2016-10-22,4,POINT(-88.5 28.2)
2016-06-28,1,POINT(-76.5 22.1)
2016-05-10,5,POINT(-102.8 49.5)
2017-06-16,13,POINT(-113.2 41.1)
2016-01-08,28,POINT(-78.4 41.1)
2016-07-19,7,POINT(-81.4 33.2)
2017-01-19,24,POINT(-108.2 25.9)
2017-06-09,40,POINT(-93.1 46.5)
2017-07-01,7,POINT(-70.3 38.9)
2017-02-09,15,POINT(-71.4 27.5)
2017-01-07,11,POINT(-97.4 24.9)
2016-06-12,1,POINT(-105.8 42.3)
2017-07-10,10,POINT(-105.3 25.3)
2017-10-17,10,POINT(-76.1 26.5)
2017-06-06,20,POINT(-86.6 23.0)
2016-12-19,41,POINT(-90.0 42.6)
2017-02-12,23,POINT(-106.6 38.9)
2017-05-25,9,POINT(-99.7 32.7)
2016-07-30,12,POINT(-92.1 25.3)
2017-09-16,44,POINT(-93.9 36.6)
2016-12-10,21,POINT(-117.4 39.4)
2016-01-11,10,POINT(-95.7 27.4)
2016-12-01,19,POINT(-89.5 29.6)
2016-12-05,21,POINT(-80.6 26.4)
2017-11-08,14,POINT(-113.6 30.7)
2016-09-14,41,POINT(-78.8 27.3)
2016-02-23,34,POINT(-115.4 34.6)
2017-08-27,15,POINT(-95.0 48.1)
2016-10-22,64,POINT(-115.8 28.5)
2017-07-10,62,POINT(-79.1 32.4)
2016-08-04,68,POINT(-96.8 31.2)
2017-12-01,5,POINT(-89.0 25.9)
2017-01-22,3,POINT(-95.1 49.2)
2016-04-16,20,POINT(-96.9 35.6)
2017-04-17,27,POINT(-110.9 38.1)
2016-01-08,8,POINT(-72.8 25.4)
2017-06-27,16,POINT(-83.6 44.2)
2016-06-16,21,POINT(-91.7 46.2)
2016-11-26,13,POINT(-109.7 35.3)
2016-02-06,16,POINT(-100.0 29.5)
2016-08-18,2,POINT(-102.9 27.7)
2016-07-01,103,POINT(-82.2 22.7)
2016-10-18,10,POINT(-110.4 32.6)
2017-06-05,5,POINT(-86.6 37.5)
2016-03-10,14,POINT(-74.9 34.1)
2016-08-24,8,POINT(-78.1 35.7)
2017-04-08,10,POINT(-103.0 46.7)
2016-04-27,17,POINT(-112.4 28.1)
2017-12-29,7,POINT(-101.9 37.5)
2016-07-09,22,POINT(-100.3 24.6)
2017-05-20,12,POINT(-93.1 38.9)
2017-05-18,2,POINT(-117.7 22.7)
2017-02-04,44,POINT(-94.5 24.3)
2016-11-12,13,POINT(-89.7 24.8)
2017-12-18,52,POINT(-72.9 38.8)
2016-08-09,10,POINT(-83.8 40.5)
2017-10-19,16,POINT(-118.6 20.3)
2016-07-07,42,POINT(-111.2 44.8)
2016-10-18,13,POINT(-96.2 44.0)
2016-08-10,21,POINT(-71.2 26.5)
2017-02-20,6,POINT(-89.9 22.7)
2017-02-10,6,POINT(-77.8 37.5)
2016-02-07,16,POINT(-114.8 46.1)
2017-03-28,19,POINT(-98.1 30.5)
2016-07-25,22,POINT(-118.9 49.0)
2017-02-03,30,POINT(-107.6 49.2)
2016-07-05,52,POINT(-79.4 20.4)
2016-12-25,6,POINT(-88.9 39.7)
2017-08-26,20,POINT(-105.9 30.5)
2016-01-06,12,POINT(-77.9 24.2)
2016-05-12,2,POINT(-83.2 42.2)
2017-04-17,13,POINT(-94.9 41.5)
2017-08-26,32,POINT(-117.8 21.5)
2017-05-27,2,POINT(-74.7 24.2)
2016-03-23,19,POINT(-86.5 22.3)
2017-11-21,11,POINT(-79.3 37.8)
2017-01-11,22,POINT(-73.2 28.6)
2016-11-30,35,POINT(-113.1 36.9)
2017-10-20,16,POINT(-82.4 40.5)
2016-04-11,8,POINT(-112.3 30.5)
2016-10-14,2,POINT(-94.2 30.5)
2016-01-31,7,POINT(-83.6 42.5)
2016-11-09,10,POINT(-94.0 30.6)
2016-06-02,21,POINT(-96.4 30.5)
2017-07-13,10,POINT(-105.8 38.1)
2017-07-06,11,POINT(-81.6 22.1)
2016-06-01,7,POINT(-115.5 30.3)
2017-11-24,10,POINT(-108.4 23.9)
2016-08-19,7,POINT(-117.7 46.4)
2016-04-30,27,POINT(-111.1 29.9)
2016-07-03,82,POINT(-99.6 34.0)
2017-03-31,27,POINT(-118.5 22.6)
2017-01-22,2,POINT(-108.7 34.8)
2017-09-23,21,POINT(-118.0 39.7)
2016-08-13,25,POINT(-76.2 21.3)
2017-09-15,31,POINT(-75.5 30.0)
2016-07-13,29,POINT(-85.1 36.7)
2016-01-26,15,POINT(-90.3 49.9)
2016-07-12,7,POINT(-80.2 43.0)
2016-01-19,3,POINT(-105.9 37.0)
2017-06-20,1,POINT(-82.9 26.3)
2017-07-12,1,POINT(-103.5 49.1)
2017-12-11,56,POINT(-97.9 26.0)
2016-09-20,19,POINT(-71.0 24.6)
2017-05-29,18,POINT(-77.7 32.8)
2017-04-15,10,POINT(-99.1 42.2)
2016-08-26,33,POINT(-74.7 22.7)
2016-10-15,5,POINT(-115.1 25.5)
2017-01-02,27,POINT(-74.9 38.7)
2017-02-15,10,POINT(-75.5 20.7)
2016-01-22,25,POINT(-87.7 39.8)
2016-12-19,25,POINT(-103.8 21.9)
2017-06-25,8,POINT(-78.9 31.1)
2017-07-12,55,POINT(-106.4 32.5)
2017-02-23,15,POINT(-112.9 39.3)
2016-11-10,6,POINT(-92.4 29.9)
2016-11-24,23,POINT(-113.6 22.8)
2017-04-14,28,POINT(-102.1 24.2)
2017-04-07,61,POINT(-91.0 33.3)
2017-03-15,2,POINT(-109.6 37.2)
2017-10-25,16,POINT(-99.3 48.1)
2016-09-04,14,POINT(-104.6 36.6)
2016-06-19,8,POINT(-112.3 41.0)
2016-10-05,30,POINT(-88.3 25.7)
2016-05-27,5,POINT(-90.0 49.7)
2017-09-12,8,POINT(-92.0 24.4)
2016-05-22,30,POINT(-73.4 36.9)
2016-03-11,13,POINT(-73.7 48.4)
2016-11-06,3,POINT(-91.4 34.0)
2017-09-29,45,POINT(-83.1 47.1)
2017-04-11,27,POINT(-79.8 37.6)
2017-08-16,17,POINT(-114.5 45.6)
2016-02-10,19,POINT(-77.8 41.4)
2016-12-21,20,POINT(-119.7 37.6)
2016-05-23,14,POINT(-119.9 23.5)
2017-11-13,28,POINT(-104.5 28.7)
2016-10-05,26,POINT(-80.4 23.6)
2017-04-15,1,POINT(-73.9 36.4)
2017-10-16,3,POINT(-100.0 33.1)
2017-09-30,1,POINT(-88.4 32.9)
2016-02-27,4,POINT(-96.4 28.5)
2016-06-16,2,POINT(-106.0 44.5)
2017-09-21,5,POINT(-76.6 32.8)
2016-06-14,16,POINT(-90.7 28.4)
2017-01-07,23,POINT(-85.5 27.9)
2016-03-22,51,POINT(-89.1 29.2)
2016-05-13,27,POINT(-115.8 44.9)
2016-12-29,1,POINT(-78.5 31.0)
2017-04-29,13,POINT(-118.1 27.3)
2016-02-15,23,POINT(-85.5 46.7)
2016-09-18,8,POINT(-112.9 46.9)
2017-04-13,10,POINT(-92.6 40.4)
2017-09-26,33,POINT(-113.6 44.8)
2016-08-09,1,POINT(-71.5 44.9)
2016-04-01,16,POINT(-98.4 40.9)
2016-01-19,33,POINT(-80.3 34.0)
2016-09-26,32,POINT(-80.2 48.4)
2017-07-30,3,POINT(-113.9 29.9)
2017-12-31,38,POINT(-91.7 43.7)
2017-10-30,2,POINT(-70.0 26.8)
2017-02-18,52,POINT(-100.9 39.5)
2017-10-26,5,POINT(-115.2 44.9)
2016-09-03,3,POINT(-81.8 41.7)
2017-12-11,2,POINT(-90.3 41.2)
2016-10-28,9,POINT(-84.3 34.0)
2016-01-16,9,POINT(-93.4 47.0)
2017-09-11,15,POINT(-106.5 29.4)
2017-05-17,27,POINT(-96.6 47.2)
2017-01-29,15,POINT(-90.7 21.1)
2017-11-26,78,POINT(-108.1 38.0)
2016-07-02,5,POINT(-77.3 38.7)
2017-03-16,5,POINT(-99.4 27.9)
2017-08-03,25,POINT(-84.2 42.6)
2016-09-06,8,POINT(-72.8 25.8)
2017-01-10,4,POINT(-99.2 32.4)
2017-04-02,32,POINT(-96.9 47.0)
2017-12-30,6,POINT(-110.8 31.8)
2016-03-28,28,POINT(-101.2 44.8)
2016-12-11,5,POINT(-93.5 23.0)
2017-12-29,57,POINT(-108.5 23.4)
2017-01-24,7,POINT(-118.7 25.3)
2016-06-28,28,POINT(-107.1 24.9)
2017-09-28,37,POINT(-85.9 49.4)
2017-01-10,3,POINT(-77.1 23.4)
2016-07-01,2,POINT(-113.4 24.5)
2016-11-24,19,POINT(-86.4 25.1)
2017-05-04,20,POINT(-103.0 38.0)
2016-07-18,20,POINT(-104.9 34.8)
2017-11-26,13,POINT(-98.4 41.7)
2017-04-23,55,POINT(-76.5 30.3)
2017-03-30,24,POINT(-91.0 21.2)
2017-03-15,2,POINT(-88.0 30.4)
2017-08-23,31,POINT(-114.3 43.2)
2017-05-13,7,POINT(-114.0 44.4)
2017-09-21,26,POINT(-94.9 41.4)
2016-06-04,2,POINT(-84.1 32.1)
2017-04-03,30,POINT(-110.2 38.3)
2017-11-01,16,POINT(-92.6 24.3)
2016-07-01,26,POINT(-74.2 27.6)
2017-03-11,14,POINT(-94.4 27.4)
2017-12-14,33,POINT(-96.0 22.3)
2017-07-31,59,POINT(-90.7 48.2)
2016-02-15,28,POINT(-85.4 32.9)
2016-08-31,28,POINT(-104.9 46.2)
2016-06-04,5,POINT(-103.3 26.7)
2017-01-28,9,POINT(-112.2 43.0)
2016-09-05,3,POINT(-72.6 44.1)
2017-08-29,16,POINT(-117.6 20.1)
2016-09-11,12,POINT(-97.0 21.0)
2016-12-27,7,POINT(-85.8 47.6)
2017-12-13,2,POINT(-84.5 37.1)
2017-10-07,54,POINT(-88.7 28.5)
2017-01-11,19,POINT(-103.0 25.6)
2016-06-01,8,POINT(-116.1 44.5)
2016-08-27,9,POINT(-73.4 25.8)
2017-04-04,11,POINT(-110.5 45.3)
2016-05-31,34,POINT(-74.6 38.7)
2017-03-15,5,POINT(-108.7 39.8)
2017-08-25,39,POINT(-116.5 33.1)
2016-08-27,8,POINT(-115.8 21.1)
2016-07-01,41,POINT(-102.1 36.6)
2016-11-05,46,POINT(-112.4 41.4)
2016-09-15,24,POINT(-95.9 20.1)
2017-04-04,46,POINT(-97.3 20.8)
2017-03-06,28,POINT(-78.2 47.2)
2017-05-14,4,POINT(-85.2 40.4)
2016-03-16,63,POINT(-85.1 43.7)
2016-10-23,5,POINT(-90.5 20.8)
2016-12-27,14,POINT(-117.6 32.0)
2016-07-01,10,POINT(-82.6 42.4)
2016-02-28,9,POINT(-102.1 22.7)
2017-07-05,31,POINT(-78.2 25.7)
2017-07-10,7,POINT(-107.7 35.3)
2017-02-09,16,POINT(-86.5 46.8)
2017-06-10,9,POINT(-89.8 29.9)
2016-07-05,45,POINT(-114.4 44.8)
2016-01-25,4,POINT(-113.2 20.3)
2016-10-25,4,POINT(-70.0 25.5)
2016-07-10,3,POINT(-103.2 28.7)
2017-11-21,29,POINT(-99.6 41.3)
2017-07-26,4,POINT(-77.2 37.4)
2016-05-10,16,POINT(-88.4 27.9)
2017-11-06,30,POINT(-86.0 37.4)
2017-05-18,3,POINT(-88.2 46.7)
2016-07-25,54,POINT(-103.8 34.1)
2016-08-25,7,POINT(-78.5 40.9)
2016-07-10,32,POINT(-118.3 30.4)
2016-01-28,32,POINT(-101.6 41.4)
2016-04-16,9,POINT(-72.3 46.0)
2016-08-10,16,POINT(-101.1 37.0)
2017-01-14,20,POINT(-119.2 31.6)
2017-03-04,11,POINT(-110.4 42.6)
2016-03-24,9,POINT(-72.8 48.7)
2017-05-12,39,POINT(-77.5 22.0)
2016-08-24,5,POINT(-110.2 35.5)
2016-05-28,32,POINT(-71.1 25.5)
2017-09-03,5,POINT(-112.1 28.2)
2016-02-04,25,POINT(-70.4 39.1)
2016-04-06,7,POINT(-77.8 48.8)
2016-08-20,53,POINT(-74.4 45.6)
2017-02-10,19,POINT(-113.0 27.7)
2017-06-08,16,POINT(-104.9 20.7)
2017-05-03,7,POINT(-84.9 38.0)
2017-02-07,15,POINT(-94.7 36.0)
2016-08-10,2,POINT(-105.4 33.8)
2017-02-06,4,POINT(-85.2 34.3)
2017-03-26,7,POINT(-81.0 37.8)
2017-08-08,60,POINT(-105.7 31.9)
2016-07-02,13,POINT(-115.7 25.1)
2016-10-03,11,POINT(-91.3 27.8)
2017-07-21,30,POINT(-100.2 21.9)
2017-07-22,24,POINT(-76.1 21.7)
2017-01-20,22,POINT(-117.7 46.0)
2017-05-07,19,POINT(-88.1 23.8)
2016-10-21,3,POINT(-117.6 22.1)
2016-03-01,10,POINT(-114.3 44.8)
2017-11-15,47,POINT(-101.6 48.6)
2017-09-13,65,POINT(-108.6 26.2)
2016-05-25,12,POINT(-111.9 42.7)
2017-06-09,1,POINT(-80.3 24.9)
2016-07-01,14,POINT(-108.4 40.4)
2016-11-10,6,POINT(-101.8 40.4)
2017-10-20,5,POINT(-74.6 32.9)
2017-10-13,7,POINT(-80.7 46.5)
2017-10-21,3,POINT(-93.8 23.6)
2016-02-05,1,POINT(-115.3 34.3)
2016-02-25,12,POINT(-72.7 38.1)
2016-02-10,7,POINT(-84.5 42.8)
2017-01-17,6,POINT(-118.2 24.3)
2016-06-17,6,POINT(-72.6 36.0)
2016-06-19,14,POINT(-116.4 33.6)
2017-09-09,27,POINT(-89.9 32.5)
2017-03-31,22,POINT(-100.3 30.8)
2017-08-20,75,POINT(-71.0 49.9)
2017-05-05,50,POINT(-73.8 25.1)
2016-10-20,11,POINT(-90.1 42.6)
2017-10-19,34,POINT(-84.9 31.3)
2016-09-20,5,POINT(-78.9 39.5)
2016-09-03,5,POINT(-79.0 49.6)
2016-05-27,25,POINT(-90.0 34.3)
2017-03-16,5,POINT(-107.4 44.7)
2016-12-27,13,POINT(-104.4 22.3)
2016-08-09,8,POINT(-86.7 36.6)
2017-10-19,6,POINT(-85.6 31.5)
2016-04-17,4,POINT(-101.4 41.0)
2016-08-02,19,POINT(-75.6 21.1)
2016-05-09,2,POINT(-100.0 33.4)
2017-07-29,25,POINT(-85.1 34.8)
2016-10-26,46,POINT(-109.5 45.3)
2017-03-10,9,POINT(-102.3 31.5)
2016-12-27,11,POINT(-92.7 29.6)
2016-08-11,18,POINT(-118.1 31.7)
2017-07-30,22,POINT(-117.9 33.1)
2017-05-01,16,POINT(-106.5 27.6)
2017-07-30,24,POINT(-78.6 21.4)
2017-01-08,34,POINT(-109.2 49.7)
2017-11-24,93,POINT(-75.7 43.0)
2016-04-17,10,POINT(-84.2 49.6)
2016-12-16,18,POINT(-85.6 39.9)
2017-02-26,10,POINT(-86.3 46.5)
2017-01-26,6,POINT(-71.2 33.5)
2017-09-14,121,POINT(-88.3 30.5)
2016-03-16,1,POINT(-87.5 49.8)
2016-09-06,2,POINT(-97.3 25.1)
2016-08-28,18,POINT(-76.4 26.5)
2016-08-13,25,POINT(-117.1 40.0)
2017-04-17,27,POINT(-102.8 27.7)
2017-11-06,25,POINT(-105.7 32.9)
2016-09-19,32,POINT(-100.1 48.0)
2016-01-15,28,POINT(-96.0 28.0)
2016-12-06,16,POINT(-72.2 35.3)
2017-10-26,13,POINT(-73.8 42.1)
2017-05-10,26,POINT(-89.4 22.2)
2017-03-16,27,POINT(-119.0 22.2)
2017-07-03,9,POINT(-92.2 42.4)
2016-02-06,1,POINT(-116.6 47.6)
2017-09-25,8,POINT(-102.0 37.8)
2016-06-23,16,POINT(-104.8 21.1)
2017-03-11,15,POINT(-87.6 33.6)
2016-10-19,10,POINT(-119.1 41.6)
2016-10-27,54,POINT(-80.6 39.0)
2017-10-15,13,POINT(-78.7 25.9)
2017-11-04,3,POINT(-118.4 21.6)
2016-12-04,5,POINT(-115.9 46.7)
2016-01-23,2,POINT(-74.0 26.8)
2016-12-15,7,POINT(-89.2 49.9)
2016-03-06,8,POINT(-72.0 23.5)
2017-01-29,9,POINT(-97.1 23.4)
2017-03-08,37,POINT(-110.5 40.0)
2017-07-23,30,POINT(-101.5 28.1)
2016-01-29,14,POINT(-73.6 49.2)
2016-03-23,12,POINT(-114.2 27.1)
2017-04-20,10,POINT(-75.4 38.7)
2017-03-10,1,POINT(-93.5 32.2)
2017-10-02,51,POINT(-116.5 22.7)
2016-05-12,7,POINT(-100.0 41.2)
2016-04-24,37,POINT(-107.8 43.7)
2016-02-03,28,POINT(-91.2 44.8)
2017-09-28,3,POINT(-112.4 34.7)
2016-03-18,8,POINT(-72.9 49.3)
2016-10-01,14,POINT(-109.4 44.0)
2016-12-09,7,POINT(-88.4 33.2)
2017-11-10,11,POINT(-78.4 23.0)
2016-03-21,7,POINT(-90.2 27.6)
2017-08-29,21,POINT(-87.2 43.2)
2017-12-21,9,POINT(-99.5 46.4)
2016-03-12,9,POINT(-114.9 39.9)
2016-05-24,7,POINT(-113.4 31.6)
2016-02-07,33,POINT(-84.9 30.7)
2017-04-18,21,POINT(-80.1 30.8)
2016-06-19,26,POINT(-77.9 34.7)
2016-02-09,11,POINT(-101.9 41.8)
2016-06-21,37,POINT(-71.6 24.9)
2017-02-27,11,POINT(-87.9 20.6)
2016-07-17,4,POINT(-112.3 22.3)
2016-08-09,15,POINT(-116.6 40.0)
2017-08-24,12,POINT(-92.8 45.5)
2017-11-05,2,POINT(-82.9 32.2)
2017-03-25,22,POINT(-119.1 30.1)
2017-03-03,34,POINT(-118.9 20.6)
2017-03-23,9,POINT(-91.1 21.8)
2017-10-06,29,POINT(-70.5 42.6)
2017-03-07,18,POINT(-83.1 22.7)
2016-11-17,7,POINT(-112.4 44.9)
2016-05-31,9,POINT(-115.6 43.4)
2016-02-14,59,POINT(-79.3 44.6)
2016-11-19,5,POINT(-79.5 40.6)
2017-02-15,4,POINT(-97.2 20.6)
2016-09-17,2,POINT(-118.2 33.3)
2016-08-06,42,POINT(-81.7 24.7)
2017-09-11,23,POINT(-99.4 30.1)
2016-02-16,3,POINT(-79.2 36.7)
2017-10-06,30,POINT(-112.8 42.0)
2017-11-18,20,POINT(-96.8 27.0)
2017-09-24,86,POINT(-93.7 30.0)
2016-10-29,15,POINT(-101.5 26.3)
2016-07-08,15,POINT(-70.5 49.5)
2017-11-19,6,POINT(-81.9 47.9)
2017-07-30,5,POINT(-78.5 39.6)
2016-12-01,27,POINT(-107.9 44.7)
2016-08-07,10,POINT(-100.8 41.6)
2017-10-21,26,POINT(-114.5 45.5)
2017-09-03,30,POINT(-70.1 48.1)
2016-04-28,47,POINT(-107.1 47.9)
2017-09-12,12,POINT(-115.0 37.2)
2016-03-22,3,POINT(-109.7 48.9)
2016-01-13,1,POINT(-91.4 32.2)
2017-04-22,7,POINT(-103.2 25.8)
2016-10-25,54,POINT(-111.8 26.9)
2016-04-01,28,POINT(-96.6 33.8)
2017-11-26,17,POINT(-86.5 27.6)
2017-11-20,6,POINT(-86.8 23.8)
2017-12-22,25,POINT(-119.3 31.9)
2016-10-02,28,POINT(-82.2 37.4)
2016-10-30,6,POINT(-107.9 49.0)
2016-09-29,25,POINT(-73.9 38.6)
2017-02-15,3,POINT(-113.1 43.2)
2016-02-05,3,POINT(-100.0 40.5)
2017-02-25,2,POINT(-104.4 31.5)
2017-04-22,34,POINT(-95.4 25.7)
2017-05-16,7,POINT(-104.3 28.5)
2016-12-03,19,POINT(-81.4 46.3)
2017-08-04,4,POINT(-100.9 24.7)
2017-09-19,12,POINT(-102.5 22.9)
2017-02-13,1,POINT(-71.4 45.6)
2017-04-07,40,POINT(-99.8 36.4)
2017-05-27,16,POINT(-113.5 40.5)
2016-03-21,45,POINT(-106.6 44.8)
2017-04-23,13,POINT(-83.8 30.2)
2017-01-20,8,POINT(-106.9 42.5)
2017-02-23,11,POINT(-86.0 38.9)
2017-03-15,6,POINT(-74.3 20.7)
2016-02-04,44,POINT(-101.3 41.6)
2017-05-15,8,POINT(-110.4 30.3)
2017-12-07,7,POINT(-84.2 26.2)
2016-07-02,20,POINT(-98.1 48.8)
2017-07-11,3,POINT(-117.7 43.1)
2016-05-27,5,POINT(-91.1 20.7)
2016-09-20,12,POINT(-91.0 42.8)
2017-08-27,5,POINT(-85.9 45.5)
2017-05-03,6,POINT(-83.2 30.7)
2017-09-17,25,POINT(-87.7 29.8)
2016-10-08,7,POINT(-103.1 32.7)
2017-09-06,21,POINT(-78.2 34.0)
2016-07-20,14,POINT(-73.2 31.4)
2017-07-27,30,POINT(-104.9 35.2)
2017-08-28,28,POINT(-105.9 49.2)
2017-02-20,5,POINT(-94.3 21.0)
2016-11-12,58,POINT(-70.7 49.5)
2016-08-15,33,POINT(-111.8 45.5)
2016-03-08,16,POINT(-95.3 43.9)
2017-04-24,17,POINT(-110.3 33.5)
2017-11-07,36,POINT(-99.5 22.3)
2016-04-10,14,POINT(-101.1 38.6)
2016-08-30,14,POINT(-91.5 46.8)
2016-03-30,20,POINT(-118.3 32.8)
2017-08-22,2,POINT(-79.6 22.1)
2016-05-06,18,POINT(-84.5 20.2)
2017-09-10,6,POINT(-70.0 23.6)
2017-02-02,3,POINT(-107.2 38.2)
2016-10-28,34,POINT(-76.6 49.7)
2017-05-08,10,POINT(-89.5 41.4)
2017-11-27,14,POINT(-108.5 24.7)
2017-02-24,7,POINT(-105.2 45.9)
2017-09-04,1,POINT(-119.0 39.8)
2016-05-21,12,POINT(-102.8 29.0)
2016-09-09,28,POINT(-75.0 35.1)
2016-03-13,29,POINT(-116.2 32.1)
2016-08-01,52,POINT(-73.6 46.1)
2017-01-13,37,POINT(-101.0 48.6)
2016-10-25,81,POINT(-83.0 23.7)
2017-01-13,17,POINT(-87.1 24.4)
2017-05-06,2,POINT(-86.4 22.5)
2017-11-14,40,POINT(-92.6 31.4)
2016-10-30,61,POINT(-96.8 49.1)
2017-05-12,13,POINT(-73.6 49.6)
2016-08-24,3,POINT(-86.0 37.9)
2016-08-17,1,POINT(-89.3 33.9)
2016-01-07,20,POINT(-99.1 29.1)
2017-12-07,23,POINT(-108.7 20.0)
2016-09-12,1,POINT(-119.9 27.9)
2016-06-19,60,POINT(-71.0 24.4)
2017-07-05,16,POINT(-82.2 20.1)
2016-10-14,19,POINT(-70.3 46.9)
2016-08-21,17,POINT(-81.5 22.5)
2017-11-25,8,POINT(-117.7 41.3)
2017-05-07,47,POINT(-97.8 47.7)
2016-07-29,1,POINT(-114.2 23.8)
2017-01-01,28,POINT(-79.9 27.2)
2016-08-16,9,POINT(-110.7 27.1)
2016-12-10,5,POINT(-87.1 22.6)
2016-03-17,12,POINT(-87.1 47.3)
2017-04-04,5,POINT(-88.1 45.5)
2016-09-21,41,POINT(-76.1 31.4)
2017-05-18,32,POINT(-83.7 43.1)
2017-10-10,39,POINT(-103.6 35.3)
2017-07-29,37,POINT(-104.3 40.4)
2016-09-01,35,POINT(-118.9 40.7)
2017-03-04,18,POINT(-74.6 43.3)
2016-03-31,47,POINT(-114.8 47.0)
2017-03-20,2,POINT(-96.0 43.7)
2016-08-20,7,POINT(-94.6 41.2)
2017-03-29,5,POINT(-97.6 38.7)
2016-12-14,3,POINT(-91.3 26.3)
2016-04-03,1,POINT(-83.5 28.5)
2017-02-25,11,POINT(-110.2 22.3)
2017-12-15,26,POINT(-116.3 27.7)
2017-05-04,21,POINT(-77.1 36.3)
2017-11-16,22,POINT(-95.3 48.6)
2016-05-03,44,POINT(-113.6 23.8)
2017-08-04,64,POINT(-86.4 33.3)
2017-09-06,23,POINT(-108.8 42.5)
2016-08-20,2,POINT(-115.9 43.8)
2016-03-04,23,POINT(-105.9 25.7)
2017-08-29,17,POINT(-105.2 25.3)
2016-06-11,2,POINT(-76.6 38.3)
2016-10-30,6,POINT(-104.6 47.4)
2016-11-14,6,POINT(-81.0 44.1)
2017-11-15,30,POINT(-91.1 31.5)
2016-01-06,9,POINT(-115.3 39.8)
2016-10-27,14,POINT(-112.2 27.6)
2016-04-10,31,POINT(-116.0 34.2)
2017-02-19,56,POINT(-99.9 36.1)
2016-12-25,16,POINT(-71.5 39.1)
2016-05-10,17,POINT(-111.0 32.0)
2017-01-20,3,POINT(-102.9 21.0)
2016-01-20,14,POINT(-79.0 47.8)
2017-12-23,24,POINT(-76.2 48.7)
2016-10-21,5,POINT(-83.2 40.6)
2017-01-30,3,POINT(-96.6 28.0)
2017-03-20,40,POINT(-87.6 37.8)
2016-10-18,3,POINT(-97.5 28.3)
2017-05-04,49,POINT(-77.6 41.0)
2016-12-13,7,POINT(-99.5 30.8)
2016-09-21,9,POINT(-79.1 36.7)
2016-02-13,15,POINT(-90.7 21.8)
2016-03-15,5,POINT(-93.9 49.9)
2016-02-22,24,POINT(-87.2 39.9)
2016-10-12,15,POINT(-105.4 48.2)
2016-03-06,59,POINT(-100.4 42.3)
2016-02-07,49,POINT(-79.7 36.9)
2017-02-20,30,POINT(-100.8 42.1)
2017-12-11,5,POINT(-87.3 34.1)
2017-04-13,5,POINT(-86.8 48.8)
2016-02-24,7,POINT(-76.5 43.2)
2016-04-25,36,POINT(-97.8 23.6)
2017-08-19,21,POINT(-74.9 48.5)
2016-10-05,4,POINT(-70.3 37.3)
2017-03-29,13,POINT(-111.5 33.5)
2016-05-21,74,POINT(-84.2 43.8)
2017-08-30,27,POINT(-85.1 26.9)
2016-02-18,55,POINT(-97.2 48.7)
2017-01-03,34,POINT(-104.8 25.0)
2017-01-04,26,POINT(-118.6 28.9)
2016-10-27,36,POINT(-88.2 46.7)
2017-12-17,24,POINT(-104.2 38.2)
2016-12-17,17,POINT(-92.4 45.6)
2016-07-13,27,POINT(-113.9 26.0)
2016-10-31,6,POINT(-117.8 44.1)
2016-09-06,14,POINT(-79.9 25.4)
2016-09-14,61,POINT(-113.9 42.3)
2017-03-25,34,POINT(-113.1 24.6)
2016-02-28,53,POINT(-91.5 30.3)
2016-08-08,69,POINT(-83.4 34.3)
2017-07-25,18,POINT(-119.6 47.6)
2017-06-17,5,POINT(-97.9 42.0)
2016-12-27,28,POINT(-88.4 28.5)
2016-02-22,1,POINT(-83.1 33.4)
2017-07-14,2,POINT(-72.6 30.5)
2017-06-12,7,POINT(-119.2 48.2)
2017-05-12,1,POINT(-75.1 25.2)
2017-09-30,23,POINT(-71.7 47.5)
2016-06-03,34,POINT(-76.7 44.8)
2017-05-04,29,POINT(-72.6 23.9)
2016-03-18,4,POINT(-114.1 28.2)
2016-06-22,33,POINT(-70.4 41.3)
2017-09-09,36,POINT(-81.7 41.2)
2016-11-15,3,POINT(-116.5 27.0)
2016-02-01,14,POINT(-86.1 39.0)
2016-10-18,24,POINT(-84.8 40.6)
2017-06-05,11,POINT(-88.5 22.2)
2016-11-10,45,POINT(-76.3 31.4)
2017-09-05,16,POINT(-82.6 47.2)
2017-09-21,3,POINT(-111.9 47.0)
2017-10-30,16,POINT(-107.5 39.9)
2016-09-23,18,POINT(-96.8 39.6)
2017-02-25,62,POINT(-100.3 45.7)
2016-09-01,11,POINT(-86.9 30.3)
2017-08-13,45,POINT(-113.2 21.5)
2017-11-02,8,POINT(-102.3 45.4)
2016-03-31,13,POINT(-107.9 29.4)
2017-03-11,23,POINT(-105.3 40.2)
2017-10-02,44,POINT(-84.5 34.6)
2017-05-03,30,POINT(-116.0 24.3)
2016-01-14,4,POINT(-75.6 32.6)
2016-10-12,5,POINT(-87.9 27.9)
2017-11-01,2,POINT(-99.4 20.2)
2017-10-02,20,POINT(-95.7 35.7)
2017-11-16,12,POINT(-85.1 36.9)
2017-02-01,42,POINT(-83.5 29.2)
2017-11-16,91,POINT(-79.8 28.8)
2017-03-02,43,POINT(-106.8 33.4)
2016-12-26,1,POINT(-77.1 38.5)
2016-02-12,58,POINT(-78.5 49.1)
2016-10-20,3,POINT(-77.2 34.3)
2016-12-10,12,POINT(-116.0 48.0)
2017-09-12,8,POINT(-112.8 49.2)
2016-08-29,4,POINT(-88.8 38.2)
2016-02-24,4,POINT(-72.4 36.8)
2017-07-20,9,POINT(-114.5 21.8)
2017-12-28,1,POINT(-83.1 26.7)
2017-03-17,2,POINT(-113.2 49.9)
2016-04-16,26,POINT(-72.5 42.4)
2016-11-08,20,POINT(-80.0 40.0)
2016-07-02,3,POINT(-105.6 37.0)
2016-05-09,12,POINT(-117.6 40.5)
2017-05-13,19,POINT(-98.2 40.4)
2017-09-27,3,POINT(-93.7 26.6)
2017-02-21,72,POINT(-93.6 43.5)
2016-02-18,38,POINT(-77.4 34.0)
2016-11-15,6,POINT(-71.0 41.0)
2016-09-09,15,POINT(-98.4 30.4)
2017-01-26,15,POINT(-111.8 37.3)
2016-03-09,9,POINT(-101.2 42.1)
2017-03-17,29,POINT(-84.4 38.4)
2017-04-21,22,POINT(-90.8 39.0)
2017-01-11,40,POINT(-115.7 25.6)
2017-07-17,1,POINT(-109.5 35.2)
2017-06-28,19,POINT(-85.3 28.2)
2017-06-15,99,POINT(-85.1 31.1)
2016-07-05,32,POINT(-89.5 44.1)
2017-11-30,9,POINT(-105.3 21.4)
2017-12-03,4,POINT(-111.8 27.7)
2016-04-21,12,POINT(-108.6 43.7)
2016-07-02,12,POINT(-79.6 45.4)
2016-10-19,18,POINT(-95.6 26.4)
2016-12-26,2,POINT(-102.4 25.0)
2017-05-16,10,POINT(-113.2 44.0)
2016-11-02,39,POINT(-100.4 41.5)
2017-10-10,21,POINT(-99.1 36.9)
2016-03-26,12,POINT(-75.7 33.7)
2016-10-22,8,POINT(-73.0 46.3)
2017-03-27,7,POINT(-78.0 28.4)
2016-06-19,28,POINT(-100.6 39.4)
2016-12-21,12,POINT(-92.0 47.9)
2017-04-04,6,POINT(-77.9 25.2)
2016-10-05,34,POINT(-117.5 25.8)
2016-09-08,7,POINT(-93.4 23.6)
2016-01-08,2,POINT(-100.1 28.0)
2017-08-08,16,POINT(-100.9 37.1)
2016-11-15,7,POINT(-102.5 29.9)
2016-05-30,1,POINT(-88.0 36.8)
2017-08-27,14,POINT(-99.1 34.5)
2017-01-10,45,POINT(-103.9 35.9)
2016-12-30,21,POINT(-91.7 48.6)
2017-08-30,1,POINT(-101.3 26.2)
2017-03-15,10,POINT(-118.3 40.1)
2016-05-21,6,POINT(-99.1 34.2)
2017-08-14,23,POINT(-110.2 40.4)
2016-01-20,13,POINT(-115.0 37.9)
2016-01-12,4,POINT(-76.4 42.7)
2017-09-27,13,POINT(-85.4 36.0)
2016-05-01,54,POINT(-101.0 41.1)
2017-02-28,11,POINT(-70.7 42.1)
2016-08-16,41,POINT(-101.6 25.3)
2017-08-19,13,POINT(-107.8 47.7)
2016-01-29,29,POINT(-96.3 41.7)
2016-05-14,31,POINT(-72.7 22.9)
2017-07-05,29,POINT(-86.8 45.8)
2016-04-10,21,POINT(-83.5 25.7)
2017-01-10,61,POINT(-111.7 37.6)
2017-10-07,53,POINT(-118.0 29.4)
2016-11-06,8,POINT(-93.1 37.3)
2017-03-15,24,POINT(-103.5 46.6)
2017-11-23,22,POINT(-117.9 46.7)
2017-04-01,5,POINT(-75.2 43.6)
2016-07-18,7,POINT(-118.7 44.4)
2017-12-21,8,POINT(-119.4 35.2)
2017-08-22,9,POINT(-105.0 46.1)
2016-05-04,39,POINT(-95.1 34.0)
2017-04-15,29,POINT(-97.5 26.3)
2016-01-22,33,POINT(-102.0 46.9)
2016-02-19,49,POINT(-76.8 33.8)
2017-12-26,15,POINT(-105.1 38.0)
2017-07-13,37,POINT(-87.4 38.8)
2016-03-06,24,POINT(-100.1 22.5)
2016-05-09,13,POINT(-100.6 30.6)
2016-10-28,5,POINT(-73.4 30.8)
2016-11-22,12,POINT(-85.1 41.5)
2017-01-18,5,POINT(-93.1 40.3)
2017-06-21,7,POINT(-111.3 49.7)
2017-12-03,7,POINT(-113.1 41.9)
2016-02-18,29,POINT(-110.3 26.7)
2016-11-14,15,POINT(-88.7 30.4)
2016-01-21,32,POINT(-117.2 25.0)
2017-03-08,42,POINT(-96.8 45.9)
2017-08-13,19,POINT(-97.0 45.4)
2017-08-14,11,POINT(-74.1 47.4)
2016-01-09,39,POINT(-101.5 39.8)
2016-05-28,17,POINT(-75.2 28.1)
2017-03-12,39,POINT(-89.2 46.9)
2017-05-13,7,POINT(-100.5 28.2)
2016-02-24,17,POINT(-93.7 31.5)
2016-10-23,5,POINT(-115.3 20.7)
2017-06-01,24,POINT(-75.5 37.3)
2017-12-04,18,POINT(-88.4 33.1)
2016-08-16,17,POINT(-98.2 39.4)
2016-09-03,21,POINT(-81.2 49.0)
2016-10-08,10,POINT(-99.8 21.7)
2016-09-13,5,POINT(-97.0 22.7)
2016-04-02,33,POINT(-98.9 36.9)
2016-08-01,10,POINT(-70.2 49.9)
2017-07-06,91,POINT(-81.5 28.6)
2017-10-29,14,POINT(-73.6 36.1)
2016-05-12,14,POINT(-101.0 26.1)
2017-05-11,23,POINT(-95.5 35.9)
2016-03-26,22,POINT(-109.9 25.5)
2017-08-18,4,POINT(-119.5 25.3)
2017-01-30,7,POINT(-110.3 30.2)
2017-06-30,6,POINT(-73.6 48.2)
2016-09-05,2,POINT(-97.2 39.8)
2017-09-28,1,POINT(-113.5 31.2)
2017-07-17,21,POINT(-97.4 39.2)
2016-10-15,14,POINT(-80.4 26.0)
2017-02-12,45,POINT(-95.0 39.1)
2016-11-04,8,POINT(-73.2 47.6)
2016-03-01,31,POINT(-75.1 48.1)
2017-05-18,3,POINT(-96.3 37.6)
2017-06-10,34,POINT(-115.9 46.4)
2016-11-06,51,POINT(-84.8 31.6)
2017-11-23,20,POINT(-102.2 46.6)
2016-07-18,27,POINT(-80.7 30.0)
2016-12-18,89,POINT(-104.6 41.1)
2016-03-15,10,POINT(-103.5 47.6)
2016-09-27,1,POINT(-92.9 37.0)
2016-01-21,23,POINT(-118.8 28.2)
2016-02-05,1,POINT(-111.5 40.9)
2016-07-16,17,POINT(-77.4 23.4)
2016-06-01,19,POINT(-72.2 30.4)
2016-02-13,18,POINT(-110.4 46.9)
2017-10-02,4,POINT(-81.4 42.1)
2017-07-07,2,POINT(-114.4 21.6)
2017-06-28,48,POINT(-96.4 37.2)
2017-05-24,16,POINT(-94.6 27.4)
2017-02-19,8,POINT(-91.8 20.4)
2017-02-12,30,POINT(-101.9 28.0)
2016-10-22,51,POINT(-77.2 43.2)
2017-09-18,11,POINT(-104.8 32.1)
2016-07-21,3,POINT(-95.7 28.0)
2017-07-29,24,POINT(-110.3 50.0)
2017-01-02,48,POINT(-91.4 37.3)
2017-03-01,79,POINT(-110.1 26.7)
2016-07-28,34,POINT(-107.9 26.1)
2017-08-20,7,POINT(-98.1 23.1)
2017-04-04,9,POINT(-106.1 38.4)
2016-12-27,3,POINT(-118.0 46.4)
2017-04-20,25,POINT(-80.2 45.8)
2016-10-30,4,POINT(-79.0 48.2)
2016-07-03,12,POINT(-75.0 20.7)
2016-09-21,16,POINT(-71.0 36.8)
2017-02-17,10,POINT(-114.3 47.5)
2017-02-05,4,POINT(-106.3 47.0)
2016-06-21,7,POINT(-88.5 28.1)
2017-12-28,21,POINT(-76.2 35.1)
2016-03-23,26,POINT(-111.9 22.9)
2017-08-12,20,POINT(-95.8 28.2)
2016-11-17,68,POINT(-71.1 49.8)
2016-12-11,20,POINT(-103.4 37.6)
2016-03-12,6,POINT(-95.4 50.0)
2017-03-26,14,POINT(-85.3 20.5)
2017-10-14,37,POINT(-98.9 49.1)
2016-07-26,8,POINT(-84.1 30.6)
2016-12-07,27,POINT(-112.6 22.5)
2016-02-02,31,POINT(-108.5 22.7)
2017-01-16,55,POINT(-100.7 30.3)
2017-01-20,11,POINT(-70.8 34.2)
2016-04-18,7,POINT(-102.6 22.6)
2016-06-10,15,POINT(-74.2 45.5)
2016-01-16,102,POINT(-76.3 34.6)
2016-01-14,47,POINT(-82.2 30.9)
2016-09-02,7,POINT(-101.5 35.6)
2016-02-15,5,POINT(-103.5 34.6)
2017-09-16,13,POINT(-88.0 23.1)
2017-07-08,4,POINT(-108.4 21.5)
2017-02-05,29,POINT(-102.0 40.4)
2016-02-17,1,POINT(-79.2 34.6)
2017-12-04,6,POINT(-109.5 20.7)
2017-02-13,1,POINT(-78.6 40.0)
2017-12-14,6,POINT(-92.4 41.2)
2017-03-29,2,POINT(-94.4 49.1)
2016-05-21,23,POINT(-89.3 38.9)
2017-03-25,17,POINT(-88.4 28.3)
2016-07-07,5,POINT(-92.1 27.2)
2017-12-31,5,POINT(-84.9 33.7)
2017-04-01,7,POINT(-102.1 22.8)
2016-04-25,33,POINT(-79.5 34.9)
2017-05-28,4,POINT(-108.9 29.8)
2016-01-13,3,POINT(-84.3 44.9)
2016-10-03,15,POINT(-100.7 40.8)
2016-09-08,41,POINT(-85.3 27.7)
2016-08-15,6,POINT(-118.4 34.4)
2016-05-25,3,POINT(-100.5 41.5)
2016-08-04,14,POINT(-71.8 25.2)
2016-10-20,27,POINT(-91.4 49.1)
2016-10-07,20,POINT(-95.0 22.8)
2016-06-14,11,POINT(-107.6 48.6)
2016-05-22,1,POINT(-95.4 20.5)
2017-05-12,8,POINT(-78.8 34.5)
2017-04-28,51,POINT(-103.1 28.6)
2017-02-16,6,POINT(-91.8 49.0)
2016-04-06,20,POINT(-86.3 45.7)
2017-12-04,48,POINT(-100.0 47.1)
2016-10-14,14,POINT(-105.8 34.8)
2017-07-08,12,POINT(-112.2 23.2)
2016-09-25,4,POINT(-114.9 27.4)
2016-07-27,79,POINT(-107.9 35.9)
2017-06-20,4,POINT(-119.0 31.7)
2016-10-31,14,POINT(-82.0 29.8)
2016-03-28,4,POINT(-114.4 29.1)
2016-04-29,9,POINT(-75.1 27.0)
2016-08-12,44,POINT(-94.5 36.1)
2016-05-15,21,POINT(-97.2 40.6)
2017-12-23,1,POINT(-116.8 40.7)
2017-01-16,69,POINT(-113.3 21.3)
2016-01-11,31,POINT(-77.2 20.8)
2017-03-14,121,POINT(-86.4 22.6)
2016-01-10,29,POINT(-115.3 20.5)
2016-11-10,29,POINT(-85.9 33.2)
2016-03-05,25,POINT(-113.5 21.6)
2017-08-14,12,POINT(-83.4 33.1)
2017-04-12,8,POINT(-72.8 30.1)
2017-08-26,15,POINT(-82.1 21.8)
2017-10-06,4,POINT(-78.8 22.5)
2017-09-15,26,POINT(-89.0 43.2)
2016-07-13,119,POINT(-119.8 41.7)
2017-02-17,19,POINT(-80.7 28.6)
2017-08-21,39,POINT(-99.8 23.9)
2017-11-04,4,POINT(-76.3 30.7)
2016-01-01,35,POINT(-91.4 34.5)
2017-01-02,48,POINT(-110.4 35.5)
2017-09-22,37,POINT(-117.3 20.7)
2017-01-10,20,POINT(-92.2 38.0)
2016-07-09,53,POINT(-91.7 38.9)
2016-10-16,66,POINT(-77.0 39.3)
2017-09-19,34,POINT(-118.1 38.8)
2016-07-17,16,POINT(-78.9 48.7)
2016-08-22,37,POINT(-99.7 41.3)
2016-08-17,10,POINT(-93.6 29.5)
2016-08-13,9,POINT(-93.3 44.4)
2017-03-05,9,POINT(-100.9 33.0)
2016-07-14,5,POINT(-110.7 21.8)
2017-04-11,20,POINT(-116.1 39.5)
2017-03-16,22,POINT(-109.7 31.5)
2016-06-05,40,POINT(-84.3 47.9)
2017-04-26,24,POINT(-85.9 30.3)
2016-12-19,31,POINT(-86.2 21.4)
2017-11-15,24,POINT(-74.6 48.4)
2017-06-16,24,POINT(-97.2 45.0)
2017-05-22,9,POINT(-82.0 49.4)
2017-02-08,68,POINT(-86.6 25.4)
2017-11-30,21,POINT(-73.1 20.6)
2016-10-15,18,POINT(-86.5 48.5)
2017-11-09,38,POINT(-111.0 42.3)
2017-12-02,11,POINT(-82.8 45.7)
2016-03-30,3,POINT(-102.1 20.1)
2017-01-16,6,POINT(-107.3 39.7)
2016-10-27,34,POINT(-106.1 41.3)
2017-03-17,27,POINT(-78.7 30.3)
2017-05-16,3,POINT(-97.4 34.2)
2017-08-07,2,POINT(-96.5 24.0)
2017-08-16,20,POINT(-119.5 22.4)
2017-01-19,56,POINT(-106.5 44.3)
2017-06-06,4,POINT(-75.8 44.7)
2017-05-16,16,POINT(-95.1 26.9)
2016-09-05,34,POINT(-99.2 44.5)
2017-11-02,16,POINT(-116.3 30.9)
2017-09-10,9,POINT(-105.3 28.7)
2016-03-31,32,POINT(-113.4 43.8)
2017-12-16,30,POINT(-111.8 41.2)
2017-01-28,36,POINT(-103.1 39.1)
2016-12-23,59,POINT(-116.6 43.9)
2016-05-28,4,POINT(-81.1 45.9)
2017-04-19,9,POINT(-88.9 48.5)
2017-11-08,86,POINT(-80.0 38.7)
2017-09-19,19,POINT(-102.6 22.7)
2017-03-17,23,POINT(-108.9 30.6)
2016-01-08,44,POINT(-90.5 23.9)
2016-08-16,24,POINT(-118.9 23.6)
2016-03-10,23,POINT(-115.5 49.7)
2017-12-03,3,POINT(-82.9 25.5)
2017-11-04,15,POINT(-75.6 42.1)
2017-11-19,23,POINT(-109.7 43.5)
2016-02-09,33,POINT(-80.5 34.7)
2016-01-29,11,POINT(-100.8 20.1)
2017-06-04,3,POINT(-99.2 41.8)
2016-10-03,10,POINT(-75.8 48.6)
2016-10-14,12,POINT(-88.9 43.1)
2017-08-06,28,POINT(-79.4 35.9)
2016-07-01,1,POINT(-81.2 37.6)
2017-06-05,10,POINT(-91.3 24.8)
2017-11-19,12,POINT(-82.6 46.5)
2017-08-21,16,POINT(-84.6 37.9)
2016-03-24,71,POINT(-96.0 27.4)
2017-01-31,27,POINT(-112.4 23.0)
2016-03-26,6,POINT(-106.7 28.0)
2016-10-23,21,POINT(-101.2 43.0)
2017-12-19,9,POINT(-90.7 48.7)
2016-10-13,34,POINT(-105.1 27.0)
2016-04-18,4,POINT(-109.7 29.3)
2017-06-27,4,POINT(-118.2 44.2)
2016-01-13,3,POINT(-109.4 41.9)
2017-01-11,16,POINT(-93.0 23.7)
2017-02-12,3,POINT(-113.0 47.3)
2017-12-25,1,POINT(-118.5 27.0)
2017-09-21,9,POINT(-116.3 43.0)
2017-09-09,33,POINT(-72.4 39.5)
2016-01-15,4,POINT(-118.2 34.0)
2017-12-25,9,POINT(-96.4 22.6)
2016-07-06,12,POINT(-85.6 46.8)
2016-08-21,42,POINT(-108.8 35.9)
2017-04-02,13,POINT(-71.8 23.4)
2017-12-25,15,POINT(-118.9 34.3)
2016-05-24,6,POINT(-76.0 23.1)
2017-05-31,23,POINT(-100.4 31.2)
2016-05-20,1,POINT(-100.8 23.5)
2017-06-16,67,POINT(-96.4 27.9)
2017-09-20,14,POINT(-71.4 44.3)
2016-04-24,2,POINT(-88.6 27.0)
2016-02-13,17,POINT(-76.1 39.1)
2016-07-22,15,POINT(-118.6 26.9)
2017-04-17,6,POINT(-75.2 38.5)
2016-11-04,5,POINT(-109.3 42.3)
2016-11-17,7,POINT(-104.3 23.1)
2017-02-08,3,POINT(-116.3 45.4)
2016-12-26,16,POINT(-74.2 47.4)
2016-05-05,43,POINT(-93.7 31.2)
2016-04-29,52,POINT(-115.5 46.3)
2016-08-01,62,POINT(-100.1 23.5)
2016-11-06,19,POINT(-100.9 32.8)
2017-10-03,20,POINT(-117.5 24.8)
2017-08-28,8,POINT(-102.6 48.8)
2016-03-05,44,POINT(-105.4 43.2)
2016-12-31,14,POINT(-74.0 38.6)
2016-07-23,7,POINT(-79.7 22.1)
2016-07-05,68,POINT(-112.0 25.0)
2017-12-24,25,POINT(-73.4 30.5)
2017-12-03,13,POINT(-82.8 26.8)
2016-09-17,2,POINT(-95.5 29.3)
2016-03-30,4,POINT(-98.4 49.1)
2017-01-27,5,POINT(-73.7 44.0)
2016-05-29,47,POINT(-104.7 22.1)
2017-02-15,72,POINT(-101.5 21.7)
2017-03-19,7,POINT(-85.4 21.4)
2016-05-19,14,POINT(-82.0 41.6)
2016-10-19,32,POINT(-103.6 35.4)
2017-04-10,10,POINT(-73.9 24.4)
2017-09-22,14,POINT(-107.2 48.2)
2016-09-03,44,POINT(-102.6 26.0)
2016-04-07,5,POINT(-110.2 41.7)
2016-06-18,102,POINT(-93.1 50.0)
2016-11-05,13,POINT(-70.0 49.7)
2017-03-01,6,POINT(-84.1 38.6)
2016-03-07,45,POINT(-96.4 24.6)
2016-02-25,2,POINT(-70.9 49.8)
2017-07-11,21,POINT(-117.5 41.8)
2017-05-31,2,POINT(-105.7 44.8)
2017-07-21,59,POINT(-78.1 49.4)
2016-05-30,21,POINT(-93.8 26.1)
2016-11-13,11,POINT(-119.8 29.7)
2016-05-20,12,POINT(-97.2 27.4)
2016-11-10,4,POINT(-118.9 49.7)
2016-01-06,9,POINT(-91.3 39.6)
2016-07-07,47,POINT(-88.4 29.3)
2016-11-12,33,POINT(-109.9 31.1)
2017-12-31,22,POINT(-70.7 33.6)
2017-11-15,69,POINT(-78.3 33.2)
2017-08-27,18,POINT(-96.8 25.2)
2017-06-07,4,POINT(-104.5 45.7)
2016-06-11,26,POINT(-119.4 43.2)
2017-01-02,18,POINT(-85.3 47.4)
2017-05-31,12,POINT(-106.9 35.8)
2016-03-06,4,POINT(-100.3 40.2)
2017-12-15,23,POINT(-98.6 42.6)
2016-11-19,12,POINT(-77.3 37.8)
2016-07-11,18,POINT(-77.4 41.1)
2016-12-30,8,POINT(-81.2 36.0)
2017-01-04,4,POINT(-81.7 32.0)
2016-12-01,9,POINT(-95.3 49.5)
2017-07-31,39,POINT(-80.4 34.3)
2017-11-11,4,POINT(-77.1 45.1)
2017-10-28,13,POINT(-95.1 37.9)
2017-08-10,8,POINT(-75.0 28.2)
2016-05-12,66,POINT(-70.5 23.4)
2016-05-20,2,POINT(-111.2 47.5)
2016-12-01,6,POINT(-71.0 30.1)
2017-05-13,12,POINT(-107.7 28.9)
2017-10-10,6,POINT(-73.3 42.4)
2016-06-24,25,POINT(-77.4 39.4)
2016-02-05,10,POINT(-74.2 39.8)
2016-05-22,31,POINT(-96.9 24.0)
2017-10-10,17,POINT(-112.4 27.4)
2017-06-11,12,POINT(-108.9 34.9)
2017-05-18,10,POINT(-104.8 46.1)
2016-01-06,6,POINT(-107.5 32.8)
2017-08-06,6,POINT(-71.6 24.3)
2017-11-03,4,POINT(-112.2 32.0)
2016-08-11,39,POINT(-85.7 28.7)
2016-12-21,16,POINT(-94.4 49.8)
2016-02-05,14,POINT(-118.3 31.3)
2017-06-29,8,POINT(-109.4 38.5)
2017-06-08,15,POINT(-73.3 37.2)
2017-12-14,43,POINT(-79.2 25.1)
2016-02-26,39,POINT(-90.7 23.9)
2016-01-07,19,POINT(-116.2 20.5)
2017-03-18,16,POINT(-113.1 24.1)
2016-11-10,6,POINT(-83.5 41.8)
2016-04-20,24,POINT(-82.1 39.0)
2016-04-25,39,POINT(-72.1 28.5)
2016-11-02,8,POINT(-109.7 26.5)
2017-10-28,12,POINT(-87.5 20.9)
2017-12-18,3,POINT(-98.5 28.5)
2016-11-05,40,POINT(-114.3 30.1)
2016-04-03,3,POINT(-103.2 46.0)
2016-07-10,25,POINT(-101.6 20.4)
2016-10-05,5,POINT(-97.3 27.9)
2017-07-13,27,POINT(-105.3 48.6)
2016-02-24,21,POINT(-92.4 45.6)
2016-01-17,24,POINT(-89.7 46.5)
2016-11-30,21,POINT(-99.4 20.1)
2016-03-02,11,POINT(-101.3 30.9)
2017-09-28,20,POINT(-87.2 34.4)
2017-07-26,6,POINT(-117.3 23.2)
2017-07-09,7,POINT(-76.7 22.4)
2016-11-22,2,POINT(-71.3 30.7)
2016-05-07,19,POINT(-117.2 47.6)
2017-05-14,37,POINT(-84.5 32.0)
2016-09-15,10,POINT(-107.4 42.7)
2017-12-13,5,POINT(-98.5 37.9)
2017-09-15,35,POINT(-106.5 46.6)
2017-02-13,21,POINT(-109.3 30.0)
2016-05-22,45,POINT(-98.0 24.0)
2017-01-31,1,POINT(-101.4 24.1)
2017-12-19,11,POINT(-98.7 25.6)
2016-12-24,47,POINT(-79.6 44.3)
2017-10-13,23,POINT(-71.1 37.1)
2016-11-14,13,POINT(-112.8 36.4)
2017-10-09,11,POINT(-82.8 23.7)
2017-12-12,46,POINT(-92.5 25.3)
2016-10-04,36,POINT(-101.3 26.2)
2017-10-13,1,POINT(-87.0 42.6)
2017-10-23,3,POINT(-75.9 40.9)
2016-03-31,15,POINT(-87.9 37.5)
2017-11-28,3,POINT(-84.8 23.1)
2016-03-22,7,POINT(-112.6 24.6)
2016-01-19,37,POINT(-84.4 27.7)
2017-01-13,10,POINT(-70.7 44.9)
2017-10-06,12,POINT(-72.0 41.7)
2017-01-03,4,POINT(-99.5 47.4)
2017-11-11,19,POINT(-75.9 21.0)
2017-04-02,3,POINT(-90.4 44.6)
2016-01-19,20,POINT(-114.1 20.7)
2016-09-09,28,POINT(-71.1 40.0)
2016-12-29,42,POINT(-89.3 39.5)
2016-07-11,18,POINT(-114.7 28.0)
2016-10-04,9,POINT(-91.4 42.5)
2017-10-18,39,POINT(-83.9 32.7)
2016-02-04,19,POINT(-108.1 39.0)
2017-11-09,9,POINT(-85.9 38.9)
2016-08-31,8,POINT(-71.7 46.4)
2017-08-07,8,POINT(-108.4 40.2)
2017-10-06,2,POINT(-95.5 40.1)
2016-03-13,3,POINT(-104.3 37.9)
2017-09-18,2,POINT(-100.6 23.0)
2016-09-23,8,POINT(-78.1 29.0)
2016-11-29,13,POINT(-78.8 33.8)
2017-09-13,4,POINT(-119.6 27.5)
2016-06-16,36,POINT(-113.9 25.0)
2017-12-28,2,POINT(-102.5 35.4)
2016-12-05,59,POINT(-104.8 45.1)
2016-04-06,2,POINT(-115.3 39.0)
2017-08-14,46,POINT(-85.6 40.8)
2017-12-29,7,POINT(-87.9 24.2)
2017-11-28,87,POINT(-107.6 43.9)
2016-03-04,15,POINT(-101.9 23.3)
2017-08-01,1,POINT(-95.6 28.5)
2016-04-05,7,POINT(-117.7 46.3)
2017-06-29,57,POINT(-112.3 47.7)
2017-01-03,8,POINT(-87.7 22.6)
2016-12-10,9,POINT(-95.7 24.9)
2017-03-17,1,POINT(-90.0 30.8)
2017-03-26,6,POINT(-71.3 41.5)
2016-08-21,7,POINT(-82.2 24.5)
2017-11-05,26,POINT(-71.6 24.6)
2016-06-05,15,POINT(-90.5 36.4)
2016-01-28,4,POINT(-119.9 37.7)
2017-04-16,32,POINT(-115.3 22.6)
2017-08-03,19,POINT(-85.2 32.2)
2017-04-02,7,POINT(-104.7 42.0)
2016-12-03,6,POINT(-99.3 30.2)
2017-02-25,52,POINT(-86.2 27.3)
2017-01-09,21,POINT(-103.3 23.4)
2017-10-10,33,POINT(-76.3 33.9)
2017-09-15,6,POINT(-100.6 48.2)
2016-10-25,18,POINT(-117.8 38.4)
2016-01-25,2,POINT(-70.8 22.0)
2017-08-28,19,POINT(-95.5 27.8)
2016-03-06,5,POINT(-102.5 42.2)
2017-06-12,23,POINT(-75.0 42.7)
2017-09-12,54,POINT(-77.0 31.3)
2017-01-25,13,POINT(-118.1 22.0)
2016-10-04,8,POINT(-79.6 36.1)
2016-01-10,3,POINT(-95.5 42.0)
2016-12-11,23,POINT(-86.3 30.0)
2016-05-20,18,POINT(-112.7 43.7)
2016-01-28,16,POINT(-86.6 29.9)
2016-04-09,55,POINT(-108.5 25.1)
2016-07-05,77,POINT(-114.1 44.0)
2017-01-27,26,POINT(-113.3 24.0)
2017-12-20,5,POINT(-105.0 27.3)
2016-11-06,59,POINT(-70.4 45.6)
2016-09-17,9,POINT(-117.3 35.7)
2016-03-09,2,POINT(-103.5 24.6)
2016-02-07,6,POINT(-93.7 38.5)
2016-03-06,36,POINT(-109.7 37.6)
2017-04-19,5,POINT(-71.9 36.5)
2017-05-08,11,POINT(-97.0 30.2)
2017-04-11,7,POINT(-85.4 32.2)
2016-03-04,1,POINT(-102.0 42.8)
2017-10-26,17,POINT(-110.3 47.8)
2016-06-28,20,POINT(-104.8 37.3)
2017-11-08,32,POINT(-106.0 48.0)
2016-04-08,11,POINT(-77.6 25.3)
2017-06-20,4,POINT(-119.3 28.7)
2016-10-30,22,POINT(-75.3 45.1)
2016-03-13,45,POINT(-100.4 48.9)
2017-06-30,3,POINT(-89.2 46.7)
2016-05-22,5,POINT(-79.7 34.7)
2016-08-01,8,POINT(-97.0 44.3)
2017-12-17,22,POINT(-115.4 26.0)
2016-10-31,15,POINT(-92.9 29.5)
2017-02-17,25,POINT(-113.9 50.0)
2017-12-29,1,POINT(-78.8 25.4)
2016-12-10,34,POINT(-87.6 27.3)
2017-08-20,88,POINT(-90.4 41.7)
2017-05-08,1,POINT(-120.0 40.1)
2017-11-11,14,POINT(-72.0 41.5)
2016-05-04,27,POINT(-113.5 48.5)
2017-02-11,13,POINT(-110.8 23.6)
2016-08-23,18,POINT(-70.7 37.3)
2017-10-18,51,POINT(-115.5 27.7)
2017-09-08,16,POINT(-82.9 31.8)
2016-12-09,6,POINT(-115.3 29.7)
2017-10-07,27,POINT(-83.4 47.9)
2017-06-04,10,POINT(-75.5 48.4)
2017-06-10,7,POINT(-102.5 34.9)
2016-03-04,6,POINT(-104.4 41.9)
2017-11-20,2,POINT(-73.4 26.3)
2017-05-16,55,POINT(-116.3 30.1)
2017-09-27,17,POINT(-102.6 39.7)
2016-01-11,63,POINT(-87.4 40.2)
2017-08-29,40,POINT(-85.6 47.3)
2017-09-23,1,POINT(-97.3 42.6)
2017-03-05,6,POINT(-77.3 45.3)
2016-10-27,8,POINT(-77.6 44.7)
2016-09-02,14,POINT(-79.1 28.1)
2017-08-11,26,POINT(-111.5 44.4)
2016-04-03,23,POINT(-87.7 26.2)
2016-11-10,88,POINT(-77.5 20.4)
2016-06-01,52,POINT(-115.3 38.5)
2016-08-27,5,POINT(-107.8 30.9)
2016-05-19,40,POINT(-71.1 40.1)
2017-08-19,38,POINT(-96.9 26.7)
2016-08-03,18,POINT(-93.5 27.5)
2017-01-04,9,POINT(-102.5 47.0)
2016-10-19,5,POINT(-100.4 39.9)
2016-08-28,5,POINT(-75.3 22.7)
2017-06-18,9,POINT(-109.5 30.5)
2016-11-16,15,POINT(-106.0 39.5)
2016-02-14,18,POINT(-95.0 41.5)
2017-08-08,8,POINT(-104.5 34.9)
2017-09-05,9,POINT(-75.4 27.6)
2016-10-10,1,POINT(-88.4 40.1)
2017-08-06,1,POINT(-94.8 22.5)
2017-07-06,48,POINT(-89.8 43.8)
2016-07-30,1,POINT(-119.0 42.7)
2017-11-02,1,POINT(-82.9 28.6)
2016-03-27,5,POINT(-103.2 21.8)
2016-01-07,28,POINT(-89.6 22.7)
2017-04-03,23,POINT(-78.4 32.8)
2016-07-01,21,POINT(-102.7 25.5)
2016-11-23,18,POINT(-118.2 33.1)
2016-10-25,5,POINT(-120.0 21.7)
2017-02-01,11,POINT(-77.0 33.3)
2016-01-14,14,POINT(-92.7 47.1)
2016-04-09,18,POINT(-87.5 40.3)
2016-06-17,5,POINT(-90.2 21.9)
2016-08-19,27,POINT(-111.5 22.5)
2016-04-20,8,POINT(-118.1 35.2)
2016-12-12,22,POINT(-107.8 27.9)
2016-12-05,15,POINT(-70.5 33.2)
2017-09-05,18,POINT(-99.1 43.0)
2017-12-29,11,POINT(-73.7 31.8)
2016-08-27,12,POINT(-107.0 29.0)
2016-08-27,41,POINT(-84.2 46.9)
2016-09-26,13,POINT(-118.7 41.4)
2017-06-23,32,POINT(-119.3 39.0)
2016-10-12,11,POINT(-96.7 22.2)
2016-11-30,25,POINT(-87.5 35.0)
2017-07-19,6,POINT(-71.9 46.8)
2017-03-18,50,POINT(-118.5 44.7)
2017-12-25,69,POINT(-70.6 21.9)
2017-05-17,47,POINT(-96.4 42.5)
2017-01-04,9,POINT(-81.7 46.2)
2016-04-29,7,POINT(-87.7 27.3)
2016-03-15,5,POINT(-107.6 35.6)
2017-02-26,42,POINT(-103.4 46.6)
2016-03-10,3,POINT(-90.4 46.4)
2016-09-27,21,POINT(-115.2 32.4)
2016-05-11,9,POINT(-81.3 35.2)
2016-04-07,5,POINT(-80.0 23.2)
2016-04-11,5,POINT(-79.0 36.0)
2017-03-03,41,POINT(-77.6 45.8)
2016-06-15,40,POINT(-85.5 25.2)
2016-04-14,7,POINT(-82.8 33.7)
2017-08-20,1,POINT(-90.6 39.3)
2017-07-02,41,POINT(-108.7 21.5)
2017-03-17,2,POINT(-115.8 21.1)
2017-11-02,2,POINT(-111.1 45.5)
2017-09-26,35,POINT(-110.3 49.0)
2017-10-05,34,POINT(-82.1 42.8)
2016-09-22,5,POINT(-72.6 48.9)
2017-02-23,1,POINT(-79.3 24.6)
2016-09-17,2,POINT(-70.4 46.1)
2017-03-09,13,POINT(-117.8 47.2)
2017-02-19,11,POINT(-118.4 28.7)
2016-12-20,5,POINT(-85.8 39.4)
2017-04-05,48,POINT(-118.7 29.2)
2017-12-01,17,POINT(-75.5 23.3)
2017-01-19,33,POINT(-96.4 44.4)
2017-06-26,3,POINT(-73.8 47.2)
2016-10-01,73,POINT(-107.5 23.3)
2016-11-05,34,POINT(-87.9 39.4)
2016-05-11,7,POINT(-85.0 49.1)
2017-11-18,1,POINT(-105.6 28.2)
2016-02-18,4,POINT(-101.6 42.5)
2017-03-19,11,POINT(-92.4 32.4)
2016-06-20,1,POINT(-100.8 21.9)
2016-11-25,1,POINT(-95.4 41.0)
2016-01-06,3,POINT(-97.2 27.4)
2017-08-10,34,POINT(-86.7 37.9)
2016-07-22,16,POINT(-115.9 22.1)
2017-01-03,5,POINT(-72.2 23.6)
2017-12-22,7,POINT(-114.9 20.2)
2017-07-01,21,POINT(-103.1 26.5)
2016-10-07,8,POINT(-119.6 23.9)
2017-11-19,23,POINT(-79.2 28.8)
2016-02-24,31,POINT(-114.4 26.1)
2016-06-17,8,POINT(-106.1 27.9)
2016-11-08,10,POINT(-97.4 23.9)
2017-04-22,2,POINT(-77.8 25.3)
2017-03-03,35,POINT(-81.6 28.5)
2017-05-26,19,POINT(-112.5 33.1)
2017-02-16,44,POINT(-97.7 27.9)
2016-02-17,5,POINT(-103.4 25.6)
2017-09-07,65,POINT(-72.6 39.1)
2016-01-03,25,POINT(-77.2 30.9)
2017-08-19,5,POINT(-112.5 38.1)
2017-11-15,13,POINT(-98.5 32.0)
2016-11-24,25,POINT(-97.8 32.4)
2016-08-20,1,POINT(-72.0 31.3)
2017-11-06,31,POINT(-80.2 45.6)
2016-02-29,60,POINT(-79.5 31.5)
2017-08-12,2,POINT(-101.6 38.0)
2017-06-13,46,POINT(-85.2 34.0)
2016-04-06,13,POINT(-104.0 37.8)
2016-03-06,15,POINT(-78.8 25.9)
2016-01-31,37,POINT(-72.0 23.6)
2016-05-27,18,POINT(-89.5 37.7)
2017-10-21,9,POINT(-93.6 49.5)
2016-02-16,27,POINT(-76.4 27.7)
2016-08-31,3,POINT(-74.7 20.0)
2016-09-13,22,POINT(-115.5 47.4)
2017-04-22,30,POINT(-85.1 23.9)
2017-08-17,9,POINT(-88.6 46.0)
2016-12-21,71,POINT(-109.5 35.4)
2017-10-15,21,POINT(-113.8 25.4)
2017-10-02,3,POINT(-105.7 25.9)
2017-03-28,68,POINT(-111.6 35.8)
2017-06-05,28,POINT(-107.9 43.8)
2016-06-25,24,POINT(-74.1 44.3)
2016-07-28,6,POINT(-74.2 27.1)
2016-02-11,13,POINT(-107.3 41.3)
2016-05-03,47,POINT(-109.9 34.4)
2016-07-05,8,POINT(-97.3 38.6)
2016-01-25,12,POINT(-86.8 23.9)
2016-06-12,6,POINT(-113.1 33.0)
2016-02-04,5,POINT(-79.1 23.7)
2016-09-09,1,POINT(-116.3 35.1)
2017-04-19,27,POINT(-114.3 21.8)
2017-04-14,2,POINT(-88.2 24.0)
2017-06-05,16,POINT(-109.8 29.8)
2016-09-20,2,POINT(-108.5 35.3)
2016-04-14,83,POINT(-76.2 23.4)
2016-08-07,25,POINT(-101.8 46.4)
2017-02-10,20,POINT(-73.9 28.4)
2017-10-07,5,POINT(-114.6 37.5)
2016-07-24,16,POINT(-73.4 24.3)
2017-09-27,15,POINT(-74.3 42.2)
2016-08-03,9,POINT(-93.0 36.2)
2016-03-04,4,POINT(-82.1 48.0)
2016-02-07,10,POINT(-98.1 40.6)
2017-10-26,19,POINT(-81.7 49.4)
2016-08-09,14,POINT(-107.8 44.4)
2016-12-07,17,POINT(-74.8 35.9)
2017-04-17,17,POINT(-80.6 26.8)
2017-06-19,6,POINT(-83.4 30.2)
2016-12-22,3,POINT(-79.8 31.3)
2017-05-20,15,POINT(-102.8 47.4)
2017-08-01,45,POINT(-110.5 27.7)
2016-08-22,108,POINT(-102.3 41.7)
2017-08-24,31,POINT(-118.1 37.6)
2016-04-03,5,POINT(-106.5 25.2)
2016-07-07,20,POINT(-89.6 28.0)
2017-10-10,6,POINT(-77.7 28.5)
2017-11-15,18,POINT(-73.5 25.4)
2016-01-16,14,POINT(-83.9 43.5)
2017-01-09,10,POINT(-75.4 29.4)
2016-12-29,21,POINT(-105.4 36.0)
2017-02-01,39,POINT(-86.1 42.1)
2017-02-13,9,POINT(-71.2 49.1)
2016-06-22,14,POINT(-89.5 47.3)
2017-09-04,13,POINT(-98.6 26.4)
2016-07-04,6,POINT(-106.9 46.8)
2016-01-30,11,POINT(-104.3 45.4)
2017-04-14,1,POINT(-109.9 20.9)
2017-01-14,15,POINT(-84.9 46.5)
2016-11-07,26,POINT(-83.8 36.0)
2016-03-18,10,POINT(-81.0 25.7)
2017-06-18,28,POINT(-96.6 49.9)
2017-06-12,28,POINT(-113.1 29.4)
2016-05-01,83,POINT(-98.9 25.6)
2016-08-15,16,POINT(-82.6 25.2)
2017-02-11,11,POINT(-77.2 35.8)
2016-06-23,21,POINT(-115.9 25.2)
2017-07-06,20,POINT(-107.8 35.6)
2016-01-15,88,POINT(-71.9 42.1)
2016-08-01,25,POINT(-98.4 48.5)
2017-08-25,8,POINT(-116.5 31.0)
2016-02-21,5,POINT(-109.8 49.3)
2016-11-11,32,POINT(-78.6 49.7)
2016-02-26,4,POINT(-82.0 37.6)
2016-10-15,20,POINT(-109.1 29.1)
2016-05-28,3,POINT(-114.9 45.6)
2017-02-11,26,POINT(-116.0 21.6)
2017-06-15,31,POINT(-95.0 33.2)
2017-01-03,94,POINT(-85.2 39.0)
2016-11-19,62,POINT(-103.8 49.4)
2017-09-04,26,POINT(-115.7 40.9)
2016-12-22,7,POINT(-95.4 26.9)
2017-11-30,1,POINT(-109.1 45.6)
2017-03-05,17,POINT(-111.0 39.7)
2016-02-02,30,POINT(-81.3 45.9)
2017-06-26,1,POINT(-89.8 40.9)
2017-11-04,15,POINT(-104.2 30.4)
2016-10-12,43,POINT(-97.0 23.5)
2017-05-31,21,POINT(-108.8 40.8)
2017-11-11,24,POINT(-91.9 26.1)
2017-11-15,13,POINT(-82.2 22.0)
2017-12-27,58,POINT(-98.6 28.8)
2016-04-26,10,POINT(-100.8 29.5)
2016-09-25,10,POINT(-107.4 49.8)
2017-12-18,15,POINT(-103.8 36.9)
2017-12-21,18,POINT(-102.0 49.7)
2016-06-11,16,POINT(-104.4 43.2)
2016-05-19,35,POINT(-115.5 34.8)
2017-11-11,36,POINT(-112.6 28.5)
2016-05-23,3,POINT(-70.2 26.7)
2016-08-09,19,POINT(-101.8 27.0)
2017-08-10,83,POINT(-79.7 45.8)
2017-09-21,19,POINT(-84.1 31.9)
2017-09-01,24,POINT(-91.8 33.5)
2017-03-10,40,POINT(-97.5 38.5)
2017-06-28,41,POINT(-86.7 21.7)
2017-03-29,1,POINT(-90.8 34.2)
2016-03-07,6,POINT(-83.3 20.5)
2016-01-06,40,POINT(-70.3 42.3)
2016-08-28,22,POINT(-104.3 20.7)
2016-02-24,20,POINT(-103.3 41.2)
2017-01-17,40,POINT(-85.5 26.0)
2017-03-09,33,POINT(-77.8 44.4)
2017-04-14,28,POINT(-110.5 29.5)
2016-03-11,1,POINT(-77.3 47.1)
2017-08-28,31,POINT(-75.2 42.2)
2017-03-25,5,POINT(-100.3 26.3)
2017-04-24,1,POINT(-106.7 46.5)
2016-05-22,14,POINT(-100.0 20.6)
2016-01-22,58,POINT(-110.7 38.6)
2017-07-14,44,POINT(-117.0 45.2)
2017-02-25,81,POINT(-80.1 23.9)
2017-10-09,6,POINT(-91.5 21.4)
2017-01-26,24,POINT(-95.3 46.7)
2017-09-03,2,POINT(-109.3 28.9)
2017-04-12,33,POINT(-92.4 40.0)
2016-10-19,15,POINT(-99.9 45.1)
2017-12-12,112,POINT(-94.7 23.3)
2016-04-30,6,POINT(-115.5 31.3)
2017-03-13,31,POINT(-73.9 41.8)
2016-04-10,4,POINT(-81.8 22.3)
2016-07-05,7,POINT(-82.9 42.5)
2016-06-07,8,POINT(-90.9 46.4)
2017-06-01,18,POINT(-108.6 43.8)
2017-11-12,10,POINT(-114.8 27.2)
2016-06-28,12,POINT(-101.9 45.2)
2017-03-06,15,POINT(-99.4 40.7)
2016-07-30,2,POINT(-81.9 42.4)
2017-11-06,22,POINT(-112.6 42.4)
2017-10-01,21,POINT(-79.2 33.5)
2017-12-30,67,POINT(-97.9 47.0)
2017-10-14,3,POINT(-80.0 23.7)
2017-03-08,1,POINT(-95.3 48.8)
2017-10-05,3,POINT(-117.4 20.2)
2016-04-10,11,POINT(-89.6 43.0)
2016-11-15,5,POINT(-98.6 25.6)
2016-04-07,5,POINT(-97.0 21.9)
2016-10-05,41,POINT(-80.9 35.0)
2017-11-28,8,POINT(-108.9 35.4)
2016-05-22,11,POINT(-118.7 40.1)
2016-12-10,24,POINT(-105.7 37.8)
2016-12-21,9,POINT(-112.2 20.9)
2017-08-13,17,POINT(-102.8 26.1)
2016-12-20,15,POINT(-109.6 41.5)
2017-03-05,7,POINT(-115.1 48.3)
2016-02-08,26,POINT(-78.6 43.0)
2016-10-29,36,POINT(-109.5 49.6)
2017-07-02,31,POINT(-101.8 23.7)
2017-02-28,11,POINT(-119.9 48.8)
2016-12-13,55,POINT(-81.4 31.2)
2017-03-04,46,POINT(-96.8 36.8)
2016-10-12,7,POINT(-76.8 49.3)
2017-03-30,3,POINT(-117.4 33.4)
2016-11-19,45,POINT(-111.8 29.4)
2017-06-02,28,POINT(-107.1 43.7)
2016-12-18,8,POINT(-75.6 41.1)
2016-10-29,8,POINT(-102.3 20.7)
2016-07-28,8,POINT(-110.7 34.6)
2017-08-13,40,POINT(-79.9 47.7)
2017-03-19,6,POINT(-104.9 36.4)
2016-05-12,22,POINT(-102.5 38.4)
2016-06-24,36,POINT(-87.3 34.6)
2016-03-27,10,POINT(-100.8 37.6)
2017-04-02,2,POINT(-119.2 28.9)
2016-08-04,29,POINT(-70.5 26.1)
2017-02-09,1,POINT(-108.1 31.8)
2017-02-10,36,POINT(-107.8 27.0)
2017-08-26,9,POINT(-113.3 47.3)
2017-03-04,33,POINT(-112.1 24.5)
2017-12-19,16,POINT(-94.9 27.2)
2016-08-19,9,POINT(-73.0 43.7)
2017-12-11,46,POINT(-85.1 23.1)
2017-03-05,30,POINT(-87.1 43.9)
2016-02-07,2,POINT(-101.9 37.3)
2017-02-27,54,POINT(-79.3 33.8)
2017-02-02,13,POINT(-96.3 46.1)
2017-08-11,4,POINT(-97.1 32.0)
2017-08-01,30,POINT(-70.3 28.2)
2016-07-03,15,POINT(-89.6 36.3)
2017-01-11,23,POINT(-76.6 36.7)
2016-10-01,24,POINT(-93.8 23.7)
2017-08-24,5,POINT(-111.9 43.6)
2016-10-12,71,POINT(-70.6 31.2)
2016-12-13,3,POINT(-87.2 23.8)
2017-12-19,19,POINT(-112.6 23.0)
2017-06-13,4,POINT(-83.0 37.0)
2016-01-07,42,POINT(-98.0 31.2)
2016-07-06,4,POINT(-78.9 29.5)
2017-08-22,12,POINT(-106.1 33.8)
2016-04-25,2,POINT(-72.9 43.8)
2017-05-13,12,POINT(-105.1 25.1)
2016-03-03,1,POINT(-70.1 23.6)
2017-03-16,12,POINT(-85.0 46.1)
2016-12-09,24,POINT(-71.4 44.3)
2017-08-09,5,POINT(-83.8 24.9)
2017-01-13,17,POINT(-82.3 36.8)
2016-10-21,13,POINT(-113.9 36.3)
2017-11-13,9,POINT(-119.2 43.2)
2016-08-19,23,POINT(-115.7 29.9)
2017-03-15,107,POINT(-98.1 21.9)
2017-01-28,56,POINT(-99.9 25.6)
2016-10-02,71,POINT(-110.8 26.4)
2017-12-04,1,POINT(-117.8 34.0)
2016-06-15,6,POINT(-85.4 35.1)
2016-04-08,52,POINT(-110.1 26.2)
2017-02-15,1,POINT(-71.1 29.6)
2016-08-15,10,POINT(-114.8 43.5)
2017-02-17,22,POINT(-101.8 21.3)
2016-11-09,82,POINT(-96.1 42.3)
2016-11-21,7,POINT(-109.1 49.3)
2016-03-02,29,POINT(-94.8 42.8)
2016-05-08,22,POINT(-113.8 48.0)
2017-03-27,20,POINT(-119.9 27.9)
2017-02-12,28,POINT(-85.1 35.5)
2017-02-26,6,POINT(-78.3 32.4)
2017-10-12,9,POINT(-91.3 28.2)
2016-08-17,17,POINT(-108.6 21.2)
2017-07-24,12,POINT(-100.3 42.8)
2017-11-07,26,POINT(-88.7 41.7)
2017-05-26,33,POINT(-118.4 37.0)
2017-12-16,16,POINT(-115.3 49.2)
2017-09-01,11,POINT(-72.1 46.0)
2016-12-03,49,POINT(-86.1 36.9)
2016-09-02,28,POINT(-85.2 47.6)
2017-10-10,23,POINT(-114.9 36.8)
2017-07-11,2,POINT(-108.4 45.1)
2016-07-22,16,POINT(-100.4 35.0)
2016-07-11,3,POINT(-109.7 44.2)
2016-12-24,22,POINT(-79.5 33.4)
2017-07-07,8,POINT(-89.7 37.1)
2017-11-04,27,POINT(-110.2 25.9)
2016-09-10,31,POINT(-81.5 38.5)
2016-10-10,8,POINT(-93.0 43.9)
2016-08-05,75,POINT(-109.6 45.1)
2017-09-03,15,POINT(-77.9 43.1)
2017-07-26,5,POINT(-109.5 20.3)
2017-07-05,30,POINT(-85.5 48.0)
2016-06-30,29,POINT(-100.0 21.8)
2017-07-24,11,POINT(-82.5 41.3)
2016-08-10,22,POINT(-98.8 44.7)
2016-07-26,1,POINT(-105.7 43.0)
2017-02-26,7,POINT(-71.9 43.2)
2016-06-18,43,POINT(-82.1 26.7)
2016-05-18,6,POINT(-78.6 22.6)
2016-07-21,48,POINT(-104.4 34.2)
2016-09-10,18,POINT(-102.6 39.0)
2016-06-14,47,POINT(-111.4 44.7)
2017-07-22,3,POINT(-97.7 30.6)
2017-09-26,13,POINT(-70.2 44.7)
2017-01-30,8,POINT(-90.5 35.0)
2017-03-01,44,POINT(-83.8 43.6)
2017-03-22,9,POINT(-83.1 26.8)
2017-05-20,18,POINT(-109.9 43.0)
2016-05-16,36,POINT(-117.2 26.4)
2017-02-09,6,POINT(-113.9 22.4)
2017-07-22,1,POINT(-84.0 43.6)
2017-08-01,14,POINT(-97.2 43.4)
2016-08-18,24,POINT(-74.8 23.3)
2016-08-31,26,POINT(-101.7 32.8)
2016-10-12,11,POINT(-114.9 20.9)
2017-09-24,2,POINT(-71.6 41.7)
2016-02-23,11,POINT(-100.0 43.4)
2017-01-26,3,POINT(-77.6 40.1)
2017-07-31,2,POINT(-117.7 35.8)
2016-09-26,8,POINT(-102.0 24.1)
2017-01-23,31,POINT(-90.3 49.6)
2016-01-13,30,POINT(-93.8 27.7)
2016-12-08,19,POINT(-83.6 45.2)
2017-09-27,36,POINT(-75.8 22.3)
2017-08-11,14,POINT(-82.1 25.7)
2016-12-04,6,POINT(-104.5 40.6)
2016-01-24,17,POINT(-71.5 21.3)
2016-02-04,52,POINT(-74.0 20.2)
2017-08-08,1,POINT(-88.5 38.5)
2017-04-30,67,POINT(-94.5 40.2)
2017-02-25,28,POINT(-94.2 41.3)
2016-10-16,24,POINT(-83.2 45.9)
2016-10-16,20,POINT(-95.8 29.5)
2016-01-19,6,POINT(-70.7 22.6)
2017-09-19,44,POINT(-84.5 31.9)
2016-10-18,72,POINT(-108.1 27.6)
2017-01-12,52,POINT(-87.1 48.7)
2016-06-02,3,POINT(-95.8 26.0)
2017-12-15,27,POINT(-112.0 41.0)
2017-10-04,17,POINT(-94.1 47.7)
2016-05-07,32,POINT(-77.1 40.1)
2017-03-08,9,POINT(-118.8 22.0)
2016-09-26,63,POINT(-77.4 47.8)
2017-05-29,8,POINT(-85.7 24.4)
2016-09-14,27,POINT(-83.7 26.0)
2016-12-07,15,POINT(-75.4 41.9)
2017-05-16,20,POINT(-72.8 34.8)
2017-02-20,3,POINT(-105.2 43.3)
2016-04-09,19,POINT(-74.0 24.9)
2017-01-28,17,POINT(-109.2 45.7)
2016-02-22,26,POINT(-112.8 29.1)
2017-03-03,7,POINT(-92.3 35.6)
2017-11-08,36,POINT(-73.6 23.4)
2016-05-28,59,POINT(-117.3 30.5)
2017-11-05,43,POINT(-93.6 30.8)
2017-03-26,10,POINT(-86.1 49.0)
2017-08-17,29,POINT(-82.7 44.9)
2017-06-17,10,POINT(-94.8 21.7)
2017-06-15,40,POINT(-91.3 28.6)
2017-12-23,10,POINT(-97.3 26.2)
2016-12-31,5,POINT(-83.8 29.6)
2016-11-19,14,POINT(-101.0 20.4)
2017-06-03,3,POINT(-106.0 43.5)
2017-10-27,18,POINT(-106.9 24.2)
2017-07-16,18,POINT(-87.3 26.1)
2016-09-02,14,POINT(-73.8 39.7)
2017-03-24,19,POINT(-106.3 38.9)
2016-06-02,75,POINT(-107.5 44.8)
2016-09-02,10,POINT(-84.2 24.1)
2016-02-12,11,POINT(-119.5 26.6)
2017-01-27,7,POINT(-78.3 46.3)
2016-06-11,5,POINT(-101.0 40.0)
2017-04-10,7,POINT(-74.9 22.4)
2017-05-26,5,POINT(-84.6 22.8)
2016-05-26,12,POINT(-80.4 36.0)
2016-06-04,6,POINT(-111.4 42.5)
2017-05-29,15,POINT(-101.8 39.3)
2016-05-25,7,POINT(-106.0 40.3)
2017-05-26,12,POINT(-84.2 37.2)
2016-09-25,3,POINT(-118.9 46.4)
2017-02-14,4,POINT(-89.0 46.9)
2016-08-31,20,POINT(-76.6 38.2)
2016-10-22,17,POINT(-117.8 41.9)
2016-11-09,4,POINT(-105.5 33.9)
2017-07-22,7,POINT(-109.6 28.1)
2016-10-06,6,POINT(-70.1 39.1)
2017-04-21,32,POINT(-70.7 44.5)
2016-04-28,10,POINT(-113.8 27.9)
2017-06-17,11,POINT(-110.3 38.8)
2017-07-16,22,POINT(-118.9 38.7)
2017-04-18,8,POINT(-91.7 47.6)
2016-07-30,10,POINT(-85.7 42.8)
2017-12-28,32,POINT(-87.3 44.3)
2017-08-10,32,POINT(-107.0 37.1)
2017-04-10,19,POINT(-109.8 41.8)
2017-12-16,17,POINT(-117.2 27.3)
2016-06-14,4,POINT(-88.4 37.4)
2017-04-24,13,POINT(-107.7 39.9)
2017-01-17,7,POINT(-115.6 45.0)
2016-03-01,27,POINT(-102.3 25.0)
2016-10-05,20,POINT(-112.6 29.8)
2017-08-10,10,POINT(-94.7 43.7)
2016-07-27,16,POINT(-112.5 33.0)
2016-02-06,11,POINT(-70.6 34.5)
2017-08-27,4,POINT(-103.2 38.6)
2016-05-13,31,POINT(-96.3 41.8)
2017-02-15,46,POINT(-90.2 28.6)
2017-10-09,54,POINT(-77.5 45.9)
2016-05-27,32,POINT(-72.6 30.9)
2017-01-31,35,POINT(-101.7 27.8)
2016-09-08,2,POINT(-98.8 41.0)
2017-05-17,31,POINT(-112.5 30.8)
2017-05-21,8,POINT(-110.5 35.2)
2017-08-13,3,POINT(-83.9 29.9)
2016-08-31,15,POINT(-98.2 45.6)
2017-01-01,17,POINT(-77.9 35.0)
2017-03-25,14,POINT(-93.5 22.0)
2016-04-29,22,POINT(-105.9 21.7)
2016-11-04,26,POINT(-86.0 30.9)
2017-09-25,3,POINT(-96.4 32.2)
2016-07-30,20,POINT(-75.5 21.1)
2016-10-10,2,POINT(-101.4 45.6)
2016-09-10,12,POINT(-107.3 35.2)
2017-06-13,3,POINT(-98.0 36.4)
2016-09-19,12,POINT(-77.5 39.6)
2016-10-03,4,POINT(-78.8 26.5)
2016-02-10,27,POINT(-75.3 35.7)
2017-02-26,46,POINT(-77.5 26.7)
2017-05-23,4,POINT(-103.5 32.5)
2016-12-29,27,POINT(-90.4 38.8)
2017-06-26,4,POINT(-80.3 27.1)
2017-04-05,12,POINT(-78.0 46.5)
2017-03-28,20,POINT(-99.9 28.8)
2016-11-10,16,POINT(-94.3 29.1)
2017-09-21,2,POINT(-105.5 47.6)
2016-12-25,10,POINT(-85.1 31.7)
2016-08-21,13,POINT(-86.4 24.1)
2016-02-12,10,POINT(-90.5 32.8)
2016-08-15,22,POINT(-88.6 30.2)
2017-10-07,44,POINT(-75.1 34.9)
2016-11-28,23,POINT(-79.0 38.4)
2017-10-30,18,POINT(-113.8 29.9)
2017-05-06,4,POINT(-87.9 41.3)
2016-07-24,9,POINT(-111.9 29.1)
2016-03-29,16,POINT(-112.6 45.2)
2016-04-08,55,POINT(-97.5 48.9)
2016-02-06,8,POINT(-95.7 20.4)
2017-01-08,9,POINT(-114.8 23.5)
2017-01-25,18,POINT(-94.4 35.3)
2017-03-09,46,POINT(-111.2 38.7)
2017-04-30,16,POINT(-92.5 47.3)
2017-01-26,4,POINT(-78.4 38.9)
2017-12-11,2,POINT(-115.7 45.9)
2016-12-21,44,POINT(-100.0 35.7)
2016-02-24,23,POINT(-108.3 40.7)
2017-09-08,5,POINT(-91.3 47.7)
2017-08-08,26,POINT(-75.3 40.3)
2016-11-09,26,POINT(-110.1 34.5)
2016-04-13,30,POINT(-86.2 37.8)
2016-01-16,45,POINT(-115.3 32.9)
2017-02-12,4,POINT(-92.7 24.5)
2016-01-29,63,POINT(-86.2 43.1)
2016-12-21,131,POINT(-86.5 32.4)
2017-01-13,1,POINT(-83.1 22.8)
2017-11-25,2,POINT(-99.1 41.1)
2017-07-17,12,POINT(-82.0 42.9)
2017-05-25,1,POINT(-96.4 23.2)
2016-12-12,27,POINT(-103.9 33.7)
2017-09-09,22,POINT(-103.9 34.4)
2017-05-17,30,POINT(-111.2 27.0)
2016-01-25,129,POINT(-84.0 44.0)
2016-04-01,55,POINT(-112.1 35.9)
2016-11-24,8,POINT(-88.2 37.2)
2017-06-21,11,POINT(-86.7 30.7)
2017-08-24,30,POINT(-105.7 27.4)
2017-11-17,10,POINT(-95.6 44.1)
2016-12-07,24,POINT(-86.5 36.0)
2017-03-23,51,POINT(-120.0 27.2)
2017-01-30,11,POINT(-106.3 32.8)
2017-06-25,17,POINT(-101.0 36.7)
2017-06-09,37,POINT(-73.5 36.7)
2017-05-16,13,POINT(-96.8 36.7)
2017-02-10,7,POINT(-94.7 25.1)
2016-05-09,6,POINT(-86.8 36.6)
2016-05-10,2,POINT(-97.4 30.4)
2017-06-01,9,POINT(-98.4 37.0)
2017-12-23,24,POINT(-71.3 40.0)
2016-05-28,2,POINT(-79.4 26.9)
2016-10-02,7,POINT(-84.9 23.6)
2017-10-22,3,POINT(-96.0 38.1)
2017-07-05,11,POINT(-102.7 40.8)
2016-07-14,2,POINT(-90.4 46.0)
2017-02-12,28,POINT(-97.7 27.4)
2017-09-27,53,POINT(-96.7 23.7)
2016-03-11,5,POINT(-108.9 49.2)
2016-07-17,6,POINT(-80.4 21.2)
2017-06-28,4,POINT(-80.4 32.5)
2017-08-24,5,POINT(-105.0 34.8)
2017-04-09,8,POINT(-105.5 41.3)
2016-03-30,7,POINT(-106.1 44.3)
2017-12-11,10,POINT(-111.9 36.7)
2017-07-21,15,POINT(-77.1 20.9)
2016-01-01,27,POINT(-106.7 49.9)
2016-06-15,44,POINT(-85.1 39.2)
2017-07-02,13,POINT(-115.0 44.9)
2017-08-13,48,POINT(-83.2 32.4)
2016-08-29,23,POINT(-112.6 21.6)
2016-05-13,27,POINT(-112.1 22.5)
2016-09-08,15,POINT(-78.4 43.1)
2016-01-22,15,POINT(-105.5 26.4)
2017-12-30,16,POINT(-111.4 45.7)
2016-03-12,14,POINT(-93.2 27.6)
2017-06-04,13,POINT(-116.3 27.8)
2017-10-08,30,POINT(-84.5 22.9)
2017-12-07,10,POINT(-77.9 24.2)
2017-07-23,5,POINT(-107.6 23.8)
2017-05-15,3,POINT(-85.1 21.3)
2016-11-03,43,POINT(-117.3 27.1)
2016-09-07,40,POINT(-96.1 20.7)
2017-08-25,6,POINT(-72.4 41.1)
2016-07-22,3,POINT(-93.1 38.5)
2016-01-08,65,POINT(-99.5 25.2)
2016-04-17,14,POINT(-119.7 45.9)
2017-09-23,2,POINT(-107.2 28.6)
2017-06-06,5,POINT(-98.6 36.1)
2017-01-07,25,POINT(-101.1 44.3)
2017-01-20,2,POINT(-98.1 31.1)
2016-07-01,12,POINT(-118.8 27.5)
2016-11-04,12,POINT(-93.4 45.8)
2016-06-27,24,POINT(-107.4 22.2)
2017-12-18,5,POINT(-100.0 39.5)
2017-08-26,83,POINT(-75.7 45.2)
2016-08-14,4,POINT(-78.6 41.3)
2017-06-01,19,POINT(-100.1 31.2)
2016-01-12,8,POINT(-117.3 48.5)
2016-09-06,3,POINT(-75.6 24.1)
2017-02-21,16,POINT(-100.1 41.3)
2017-01-11,4,POINT(-96.0 41.5)
2016-07-16,23,POINT(-115.7 38.4)
2017-09-30,1,POINT(-85.4 34.6)
2017-03-23,15,POINT(-84.4 48.6)
2016-02-06,5,POINT(-99.6 34.0)
2017-02-24,60,POINT(-75.6 30.0)
2016-01-08,25,POINT(-117.6 35.4)
2016-06-13,29,POINT(-104.6 44.0)
2016-04-29,25,POINT(-109.7 24.9)
2017-01-06,22,POINT(-85.1 31.1)
2016-08-20,3,POINT(-109.8 37.0)
2017-03-05,120,POINT(-84.9 45.3)
2016-10-13,22,POINT(-80.2 32.0)
2017-01-29,46,POINT(-80.8 36.5)
2017-02-23,15,POINT(-118.6 23.7)
2017-03-27,7,POINT(-73.5 22.8)
2017-10-18,12,POINT(-84.3 26.4)
2016-09-28,11,POINT(-79.4 40.6)
2016-10-12,1,POINT(-87.7 26.4)
2016-02-08,23,POINT(-93.5 46.3)
2017-07-09,27,POINT(-87.8 47.0)
2017-05-11,1,POINT(-102.0 28.0)
2017-05-02,6,POINT(-97.1 23.2)
2017-01-06,22,POINT(-84.4 32.3)
2017-07-02,8,POINT(-86.6 43.8)
2017-02-13,55,POINT(-90.3 23.2)
2016-09-12,3,POINT(-117.5 23.0)
2017-04-20,53,POINT(-105.6 27.3)
2016-07-29,50,POINT(-89.8 40.8)
2017-02-08,63,POINT(-96.8 31.2)
2017-08-26,2,POINT(-103.1 42.1)
2017-06-14,7,POINT(-84.1 32.1)
2017-09-03,6,POINT(-100.6 22.4)
2017-01-29,44,POINT(-74.6 50.0)
2017-10-20,33,POINT(-93.4 40.4)
2017-08-03,4,POINT(-95.8 38.9)
2016-05-09,4,POINT(-103.1 34.8)
2016-01-25,13,POINT(-113.3 22.5)
2017-09-18,4,POINT(-119.5 49.6)
2016-03-30,13,POINT(-86.2 34.0)
2016-09-29,38,POINT(-116.7 21.2)
2016-12-06,14,POINT(-103.7 30.3)
2016-07-30,26,POINT(-76.2 21.0)
2017-09-14,6,POINT(-96.1 35.2)
2016-12-13,7,POINT(-75.8 42.6)
2017-08-10,19,POINT(-116.9 48.7)
2016-10-22,39,POINT(-77.8 45.3)
2017-01-24,16,POINT(-73.4 28.1)
2016-03-28,5,POINT(-74.3 30.4)
2017-03-02,5,POINT(-103.2 35.6)
2016-06-18,20,POINT(-115.2 40.6)
2016-05-26,3,POINT(-74.2 42.1)
2016-08-27,2,POINT(-112.1 45.5)
2016-02-24,3,POINT(-92.7 26.7)
2017-08-26,10,POINT(-99.6 23.4)
2017-10-30,9,POINT(-72.1 25.3)
2017-06-03,1,POINT(-99.2 48.3)
2016-10-25,4,POINT(-101.5 24.0)
2017-09-01,9,POINT(-90.7 29.6)
2017-07-15,12,POINT(-93.6 25.9)
2017-12-25,11,POINT(-97.4 23.3)
2016-01-04,8,POINT(-94.9 35.8)
2016-12-29,34,POINT(-115.1 31.4)
2016-10-18,11,POINT(-73.3 41.8)
2017-01-23,21,POINT(-107.5 31.8)
2017-04-15,36,POINT(-91.5 36.7)
2017-06-14,39,POINT(-118.2 44.6)
2017-03-01,39,POINT(-105.2 35.8)
2017-02-02,14,POINT(-85.6 33.1)
2016-10-30,22,POINT(-97.1 24.0)
2017-12-13,8,POINT(-83.5 36.8)
2016-04-13,40,POINT(-112.2 23.0)
2016-11-26,5,POINT(-70.6 23.1)
2016-12-29,31,POINT(-97.7 33.5)
2016-12-31,13,POINT(-93.1 35.6)
2016-03-22,8,POINT(-107.1 42.4)
2017-07-20,10,POINT(-103.0 33.7)
2017-11-06,18,POINT(-87.3 38.6)
2016-03-25,54,POINT(-102.9 47.6)
2016-08-06,3,POINT(-84.1 48.2)
2017-01-02,51,POINT(-105.7 27.9)
2017-12-25,34,POINT(-81.7 33.7)
2017-12-15,18,POINT(-86.3 35.9)
2016-08-29,3,POINT(-109.4 33.4)
2016-06-10,34,POINT(-117.5 48.9)
2016-06-27,24,POINT(-73.5 28.7)
2016-04-01,14,POINT(-108.2 35.6)
2017-05-14,44,POINT(-91.1 23.8)
2017-10-11,22,POINT(-105.1 38.9)
2017-05-20,7,POINT(-87.1 29.8)
2017-09-15,1,POINT(-84.9 44.2)
2016-06-17,29,POINT(-116.3 23.9)
2017-01-21,6,POINT(-117.5 46.4)
2016-11-16,7,POINT(-70.5 32.9)
2016-04-10,12,POINT(-81.6 32.2)
2016-10-22,28,POINT(-106.9 42.9)
2016-07-11,52,POINT(-95.4 29.1)
2017-04-05,5,POINT(-72.1 45.7)
2017-12-19,43,POINT(-92.8 28.3)
2016-10-12,19,POINT(-99.0 41.9)
2016-08-03,39,POINT(-118.1 21.7)
2017-03-31,38,POINT(-90.8 41.0)
2016-08-15,10,POINT(-75.9 27.9)
2016-12-26,23,POINT(-92.9 41.8)
2016-02-12,59,POINT(-80.9 44.8)
2016-06-29,23,POINT(-75.7 25.1)
2017-05-25,13,POINT(-99.6 25.0)
2017-04-06,10,POINT(-99.4 42.4)
2016-10-12,4,POINT(-73.9 25.1)
2016-10-23,135,POINT(-103.0 20.6)
2017-07-09,22,POINT(-86.9 21.8)
2016-02-06,7,POINT(-89.0 20.8)
2016-03-23,2,POINT(-95.7 47.2)
2016-09-13,29,POINT(-87.9 46.0)
2016-08-04,39,POINT(-84.8 36.7)
2017-06-05,12,POINT(-73.8 35.4)
2016-01-26,63,POINT(-80.0 27.3)
2016-09-07,8,POINT(-102.1 35.0)
2016-08-02,29,POINT(-98.4 47.9)
2017-10-18,7,POINT(-74.8 37.1)
2016-11-15,9,POINT(-106.5 21.7)
2017-02-14,19,POINT(-103.8 21.1)
2017-04-03,1,POINT(-85.5 46.1)
2016-11-19,5,POINT(-114.5 26.5)
2017-06-13,4,POINT(-80.6 20.1)
2016-12-04,8,POINT(-72.6 42.3)
2016-08-15,31,POINT(-87.8 44.6)
2016-08-23,48,POINT(-116.4 28.6)
2016-12-31,1,POINT(-108.1 44.9)
2017-03-09,6,POINT(-115.1 44.1)
2017-03-24,1,POINT(-104.5 34.6)
2017-05-21,40,POINT(-73.0 48.2)
2016-10-02,5,POINT(-102.0 45.3)
2017-09-24,30,POINT(-110.8 20.9)
2016-03-02,1,POINT(-86.9 47.0)
2016-11-26,11,POINT(-75.0 36.2)
2016-07-05,9,POINT(-118.3 34.1)
2017-06-20,8,POINT(-86.6 48.7)
2017-05-19,17,POINT(-105.5 28.5)
2017-08-30,10,POINT(-101.3 33.2)
2016-11-16,11,POINT(-108.1 25.5)
2016-07-11,5,POINT(-74.7 46.2)
2016-09-10,11,POINT(-75.7 22.0)
2017-08-01,28,POINT(-89.8 20.5)
2016-11-09,8,POINT(-119.2 24.6)
2017-07-05,39,POINT(-72.7 39.0)
2016-08-11,4,POINT(-96.6 23.5)
2017-03-06,38,POINT(-95.6 47.6)
2016-12-21,20,POINT(-81.4 40.4)
2017-03-02,12,POINT(-89.3 40.5)
2017-01-26,1,POINT(-113.9 49.2)
2016-08-09,3,POINT(-114.7 21.7)
2016-04-12,11,POINT(-107.4 39.6)
2016-11-13,43,POINT(-116.5 47.0)
2017-11-04,63,POINT(-78.4 38.5)
2017-06-20,54,POINT(-118.0 33.8)
2017-10-27,7,POINT(-72.7 20.7)
2016-08-06,6,POINT(-114.4 25.1)
2017-03-13,27,POINT(-77.1 47.6)
2017-12-27,57,POINT(-108.1 49.4)
2016-06-17,3,POINT(-87.0 34.8)
2017-08-14,10,POINT(-102.9 47.0)
2016-03-12,37,POINT(-116.6 34.4)
2017-07-28,14,POINT(-83.5 24.8)
2017-03-31,37,POINT(-79.6 22.6)
2016-03-15,3,POINT(-105.1 45.0)
2016-09-19,31,POINT(-80.8 48.1)
2017-04-13,10,POINT(-97.1 32.3)
2017-09-01,24,POINT(-83.5 23.8)
2017-08-19,7,POINT(-87.7 45.4)
2017-10-22,24,POINT(-73.5 30.3)
2017-06-01,25,POINT(-103.6 34.6)
2017-09-12,11,POINT(-114.5 49.8)
2016-07-17,70,POINT(-80.6 40.3)
2016-12-03,1,POINT(-79.4 41.7)
2016-02-07,23,POINT(-118.7 28.4)
2016-11-14,48,POINT(-113.7 27.7)
2017-10-01,39,POINT(-78.4 28.8)
2016-05-19,17,POINT(-90.0 37.9)
2016-09-04,46,POINT(-97.4 48.1)
2017-10-20,3,POINT(-78.7 40.6)
2017-03-02,16,POINT(-107.7 28.6)
2016-07-13,80,POINT(-103.8 39.3)
2016-08-02,96,POINT(-81.3 24.2)
2017-10-06,23,POINT(-90.4 32.8)
2017-06-24,4,POINT(-109.6 46.7)
2017-09-01,3,POINT(-75.3 27.5)
2017-01-23,52,POINT(-70.3 36.7)
2017-03-04,43,POINT(-112.8 22.3)
2017-11-24,8,POINT(-105.2 22.6)
2016-05-31,54,POINT(-82.5 22.1)
2016-04-12,3,POINT(-113.8 26.3)
2017-02-08,7,POINT(-96.8 33.7)
2016-10-14,21,POINT(-109.1 47.4)
2016-05-12,4,POINT(-86.8 30.4)
2017-03-21,91,POINT(-102.0 38.9)
2017-02-05,6,POINT(-77.6 36.7)
2016-02-04,6,POINT(-97.1 24.4)
2017-08-14,13,POINT(-93.2 34.2)
2016-12-09,31,POINT(-75.6 24.2)
2017-04-28,3,POINT(-81.6 29.3)
2017-10-06,23,POINT(-79.6 23.0)
2017-06-04,3,POINT(-119.4 26.5)
2017-01-22,2,POINT(-87.1 31.2)
2017-06-28,1,POINT(-96.7 38.7)
2017-11-29,16,POINT(-75.8 24.1)
2016-01-11,12,POINT(-118.1 37.8)
2017-08-03,8,POINT(-77.8 27.3)
2016-05-17,15,POINT(-113.2 22.0)
2016-05-10,14,POINT(-90.4 47.5)
2017-02-02,13,POINT(-83.7 21.5)
2016-09-07,4,POINT(-110.1 45.3)
2017-09-26,46,POINT(-111.7 41.6)
2016-12-31,20,POINT(-85.9 28.7)
2017-02-24,3,POINT(-111.6 41.5)
2017-02-27,6,POINT(-94.3 27.9)
2016-06-10,29,POINT(-106.9 43.8)
2016-04-04,30,POINT(-118.4 23.0)
2016-06-10,26,POINT(-116.6 21.0)
2016-12-26,32,POINT(-113.4 24.1)
2016-08-16,19,POINT(-92.7 41.6)
2016-04-25,7,POINT(-109.4 49.0)
2016-08-08,9,POINT(-77.5 39.6)
2017-04-07,15,POINT(-118.6 46.3)
2017-11-11,6,POINT(-87.0 20.8)
2016-11-10,39,POINT(-115.5 32.3)
2016-11-25,28,POINT(-75.5 37.3)
2017-10-18,79,POINT(-117.9 32.2)
2016-10-12,11,POINT(-112.8 41.4)
2016-06-30,41,POINT(-106.1 26.6)
2017-03-31,31,POINT(-115.0 27.9)
2016-10-01,36,POINT(-74.4 35.2)
2016-02-06,24,POINT(-113.4 39.9)
2017-03-18,9,POINT(-115.9 23.9)
2016-02-05,6,POINT(-117.0 29.0)
2016-03-08,7,POINT(-79.7 28.4)
2017-02-13,17,POINT(-87.5 34.5)
2016-12-25,43,POINT(-82.2 48.9)
2016-04-30,12,POINT(-84.8 31.7)
2017-10-28,19,POINT(-71.6 45.8)
2017-12-17,27,POINT(-81.6 32.0)
2017-07-09,39,POINT(-100.9 29.7)
2017-04-26,21,POINT(-105.5 22.7)
2016-10-15,20,POINT(-105.4 41.3)
2016-03-30,88,POINT(-104.4 28.7)
2016-07-30,40,POINT(-110.7 41.0)
2017-07-28,27,POINT(-100.3 31.0)
2016-03-12,36,POINT(-114.5 20.5)
2016-10-16,184,POINT(-105.1 24.7)
2017-01-01,15,POINT(-111.2 43.3)
2016-01-27,25,POINT(-74.0 26.5)
2017-02-23,34,POINT(-96.9 26.9)
2016-12-27,12,POINT(-78.9 30.0)
2017-07-18,62,POINT(-90.6 25.5)
2017-03-30,10,POINT(-90.1 36.2)
2017-09-03,6,POINT(-119.8 35.4)
2017-04-16,23,POINT(-119.4 38.9)
2017-08-13,2,POINT(-106.1 49.0)
2017-01-03,3,POINT(-117.0 23.6)
2016-11-21,71,POINT(-106.1 31.5)
2017-02-13,7,POINT(-89.1 35.0)
2017-08-24,1,POINT(-84.5 47.1)
2017-05-17,13,POINT(-89.4 39.0)
2016-01-25,41,POINT(-92.3 32.7)
2016-06-09,9,POINT(-115.9 21.5)
2016-07-13,11,POINT(-113.6 42.7)
2017-12-13,4,POINT(-117.9 36.7)
2017-02-24,9,POINT(-79.4 40.3)
2017-11-08,68,POINT(-103.8 29.5)
2016-01-13,42,POINT(-99.9 27.7)
2017-02-10,27,POINT(-88.8 39.0)
2016-12-20,31,POINT(-71.6 32.7)
2016-09-02,23,POINT(-89.2 30.5)
2016-03-28,3,POINT(-114.1 26.4)
2017-03-14,3,POINT(-74.9 32.2)
2017-02-24,16,POINT(-108.5 48.0)
2017-10-13,19,POINT(-80.5 23.3)
2016-09-12,72,POINT(-82.6 24.9)
2016-10-02,12,POINT(-99.2 38.2)
2017-10-19,50,POINT(-93.9 27.2)
2016-01-07,93,POINT(-108.6 46.1)
2017-05-14,38,POINT(-84.9 45.5)
2016-09-02,11,POINT(-71.0 32.6)
2016-12-11,29,POINT(-98.6 40.4)
2016-07-22,16,POINT(-70.1 43.3)
2017-04-26,5,POINT(-107.4 29.9)
2017-04-24,3,POINT(-114.0 29.5)
2016-04-03,2,POINT(-70.1 20.1)
2016-11-05,8,POINT(-101.2 27.0)
2017-06-03,24,POINT(-77.0 40.4)
2017-03-05,50,POINT(-118.5 33.3)
2016-06-18,8,POINT(-88.6 38.9)
2016-04-28,16,POINT(-119.8 26.8)
2017-10-01,13,POINT(-94.8 38.3)
2016-03-03,3,POINT(-83.2 27.3)
2016-04-26,29,POINT(-88.9 41.2)
2016-04-18,15,POINT(-88.6 24.7)
2017-05-07,50,POINT(-103.7 28.7)
2017-12-17,37,POINT(-88.3 26.2)
2017-08-22,7,POINT(-77.3 20.8)
2017-02-20,8,POINT(-95.2 47.4)
2016-11-20,16,POINT(-92.9 22.3)
2016-08-27,3,POINT(-78.1 32.5)
2017-12-10,6,POINT(-113.9 30.6)
2017-05-30,35,POINT(-89.9 25.5)
2017-09-09,4,POINT(-96.3 33.3)
2017-09-10,16,POINT(-99.1 35.1)
2016-09-08,11,POINT(-99.6 28.0)
2016-07-04,5,POINT(-88.4 35.8)
2017-02-16,70,POINT(-75.1 39.3)
2017-05-18,35,POINT(-87.5 35.6)
2017-06-16,7,POINT(-106.8 46.9)
2016-06-02,31,POINT(-113.1 24.1)
2016-08-11,1,POINT(-71.1 45.2)
2017-08-20,7,POINT(-104.8 24.4)
2017-07-06,3,POINT(-96.7 32.9)
2017-02-21,12,POINT(-119.1 24.6)
2017-04-29,21,POINT(-79.4 38.1)
2017-11-14,4,POINT(-80.3 30.4)
2017-11-02,6,POINT(-85.3 33.6)
2016-06-08,10,POINT(-102.2 24.9)
2016-02-20,20,POINT(-101.3 34.2)
2017-09-21,8,POINT(-95.2 42.1)
2016-10-06,19,POINT(-99.9 48.0)
2016-06-20,9,POINT(-111.6 28.5)
2016-11-27,6,POINT(-108.4 33.0)
2017-08-18,39,POINT(-103.5 43.5)
2016-10-19,10,POINT(-119.0 36.7)
2016-03-06,51,POINT(-102.9 42.2)
2016-09-26,8,POINT(-78.9 43.5)
2016-12-09,16,POINT(-96.5 42.0)
2016-09-27,2,POINT(-110.7 48.6)
2016-03-01,23,POINT(-85.3 41.9)
2017-11-19,32,POINT(-118.9 23.6)
2017-09-20,72,POINT(-112.3 44.0)
2016-05-15,37,POINT(-90.9 22.7)
2016-09-15,8,POINT(-86.4 31.9)
2016-09-12,17,POINT(-105.3 30.5)
2016-11-26,18,POINT(-106.1 24.7)
2017-01-27,2,POINT(-119.0 23.2)
2017-06-27,2,POINT(-105.8 28.7)
2016-09-10,8,POINT(-72.0 40.6)
2016-09-23,28,POINT(-100.1 26.2)
2016-01-07,7,POINT(-103.6 49.1)
2017-03-14,42,POINT(-88.7 20.2)
2017-07-04,21,POINT(-70.5 37.1)
2016-01-04,13,POINT(-98.1 36.8)
2017-06-25,16,POINT(-115.3 28.2)
2017-11-08,9,POINT(-84.1 37.9)
2016-11-02,73,POINT(-75.1 36.8)
2017-04-06,4,POINT(-86.0 40.6)
2017-07-01,40,POINT(-95.1 46.2)
2016-12-16,23,POINT(-107.7 23.0)
2017-05-13,25,POINT(-97.7 45.1)
2016-07-29,37,POINT(-98.9 20.6)
2016-04-22,3,POINT(-71.9 21.8)
2016-04-26,24,POINT(-118.2 47.2)
2016-11-11,30,POINT(-101.8 41.2)
2017-07-16,84,POINT(-104.4 39.3)
2017-03-08,28,POINT(-70.9 35.5)
2016-01-15,61,POINT(-119.7 43.4)
2016-07-19,38,POINT(-105.4 41.9)
2016-12-12,42,POINT(-71.3 30.3)
2016-05-03,50,POINT(-112.0 34.9)
2016-06-04,16,POINT(-80.5 34.5)
2017-02-12,25,POINT(-91.8 33.0)
2016-07-26,3,POINT(-74.7 40.5)
2017-04-10,9,POINT(-76.3 44.3)
2016-06-12,43,POINT(-91.2 48.7)
2016-10-03,77,POINT(-92.3 32.4)
2017-12-05,3,POINT(-112.4 41.0)
2017-01-28,18,POINT(-117.0 36.9)
2016-02-19,27,POINT(-83.4 25.4)
2017-12-25,15,POINT(-89.4 29.2)
2017-08-24,6,POINT(-80.2 45.5)
2016-05-23,1,POINT(-119.1 44.2)
2016-06-14,61,POINT(-73.3 45.5)
2016-03-07,6,POINT(-116.3 21.3)
2016-01-20,8,POINT(-74.8 49.7)
2017-09-14,21,POINT(-110.4 36.7)
2016-03-09,12,POINT(-107.0 35.2)
2017-03-29,12,POINT(-76.4 42.0)
2016-01-25,2,POINT(-97.4 24.0)
2016-11-05,97,POINT(-85.3 26.9)
2016-01-12,7,POINT(-75.0 48.3)
2017-07-30,3,POINT(-105.4 26.2)
2017-11-24,23,POINT(-113.2 30.1)
2016-08-21,28,POINT(-93.0 27.4)
2016-05-12,1,POINT(-100.6 34.5)
2017-11-28,7,POINT(-80.1 44.1)
2017-08-13,5,POINT(-119.7 45.1)
2017-10-05,32,POINT(-91.0 29.7)
2016-10-01,5,POINT(-94.2 22.2)
2017-12-12,6,POINT(-77.5 23.4)
2017-09-04,87,POINT(-91.2 44.5)
2016-05-31,25,POINT(-70.2 32.9)
2017-03-27,10,POINT(-118.7 44.6)
2016-08-03,29,POINT(-94.8 20.4)
2017-10-20,13,POINT(-71.2 21.0)
2016-11-05,5,POINT(-72.7 29.5)
2016-08-20,14,POINT(-109.1 26.1)
2017-05-07,30,POINT(-78.6 39.4)
2016-05-28,4,POINT(-79.7 37.6)
2016-12-02,14,POINT(-71.9 46.8)
2017-03-31,3,POINT(-94.5 43.7)
2017-04-23,37,POINT(-93.5 23.0)
2017-05-21,35,POINT(-80.7 46.6)
2016-10-01,23,POINT(-70.1 23.6)
2016-06-29,51,POINT(-104.5 25.9)
2017-03-09,11,POINT(-85.8 35.2)
2016-05-30,3,POINT(-86.4 23.3)
2017-04-15,75,POINT(-77.1 26.8)
2016-07-22,15,POINT(-87.5 33.4)
2017-08-14,13,POINT(-97.1 27.5)
2017-04-08,2,POINT(-104.5 48.4)
2016-11-22,17,POINT(-71.5 24.9)
2016-05-28,21,POINT(-103.2 37.2)
2016-10-03,13,POINT(-107.2 34.9)
2016-02-04,49,POINT(-80.4 33.6)
2016-08-03,28,POINT(-95.1 27.0)
2016-01-01,1,POINT(-110.8 25.7)
2017-12-18,16,POINT(-102.0 29.1)
2017-04-12,102,POINT(-109.8 37.8)
2017-08-26,5,POINT(-109.5 37.4)
2017-04-10,20,POINT(-116.2 43.2)
2017-03-26,7,POINT(-87.7 29.1)
2017-08-25,10,POINT(-101.4 41.3)
2016-03-10,1,POINT(-117.0 46.5)
2017-10-05,24,POINT(-87.5 45.7)
2016-09-13,30,POINT(-105.2 34.0)
2016-04-01,30,POINT(-111.9 39.8)
2017-08-16,71,POINT(-72.0 44.9)
2017-01-06,37,POINT(-116.3 24.7)
2016-04-08,5,POINT(-100.7 48.7)
2017-05-24,6,POINT(-89.2 38.1)
2017-07-18,30,POINT(-70.3 28.5)
2017-08-14,31,POINT(-115.9 35.7)
2017-05-21,3,POINT(-73.4 42.1)
2016-12-08,1,POINT(-76.0 44.6)
2016-09-02,11,POINT(-81.0 29.2)
2017-04-16,24,POINT(-114.9 30.3)
2016-10-05,41,POINT(-105.5 44.5)
2017-05-24,4,POINT(-106.4 45.2)
2017-03-06,34,POINT(-93.3 40.6)
2017-03-17,24,POINT(-114.0 40.5)
2016-09-17,4,POINT(-79.2 27.5)
2016-09-11,42,POINT(-85.9 48.7)
2017-04-05,55,POINT(-76.9 45.5)
2017-08-17,7,POINT(-108.9 46.2)
2016-09-21,4,POINT(-89.0 25.9)
2017-05-29,69,POINT(-77.5 49.5)
2017-03-20,1,POINT(-117.5 33.4)
2016-08-10,60,POINT(-92.5 40.5)
2016-07-10,5,POINT(-83.6 47.0)
2017-07-11,12,POINT(-101.4 23.0)
2017-03-15,8,POINT(-102.3 29.5)
2016-09-25,4,POINT(-118.4 31.0)
2016-02-10,9,POINT(-95.5 43.2)
2017-10-12,16,POINT(-90.2 28.9)
2016-02-10,2,POINT(-83.0 31.7)
2016-11-26,34,POINT(-115.7 31.4)
2016-06-23,33,POINT(-99.2 47.4)
2017-03-08,32,POINT(-107.1 20.1)
2017-03-24,24,POINT(-109.7 24.2)
2016-11-18,13,POINT(-107.7 47.8)
2016-10-06,36,POINT(-102.0 38.3)
2016-04-03,39,POINT(-83.4 22.7)
2016-12-05,7,POINT(-98.2 34.2)
2017-02-23,14,POINT(-116.8 48.1)
2016-07-23,5,POINT(-102.6 42.7)
2017-07-21,6,POINT(-114.5 27.7)
2016-09-16,6,POINT(-109.4 33.0)
2017-11-10,36,POINT(-113.5 34.7)
2017-11-13,6,POINT(-71.4 42.9)
2017-01-25,16,POINT(-76.0 43.3)
2017-10-10,20,POINT(-88.8 28.8)
2016-10-04,28,POINT(-107.5 41.8)
2017-04-25,1,POINT(-111.3 49.2)
2017-03-26,13,POINT(-77.9 22.2)
2016-10-17,7,POINT(-116.4 44.5)
2017-10-08,36,POINT(-85.3 37.8)
2016-04-14,1,POINT(-105.3 31.4)
2017-01-11,5,POINT(-95.5 43.7)
2016-07-08,8,POINT(-83.6 29.8)
2016-07-13,2,POINT(-118.2 30.1)
2017-07-29,11,POINT(-111.2 35.0)
2017-01-11,28,POINT(-87.6 33.7)
2017-11-13,5,POINT(-74.0 24.0)
2016-01-18,29,POINT(-107.1 20.8)
2016-09-15,16,POINT(-112.5 39.0)
2017-01-06,9,POINT(-73.8 30.0)
2017-12-02,10,POINT(-76.7 35.7)
2017-08-15,3,POINT(-74.5 26.2)
2016-02-29,6,POINT(-113.8 37.0)
2016-04-14,27,POINT(-73.8 29.9)
2017-03-01,40,POINT(-90.9 38.3)
2016-09-17,7,POINT(-86.7 40.3)
2016-02-15,18,POINT(-97.3 20.1)
2017-10-05,1,POINT(-102.2 32.9)
2017-06-09,2,POINT(-114.4 41.8)
2017-04-21,67,POINT(-108.8 42.2)
2016-09-23,46,POINT(-90.6 31.4)
2017-06-17,2,POINT(-104.2 44.6)
2016-04-15,35,POINT(-114.0 39.5)
2017-05-31,3,POINT(-84.5 49.7)
2017-11-23,36,POINT(-93.6 35.4)
2017-01-30,49,POINT(-117.9 31.3)
2016-05-28,4,POINT(-86.4 47.6)
2016-10-06,4,POINT(-76.9 32.1)
2017-06-08,53,POINT(-81.2 39.2)
2016-01-26,8,POINT(-73.8 44.8)
2017-07-05,13,POINT(-103.1 33.8)
2016-10-08,8,POINT(-115.6 33.3)
2017-04-28,28,POINT(-84.3 28.7)
2016-03-04,5,POINT(-74.9 48.9)
2016-04-20,14,POINT(-104.1 48.3)
2016-03-28,39,POINT(-106.7 34.0)
2017-09-27,58,POINT(-84.3 29.8)
2017-02-25,9,POINT(-83.6 23.8)
2017-10-19,3,POINT(-78.5 34.3)
2017-12-26,34,POINT(-82.7 46.8)
2017-03-15,3,POINT(-100.0 46.1)
2016-05-07,31,POINT(-98.8 23.5)
2016-10-20,24,POINT(-79.8 34.6)
2016-05-28,18,POINT(-106.6 44.5)
2016-11-22,57,POINT(-114.6 45.1)
2016-05-19,8,POINT(-109.1 48.0)
2016-05-01,2,POINT(-94.7 26.1)
2017-06-06,80,POINT(-91.5 32.4)
2017-01-18,12,POINT(-116.5 48.6)
2016-10-09,12,POINT(-104.8 28.1)
2017-03-22,2,POINT(-82.5 30.0)
2016-07-12,28,POINT(-76.9 26.8)
2017-12-07,26,POINT(-113.5 36.2)
2017-08-15,4,POINT(-94.1 35.9)
2017-09-10,6,POINT(-112.5 44.5)
2016-07-24,1,POINT(-83.9 32.4)
2017-12-21,45,POINT(-112.2 27.5)
2017-09-30,6,POINT(-115.2 44.9)
2017-06-29,53,POINT(-98.0 39.5)
2016-03-04,17,POINT(-115.3 24.7)
2016-01-17,12,POINT(-79.2 37.1)
2017-03-10,1,POINT(-78.7 33.8)
2016-04-14,2,POINT(-94.4 45.4)
2017-03-15,4,POINT(-91.4 38.0)
2017-09-11,3,POINT(-113.4 43.7)
2017-11-18,6,POINT(-106.2 33.9)
2016-08-15,4,POINT(-113.9 49.4)
2017-12-02,22,POINT(-109.3 44.0)
2017-01-29,8,POINT(-100.3 38.0)
2016-07-31,26,POINT(-85.9 44.4)
2017-11-04,3,POINT(-83.6 29.6)
2016-10-24,5,POINT(-97.8 49.3)
2017-02-28,31,POINT(-105.3 32.4)
2017-12-02,21,POINT(-79.5 31.1)
2017-02-04,3,POINT(-98.1 43.6)
2017-06-07,65,POINT(-92.0 38.9)
2017-08-02,29,POINT(-106.7 43.0)
2017-07-06,17,POINT(-116.7 43.4)
2017-02-01,9,POINT(-111.8 39.1)
2016-09-16,2,POINT(-84.3 45.3)
2016-05-05,9,POINT(-106.2 41.8)
2016-08-13,8,POINT(-113.7 37.3)
2017-12-22,2,POINT(-87.9 42.8)
2016-11-28,31,POINT(-96.1 34.9)
2016-11-25,11,POINT(-118.8 34.6)
2016-09-21,45,POINT(-70.5 30.2)
2016-06-19,4,POINT(-100.9 45.4)
2016-01-01,8,POINT(-87.2 29.0)
2017-12-21,7,POINT(-70.8 27.5)
2016-08-28,41,POINT(-88.3 26.6)
2017-08-06,15,POINT(-104.4 39.8)
2017-08-23,4,POINT(-95.6 26.0)
2016-01-20,9,POINT(-114.9 46.0)
2016-11-10,58,POINT(-111.5 40.9)
2017-04-17,17,POINT(-104.4 43.7)
2016-05-20,1,POINT(-115.8 24.2)
2016-11-28,2,POINT(-114.3 20.4)
2017-11-17,6,POINT(-78.0 22.4)
2016-02-19,20,POINT(-107.5 40.3)
2017-08-28,6,POINT(-103.9 23.1)
2017-04-05,38,POINT(-111.3 34.2)
2017-11-10,20,POINT(-99.8 44.1)
2017-01-25,8,POINT(-85.1 30.7)
2016-02-24,11,POINT(-72.7 21.4)
2016-02-20,10,POINT(-93.1 46.5)
2017-05-04,8,POINT(-105.0 41.2)
2016-11-27,20,POINT(-94.5 21.1)
2016-09-26,5,POINT(-113.6 29.7)
2016-12-27,7,POINT(-86.1 31.2)
2016-05-24,2,POINT(-103.6 46.1)
2017-08-11,10,POINT(-72.8 22.6)
2016-05-08,2,POINT(-87.1 43.1)
2017-01-09,1,POINT(-96.2 49.2)
2017-05-19,21,POINT(-108.5 31.6)
2017-09-14,4,POINT(-115.4 20.7)
2016-01-01,1,POINT(-110.6 27.2)
2017-01-01,2,POINT(-91.5 23.8)
2017-06-21,5,POINT(-94.0 43.7)
2017-09-19,26,POINT(-119.5 30.5)
2017-05-09,1,POINT(-82.8 46.9)
2016-06-22,26,POINT(-118.0 47.4)
2017-06-08,19,POINT(-116.1 31.1)
2016-02-03,15,POINT(-84.4 38.1)
2016-11-13,49,POINT(-87.7 48.3)
2017-08-07,36,POINT(-109.2 22.6)
2017-07-16,11,POINT(-86.9 43.2)
2016-07-29,1,POINT(-119.1 21.5)
2017-12-27,25,POINT(-106.1 33.3)
2017-07-06,1,POINT(-82.0 35.4)
2016-11-06,7,POINT(-96.3 36.5)
2016-04-03,14,POINT(-77.2 45.5)
2016-07-07,3,POINT(-112.8 26.2)
2017-10-08,23,POINT(-76.9 33.2)
2017-12-18,8,POINT(-95.7 28.2)
2017-05-28,9,POINT(-114.9 37.7)
2016-07-22,21,POINT(-117.7 36.7)
2017-05-05,11,POINT(-119.9 43.6)
2017-10-29,6,POINT(-88.1 25.3)
2016-02-23,4,POINT(-108.9 44.5)
2017-04-20,26,POINT(-112.7 30.5)
2016-04-03,28,POINT(-89.9 37.1)
2016-11-09,5,POINT(-99.5 26.9)
2017-07-26,8,POINT(-97.5 34.3)
2016-12-25,63,POINT(-113.3 25.0)
2016-06-16,83,POINT(-107.3 40.6)
2017-02-01,18,POINT(-115.0 21.4)
2017-06-20,29,POINT(-103.3 38.0)
2017-01-28,28,POINT(-104.6 42.5)
2016-12-21,11,POINT(-81.1 46.5)
2016-02-17,1,POINT(-70.7 44.5)
2017-03-07,27,POINT(-70.0 46.8)
2017-12-01,3,POINT(-100.7 38.4)
2016-02-22,7,POINT(-80.3 21.6)
2016-08-28,8,POINT(-106.0 49.1)
2017-01-29,9,POINT(-112.8 43.3)
2016-01-27,13,POINT(-88.0 37.8)
2016-02-28,14,POINT(-96.2 33.8)
2016-07-04,14,POINT(-90.3 22.9)
2016-05-20,4,POINT(-101.7 20.3)
2016-02-26,21,POINT(-104.9 33.1)
2017-12-07,32,POINT(-73.6 49.2)
2017-03-25,13,POINT(-75.8 35.8)
2016-04-15,37,POINT(-113.8 31.8)
2016-10-06,12,POINT(-87.4 33.7)
2017-04-12,17,POINT(-102.1 29.0)
2017-03-08,2,POINT(-91.6 49.3)
2017-11-10,4,POINT(-109.6 24.0)
2016-12-05,30,POINT(-83.8 40.9)
2017-12-26,6,POINT(-104.5 33.5)
2017-05-28,2,POINT(-85.6 24.6)
2017-02-02,17,POINT(-112.8 37.6)
2016-06-30,2,POINT(-113.3 37.8)
2016-10-28,24,POINT(-102.6 25.4)
2016-07-01,24,POINT(-70.1 33.8)
2017-05-24,13,POINT(-76.9 47.0)
2016-04-04,24,POINT(-89.0 23.4)
2017-02-17,33,POINT(-104.6 49.3)
2016-06-04,5,POINT(-111.8 20.2)
2017-11-22,21,POINT(-82.8 38.7)
2016-04-06,24,POINT(-109.8 36.8)
2017-01-03,5,POINT(-99.4 20.3)
2016-08-25,26,POINT(-93.5 38.6)
2016-01-13,26,POINT(-115.4 43.9)
2016-10-27,4,POINT(-81.0 21.8)
2016-06-30,8,POINT(-72.9 35.1)
2016-06-03,57,POINT(-112.7 41.9)
2017-01-25,2,POINT(-76.6 43.8)
2016-06-25,6,POINT(-95.8 44.7)
2017-08-05,18,POINT(-113.2 22.4)
2017-08-18,70,POINT(-89.6 39.9)
2017-12-01,6,POINT(-73.5 41.6)
2017-08-26,34,POINT(-72.1 28.2)
2016-03-09,10,POINT(-84.0 49.3)
2016-11-03,9,POINT(-95.3 41.5)
2017-11-06,111,POINT(-110.7 47.5)
2017-11-21,34,POINT(-90.0 40.8)
2017-06-28,6,POINT(-89.3 23.9)
2016-02-22,5,POINT(-114.4 27.8)
2016-08-03,2,POINT(-107.3 32.7)
2017-12-14,14,POINT(-104.6 32.9)
2016-02-07,9,POINT(-77.0 39.4)
2017-03-03,10,POINT(-90.8 37.4)
2016-09-17,12,POINT(-107.8 22.6)
2017-01-08,95,POINT(-104.5 45.2)
2016-01-31,1,POINT(-112.7 45.6)
2017-01-27,12,POINT(-117.8 45.5)
2017-02-28,2,POINT(-94.5 26.6)
2016-01-05,23,POINT(-118.4 29.6)
2017-11-21,2,POINT(-70.4 42.1)
2016-02-23,30,POINT(-81.4 32.2)
2017-12-31,41,POINT(-81.1 33.4)
2017-05-18,71,POINT(-82.3 37.9)
2017-05-22,3,POINT(-87.9 21.0)
2017-03-28,78,POINT(-116.5 20.9)
2016-07-18,11,POINT(-97.2 21.8)
2016-09-29,21,POINT(-106.1 26.7)
2016-08-13,1,POINT(-105.1 49.4)
2017-04-15,10,POINT(-101.5 22.9)
2016-01-18,9,POINT(-104.0 46.5)
2017-09-20,15,POINT(-86.9 23.6)
2016-01-10,3,POINT(-119.6 42.1)
2016-02-08,24,POINT(-101.7 39.1)
2016-02-10,19,POINT(-72.8 41.8)
2017-09-11,5,POINT(-107.1 22.6)
2016-02-13,83,POINT(-88.9 42.6)
2016-07-15,1,POINT(-92.0 29.8)
2016-10-25,9,POINT(-95.5 27.6)
2016-07-27,7,POINT(-113.9 38.7)
2017-04-03,17,POINT(-78.2 23.0)
2017-11-18,44,POINT(-91.6 27.2)
2016-08-23,22,POINT(-93.1 36.6)
2017-05-29,1,POINT(-72.5 43.4)
2016-12-25,40,POINT(-115.9 46.1)
2017-01-17,7,POINT(-95.4 32.8)
2017-03-02,3,POINT(-84.7 49.3)
2016-12-09,12,POINT(-80.1 43.2)
2016-09-10,46,POINT(-120.0 32.1)
2017-07-01,1,POINT(-85.9 31.7)
2017-05-21,20,POINT(-72.2 33.2)
2017-06-01,9,POINT(-83.5 42.4)
2016-11-25,20,POINT(-99.0 29.6)
2017-05-02,7,POINT(-76.2 23.1)
2017-04-26,69,POINT(-76.1 36.9)
2017-04-16,3,POINT(-85.6 38.5)
2017-06-15,4,POINT(-86.7 48.2)
2017-03-12,1,POINT(-102.8 24.0)
2017-02-25,32,POINT(-107.9 36.0)
2016-06-10,2,POINT(-88.5 26.5)
2017-03-09,7,POINT(-119.6 42.7)
2017-07-12,5,POINT(-77.9 30.6)
2016-01-16,9,POINT(-74.9 39.1)
2017-09-11,30,POINT(-111.8 25.2)
2017-11-19,60,POINT(-91.4 37.4)
2016-03-05,43,POINT(-111.1 20.5)
2017-07-28,37,POINT(-95.3 45.2)
2016-03-13,11,POINT(-88.1 37.7)
2016-07-22,33,POINT(-100.5 26.6)
2016-09-10,31,POINT(-75.3 30.0)
2017-07-25,6,POINT(-75.4 24.5)
2017-09-04,7,POINT(-93.5 40.2)
2017-06-12,14,POINT(-91.0 31.2)
2016-07-13,67,POINT(-119.9 48.6)
2016-09-07,3,POINT(-103.1 46.8)
2017-07-03,90,POINT(-82.0 44.4)
2016-10-11,4,POINT(-70.3 27.9)
2017-06-26,14,POINT(-72.7 28.7)
2017-04-27,8,POINT(-115.3 32.3)
2016-11-05,11,POINT(-99.1 47.5)
2016-06-29,64,POINT(-117.3 34.2)
2017-10-14,20,POINT(-78.1 22.9)
2016-09-01,8,POINT(-83.5 27.0)
2017-03-16,20,POINT(-73.9 21.4)
2016-10-01,13,POINT(-94.9 21.7)
2016-08-11,58,POINT(-114.8 47.7)
2017-01-01,9,POINT(-90.8 38.5)
2017-06-22,18,POINT(-76.6 23.0)
2016-09-06,38,POINT(-117.5 37.5)
2016-01-13,64,POINT(-79.3 49.1)
2016-11-03,33,POINT(-88.8 20.5)
2017-09-01,55,POINT(-113.4 42.4)
2016-07-10,13,POINT(-87.0 25.3)
2017-11-28,29,POINT(-116.9 31.3)
2016-01-19,2,POINT(-111.3 23.4)
2016-12-04,19,POINT(-117.1 20.2)
2017-08-01,1,POINT(-90.8 23.0)
2016-01-26,7,POINT(-105.6 37.2)
2016-01-06,22,POINT(-105.6 47.0)
2016-05-20,4,POINT(-87.7 20.6)
2016-01-27,5,POINT(-114.5 21.9)
2016-04-14,2,POINT(-88.3 24.9)
2017-06-05,28,POINT(-85.1 49.2)
2016-10-05,12,POINT(-77.1 25.1)
2016-10-29,44,POINT(-86.4 34.1)
2016-01-12,9,POINT(-87.3 21.3)
2017-10-29,12,POINT(-87.2 45.5)
2016-03-17,14,POINT(-117.9 48.4)
2016-01-18,40,POINT(-97.9 42.7)
2017-07-23,7,POINT(-92.4 36.9)
2017-10-03,2,POINT(-86.7 27.5)
2016-06-22,20,POINT(-105.4 25.4)
2017-02-04,35,POINT(-86.1 35.5)
2016-03-27,17,POINT(-100.2 28.7)
2016-12-08,8,POINT(-84.2 40.1)
2017-03-24,20,POINT(-110.7 28.0)
2016-02-23,95,POINT(-104.8 25.1)
2017-03-02,18,POINT(-72.5 37.4)
2016-03-18,8,POINT(-82.1 42.8)
2017-12-16,6,POINT(-75.1 22.2)
2017-03-14,127,POINT(-110.0 38.6)
2017-05-11,38,POINT(-72.9 44.5)
2016-06-20,7,POINT(-82.8 20.2)
2017-07-03,7,POINT(-90.5 26.7)
2017-11-28,33,POINT(-119.4 29.0)
2016-12-26,98,POINT(-117.4 20.4)
2016-08-23,13,POINT(-81.4 40.3)
2017-03-08,6,POINT(-86.6 32.6)
2016-01-16,6,POINT(-109.3 39.4)
2017-05-10,32,POINT(-97.9 32.1)
2017-08-08,19,POINT(-87.2 25.2)
2016-07-29,21,POINT(-119.2 35.5)
2016-11-22,5,POINT(-86.1 41.7)
2017-09-18,3,POINT(-99.9 24.6)
2016-09-03,1,POINT(-115.3 30.6)
2017-07-02,50,POINT(-111.8 42.0)
2017-05-17,9,POINT(-98.7 39.7)
2017-07-20,29,POINT(-88.7 50.0)
2016-06-15,44,POINT(-102.8 25.2)
2017-03-16,19,POINT(-114.5 30.3)
2017-11-19,12,POINT(-78.7 25.9)
2016-12-18,1,POINT(-95.0 27.3)
2017-12-03,9,POINT(-105.9 25.9)
2016-04-08,8,POINT(-85.8 49.7)
2017-09-15,17,POINT(-103.2 39.4)
2016-04-27,29,POINT(-101.9 22.5)
2017-11-04,25,POINT(-106.1 35.6)
2017-07-22,41,POINT(-102.0 22.5)
2016-12-18,1,POINT(-106.9 31.7)
2017-07-27,19,POINT(-70.9 39.2)
2017-05-15,5,POINT(-107.1 21.4)
2016-02-08,72,POINT(-87.6 21.4)
2016-11-25,11,POINT(-110.4 27.5)
2016-11-18,20,POINT(-92.2 39.8)
2017-05-12,9,POINT(-94.6 47.7)
2016-01-29,5,POINT(-92.3 28.2)
2017-06-26,24,POINT(-102.2 48.7)
2016-11-11,57,POINT(-76.5 36.4)
2017-07-04,2,POINT(-105.1 35.1)
2017-05-27,35,POINT(-76.4 23.1)
2017-07-21,9,POINT(-99.7 48.7)
2017-04-11,3,POINT(-87.4 43.7)
2017-11-28,25,POINT(-119.5 20.1)
2017-08-25,2,POINT(-98.0 43.8)
2016-07-17,27,POINT(-87.5 36.6)
2017-11-13,12,POINT(-105.1 23.0)
2016-06-30,4,POINT(-103.9 41.0)
2016-05-09,4,POINT(-100.2 40.0)
2017-10-15,28,POINT(-106.5 40.5)
2016-05-10,36,POINT(-89.8 46.3)
2017-10-15,24,POINT(-117.5 42.8)
2016-01-05,26,POINT(-78.4 47.3)
2016-06-15,38,POINT(-72.0 31.5)
2017-01-19,12,POINT(-111.7 36.9)
2017-09-23,4,POINT(-108.7 49.6)
2017-07-08,10,POINT(-72.6 37.7)
2016-04-01,78,POINT(-111.8 32.7)
2016-07-05,12,POINT(-114.7 34.0)
2017-08-12,52,POINT(-80.3 42.2)
2017-04-09,25,POINT(-86.1 31.0)
2017-07-11,27,POINT(-86.0 21.4)
2017-06-02,5,POINT(-108.7 47.4)
2017-11-12,10,POINT(-101.2 34.5)
2016-04-24,27,POINT(-112.0 35.6)
2016-09-19,22,POINT(-111.9 30.9)
2016-12-09,40,POINT(-95.2 47.6)
2016-08-26,5,POINT(-86.4 25.5)
2016-11-04,28,POINT(-104.0 31.7)
2016-01-16,1,POINT(-96.2 31.4)
2016-03-02,8,POINT(-102.6 35.1)
2017-12-06,20,POINT(-74.3 49.1)
2016-11-16,79,POINT(-84.8 26.0)
2017-01-02,91,POINT(-88.7 39.1)
2017-03-10,12,POINT(-83.5 36.7)
2016-10-18,29,POINT(-106.6 27.9)
2016-06-11,19,POINT(-73.5 32.4)
2016-08-28,25,POINT(-110.0 32.7)
2016-11-20,27,POINT(-113.1 26.9)
2017-01-09,16,POINT(-74.7 34.5)
2016-05-08,34,POINT(-107.0 25.6)
2016-05-02,18,POINT(-77.6 26.2)
2017-10-10,3,POINT(-105.1 45.5)
2017-04-08,91,POINT(-105.3 48.0)
2017-06-10,8,POINT(-72.1 31.7)
2016-08-16,67,POINT(-71.7 20.3)
2016-05-23,7,POINT(-71.9 46.7)
2016-06-24,39,POINT(-113.1 43.7)
2016-02-22,24,POINT(-91.4 32.5)
2016-11-30,9,POINT(-118.2 38.6)
2017-10-20,56,POINT(-85.7 47.4)
2017-07-06,18,POINT(-86.4 49.6)
2016-10-19,36,POINT(-70.4 34.0)
2016-08-27,32,POINT(-76.1 34.1)
2017-03-18,1,POINT(-109.1 46.1)
2017-12-07,7,POINT(-97.8 42.4)
2016-05-15,13,POINT(-107.1 43.9)
2017-08-22,55,POINT(-117.6 38.6)
2017-12-01,2,POINT(-100.9 30.9)
2016-03-11,5,POINT(-114.6 25.7)
2016-01-08,20,POINT(-81.8 48.6)
2017-03-08,22,POINT(-100.5 24.6)
2016-12-01,4,POINT(-118.4 33.4)
2017-09-18,60,POINT(-106.5 34.3)
2017-02-22,4,POINT(-103.4 46.7)
2016-10-27,5,POINT(-97.3 41.3)
2016-08-24,21,POINT(-85.9 27.2)
2017-08-10,11,POINT(-80.6 26.0)
2017-05-20,1,POINT(-70.7 48.4)
2017-02-02,51,POINT(-77.3 21.3)
2017-09-02,2,POINT(-97.1 46.8)
2016-11-18,4,POINT(-114.7 26.5)
2016-01-02,46,POINT(-86.8 22.7)
2017-09-25,7,POINT(-98.9 28.5)
2016-07-03,35,POINT(-99.7 36.6)
2016-01-16,4,POINT(-103.1 45.8)
2016-10-05,1,POINT(-111.6 40.3)
2016-12-16,6,POINT(-115.6 43.2)
2017-01-04,28,POINT(-79.1 47.4)
2017-07-06,22,POINT(-110.8 20.2)
2017-01-12,8,POINT(-85.0 39.5)
2016-02-24,21,POINT(-83.7 31.6)
2016-07-26,22,POINT(-104.6 38.4)
2016-05-11,17,POINT(-92.2 21.6)
2016-12-31,55,POINT(-84.4 24.5)
2016-12-21,32,POINT(-113.3 41.5)
2016-06-26,34,POINT(-111.5 46.4)
2016-08-29,12,POINT(-84.1 34.9)
2016-10-10,24,POINT(-106.0 25.8)
2017-09-26,5,POINT(-114.6 42.1)
2017-03-12,8,POINT(-94.0 21.5)
2017-11-09,14,POINT(-79.7 41.9)
2017-06-08,34,POINT(-104.7 44.3)
2016-03-11,9,POINT(-107.0 21.8)
2016-02-23,12,POINT(-109.6 32.1)
2016-01-13,64,POINT(-96.2 23.7)
2017-01-10,7,POINT(-91.4 44.6)
2017-07-24,20,POINT(-113.3 44.6)
2016-09-16,3,POINT(-79.9 47.7)
2016-03-20,11,POINT(-93.5 24.0)
2017-04-20,9,POINT(-91.9 41.6)
2016-02-29,1,POINT(-114.1 46.7)
2016-02-16,18,POINT(-88.8 33.2)
2017-05-04,9,POINT(-86.1 29.8)
2017-12-14,6,POINT(-99.8 41.4)
2016-02-05,45,POINT(-90.0 32.2)
2017-06-14,6,POINT(-108.3 33.4)
2016-09-12,11,POINT(-88.0 41.7)
2016-10-12,60,POINT(-93.3 33.6)
2017-01-01,2,POINT(-90.9 44.7)
2017-07-06,56,POINT(-107.4 41.2)
2016-08-15,10,POINT(-80.5 48.4)
2016-06-19,32,POINT(-78.7 36.2)
2017-05-11,9,POINT(-114.8 39.8)
2016-09-01,11,POINT(-76.6 21.8)
2017-01-27,12,POINT(-81.2 43.2)
2017-06-07,59,POINT(-92.3 38.7)
2017-12-27,16,POINT(-117.2 34.4)
2017-10-13,5,POINT(-93.8 49.2)
2016-10-24,19,POINT(-96.6 31.9)
2017-04-01,45,POINT(-108.8 24.1)
2017-03-12,5,POINT(-78.3 28.4)
2016-12-11,9,POINT(-104.0 47.3)
2017-04-22,17,POINT(-91.0 26.3)
2016-07-03,88,POINT(-97.5 49.0)
2017-12-24,13,POINT(-76.1 40.4)
2016-09-28,18,POINT(-95.0 26.1)
2017-04-05,3,POINT(-106.1 22.0)
2016-04-08,29,POINT(-83.9 34.2)
2017-03-09,5,POINT(-81.6 35.1)
2017-10-05,8,POINT(-73.3 30.5)
2017-09-18,25,POINT(-82.7 21.4)
2017-04-17,25,POINT(-117.5 47.7)
2016-09-25,8,POINT(-78.5 38.0)
2017-07-25,38,POINT(-95.9 34.5)
2017-09-12,32,POINT(-112.7 30.7)
2017-01-30,20,POINT(-71.1 40.3)
2017-02-11,4,POINT(-87.5 35.8)
2017-01-21,48,POINT(-75.4 45.4)
2017-06-17,15,POINT(-111.1 36.7)
2016-12-06,10,POINT(-81.2 35.7)
2017-06-22,53,POINT(-90.2 26.0)
2016-08-01,72,POINT(-100.7 22.2)
2017-01-31,26,POINT(-109.3 26.3)
2016-02-13,32,POINT(-103.0 24.8)
2017-08-14,6,POINT(-93.3 41.7)
2016-12-31,6,POINT(-83.3 27.7)
2016-06-22,17,POINT(-98.2 40.3)
2016-09-29,82,POINT(-100.4 37.4)
2017-07-03,28,POINT(-119.6 27.5)
2017-07-24,28,POINT(-72.5 38.4)
2017-05-04,6,POINT(-81.5 40.9)
2016-06-30,11,POINT(-70.2 20.6)
2017-09-08,9,POINT(-74.0 36.8)
2016-04-05,8,POINT(-76.9 43.2)
2017-08-24,27,POINT(-117.1 23.4)
2016-03-11,3,POINT(-89.2 31.8)
2017-09-03,4,POINT(-108.7 28.9)
2016-11-06,11,POINT(-75.9 39.1)
2016-11-22,8,POINT(-79.0 42.8)
2017-11-13,47,POINT(-111.5 48.9)
2016-12-12,5,POINT(-80.7 34.9)
2016-06-14,6,POINT(-70.7 41.6)
2016-08-03,4,POINT(-102.1 35.7)
2016-12-09,40,POINT(-101.7 30.8)
2016-03-01,5,POINT(-118.7 26.1)
2016-07-04,9,POINT(-83.6 46.6)
2016-12-29,23,POINT(-78.7 37.5)
2016-06-30,2,POINT(-117.7 39.2)
2017-12-31,34,POINT(-72.7 38.5)
2016-02-03,25,POINT(-116.3 27.1)
2017-02-08,7,POINT(-91.6 29.7)
2017-07-10,10,POINT(-73.6 45.3)
2016-05-17,20,POINT(-73.6 33.5)
2017-11-28,59,POINT(-113.3 20.4)
2016-01-28,20,POINT(-71.4 33.1)
2016-04-15,6,POINT(-106.5 27.0)
2016-06-05,14,POINT(-102.9 45.9)
2016-04-16,12,POINT(-86.2 35.4)
2016-08-20,16,POINT(-114.4 49.8)
2016-07-14,15,POINT(-93.3 21.0)
2016-07-20,10,POINT(-79.2 36.6)
2016-04-18,42,POINT(-95.2 21.6)
2017-06-26,9,POINT(-116.9 28.5)
2016-02-10,16,POINT(-79.7 26.9)
2016-03-04,7,POINT(-108.0 28.5)
2017-11-12,12,POINT(-79.7 49.4)
2017-02-18,23,POINT(-73.1 28.4)
2017-01-06,29,POINT(-82.3 24.9)
2017-10-12,33,POINT(-118.3 48.5)
2016-12-29,27,POINT(-87.0 38.8)
2016-08-23,13,POINT(-106.4 28.6)
2017-04-15,1,POINT(-110.1 39.8)
2017-05-14,15,POINT(-82.0 43.7)
2017-02-26,2,POINT(-105.5 20.5)
2017-08-01,68,POINT(-112.8 27.0)
2016-07-06,10,POINT(-111.5 37.1)
2017-06-23,15,POINT(-86.1 35.3)
2017-02-06,3,POINT(-97.1 32.6)
2017-05-08,110,POINT(-109.6 20.9)
2017-12-23,14,POINT(-116.0 48.5)
2016-08-21,8,POINT(-73.1 41.5)
2017-05-06,5,POINT(-70.1 49.9)
2017-06-14,21,POINT(-100.3 46.2)
2016-11-07,12,POINT(-107.6 37.2)
2016-04-22,8,POINT(-117.9 30.6)
2017-05-15,1,POINT(-104.6 24.9)
2016-12-09,1,POINT(-90.9 26.3)
2016-12-23,24,POINT(-93.8 46.0)
2016-05-05,14,POINT(-99.4 45.8)
2017-12-20,38,POINT(-101.9 45.8)
2016-03-22,29,POINT(-71.1 45.8)
2016-09-08,18,POINT(-95.0 25.6)
2017-07-06,17,POINT(-119.6 45.6)
2017-01-16,28,POINT(-85.0 23.8)
2017-12-17,28,POINT(-90.8 32.4)
2016-04-08,9,POINT(-112.1 49.8)
2017-03-27,3,POINT(-84.6 40.9)
2017-08-17,30,POINT(-119.0 39.4)
2016-01-24,6,POINT(-83.7 26.8)
2017-02-20,32,POINT(-112.5 42.1)
2016-12-18,20,POINT(-70.8 36.4)
2016-03-13,9,POINT(-94.4 34.4)
2017-11-25,39,POINT(-119.5 27.0)
2017-05-29,24,POINT(-78.1 23.7)
2016-01-30,16,POINT(-78.8 26.9)
2017-10-19,8,POINT(-81.8 35.2)
2017-03-25,86,POINT(-93.1 48.9)
2017-04-24,37,POINT(-109.1 27.6)
2017-04-01,3,POINT(-88.0 40.3)
2017-12-24,33,POINT(-77.6 25.3)
2016-01-27,3,POINT(-95.3 32.2)
2016-12-21,6,POINT(-116.6 28.3)
2017-09-08,64,POINT(-71.2 30.4)
2017-09-13,41,POINT(-86.2 26.7)
2016-01-19,19,POINT(-70.9 49.2)
2017-06-11,25,POINT(-110.7 30.0)
2016-09-26,2,POINT(-109.8 46.2)
2017-07-12,9,POINT(-115.0 30.1)
2016-05-25,8,POINT(-109.5 35.4)
2017-10-29,1,POINT(-114.6 47.4)
2017-06-25,25,POINT(-106.3 26.6)
2017-09-08,8,POINT(-91.0 33.8)
2016-05-28,21,POINT(-79.0 48.4)
2017-07-13,1,POINT(-115.2 45.5)
2016-07-01,1,POINT(-112.1 36.2)
2017-10-31,4,POINT(-105.5 27.2)
2016-02-11,25,POINT(-102.8 36.4)
2016-06-13,19,POINT(-75.5 45.1)
2017-11-16,5,POINT(-108.7 40.4)
2016-04-03,15,POINT(-113.6 35.3)
2016-08-01,20,POINT(-76.3 27.3)
2016-07-06,56,POINT(-75.9 39.1)
2016-03-28,29,POINT(-80.7 28.9)
2017-04-02,3,POINT(-100.9 20.4)
2017-04-16,7,POINT(-74.4 31.4)
2016-02-23,11,POINT(-98.0 26.1)
2017-01-06,3,POINT(-80.4 46.8)
2017-10-17,17,POINT(-98.3 23.6)
2017-05-31,48,POINT(-95.9 30.2)
2016-12-30,8,POINT(-77.0 26.4)
2016-02-06,84,POINT(-120.0 25.1)
2016-04-28,6,POINT(-106.3 34.9)
2017-02-12,13,POINT(-87.8 49.4)
2016-12-28,9,POINT(-73.9 31.5)
2017-01-03,8,POINT(-119.4 34.7)
2016-06-01,10,POINT(-96.8 39.1)
2016-11-18,1,POINT(-94.2 40.8)
2016-10-20,16,POINT(-70.0 33.5)
2017-04-24,28,POINT(-85.1 22.4)
2017-12-24,40,POINT(-113.7 45.2)
2017-04-22,8,POINT(-92.2 36.6)
2017-03-23,16,POINT(-112.3 34.0)
2016-05-09,45,POINT(-83.7 45.2)
2017-12-04,33,POINT(-101.8 37.9)
2017-12-09,13,POINT(-87.0 26.4)
2017-10-21,4,POINT(-75.3 32.7)
2016-12-07,17,POINT(-80.4 40.6)
2016-09-23,92,POINT(-80.2 49.6)
2016-12-03,29,POINT(-106.0 38.4)
2017-04-19,38,POINT(-90.4 25.8)
2017-02-18,5,POINT(-110.6 20.5)
2016-10-17,47,POINT(-108.9 29.1)
2016-06-20,1,POINT(-84.6 32.8)
2017-03-14,40,POINT(-99.7 38.7)
2016-10-27,6,POINT(-75.6 25.8)
2016-05-28,20,POINT(-95.6 22.5)
2017-10-21,7,POINT(-116.6 26.7)
2016-09-21,3,POINT(-99.3 36.0)
2016-04-04,6,POINT(-113.3 23.9)
2017-11-28,13,POINT(-70.3 24.6)
2017-02-20,51,POINT(-118.8 46.9)
2016-09-13,10,POINT(-91.9 22.7)
2017-12-23,2,POINT(-101.8 41.0)
2017-05-29,1,POINT(-89.7 20.7)
2017-11-09,5,POINT(-93.0 37.6)
2016-12-15,2,POINT(-74.1 44.7)
2016-07-23,10,POINT(-110.9 36.0)
2017-11-20,10,POINT(-114.0 27.7)
2016-12-09,72,POINT(-76.5 20.6)
2017-04-09,8,POINT(-73.4 20.3)
2017-06-22,19,POINT(-102.2 44.6)
2016-01-29,35,POINT(-72.2 38.8)
2017-09-30,15,POINT(-102.9 33.7)
2017-01-10,24,POINT(-90.8 35.2)
2016-04-14,74,POINT(-86.7 35.9)
2016-11-29,8,POINT(-70.3 30.8)
2016-03-09,2,POINT(-111.5 44.9)
2016-04-16,12,POINT(-105.3 49.8)
2017-11-22,16,POINT(-92.7 35.3)
2016-04-11,18,POINT(-109.3 34.8)
2016-09-18,27,POINT(-91.0 47.8)
2017-10-25,46,POINT(-81.1 39.9)
2017-07-05,14,POINT(-76.0 39.2)
2016-10-15,4,POINT(-103.2 21.9)
2016-05-16,11,POINT(-111.4 34.7)
2017-05-04,4,POINT(-85.7 38.0)
2017-11-19,5,POINT(-85.7 44.5)
2016-03-07,1,POINT(-98.1 42.0)
2016-05-30,54,POINT(-90.3 49.7)
2016-10-04,28,POINT(-80.1 22.3)
2016-07-30,3,POINT(-83.3 36.4)
2016-12-15,51,POINT(-86.4 23.3)
2017-09-19,41,POINT(-86.9 44.1)
2017-10-09,49,POINT(-83.8 37.3)
2016-05-26,3,POINT(-89.6 28.2)
2016-12-30,2,POINT(-115.8 33.2)
2017-11-08,2,POINT(-90.9 47.9)
2016-08-15,69,POINT(-75.5 43.4)
2017-10-07,22,POINT(-118.1 36.0)
2017-11-22,4,POINT(-100.0 44.0)
2016-10-16,53,POINT(-100.4 20.9)
2016-11-25,12,POINT(-107.3 46.9)
2017-01-29,31,POINT(-91.3 42.6)
2017-07-08,21,POINT(-111.5 43.9)
2016-05-18,21,POINT(-74.2 36.1)
2017-02-27,12,POINT(-112.2 40.8)
2016-09-09,11,POINT(-71.7 39.3)
2017-02-19,4,POINT(-119.4 44.4)
2017-05-21,2,POINT(-95.6 41.1)
2016-12-11,53,POINT(-118.2 35.1)
2017-11-27,56,POINT(-76.1 22.6)
2017-07-30,21,POINT(-80.1 49.8)
2016-06-28,10,POINT(-108.7 30.6)
2016-08-01,1,POINT(-113.1 42.8)
2017-03-13,12,POINT(-109.4 38.3)
2017-04-24,22,POINT(-116.1 49.3)
2016-06-01,8,POINT(-108.2 48.9)
2017-02-16,9,POINT(-116.6 33.0)
2016-05-02,13,POINT(-77.4 45.6)
2017-08-28,14,POINT(-77.3 23.6)
2017-08-16,28,POINT(-92.6 26.3)
2017-09-11,14,POINT(-74.0 37.2)
2017-08-01,38,POINT(-102.5 26.4)
2016-08-30,14,POINT(-111.1 23.6)
2016-11-01,1,POINT(-104.8 26.1)
2016-05-15,4,POINT(-113.8 30.0)
2016-06-07,26,POINT(-78.9 49.5)
2016-05-31,13,POINT(-82.0 22.6)
2017-03-31,13,POINT(-110.5 22.6)
2017-07-07,77,POINT(-92.7 21.3)
2016-11-29,17,POINT(-106.0 27.2)
2017-04-07,3,POINT(-113.4 23.4)
2017-04-13,12,POINT(-107.7 21.3)
2016-01-26,17,POINT(-90.0 33.4)
2016-06-14,1,POINT(-87.5 44.1)
2016-12-31,10,POINT(-110.7 23.0)
2017-03-14,69,POINT(-81.3 23.2)
2016-04-06,28,POINT(-91.3 44.3)
2017-01-28,10,POINT(-98.5 29.8)
2017-04-11,7,POINT(-87.7 35.0)
2016-09-23,7,POINT(-103.3 43.4)
2016-05-02,36,POINT(-106.8 32.3)
2017-06-18,11,POINT(-73.7 20.6)
2016-07-16,38,POINT(-75.0 32.5)
2016-02-10,48,POINT(-96.2 46.6)
2016-04-30,13,POINT(-89.8 23.7)
2017-02-28,59,POINT(-87.2 40.3)
2016-01-04,8,POINT(-87.2 34.9)
2016-09-11,7,POINT(-93.6 36.0)
2017-10-04,3,POINT(-104.4 44.9)
2017-04-12,6,POINT(-75.5 43.6)
2016-07-01,30,POINT(-91.9 49.5)
2016-04-16,11,POINT(-74.6 25.0)
2017-05-13,4,POINT(-78.6 27.6)
2017-03-22,3,POINT(-87.5 42.4)
2016-06-25,14,POINT(-84.5 45.2)
2016-03-12,16,POINT(-74.4 44.7)
2016-03-10,32,POINT(-88.4 33.7)
2017-08-03,26,POINT(-96.6 23.2)
2016-05-02,4,POINT(-97.9 31.0)
2017-01-26,7,POINT(-71.0 28.4)
2016-08-14,24,POINT(-82.4 35.3)
2017-01-02,4,POINT(-86.4 24.9)
2017-04-02,33,POINT(-115.2 39.2)
2016-07-01,22,POINT(-90.6 49.0)
2016-08-14,16,POINT(-110.6 42.1)
2016-03-12,21,POINT(-100.5 49.5)
2017-05-26,3,POINT(-92.1 41.3)
2016-01-08,16,POINT(-119.6 42.2)
2016-03-12,13,POINT(-76.9 36.0)
2017-12-24,15,POINT(-98.1 48.4)
2016-02-15,9,POINT(-88.9 30.8)
2016-05-29,13,POINT(-109.9 42.9)
2017-08-15,43,POINT(-84.9 20.0)
2017-04-26,9,POINT(-104.5 44.3)
2017-02-12,1,POINT(-94.2 28.8)
2016-06-23,6,POINT(-103.8 22.5)
2017-03-02,13,POINT(-87.8 41.7)
2017-10-16,16,POINT(-77.5 35.7)
2017-12-04,12,POINT(-87.9 28.6)
2017-11-01,36,POINT(-111.1 42.6)
2016-08-24,50,POINT(-107.5 32.8)
2017-08-17,14,POINT(-93.9 39.5)
2017-11-17,2,POINT(-106.4 49.9)
2016-05-19,11,POINT(-110.2 20.1)
2016-03-04,4,POINT(-117.7 45.4)
2016-10-05,7,POINT(-114.8 36.8)
2016-02-19,36,POINT(-91.8 31.2)
2016-08-02,16,POINT(-110.3 48.5)
2017-09-28,36,POINT(-95.1 48.2)
2016-02-05,85,POINT(-87.9 21.8)
2017-10-12,16,POINT(-107.5 40.9)
2017-08-20,49,POINT(-72.5 38.1)
2017-03-06,24,POINT(-107.2 40.3)
2017-05-19,3,POINT(-111.9 48.5)
2017-07-21,11,POINT(-97.2 49.7)
2016-09-05,22,POINT(-97.9 27.4)
2017-04-12,25,POINT(-77.1 28.8)
2017-05-24,40,POINT(-117.6 42.0)
2017-01-28,21,POINT(-106.4 41.1)
2017-03-15,2,POINT(-76.0 24.4)
2017-12-26,4,POINT(-82.1 48.4)
2016-06-06,8,POINT(-119.8 44.2)
2016-04-03,7,POINT(-93.6 29.9)
2017-04-30,6,POINT(-107.8 37.4)
2017-03-14,20,POINT(-70.6 41.7)
2016-06-14,12,POINT(-70.8 46.5)
2016-02-25,24,POINT(-73.6 49.7)
2017-03-30,10,POINT(-119.5 41.2)
2017-01-04,7,POINT(-74.8 37.6)
2017-01-12,16,POINT(-103.7 48.7)
2017-01-29,3,POINT(-87.9 35.5)
2017-01-25,90,POINT(-97.5 26.8)
2016-12-17,22,POINT(-102.3 22.8)
2016-03-22,3,POINT(-105.7 24.8)
2017-06-29,20,POINT(-98.6 37.8)
2016-03-03,2,POINT(-105.1 40.2)
2017-05-28,15,POINT(-73.7 43.2)
2017-12-02,7,POINT(-98.1 29.1)
2017-07-08,25,POINT(-72.8 31.1)
2017-08-29,14,POINT(-101.4 43.9)
2016-05-27,31,POINT(-107.0 24.4)
2017-06-02,6,POINT(-79.5 45.8)
2017-12-26,22,POINT(-94.0 28.5)
2016-11-03,24,POINT(-111.9 33.8)
2017-05-19,13,POINT(-73.6 26.8)
2016-04-07,40,POINT(-71.9 24.3)
2016-10-28,4,POINT(-85.6 42.7)
2016-02-11,29,POINT(-71.4 43.8)
2016-11-11,3,POINT(-86.3 29.8)
2017-01-18,4,POINT(-88.8 47.0)
2016-04-13,5,POINT(-78.7 40.4)
2016-12-01,22,POINT(-116.6 35.7)
2017-08-12,21,POINT(-97.9 45.5)
2017-09-27,12,POINT(-98.5 46.3)
2016-02-01,8,POINT(-89.0 38.0)
2017-11-09,19,POINT(-102.6 37.5)
2016-10-08,4,POINT(-97.3 40.5)
2016-01-30,20,POINT(-77.5 37.1)
2017-11-11,1,POINT(-72.6 37.4)
2017-01-27,4,POINT(-95.8 37.9)
2016-02-01,25,POINT(-84.7 29.7)
2017-11-26,42,POINT(-92.6 42.6)
2017-07-18,2,POINT(-76.6 30.7)
2016-05-28,21,POINT(-106.9 39.4)
2016-03-16,2,POINT(-76.8 41.8)
2017-02-10,43,POINT(-94.2 36.7)
2017-08-03,10,POINT(-97.2 27.0)
2016-09-30,28,POINT(-72.4 37.4)
2017-07-02,4,POINT(-104.7 44.5)
2017-10-08,40,POINT(-115.9 22.4)
2016-03-01,12,POINT(-86.4 39.8)
2016-05-10,5,POINT(-106.8 23.3)
2017-05-27,17,POINT(-87.9 39.4)
2016-02-29,7,POINT(-117.2 28.4)
2017-01-14,7,POINT(-91.9 46.7)
2016-12-12,3,POINT(-108.1 31.9)
2017-03-17,5,POINT(-116.2 31.5)
2017-06-26,32,POINT(-117.2 45.6)
2017-02-02,15,POINT(-72.1 48.9)
2016-01-07,9,POINT(-106.7 20.9)
2017-01-25,54,POINT(-90.9 34.7)
2016-05-14,32,POINT(-95.8 37.0)
2016-01-20,8,POINT(-101.9 47.8)
2016-11-22,3,POINT(-92.9 37.8)
2017-03-09,5,POINT(-92.0 37.3)
2017-10-15,23,POINT(-78.1 42.2)
2017-01-08,17,POINT(-100.7 43.7)
2016-05-22,80,POINT(-102.4 34.1)
2017-12-22,1,POINT(-86.0 24.8)
2017-01-28,42,POINT(-101.4 45.7)
2017-04-27,1,POINT(-94.4 24.9)
2017-09-28,12,POINT(-111.3 49.4)
2017-05-05,50,POINT(-105.8 30.9)
2016-11-16,22,POINT(-109.9 48.5)
2017-02-15,18,POINT(-78.0 41.1)
2016-12-19,8,POINT(-80.1 46.0)
2017-03-07,68,POINT(-100.4 48.3)
2016-01-03,4,POINT(-98.0 40.1)
2016-05-10,7,POINT(-99.5 43.4)
2016-03-15,13,POINT(-110.4 26.1)
2016-11-19,3,POINT(-80.8 31.5)
2017-04-22,12,POINT(-78.6 32.0)
2016-06-08,1,POINT(-89.5 25.1)
2016-01-17,52,POINT(-82.9 36.8)
2017-01-29,8,POINT(-87.4 42.4)
2016-12-21,21,POINT(-114.9 27.6)
2016-02-01,41,POINT(-92.4 41.8)
2017-04-27,35,POINT(-102.7 44.8)
2016-06-03,42,POINT(-109.0 20.5)
2017-09-15,26,POINT(-86.8 45.2)
2017-09-01,5,POINT(-75.6 26.5)
2017-08-26,10,POINT(-70.0 20.5)
2017-10-19,15,POINT(-91.1 44.0)
2017-05-29,9,POINT(-86.4 43.7)
2016-12-07,63,POINT(-87.4 20.4)
2017-02-09,33,POINT(-85.2 22.1)
2017-01-07,33,POINT(-107.7 47.6)
2016-10-12,9,POINT(-112.0 47.2)
2017-07-13,29,POINT(-99.6 35.7)
2017-07-30,20,POINT(-96.7 45.6)
2016-08-08,10,POINT(-81.8 28.9)
2016-05-26,8,POINT(-88.9 24.6)
2016-06-28,32,POINT(-92.4 49.3)
2017-05-24,19,POINT(-95.1 37.3)
2016-10-23,1,POINT(-108.8 28.9)
2016-12-14,1,POINT(-101.4 35.5)
2017-05-05,37,POINT(-114.5 38.0)
2016-12-18,2,POINT(-116.7 29.9)
2016-03-21,15,POINT(-119.3 43.0)
2017-12-05,19,POINT(-115.6 21.2)
2017-03-09,50,POINT(-90.3 27.2)
2016-05-02,15,POINT(-71.4 29.4)
2016-10-15,5,POINT(-118.6 41.7)
2017-04-14,7,POINT(-80.8 43.9)
2017-05-24,2,POINT(-86.7 38.8)
2017-08-16,6,POINT(-77.1 29.9)
2017-04-24,34,POINT(-72.7 27.8)
2017-08-18,29,POINT(-79.4 31.9)
2017-03-14,2,POINT(-80.1 33.2)
2017-12-27,14,POINT(-115.7 37.8)
2016-06-22,8,POINT(-102.1 40.3)
2016-12-11,21,POINT(-89.2 31.3)
2016-04-14,66,POINT(-119.1 23.6)
2017-07-22,20,POINT(-96.3 33.2)
2017-11-11,28,POINT(-119.6 30.8)
2017-08-09,11,POINT(-82.9 21.8)
2017-03-30,1,POINT(-106.7 26.2)
2016-10-20,11,POINT(-82.3 32.4)
2017-01-27,15,POINT(-96.0 36.6)
2016-07-14,14,POINT(-114.6 36.3)
2017-02-25,6,POINT(-74.0 26.4)
2017-04-21,13,POINT(-85.1 26.9)
2016-08-05,26,POINT(-83.8 41.3)
2016-06-01,8,POINT(-108.5 30.2)
2016-02-06,21,POINT(-113.7 25.7)
2017-11-20,4,POINT(-72.3 33.6)
2016-12-13,7,POINT(-102.7 34.8)
2017-12-12,44,POINT(-108.3 26.0)
2016-06-18,20,POINT(-76.1 34.0)
2016-11-05,2,POINT(-96.8 42.4)
2017-09-28,7,POINT(-87.3 25.1)
2017-11-05,103,POINT(-106.7 30.8)
2016-12-19,7,POINT(-71.5 23.0)
2016-09-06,18,POINT(-96.3 26.5)
2017-01-13,16,POINT(-98.8 33.0)
2016-05-24,11,POINT(-116.8 49.2)
2017-09-16,1,POINT(-84.6 41.0)
2017-05-03,7,POINT(-92.9 47.9)
2016-04-01,62,POINT(-71.7 23.1)
2016-06-29,1,POINT(-113.6 48.3)
2016-05-07,26,POINT(-100.4 35.3)
2016-10-04,45,POINT(-107.3 28.5)
2017-03-17,29,POINT(-86.6 45.3)
2017-11-11,8,POINT(-116.4 38.0)
2016-09-15,15,POINT(-70.4 22.7)
2016-12-13,41,POINT(-84.3 36.1)
2017-07-28,75,POINT(-100.9 39.3)
2017-04-28,3,POINT(-101.6 20.5)
2016-10-28,3,POINT(-96.0 36.5)
2016-07-30,63,POINT(-85.1 30.9)
2017-05-02,42,POINT(-90.4 33.7)
2017-04-28,5,POINT(-95.8 23.3)
2017-10-09,71,POINT(-110.2 35.1)
2017-07-04,5,POINT(-111.3 49.5)
2017-04-07,2,POINT(-74.2 42.1)
2016-12-15,23,POINT(-92.4 47.8)
2016-10-29,16,POINT(-91.0 28.3)
2017-02-21,6,POINT(-98.4 31.5)
2016-03-08,53,POINT(-84.6 39.5)
2016-02-26,11,POINT(-79.9 42.2)
2017-04-14,11,POINT(-99.4 29.1)
2016-06-01,20,POINT(-117.4 30.4)
2016-07-19,6,POINT(-107.4 24.0)
2017-08-21,18,POINT(-78.9 40.4)
2016-02-08,10,POINT(-92.0 30.5)
2017-05-26,24,POINT(-75.9 24.2)
2016-09-04,6,POINT(-100.9 39.0)
2016-04-23,5,POINT(-104.3 20.4)
2017-01-12,6,POINT(-119.9 48.5)
2017-12-16,55,POINT(-111.0 39.2)
2017-12-18,38,POINT(-103.2 38.2)
2016-05-14,36,POINT(-116.0 39.4)
2016-05-02,31,POINT(-89.8 29.5)
2017-08-17,21,POINT(-70.5 27.0)
2016-07-31,3,POINT(-117.1 36.1)
2017-05-16,8,POINT(-100.4 48.3)
2016-06-23,17,POINT(-100.0 28.4)
2016-10-01,3,POINT(-116.5 41.5)
2016-08-23,1,POINT(-110.7 49.2)
2017-06-29,2,POINT(-97.4 36.5)
2016-06-19,3,POINT(-72.2 33.8)
2017-10-14,3,POINT(-91.5 42.4)
2017-02-23,5,POINT(-115.0 24.2)
2017-06-20,14,POINT(-82.9 21.0)
2016-04-06,7,POINT(-77.1 30.6)
2016-01-21,40,POINT(-79.6 45.1)
2016-10-16,42,POINT(-79.1 22.3)
2017-09-13,51,POINT(-79.4 37.7)
2016-03-22,13,POINT(-108.9 21.5)
2016-04-16,30,POINT(-90.3 35.0)
2017-11-19,18,POINT(-111.9 23.9)
2016-10-12,4,POINT(-103.6 38.2)
2017-09-12,21,POINT(-99.1 29.3)
2017-07-03,37,POINT(-98.4 31.1)
2016-11-26,9,POINT(-98.1 21.9)
2017-12-28,28,POINT(-80.8 43.3)
2016-05-11,30,POINT(-89.0 38.1)
2016-12-04,21,POINT(-87.9 37.4)
2016-08-08,43,POINT(-81.6 39.7)
2016-03-17,4,POINT(-109.7 39.9)
2017-12-27,38,POINT(-96.8 30.6)
2017-08-27,19,POINT(-77.2 28.2)
2017-10-12,39,POINT(-84.7 28.9)
2017-08-14,16,POINT(-76.0 44.3)
2016-02-19,8,POINT(-97.3 25.1)
2016-12-08,46,POINT(-81.7 34.6)
2016-11-27,42,POINT(-106.7 38.8)
2016-10-20,7,POINT(-76.6 35.5)
2016-05-31,28,POINT(-105.2 36.6)
2016-04-04,2,POINT(-103.0 45.2)
2017-11-08,2,POINT(-84.1 29.9)
2017-01-15,15,POINT(-82.6 30.4)
2017-03-15,1,POINT(-117.4 25.0)
2016-11-16,12,POINT(-112.5 42.5)
2016-03-30,32,POINT(-107.5 26.2)
2017-06-12,45,POINT(-70.0 35.6)
2016-10-09,6,POINT(-78.9 45.6)
2016-12-10,2,POINT(-84.2 22.9)
2016-08-20,20,POINT(-71.8 25.1)
2016-12-17,7,POINT(-85.6 25.5)
2017-12-16,1,POINT(-85.4 24.0)
2017-03-08,3,POINT(-75.1 48.3)
2016-11-09,56,POINT(-104.9 42.2)
2017-01-14,42,POINT(-119.9 33.6)
2016-09-13,36,POINT(-84.3 28.9)
2017-01-31,9,POINT(-112.2 23.5)
2016-09-13,26,POINT(-105.6 20.7)
2016-06-07,63,POINT(-78.9 39.5)
2016-07-21,17,POINT(-81.1 35.2)
2017-02-16,9,POINT(-96.3 37.8)
2017-11-18,33,POINT(-114.8 25.0)
2016-03-22,12,POINT(-105.1 37.7)
2017-03-21,18,POINT(-96.2 26.1)
2016-01-25,16,POINT(-81.6 21.2)
2016-01-18,5,POINT(-70.8 46.2)
2017-05-11,1,POINT(-88.7 44.8)
2016-04-25,136,POINT(-117.3 37.7)
2016-05-28,11,POINT(-108.9 47.4)
2016-11-21,7,POINT(-107.0 43.2)
2016-01-21,30,POINT(-88.3 28.2)
2017-08-28,18,POINT(-119.1 47.4)
2016-05-27,43,POINT(-94.7 31.6)
2017-09-29,31,POINT(-70.2 49.5)
2017-09-24,7,POINT(-81.6 40.9)
2017-10-01,18,POINT(-81.5 26.3)
2017-03-21,14,POINT(-82.7 31.9)
2016-10-13,63,POINT(-85.8 40.0)
2017-10-26,6,POINT(-105.1 43.7)
2016-11-20,7,POINT(-80.9 37.3)
2016-07-18,51,POINT(-87.7 42.2)
2016-05-27,13,POINT(-108.6 34.4)
2017-01-01,13,POINT(-71.1 28.6)
2016-08-08,41,POINT(-70.8 41.1)
2016-08-15,8,POINT(-101.3 44.7)
2016-11-01,24,POINT(-82.3 29.5)
2016-06-27,26,POINT(-85.9 32.8)
2017-04-20,12,POINT(-90.8 30.1)
2017-02-20,9,POINT(-111.0 24.4)
2017-09-01,28,POINT(-96.6 43.0)
2017-09-19,6,POINT(-83.5 35.3)
2016-05-02,35,POINT(-70.6 24.9)
2016-10-11,11,POINT(-89.3 30.4)
2017-12-07,1,POINT(-82.4 42.2)
2017-12-27,17,POINT(-74.3 31.4)
2016-01-03,5,POINT(-89.3 22.2)
2016-09-18,13,POINT(-81.8 23.2)
2017-11-10,34,POINT(-97.1 49.9)
2017-04-15,5,POINT(-105.4 32.8)
2016-11-27,5,POINT(-95.3 39.1)
2016-09-17,13,POINT(-115.6 38.6)
2016-01-03,13,POINT(-73.5 25.0)
2017-03-22,13,POINT(-104.5 32.0)
2016-08-03,24,POINT(-96.9 41.4)
2017-04-23,7,POINT(-87.3 32.7)
2017-07-22,7,POINT(-94.8 37.7)
2017-11-12,1,POINT(-105.9 31.1)
2017-08-17,10,POINT(-70.8 28.0)
2017-03-15,5,POINT(-77.6 20.6)
2016-07-18,18,POINT(-114.9 32.7)
2017-10-29,4,POINT(-101.6 31.9)
2016-10-05,45,POINT(-110.3 33.8)
2016-05-14,38,POINT(-96.1 20.2)
2016-10-20,29,POINT(-109.6 35.5)
2016-07-23,34,POINT(-104.4 23.5)
2017-11-27,65,POINT(-94.0 34.9)
2016-03-25,8,POINT(-112.8 30.3)
2016-10-19,79,POINT(-77.0 21.3)
2017-01-24,45,POINT(-101.9 25.0)
2016-05-17,9,POINT(-74.3 27.7)
2017-02-14,40,POINT(-118.5 27.0)
2017-05-23,46,POINT(-81.4 38.1)
2016-08-05,1,POINT(-76.8 21.3)
2017-09-09,42,POINT(-70.8 33.3)
2016-02-26,12,POINT(-113.4 44.5)
2016-04-01,34,POINT(-98.3 28.6)
2017-01-04,3,POINT(-82.0 38.1)
2017-07-24,4,POINT(-94.3 47.7)
2017-02-15,78,POINT(-79.0 43.7)
2016-07-11,11,POINT(-70.8 44.9)
2016-04-26,33,POINT(-82.2 33.1)
2017-12-07,28,POINT(-82.9 22.5)
2017-10-31,31,POINT(-91.6 34.6)
2016-10-01,29,POINT(-96.8 22.2)
2016-12-18,50,POINT(-78.2 34.9)
2017-03-21,18,POINT(-108.4 34.9)
2016-02-05,12,POINT(-76.9 44.5)
2017-09-15,52,POINT(-78.1 36.4)
2016-07-15,9,POINT(-83.1 23.0)
2016-10-16,20,POINT(-85.2 33.7)
2017-11-25,39,POINT(-119.6 42.0)
2017-04-30,50,POINT(-70.5 23.1)
2017-02-14,60,POINT(-100.4 34.7)
2017-02-26,22,POINT(-101.0 35.1)
2016-08-26,26,POINT(-70.6 47.9)
2016-10-24,14,POINT(-107.9 43.3)
2016-02-11,7,POINT(-72.3 27.3)
2016-03-28,1,POINT(-100.7 44.2)
2016-06-24,6,POINT(-115.1 32.9)
2016-10-04,79,POINT(-93.8 35.0)
2016-12-08,33,POINT(-84.7 31.1)
2016-10-23,14,POINT(-89.5 22.7)
2016-10-06,9,POINT(-72.4 49.7)
2017-02-27,2,POINT(-100.8 22.6)
2017-02-19,1,POINT(-97.9 22.5)
2016-02-02,29,POINT(-107.7 23.6)
2016-01-28,85,POINT(-91.1 28.3)
2016-07-27,6,POINT(-73.0 36.4)
2017-08-24,7,POINT(-102.7 43.2)
2017-08-16,55,POINT(-114.3 42.9)
