date,number_of_strikes,center_point_geom
2016-01-01,870,POINT(-89.4 48.6)
2016-01-01,3782,POINT(-115.1 42.9)
2016-01-01,3102,POINT(-117.6 38.8)
2016-01-01,476,POINT(-66.2 45.4)
2016-01-01,4436,POINT(-101.4 28.7)
2016-01-01,3454,POINT(-111.4 25.4)
2016-01-01,3181,POINT(-114.7 41.6)
2016-01-01,2929,POINT(-84.9 27.4)
2016-01-01,140,POINT(-88.4 27.8)
2016-01-01,1695,POINT(-86.4 42.9)
2016-01-02,779,POINT(-119.7 31.5)
2016-01-02,2401,POINT(-71.4 40.1)
2016-01-02,2443,POINT(-101.6 47.0)
2016-01-02,1194,POINT(-106.2 32.6)
2016-01-02,4565,POINT(-97.3 30.2)
2016-01-02,3395,POINT(-101.6 27.6)
2016-01-02,4127,POINT(-73.2 28.1)
2016-01-02,4853,POINT(-69.2 26.5)
2016-01-02,2914,POINT(-106.8 27.1)
2016-01-02,484,POINT(-73.2 35.4)
2016-01-03,1092,POINT(-78.1 32.7)
2016-01-03,2568,POINT(-69.2 42.0)
2016-01-03,2057,POINT(-110.3 45.9)
2016-01-03,2757,POINT(-90.4 43.8)
2016-01-03,985,POINT(-108.5 37.7)
2016-01-03,1816,POINT(-75.6 27.5)
2016-01-03,199,POINT(-124.7 42.0)
2016-01-03,2744,POINT(-91.1 33.7)
2016-01-03,3015,POINT(-104.6 27.1)
2016-01-03,4668,POINT(-105.6 45.2)
2016-01-04,1909,POINT(-86.3 33.1)
2016-01-04,1277,POINT(-73.9 30.2)
2016-01-04,1538,POINT(-88.4 45.9)
2016-01-04,3212,POINT(-73.8 46.7)
2016-01-04,3566,POINT(-109.1 33.1)
2016-01-04,3900,POINT(-93.8 33.5)
2016-01-04,656,POINT(-98.0 38.9)
2016-01-04,2898,POINT(-124.3 42.6)
2016-01-04,2445,POINT(-91.6 26.5)
2016-01-04,610,POINT(-85.3 39.2)
2016-01-05,2373,POINT(-89.5 47.9)
2016-01-05,2071,POINT(-80.8 31.3)
2016-01-05,251,POINT(-90.7 46.8)
2016-01-05,2051,POINT(-121.0 47.8)
2016-01-05,2834,POINT(-118.0 31.5)
2016-01-05,2622,POINT(-89.2 43.1)
2016-01-05,1373,POINT(-108.5 30.7)
2016-01-05,1488,POINT(-120.2 42.7)
2016-01-05,2566,POINT(-99.2 44.1)
2016-01-05,785,POINT(-91.7 30.9)
2016-01-06,4024,POINT(-105.3 42.2)
2016-01-06,44,POINT(-81.8 44.5)
2016-01-06,3162,POINT(-86.4 33.6)
2016-01-06,1965,POINT(-105.0 29.0)
2016-01-06,1595,POINT(-79.7 27.2)
2016-01-06,3953,POINT(-86.1 38.8)
2016-01-06,3083,POINT(-86.8 48.5)
2016-01-06,1031,POINT(-91.8 44.8)
2016-01-06,3471,POINT(-124.3 35.5)
2016-01-06,2623,POINT(-83.2 37.9)
2016-01-07,3853,POINT(-102.4 31.7)
2016-01-07,1510,POINT(-68.4 28.9)
2016-01-07,4808,POINT(-75.9 36.6)
2016-01-07,171,POINT(-89.7 36.1)
2016-01-07,4307,POINT(-109.9 37.5)
2016-01-07,1991,POINT(-112.8 47.9)
2016-01-07,1005,POINT(-104.6 39.5)
2016-01-07,4921,POINT(-96.4 39.5)
2016-01-07,3352,POINT(-107.2 28.1)
2016-01-07,4561,POINT(-94.1 48.9)
2016-01-08,3808,POINT(-115.1 43.5)
2016-01-08,1285,POINT(-66.3 46.1)
2016-01-08,1026,POINT(-118.5 34.9)
2016-01-08,347,POINT(-69.1 37.1)
2016-01-08,888,POINT(-70.2 37.5)
2016-01-08,1086,POINT(-93.5 29.7)
2016-01-08,4897,POINT(-81.5 41.5)
2016-01-08,4003,POINT(-98.8 46.7)
2016-01-08,4869,POINT(-87.2 28.9)
2016-01-08,389,POINT(-104.6 27.1)
2016-01-09,502,POINT(-106.9 42.7)
2016-01-09,2072,POINT(-90.3 31.6)
2016-01-09,3894,POINT(-95.1 40.0)
2016-01-09,74,POINT(-90.2 41.7)
2016-01-09,2578,POINT(-107.8 32.7)
2016-01-09,2037,POINT(-103.0 44.6)
2016-01-09,2705,POINT(-120.0 38.2)
2016-01-09,1505,POINT(-121.9 45.9)
2016-01-09,401,POINT(-109.8 43.3)
2016-01-09,4524,POINT(-120.5 45.8)
2016-01-10,4484,POINT(-118.8 25.5)
2016-01-10,3571,POINT(-76.2 30.8)
2016-01-10,2288,POINT(-122.7 27.2)
2016-01-10,3109,POINT(-85.5 35.6)
2016-01-10,210,POINT(-108.6 46.4)
2016-01-10,4885,POINT(-72.7 36.2)
2016-01-10,3114,POINT(-95.9 45.4)
2016-01-10,4608,POINT(-106.7 32.9)
2016-01-10,2464,POINT(-93.9 33.1)
2016-01-10,3655,POINT(-102.1 46.5)
2016-01-11,814,POINT(-91.1 35.2)
2016-01-11,2741,POINT(-118.1 44.0)
2016-01-11,2783,POINT(-65.2 30.7)
2016-01-11,1580,POINT(-99.5 47.8)
2016-01-11,2700,POINT(-104.1 38.8)
2016-01-11,3850,POINT(-82.4 43.2)
2016-01-11,1038,POINT(-103.2 27.1)
2016-01-11,512,POINT(-75.0 36.8)
2016-01-11,4503,POINT(-97.7 46.6)
2016-01-11,880,POINT(-81.8 46.0)
2016-01-12,4498,POINT(-118.6 26.1)
2016-01-12,216,POINT(-74.2 32.3)
2016-01-12,1494,POINT(-80.9 35.6)
2016-01-12,873,POINT(-112.3 29.1)
2016-01-12,2800,POINT(-116.3 42.5)
2016-01-12,573,POINT(-106.0 29.4)
2016-01-12,4201,POINT(-66.4 33.3)
2016-01-12,1767,POINT(-109.6 40.9)
2016-01-12,1688,POINT(-97.6 36.6)
2016-01-12,3252,POINT(-123.2 42.7)
2016-01-13,4646,POINT(-101.2 48.1)
2016-01-13,1069,POINT(-90.7 27.8)
2016-01-13,1732,POINT(-67.8 42.0)
2016-01-13,3324,POINT(-94.0 30.5)
2016-01-13,3167,POINT(-75.9 34.9)
2016-01-13,2635,POINT(-92.2 25.8)
2016-01-13,2739,POINT(-122.6 28.3)
2016-01-13,1607,POINT(-106.1 32.7)
2016-01-13,3070,POINT(-90.5 33.2)
2016-01-13,2703,POINT(-68.0 46.6)
2016-01-14,4901,POINT(-73.5 42.8)
2016-01-14,3637,POINT(-111.3 48.3)
2016-01-14,1373,POINT(-111.8 39.4)
2016-01-14,1991,POINT(-112.9 30.8)
2016-01-14,1673,POINT(-69.7 32.9)
2016-01-14,1539,POINT(-73.8 32.7)
2016-01-14,2048,POINT(-78.5 32.8)
2016-01-14,3312,POINT(-101.4 41.2)
2016-01-14,2247,POINT(-94.7 37.7)
2016-01-14,1316,POINT(-97.1 34.3)
2016-01-15,4039,POINT(-109.8 28.6)
2016-01-15,2685,POINT(-94.7 25.5)
2016-01-15,1292,POINT(-123.2 30.3)
2016-01-15,719,POINT(-117.1 27.6)
2016-01-15,4754,POINT(-71.8 43.9)
2016-01-15,4423,POINT(-79.9 27.7)
2016-01-15,3758,POINT(-99.6 42.4)
2016-01-15,4789,POINT(-94.0 34.3)
2016-01-15,673,POINT(-102.8 26.8)
2016-01-15,2008,POINT(-80.6 44.5)
2016-01-16,3455,POINT(-77.9 38.9)
2016-01-16,3753,POINT(-79.2 30.7)
2016-01-16,1505,POINT(-81.6 46.5)
2016-01-16,3314,POINT(-112.7 26.1)
2016-01-16,3773,POINT(-104.7 29.8)
2016-01-16,1863,POINT(-96.8 43.0)
2016-01-16,4669,POINT(-105.2 42.0)
2016-01-16,1301,POINT(-79.7 31.9)
2016-01-16,3591,POINT(-105.2 26.5)
2016-01-16,3467,POINT(-116.7 45.6)
2016-01-17,1646,POINT(-101.1 32.5)
2016-01-17,3706,POINT(-66.2 29.7)
2016-01-17,3009,POINT(-111.4 37.4)
2016-01-17,3162,POINT(-88.3 46.8)
2016-01-17,708,POINT(-99.0 26.0)
2016-01-17,2170,POINT(-120.7 43.4)
2016-01-17,4107,POINT(-95.7 38.7)
2016-01-17,4747,POINT(-82.9 35.2)
2016-01-17,864,POINT(-94.2 42.9)
2016-01-17,3484,POINT(-72.7 48.2)
2016-01-18,1717,POINT(-107.7 30.5)
2016-01-18,2787,POINT(-119.8 28.4)
2016-01-18,1743,POINT(-68.8 46.9)
2016-01-18,4941,POINT(-102.3 41.1)
2016-01-18,3520,POINT(-90.4 35.5)
2016-01-18,212,POINT(-77.5 38.8)
2016-01-18,3265,POINT(-105.5 42.9)
2016-01-18,4228,POINT(-82.0 43.6)
2016-01-18,4506,POINT(-116.9 47.1)
2016-01-18,776,POINT(-107.5 35.2)
2016-01-19,4399,POINT(-116.3 32.0)
2016-01-19,2337,POINT(-76.3 40.4)
2016-01-19,2941,POINT(-111.6 35.0)
2016-01-19,207,POINT(-82.0 39.3)
2016-01-19,1940,POINT(-68.4 35.1)
2016-01-19,3592,POINT(-93.3 28.7)
2016-01-19,618,POINT(-92.6 36.3)
2016-01-19,3282,POINT(-97.3 41.6)
2016-01-19,1157,POINT(-105.4 44.2)
2016-01-19,4292,POINT(-96.5 36.8)
2016-01-20,3407,POINT(-88.8 29.0)
2016-01-20,2521,POINT(-65.8 35.0)
2016-01-20,1804,POINT(-68.7 43.9)
2016-01-20,669,POINT(-73.3 34.9)
2016-01-20,2821,POINT(-71.7 41.7)
2016-01-20,1379,POINT(-96.9 37.2)
2016-01-20,1996,POINT(-85.6 30.8)
2016-01-20,156,POINT(-71.3 44.1)
2016-01-20,3229,POINT(-101.4 27.0)
2016-01-20,2921,POINT(-67.3 37.6)
2016-01-21,1744,POINT(-100.1 30.0)
2016-01-21,1853,POINT(-88.9 26.6)
2016-01-21,498,POINT(-82.4 37.1)
2016-01-21,2986,POINT(-68.0 37.0)
2016-01-21,1969,POINT(-110.3 42.0)
2016-01-21,2395,POINT(-80.2 42.9)
2016-01-21,2929,POINT(-93.8 42.5)
2016-01-21,4746,POINT(-108.9 34.8)
2016-01-21,1812,POINT(-78.4 40.2)
2016-01-21,4071,POINT(-91.9 38.8)
2016-01-22,3379,POINT(-85.3 35.1)
2016-01-22,272,POINT(-105.6 39.3)
2016-01-22,633,POINT(-96.1 47.7)
2016-01-22,1026,POINT(-88.0 29.6)
2016-01-22,3653,POINT(-100.7 46.7)
2016-01-22,4986,POINT(-113.1 26.3)
2016-01-22,2059,POINT(-67.3 32.4)
2016-01-22,3733,POINT(-94.3 31.9)
2016-01-22,4558,POINT(-81.0 40.0)
2016-01-22,3118,POINT(-100.3 28.1)
2016-01-23,4100,POINT(-103.7 46.2)
2016-01-23,2066,POINT(-100.6 44.9)
2016-01-23,3180,POINT(-100.4 40.6)
2016-01-23,1692,POINT(-92.3 36.0)
2016-01-23,2265,POINT(-92.4 47.4)
2016-01-23,1164,POINT(-95.2 44.9)
2016-01-23,4509,POINT(-116.9 37.0)
2016-01-23,3201,POINT(-95.2 41.8)
2016-01-23,1706,POINT(-114.9 38.6)
2016-01-23,4001,POINT(-117.4 39.1)
2016-01-24,4733,POINT(-69.0 32.9)
2016-01-24,4692,POINT(-88.7 36.1)
2016-01-24,1658,POINT(-85.4 26.9)
2016-01-24,1455,POINT(-100.9 33.6)
2016-01-24,4209,POINT(-70.5 41.7)
2016-01-24,3933,POINT(-86.7 47.9)
2016-01-24,263,POINT(-78.8 48.1)
2016-01-24,3193,POINT(-102.9 38.3)
2016-01-24,2567,POINT(-67.4 39.6)
2016-01-24,108,POINT(-75.8 29.5)
2016-01-25,2210,POINT(-73.8 41.7)
2016-01-25,2971,POINT(-114.7 26.7)
2016-01-25,4983,POINT(-108.7 31.8)
2016-01-25,4443,POINT(-107.9 41.0)
2016-01-25,3787,POINT(-108.7 32.4)
2016-01-25,2879,POINT(-73.7 26.2)
2016-01-25,3244,POINT(-123.1 45.0)
2016-01-25,3801,POINT(-120.4 32.4)
2016-01-25,966,POINT(-108.6 26.5)
2016-01-25,4077,POINT(-113.0 26.8)
2016-01-26,170,POINT(-111.1 31.0)
2016-01-26,4503,POINT(-77.1 29.3)
2016-01-26,1310,POINT(-91.2 43.6)
2016-01-26,4921,POINT(-124.7 32.7)
2016-01-26,3997,POINT(-99.2 44.3)
2016-01-26,1537,POINT(-100.5 29.2)
2016-01-26,1228,POINT(-118.2 36.8)
2016-01-26,4506,POINT(-84.4 41.5)
2016-01-26,4745,POINT(-82.9 40.6)
2016-01-26,3114,POINT(-81.7 39.4)
2016-01-27,2745,POINT(-81.3 47.2)
2016-01-27,4565,POINT(-125.0 30.5)
2016-01-27,964,POINT(-67.8 36.8)
2016-01-27,4575,POINT(-76.1 46.2)
2016-01-27,3456,POINT(-70.8 26.9)
2016-01-27,1055,POINT(-124.1 26.3)
2016-01-27,1703,POINT(-69.0 30.6)
2016-01-27,3446,POINT(-76.4 40.2)
2016-01-27,572,POINT(-74.8 31.2)
2016-01-27,2495,POINT(-119.4 29.6)
2016-01-28,3364,POINT(-80.7 36.0)
2016-01-28,235,POINT(-67.4 39.7)
2016-01-28,4903,POINT(-84.3 31.0)
2016-01-28,969,POINT(-90.8 32.2)
2016-01-28,4558,POINT(-68.3 39.7)
2016-01-28,3077,POINT(-98.4 47.7)
2016-01-28,825,POINT(-89.0 41.2)
2016-01-28,4764,POINT(-96.4 43.8)
2016-01-28,4652,POINT(-69.0 33.8)
2016-01-28,3130,POINT(-120.4 31.5)
2016-01-29,26,POINT(-94.9 35.9)
2016-01-29,1253,POINT(-83.8 44.4)
2016-01-29,2215,POINT(-77.5 36.0)
2016-01-29,2534,POINT(-90.0 45.3)
2016-01-29,1079,POINT(-70.5 48.7)
2016-01-29,3454,POINT(-68.5 26.7)
2016-01-29,2575,POINT(-121.1 26.1)
2016-01-29,1070,POINT(-100.9 28.6)
2016-01-29,2337,POINT(-123.6 34.2)
2016-01-29,3430,POINT(-105.2 28.1)
2016-01-30,311,POINT(-92.8 45.9)
2016-01-30,4286,POINT(-70.4 25.6)
2016-01-30,616,POINT(-74.2 32.6)
2016-01-30,3180,POINT(-117.4 29.4)
2016-01-30,709,POINT(-119.4 47.4)
2016-01-30,1149,POINT(-89.6 41.1)
2016-01-30,200,POINT(-93.1 46.9)
2016-01-30,2310,POINT(-109.0 48.3)
2016-01-30,990,POINT(-71.0 36.9)
2016-01-30,2985,POINT(-69.4 30.6)
2016-01-31,1194,POINT(-100.8 29.6)
2016-01-31,3337,POINT(-71.6 30.4)
2016-01-31,3404,POINT(-102.0 42.0)
2016-01-31,137,POINT(-80.8 26.0)
2016-01-31,2075,POINT(-96.4 26.2)
2016-01-31,1826,POINT(-117.6 39.6)
2016-01-31,579,POINT(-69.3 40.4)
2016-01-31,1905,POINT(-97.8 41.0)
2016-01-31,2743,POINT(-80.9 33.9)
2016-01-31,3873,POINT(-103.0 44.3)
2016-02-01,4731,POINT(-123.9 37.8)
2016-02-01,4024,POINT(-119.0 27.5)
2016-02-01,2911,POINT(-95.2 44.1)
2016-02-01,1696,POINT(-83.6 47.9)
2016-02-01,3019,POINT(-104.9 26.4)
2016-02-01,164,POINT(-83.3 34.4)
2016-02-01,2547,POINT(-83.1 36.7)
2016-02-01,1419,POINT(-82.8 28.5)
2016-02-01,4067,POINT(-95.4 45.8)
2016-02-01,794,POINT(-70.1 31.8)
2016-02-02,3185,POINT(-95.6 43.8)
2016-02-02,4351,POINT(-98.0 41.1)
2016-02-02,2816,POINT(-113.0 39.4)
2016-02-02,547,POINT(-106.5 29.6)
2016-02-02,1851,POINT(-122.5 30.3)
2016-02-02,2465,POINT(-87.0 26.1)
2016-02-02,534,POINT(-110.1 30.8)
2016-02-02,2960,POINT(-106.8 33.3)
2016-02-02,4141,POINT(-78.8 45.0)
2016-02-02,4790,POINT(-105.4 33.8)
2016-02-03,4125,POINT(-110.5 43.1)
2016-02-03,2378,POINT(-114.9 35.5)
2016-02-03,3857,POINT(-78.5 43.8)
2016-02-03,4505,POINT(-117.2 48.4)
2016-02-03,2711,POINT(-97.8 30.8)
2016-02-03,981,POINT(-94.6 45.7)
2016-02-03,1176,POINT(-83.8 39.9)
2016-02-03,4939,POINT(-87.0 44.6)
2016-02-03,2784,POINT(-76.4 40.6)
2016-02-03,1992,POINT(-122.3 35.2)
2016-02-04,863,POINT(-107.2 30.5)
2016-02-04,4156,POINT(-108.2 26.7)
2016-02-04,3746,POINT(-116.2 37.9)
2016-02-04,3779,POINT(-107.6 48.8)
2016-02-04,584,POINT(-106.4 42.7)
2016-02-04,3271,POINT(-93.7 32.9)
2016-02-04,1158,POINT(-85.2 44.9)
2016-02-04,1725,POINT(-102.1 43.5)
2016-02-04,4787,POINT(-81.8 31.8)
2016-02-04,4943,POINT(-104.8 25.3)
2016-02-05,3864,POINT(-107.6 27.8)
2016-02-05,2501,POINT(-92.5 46.1)
2016-02-05,2670,POINT(-123.6 45.1)
2016-02-05,3134,POINT(-120.2 32.1)
2016-02-05,3061,POINT(-99.9 31.8)
2016-02-05,14,POINT(-68.4 44.0)
2016-02-05,4879,POINT(-81.7 47.5)
2016-02-05,886,POINT(-119.7 43.7)
2016-02-05,1001,POINT(-74.2 39.5)
2016-02-05,4152,POINT(-81.1 30.8)
2016-02-06,4374,POINT(-88.3 37.6)
2016-02-06,4475,POINT(-75.8 30.6)
2016-02-06,645,POINT(-100.8 44.4)
2016-02-06,1703,POINT(-111.7 34.3)
2016-02-06,1692,POINT(-94.3 45.0)
2016-02-06,4762,POINT(-92.1 34.2)
2016-02-06,129,POINT(-92.7 44.8)
2016-02-06,840,POINT(-91.1 33.0)
2016-02-06,3685,POINT(-68.1 35.6)
2016-02-06,1379,POINT(-70.9 39.8)
2016-02-07,750,POINT(-72.5 26.7)
2016-02-07,126,POINT(-76.9 47.8)
2016-02-07,2848,POINT(-68.4 38.8)
2016-02-07,1160,POINT(-119.1 37.2)
2016-02-07,1941,POINT(-109.1 45.1)
2016-02-07,1022,POINT(-95.3 45.8)
2016-02-07,1674,POINT(-74.2 37.5)
2016-02-07,1091,POINT(-94.7 47.3)
2016-02-07,4739,POINT(-80.1 26.6)
2016-02-07,522,POINT(-116.7 27.7)
2016-02-08,2859,POINT(-109.9 39.3)
2016-02-08,569,POINT(-81.1 33.5)
2016-02-08,3682,POINT(-115.1 36.1)
2016-02-08,4593,POINT(-103.9 32.9)
2016-02-08,3353,POINT(-109.1 34.7)
2016-02-08,4080,POINT(-104.0 44.7)
2016-02-08,4809,POINT(-82.5 39.2)
2016-02-08,1480,POINT(-102.9 48.9)
2016-02-08,590,POINT(-91.7 43.9)
2016-02-08,2304,POINT(-119.0 31.6)
2016-02-09,3157,POINT(-76.7 31.3)
2016-02-09,4259,POINT(-102.8 33.1)
2016-02-09,1689,POINT(-86.1 45.2)
2016-02-09,3516,POINT(-81.5 25.7)
2016-02-09,2754,POINT(-112.4 30.5)
2016-02-09,3366,POINT(-71.9 46.7)
2016-02-09,4055,POINT(-88.0 40.4)
2016-02-09,1253,POINT(-99.3 30.4)
2016-02-09,3128,POINT(-114.1 30.3)
2016-02-09,2151,POINT(-68.5 45.7)
2016-02-10,3069,POINT(-79.7 46.5)
2016-02-10,4558,POINT(-112.5 31.1)
2016-02-10,2969,POINT(-104.7 35.1)
2016-02-10,2275,POINT(-76.4 45.0)
2016-02-10,2489,POINT(-83.3 43.5)
2016-02-10,4656,POINT(-79.1 44.5)
2016-02-10,1645,POINT(-98.5 37.4)
2016-02-10,1767,POINT(-82.0 46.9)
2016-02-10,4462,POINT(-101.8 32.8)
2016-02-10,2080,POINT(-112.3 28.8)
2016-02-11,2859,POINT(-87.0 42.0)
2016-02-11,3261,POINT(-66.4 37.9)
2016-02-11,3740,POINT(-106.4 45.5)
2016-02-11,2499,POINT(-97.3 26.9)
2016-02-11,1641,POINT(-84.6 45.2)
2016-02-11,2826,POINT(-92.5 32.0)
2016-02-11,1025,POINT(-74.4 40.7)
2016-02-11,1358,POINT(-79.3 26.0)
2016-02-11,4621,POINT(-121.5 39.6)
2016-02-11,3097,POINT(-65.1 42.2)
2016-02-12,2849,POINT(-79.9 33.9)
2016-02-12,345,POINT(-73.2 30.2)
2016-02-12,4602,POINT(-85.9 37.9)
2016-02-12,905,POINT(-73.6 45.0)
2016-02-12,3556,POINT(-118.3 32.8)
2016-02-12,861,POINT(-104.1 31.1)
2016-02-12,1697,POINT(-72.4 31.7)
2016-02-12,1941,POINT(-112.9 47.8)
2016-02-12,3756,POINT(-120.3 33.6)
2016-02-12,2437,POINT(-77.7 25.1)
2016-02-13,1578,POINT(-74.9 43.8)
2016-02-13,4010,POINT(-115.2 41.8)
2016-02-13,2748,POINT(-73.7 28.1)
2016-02-13,3508,POINT(-83.8 48.6)
2016-02-13,3923,POINT(-93.8 39.6)
2016-02-13,1076,POINT(-75.2 37.0)
2016-02-13,4390,POINT(-99.8 34.2)
2016-02-13,2454,POINT(-113.4 46.6)
2016-02-13,4117,POINT(-107.9 30.9)
2016-02-13,3383,POINT(-94.7 31.9)
2016-02-14,3979,POINT(-93.1 27.9)
2016-02-14,2556,POINT(-76.7 43.2)
2016-02-14,763,POINT(-77.5 39.3)
2016-02-14,2092,POINT(-90.1 39.6)
2016-02-14,2784,POINT(-78.2 30.2)
2016-02-14,2906,POINT(-113.5 40.6)
2016-02-14,4195,POINT(-122.0 43.4)
2016-02-14,785,POINT(-72.6 33.6)
2016-02-14,1635,POINT(-120.5 44.2)
2016-02-14,3079,POINT(-110.2 33.4)
2016-02-15,427,POINT(-83.3 43.2)
2016-02-15,124,POINT(-100.4 25.8)
2016-02-15,626,POINT(-72.4 38.2)
2016-02-15,3984,POINT(-107.1 48.3)
2016-02-15,3277,POINT(-124.3 48.5)
2016-02-15,835,POINT(-107.0 31.8)
2016-02-15,1526,POINT(-90.3 35.6)
2016-02-15,3156,POINT(-102.4 26.5)
2016-02-15,422,POINT(-92.9 46.0)
2016-02-15,738,POINT(-72.4 38.6)
2016-02-16,3358,POINT(-70.3 34.2)
2016-02-16,2818,POINT(-109.0 27.7)
2016-02-16,685,POINT(-97.3 47.7)
2016-02-16,3475,POINT(-92.1 37.7)
2016-02-16,2514,POINT(-68.1 31.8)
2016-02-16,2977,POINT(-65.1 33.4)
2016-02-16,2796,POINT(-110.9 31.5)
2016-02-16,1132,POINT(-81.4 39.4)
2016-02-16,4089,POINT(-102.3 47.3)
2016-02-16,1581,POINT(-124.5 45.6)
2016-02-17,2153,POINT(-124.4 36.0)
2016-02-17,1697,POINT(-97.4 44.8)
2016-02-17,4142,POINT(-95.7 35.2)
2016-02-17,3861,POINT(-123.6 31.1)
2016-02-17,3450,POINT(-83.8 48.6)
2016-02-17,3776,POINT(-107.4 32.3)
2016-02-17,2336,POINT(-91.4 32.8)
2016-02-17,2924,POINT(-106.9 48.8)
2016-02-17,4978,POINT(-115.0 28.2)
2016-02-17,3962,POINT(-100.6 43.3)
2016-02-18,605,POINT(-111.1 47.5)
2016-02-18,738,POINT(-92.9 37.3)
2016-02-18,1375,POINT(-113.1 25.1)
2016-02-18,4502,POINT(-94.5 34.0)
2016-02-18,708,POINT(-115.6 27.7)
2016-02-18,405,POINT(-84.7 35.0)
2016-02-18,4181,POINT(-79.8 44.0)
2016-02-18,4370,POINT(-118.4 35.5)
2016-02-18,2512,POINT(-96.9 35.4)
2016-02-18,1829,POINT(-120.7 38.4)
2016-02-19,727,POINT(-89.1 39.0)
2016-02-19,2792,POINT(-109.1 45.6)
2016-02-19,4956,POINT(-93.3 32.4)
2016-02-19,3587,POINT(-94.0 44.7)
2016-02-19,153,POINT(-69.5 38.6)
2016-02-19,4990,POINT(-92.1 32.2)
2016-02-19,3150,POINT(-90.0 32.1)
2016-02-19,4501,POINT(-100.9 33.7)
2016-02-19,2948,POINT(-68.1 39.9)
2016-02-19,3646,POINT(-78.4 30.5)
2016-02-20,3232,POINT(-107.9 47.1)
2016-02-20,1177,POINT(-74.3 38.8)
2016-02-20,2626,POINT(-99.1 47.1)
2016-02-20,1072,POINT(-75.3 26.1)
2016-02-20,2166,POINT(-75.6 33.2)
2016-02-20,2992,POINT(-113.7 25.5)
2016-02-20,3304,POINT(-82.9 31.5)
2016-02-20,4739,POINT(-107.6 45.7)
2016-02-20,1166,POINT(-107.2 25.9)
2016-02-20,742,POINT(-107.2 35.5)
2016-02-21,4340,POINT(-81.5 27.8)
2016-02-21,4856,POINT(-111.2 35.0)
2016-02-21,963,POINT(-124.9 45.1)
2016-02-21,2549,POINT(-82.1 40.0)
2016-02-21,3334,POINT(-114.7 42.7)
2016-02-21,3311,POINT(-118.7 33.4)
2016-02-21,1552,POINT(-110.7 47.7)
2016-02-21,1201,POINT(-102.2 42.0)
2016-02-21,3003,POINT(-96.4 35.1)
2016-02-21,2691,POINT(-122.3 35.2)
2016-02-22,1227,POINT(-66.8 47.0)
2016-02-22,1550,POINT(-82.0 38.8)
2016-02-22,3246,POINT(-105.6 42.0)
2016-02-22,2396,POINT(-105.9 35.0)
2016-02-22,3729,POINT(-98.1 30.4)
2016-02-22,1398,POINT(-87.4 42.4)
2016-02-22,1866,POINT(-116.2 39.6)
2016-02-22,1375,POINT(-113.7 37.0)
2016-02-22,509,POINT(-73.4 40.0)
2016-02-22,1690,POINT(-109.6 30.0)
2016-02-23,520,POINT(-102.2 44.1)
2016-02-23,4322,POINT(-72.7 47.8)
2016-02-23,1334,POINT(-85.2 46.4)
2016-02-23,1165,POINT(-104.5 32.7)
2016-02-23,1837,POINT(-84.0 34.7)
2016-02-23,3151,POINT(-123.8 44.4)
2016-02-23,3496,POINT(-80.9 39.3)
2016-02-23,1820,POINT(-95.8 38.1)
2016-02-23,2933,POINT(-76.2 47.2)
2016-02-23,2224,POINT(-67.7 37.9)
2016-02-24,4196,POINT(-69.5 37.4)
2016-02-24,723,POINT(-70.4 26.0)
2016-02-24,3612,POINT(-94.3 26.7)
2016-02-24,4144,POINT(-103.4 25.2)
2016-02-24,3532,POINT(-97.1 46.9)
2016-02-24,4278,POINT(-83.6 34.8)
2016-02-24,4758,POINT(-72.0 36.2)
2016-02-24,4859,POINT(-112.6 45.3)
2016-02-24,1253,POINT(-69.9 39.6)
2016-02-24,3719,POINT(-76.1 39.6)
2016-02-25,1091,POINT(-66.3 32.1)
2016-02-25,465,POINT(-72.2 45.0)
2016-02-25,4934,POINT(-108.2 29.0)
2016-02-25,904,POINT(-118.6 26.3)
2016-02-25,1394,POINT(-118.3 29.6)
2016-02-25,1968,POINT(-107.5 31.4)
2016-02-25,3082,POINT(-88.1 31.8)
2016-02-25,2006,POINT(-76.7 41.1)
2016-02-25,4295,POINT(-71.0 30.2)
2016-02-25,514,POINT(-87.6 41.2)
2016-02-26,1224,POINT(-124.7 27.2)
2016-02-26,1541,POINT(-113.8 28.5)
2016-02-26,3450,POINT(-119.0 37.2)
2016-02-26,833,POINT(-103.2 47.1)
2016-02-26,938,POINT(-94.9 45.6)
2016-02-26,143,POINT(-122.4 48.3)
2016-02-26,2115,POINT(-104.1 40.6)
2016-02-26,3637,POINT(-114.2 41.2)
2016-02-26,4790,POINT(-86.2 40.0)
2016-02-26,1862,POINT(-97.1 39.9)
2016-02-27,4920,POINT(-95.3 28.5)
2016-02-27,4185,POINT(-99.3 38.0)
2016-02-27,2943,POINT(-67.6 34.3)
2016-02-27,3294,POINT(-112.1 35.6)
2016-02-27,4308,POINT(-94.0 37.6)
2016-02-27,2821,POINT(-80.8 28.1)
2016-02-27,1260,POINT(-91.6 33.6)
2016-02-27,3522,POINT(-69.3 26.5)
2016-02-27,1266,POINT(-102.3 48.5)
2016-02-27,3386,POINT(-97.2 27.8)
2016-02-28,3496,POINT(-119.7 31.2)
2016-02-28,3594,POINT(-88.5 46.4)
2016-02-28,1406,POINT(-107.7 36.6)
2016-02-28,3647,POINT(-115.4 28.3)
2016-02-28,3340,POINT(-92.3 34.2)
2016-02-28,2713,POINT(-93.1 27.8)
2016-02-28,480,POINT(-120.4 29.8)
2016-02-28,1363,POINT(-83.1 26.2)
2016-02-28,2793,POINT(-87.6 35.5)
2016-02-28,2841,POINT(-113.7 44.4)
2016-02-29,367,POINT(-96.8 39.1)
2016-02-29,3029,POINT(-81.8 39.6)
2016-02-29,677,POINT(-93.2 29.8)
2016-02-29,4478,POINT(-101.3 33.3)
2016-02-29,1155,POINT(-105.7 45.3)
2016-02-29,4195,POINT(-88.4 27.1)
2016-02-29,3729,POINT(-68.7 45.6)
2016-02-29,2755,POINT(-84.7 36.6)
2016-02-29,549,POINT(-120.5 45.1)
2016-02-29,2789,POINT(-97.4 32.6)
2016-03-01,4974,POINT(-71.6 33.1)
2016-03-01,4146,POINT(-119.3 43.0)
2016-03-01,4845,POINT(-65.7 43.8)
2016-03-01,3785,POINT(-68.1 30.5)
2016-03-01,2518,POINT(-120.3 48.3)
2016-03-01,2789,POINT(-69.0 27.0)
2016-03-01,934,POINT(-103.2 26.6)
2016-03-01,2966,POINT(-74.3 39.3)
2016-03-01,1591,POINT(-99.9 42.3)
2016-03-01,3334,POINT(-98.5 48.1)
2016-03-02,4495,POINT(-86.9 34.7)
2016-03-02,265,POINT(-78.5 25.6)
2016-03-02,4814,POINT(-123.0 39.5)
2016-03-02,1848,POINT(-89.4 32.0)
2016-03-02,1954,POINT(-113.8 35.4)
2016-03-02,19,POINT(-104.2 36.7)
2016-03-02,2881,POINT(-104.1 26.5)
2016-03-02,807,POINT(-96.9 36.7)
2016-03-02,4982,POINT(-105.0 35.2)
2016-03-02,1025,POINT(-118.6 42.1)
2016-03-03,1834,POINT(-116.3 40.5)
2016-03-03,4479,POINT(-123.0 29.4)
2016-03-03,3146,POINT(-96.8 29.9)
2016-03-03,2203,POINT(-67.7 31.0)
2016-03-03,233,POINT(-118.1 29.3)
2016-03-03,4958,POINT(-68.2 40.8)
2016-03-03,4168,POINT(-81.0 48.9)
2016-03-03,3935,POINT(-86.8 40.7)
2016-03-03,4794,POINT(-86.3 39.6)
2016-03-03,4010,POINT(-75.4 34.8)
2016-03-04,1643,POINT(-118.6 32.5)
2016-03-04,2162,POINT(-94.7 46.9)
2016-03-04,520,POINT(-83.2 48.3)
2016-03-04,394,POINT(-89.8 36.9)
2016-03-04,414,POINT(-75.0 32.0)
2016-03-04,4623,POINT(-120.7 43.5)
2016-03-04,4581,POINT(-83.6 28.2)
2016-03-04,2010,POINT(-93.0 43.4)
2016-03-04,2766,POINT(-102.3 44.7)
2016-03-04,1678,POINT(-104.6 28.0)
2016-03-05,1470,POINT(-87.8 48.4)
2016-03-05,3646,POINT(-71.5 48.7)
2016-03-05,2734,POINT(-95.2 47.5)
2016-03-05,4819,POINT(-75.5 36.9)
2016-03-05,4188,POINT(-100.9 30.9)
2016-03-05,2058,POINT(-118.9 39.0)
2016-03-05,4156,POINT(-121.3 35.1)
2016-03-05,4790,POINT(-121.9 29.9)
2016-03-05,726,POINT(-102.2 35.2)
2016-03-05,4554,POINT(-104.8 40.9)
2016-03-06,4986,POINT(-81.9 26.7)
2016-03-06,4593,POINT(-80.4 33.0)
2016-03-06,1833,POINT(-121.9 25.4)
2016-03-06,2091,POINT(-111.7 43.0)
2016-03-06,3429,POINT(-108.5 40.4)
2016-03-06,1584,POINT(-92.1 26.5)
2016-03-06,259,POINT(-116.3 48.2)
2016-03-06,683,POINT(-117.0 25.5)
2016-03-06,4543,POINT(-68.4 39.2)
2016-03-06,2175,POINT(-76.7 43.6)
2016-03-07,780,POINT(-114.2 43.9)
2016-03-07,3972,POINT(-100.6 25.8)
2016-03-07,4373,POINT(-103.7 46.8)
2016-03-07,1994,POINT(-77.5 47.0)
2016-03-07,1087,POINT(-94.4 38.5)
2016-03-07,245,POINT(-117.3 36.6)
2016-03-07,398,POINT(-80.7 26.1)
2016-03-07,3047,POINT(-101.2 38.5)
2016-03-07,4868,POINT(-109.2 34.8)
2016-03-07,1858,POINT(-102.5 43.5)
2016-03-08,4729,POINT(-95.1 34.7)
2016-03-08,2824,POINT(-104.4 41.4)
2016-03-08,3384,POINT(-110.5 27.4)
2016-03-08,3288,POINT(-101.1 28.2)
2016-03-08,1262,POINT(-123.8 28.4)
2016-03-08,3991,POINT(-78.7 26.1)
2016-03-08,4683,POINT(-114.7 38.0)
2016-03-08,2132,POINT(-122.4 44.1)
2016-03-08,4540,POINT(-85.8 39.6)
2016-03-08,2160,POINT(-78.6 38.8)
2016-03-09,4869,POINT(-76.2 41.3)
2016-03-09,1339,POINT(-95.4 33.2)
2016-03-09,1368,POINT(-112.7 33.7)
2016-03-09,2492,POINT(-80.8 32.5)
2016-03-09,4552,POINT(-83.0 42.1)
2016-03-09,2027,POINT(-110.2 28.9)
2016-03-09,1341,POINT(-70.8 25.3)
2016-03-09,4354,POINT(-118.7 39.3)
2016-03-09,4271,POINT(-66.0 47.6)
2016-03-09,1368,POINT(-73.4 39.6)
2016-03-10,4647,POINT(-83.7 43.8)
2016-03-10,4864,POINT(-68.7 41.1)
2016-03-10,3187,POINT(-81.7 36.9)
2016-03-10,2138,POINT(-113.6 42.2)
2016-03-10,2190,POINT(-98.5 44.8)
2016-03-10,4902,POINT(-120.7 30.4)
2016-03-10,147,POINT(-101.6 33.1)
2016-03-10,3482,POINT(-80.5 30.4)
2016-03-10,2842,POINT(-101.8 35.9)
2016-03-10,3589,POINT(-105.2 46.2)
2016-03-11,3041,POINT(-89.3 33.3)
2016-03-11,4174,POINT(-72.7 34.0)
2016-03-11,2603,POINT(-122.1 45.6)
2016-03-11,4310,POINT(-101.9 37.4)
2016-03-11,3828,POINT(-115.5 37.9)
2016-03-11,4148,POINT(-83.3 45.7)
2016-03-11,3833,POINT(-118.7 36.8)
2016-03-11,4052,POINT(-85.1 41.4)
2016-03-11,1916,POINT(-107.8 27.1)
2016-03-11,770,POINT(-113.1 29.3)
2016-03-12,3455,POINT(-68.8 34.7)
2016-03-12,909,POINT(-123.9 36.9)
2016-03-12,4465,POINT(-98.7 48.2)
2016-03-12,2957,POINT(-123.7 48.3)
2016-03-12,1729,POINT(-96.0 45.4)
2016-03-12,290,POINT(-94.9 32.6)
2016-03-12,3276,POINT(-105.7 48.1)
2016-03-12,1897,POINT(-117.1 41.5)
2016-03-12,3276,POINT(-102.4 34.4)
2016-03-12,676,POINT(-84.7 41.8)
2016-03-13,4198,POINT(-78.1 25.4)
2016-03-13,681,POINT(-93.2 28.5)
2016-03-13,1979,POINT(-89.6 44.9)
2016-03-13,4166,POINT(-113.0 40.5)
2016-03-13,3132,POINT(-107.8 33.7)
2016-03-13,4709,POINT(-115.3 37.0)
2016-03-13,4787,POINT(-110.0 46.7)
2016-03-13,3910,POINT(-111.5 40.2)
2016-03-13,533,POINT(-93.8 34.6)
2016-03-13,2403,POINT(-91.2 27.9)
2016-03-14,3127,POINT(-68.3 32.0)
2016-03-14,2603,POINT(-113.3 48.5)
2016-03-14,1978,POINT(-86.5 35.5)
2016-03-14,1763,POINT(-76.0 36.3)
2016-03-14,2306,POINT(-91.4 37.0)
2016-03-14,2271,POINT(-109.7 46.2)
2016-03-14,2296,POINT(-109.2 39.5)
2016-03-14,4212,POINT(-122.6 41.6)
2016-03-14,2888,POINT(-106.7 34.3)
2016-03-14,4153,POINT(-80.3 25.7)
2016-03-15,3654,POINT(-122.1 47.3)
2016-03-15,4442,POINT(-111.8 47.8)
2016-03-15,2065,POINT(-82.6 47.8)
2016-03-15,4730,POINT(-78.0 47.6)
2016-03-15,1286,POINT(-97.7 44.6)
2016-03-15,2776,POINT(-83.1 41.4)
2016-03-15,312,POINT(-101.7 45.3)
2016-03-15,648,POINT(-115.4 39.4)
2016-03-15,65,POINT(-101.1 28.2)
2016-03-15,4831,POINT(-90.2 34.4)
2016-03-16,535,POINT(-68.1 48.3)
2016-03-16,4579,POINT(-120.9 33.4)
2016-03-16,4133,POINT(-94.6 45.8)
2016-03-16,2135,POINT(-105.3 27.2)
2016-03-16,3297,POINT(-94.5 33.0)
2016-03-16,374,POINT(-123.6 33.4)
2016-03-16,4631,POINT(-106.2 26.2)
2016-03-16,4988,POINT(-75.8 27.9)
2016-03-16,1656,POINT(-91.8 29.6)
2016-03-16,928,POINT(-98.0 45.1)
2016-03-17,2807,POINT(-107.9 26.5)
2016-03-17,1541,POINT(-107.1 32.2)
2016-03-17,3355,POINT(-102.0 25.2)
2016-03-17,1916,POINT(-74.9 41.7)
2016-03-17,3096,POINT(-67.0 39.9)
2016-03-17,4590,POINT(-98.7 40.5)
2016-03-17,2085,POINT(-101.4 34.0)
2016-03-17,723,POINT(-74.2 30.0)
2016-03-17,1072,POINT(-99.4 42.3)
2016-03-17,1986,POINT(-91.9 44.5)
2016-03-18,1306,POINT(-111.1 28.3)
2016-03-18,135,POINT(-80.4 36.7)
2016-03-18,4642,POINT(-93.1 31.0)
2016-03-18,3606,POINT(-76.5 29.0)
2016-03-18,3293,POINT(-78.2 42.6)
2016-03-18,1613,POINT(-112.1 37.9)
2016-03-18,76,POINT(-82.1 30.2)
2016-03-18,242,POINT(-77.0 32.4)
2016-03-18,2166,POINT(-104.2 48.2)
2016-03-18,1179,POINT(-114.6 45.4)
2016-03-19,2168,POINT(-124.8 46.1)
2016-03-19,4216,POINT(-97.9 36.0)
2016-03-19,1503,POINT(-103.9 40.0)
2016-03-19,4728,POINT(-91.7 34.0)
2016-03-19,4017,POINT(-113.7 26.9)
2016-03-19,2482,POINT(-73.4 34.6)
2016-03-19,2670,POINT(-109.5 39.3)
2016-03-19,2749,POINT(-111.4 31.9)
2016-03-19,1771,POINT(-96.2 45.4)
2016-03-19,3524,POINT(-95.1 28.6)
2016-03-20,1985,POINT(-112.1 33.8)
2016-03-20,2372,POINT(-108.7 28.0)
2016-03-20,886,POINT(-114.8 34.7)
2016-03-20,3822,POINT(-81.9 26.0)
2016-03-20,3458,POINT(-78.8 31.5)
2016-03-20,1322,POINT(-97.3 34.6)
2016-03-20,1470,POINT(-82.2 36.5)
2016-03-20,2719,POINT(-80.8 38.0)
2016-03-20,2334,POINT(-116.7 31.6)
2016-03-20,1743,POINT(-67.0 37.6)
2016-03-21,1615,POINT(-75.7 37.2)
2016-03-21,2573,POINT(-112.7 32.6)
2016-03-21,3431,POINT(-113.8 44.9)
2016-03-21,3527,POINT(-117.5 38.1)
2016-03-21,2407,POINT(-116.7 33.0)
2016-03-21,3745,POINT(-80.1 47.7)
2016-03-21,2880,POINT(-96.8 45.3)
2016-03-21,1170,POINT(-78.0 48.6)
2016-03-21,4864,POINT(-80.2 41.6)
2016-03-21,252,POINT(-88.7 34.1)
2016-03-22,2600,POINT(-83.8 31.7)
2016-03-22,1073,POINT(-123.9 40.9)
2016-03-22,4334,POINT(-106.3 48.5)
2016-03-22,2605,POINT(-86.7 40.0)
2016-03-22,929,POINT(-124.4 46.2)
2016-03-22,15,POINT(-123.0 32.9)
2016-03-22,477,POINT(-73.9 34.8)
2016-03-22,4180,POINT(-84.0 46.8)
2016-03-22,13,POINT(-109.1 43.2)
2016-03-22,655,POINT(-83.7 48.6)
2016-03-23,127,POINT(-77.5 43.6)
2016-03-23,2938,POINT(-106.6 35.8)
2016-03-23,2561,POINT(-122.8 37.7)
2016-03-23,4299,POINT(-69.0 46.6)
2016-03-23,856,POINT(-104.3 38.2)
2016-03-23,2772,POINT(-118.6 31.1)
2016-03-23,1151,POINT(-95.5 35.5)
2016-03-23,1820,POINT(-78.9 37.4)
2016-03-23,733,POINT(-111.7 27.3)
2016-03-23,234,POINT(-108.8 42.9)
2016-03-24,4637,POINT(-110.4 27.6)
2016-03-24,4218,POINT(-65.5 34.7)
2016-03-24,4664,POINT(-113.2 44.3)
2016-03-24,2058,POINT(-90.5 36.2)
2016-03-24,4759,POINT(-69.5 45.2)
2016-03-24,4425,POINT(-116.2 33.2)
2016-03-24,1583,POINT(-66.7 48.0)
2016-03-24,1838,POINT(-68.2 30.0)
2016-03-24,1927,POINT(-71.9 25.9)
2016-03-24,4244,POINT(-112.1 45.9)
2016-03-25,2036,POINT(-87.0 43.1)
2016-03-25,3754,POINT(-79.3 30.6)
2016-03-25,911,POINT(-65.8 48.6)
2016-03-25,4795,POINT(-114.2 37.1)
2016-03-25,2049,POINT(-79.0 47.8)
2016-03-25,19,POINT(-104.7 37.1)
2016-03-25,270,POINT(-114.5 36.3)
2016-03-25,1683,POINT(-99.7 35.8)
2016-03-25,2229,POINT(-77.4 33.0)
2016-03-25,2070,POINT(-97.1 37.8)
2016-03-26,3723,POINT(-92.7 35.9)
2016-03-26,1629,POINT(-65.3 25.9)
2016-03-26,330,POINT(-101.1 31.3)
2016-03-26,1352,POINT(-88.1 30.1)
2016-03-26,2386,POINT(-103.1 45.8)
2016-03-26,2842,POINT(-101.4 39.4)
2016-03-26,2834,POINT(-83.3 43.3)
2016-03-26,2004,POINT(-68.7 48.0)
2016-03-26,2968,POINT(-92.5 40.5)
2016-03-26,2048,POINT(-78.9 48.6)
2016-03-27,3500,POINT(-119.6 32.5)
2016-03-27,3687,POINT(-112.3 29.5)
2016-03-27,1128,POINT(-94.9 34.7)
2016-03-27,1614,POINT(-123.8 36.3)
2016-03-27,4037,POINT(-109.8 46.5)
2016-03-27,245,POINT(-94.0 38.4)
2016-03-27,1979,POINT(-124.1 32.0)
2016-03-27,4439,POINT(-109.1 42.8)
2016-03-27,1918,POINT(-94.2 37.1)
2016-03-27,385,POINT(-90.6 28.9)
2016-03-28,3540,POINT(-69.5 38.8)
2016-03-28,2645,POINT(-86.3 46.9)
2016-03-28,1580,POINT(-100.1 45.2)
2016-03-28,2570,POINT(-69.2 39.1)
2016-03-28,3401,POINT(-77.9 34.0)
2016-03-28,2975,POINT(-113.0 27.1)
2016-03-28,3653,POINT(-117.1 36.3)
2016-03-28,3860,POINT(-84.5 43.0)
2016-03-28,882,POINT(-91.4 33.6)
2016-03-28,1262,POINT(-77.6 30.7)
2016-03-29,1324,POINT(-80.7 47.4)
2016-03-29,4830,POINT(-87.5 44.7)
2016-03-29,2908,POINT(-65.8 40.3)
2016-03-29,87,POINT(-93.0 28.3)
2016-03-29,2631,POINT(-118.2 28.5)
2016-03-29,4237,POINT(-75.3 27.5)
2016-03-29,610,POINT(-109.9 39.8)
2016-03-29,1075,POINT(-78.4 27.8)
2016-03-29,2146,POINT(-67.6 45.2)
2016-03-29,2459,POINT(-83.2 48.8)
2016-03-30,2353,POINT(-89.2 33.8)
2016-03-30,1873,POINT(-97.4 35.9)
2016-03-30,1328,POINT(-103.1 42.1)
2016-03-30,4721,POINT(-103.8 47.5)
2016-03-30,3607,POINT(-86.8 46.5)
2016-03-30,3772,POINT(-79.9 26.4)
2016-03-30,4680,POINT(-84.3 29.1)
2016-03-30,2200,POINT(-113.1 43.1)
2016-03-30,1002,POINT(-95.4 41.5)
2016-03-30,2722,POINT(-77.5 28.2)
2016-03-31,2202,POINT(-96.5 37.0)
2016-03-31,1258,POINT(-92.8 43.7)
2016-03-31,3064,POINT(-78.7 30.3)
2016-03-31,4608,POINT(-85.3 45.9)
2016-03-31,4043,POINT(-100.4 26.3)
2016-03-31,2007,POINT(-71.3 43.8)
2016-03-31,4926,POINT(-115.2 39.8)
2016-03-31,3697,POINT(-65.3 32.6)
2016-03-31,2161,POINT(-117.9 42.3)
2016-03-31,4028,POINT(-124.1 43.8)
2016-04-01,3120,POINT(-71.6 47.4)
2016-04-01,1980,POINT(-110.3 33.8)
2016-04-01,207,POINT(-81.2 41.5)
2016-04-01,2636,POINT(-76.3 39.5)
2016-04-01,1212,POINT(-73.5 37.6)
2016-04-01,2045,POINT(-65.5 46.4)
2016-04-01,487,POINT(-107.4 25.1)
2016-04-01,1264,POINT(-82.4 31.8)
2016-04-01,932,POINT(-118.1 37.9)
2016-04-01,429,POINT(-100.6 29.3)
2016-04-02,2214,POINT(-74.1 46.8)
2016-04-02,2607,POINT(-102.9 40.5)
2016-04-02,1130,POINT(-89.5 36.5)
2016-04-02,3078,POINT(-94.8 44.6)
2016-04-02,960,POINT(-86.2 35.8)
2016-04-02,2346,POINT(-66.6 38.4)
2016-04-02,2253,POINT(-121.7 25.1)
2016-04-02,2655,POINT(-90.6 33.8)
2016-04-02,1867,POINT(-73.2 28.3)
2016-04-02,4622,POINT(-96.1 41.6)
2016-04-03,1875,POINT(-120.3 36.5)
2016-04-03,2922,POINT(-91.4 32.2)
2016-04-03,2863,POINT(-105.1 36.2)
2016-04-03,4920,POINT(-115.7 30.0)
2016-04-03,3238,POINT(-74.1 47.2)
2016-04-03,3729,POINT(-93.7 26.3)
2016-04-03,3238,POINT(-69.0 45.8)
2016-04-03,2381,POINT(-76.6 37.3)
2016-04-03,2901,POINT(-83.4 39.9)
2016-04-03,3766,POINT(-124.7 32.3)
2016-04-04,4235,POINT(-99.3 48.2)
2016-04-04,104,POINT(-113.2 31.8)
2016-04-04,2684,POINT(-70.4 39.1)
2016-04-04,1965,POINT(-114.5 48.8)
2016-04-04,803,POINT(-107.8 46.1)
2016-04-04,1844,POINT(-94.0 37.9)
2016-04-04,2126,POINT(-109.2 48.8)
2016-04-04,4116,POINT(-112.4 41.8)
2016-04-04,3335,POINT(-89.1 30.0)
2016-04-04,2929,POINT(-119.7 34.7)
2016-04-05,2607,POINT(-121.5 33.0)
2016-04-05,3215,POINT(-102.7 33.3)
2016-04-05,4817,POINT(-81.8 43.3)
2016-04-05,824,POINT(-91.7 39.0)
2016-04-05,355,POINT(-99.6 25.9)
2016-04-05,2359,POINT(-91.1 46.1)
2016-04-05,372,POINT(-103.1 32.1)
2016-04-05,2453,POINT(-68.8 48.9)
2016-04-05,2275,POINT(-121.7 47.9)
2016-04-05,2198,POINT(-84.6 47.6)
2016-04-06,3015,POINT(-71.5 44.5)
2016-04-06,3291,POINT(-76.8 30.3)
2016-04-06,994,POINT(-114.0 37.8)
2016-04-06,1649,POINT(-107.2 30.4)
2016-04-06,837,POINT(-82.0 31.2)
2016-04-06,2740,POINT(-119.9 39.7)
2016-04-06,3541,POINT(-76.3 26.0)
2016-04-06,4461,POINT(-81.9 48.3)
2016-04-06,2945,POINT(-81.2 47.0)
2016-04-06,3886,POINT(-119.0 34.1)
2016-04-07,136,POINT(-81.9 37.4)
2016-04-07,3187,POINT(-84.2 36.2)
2016-04-07,3066,POINT(-75.1 46.2)
2016-04-07,613,POINT(-122.5 41.5)
2016-04-07,3459,POINT(-123.6 31.7)
2016-04-07,4156,POINT(-102.6 35.7)
2016-04-07,3543,POINT(-116.1 35.3)
2016-04-07,3377,POINT(-91.5 48.0)
2016-04-07,3378,POINT(-70.0 29.2)
2016-04-07,3807,POINT(-101.5 27.1)
2016-04-08,1802,POINT(-74.3 46.1)
2016-04-08,2871,POINT(-125.0 46.5)
2016-04-08,3486,POINT(-114.9 45.9)
2016-04-08,3427,POINT(-123.2 37.3)
2016-04-08,1655,POINT(-105.3 40.8)
2016-04-08,1215,POINT(-70.5 38.5)
2016-04-08,3040,POINT(-119.2 26.7)
2016-04-08,2882,POINT(-88.6 39.3)
2016-04-08,3082,POINT(-97.9 25.3)
2016-04-08,1864,POINT(-68.7 32.8)
2016-04-09,4031,POINT(-117.6 47.4)
2016-04-09,4672,POINT(-112.3 32.3)
2016-04-09,2718,POINT(-123.2 47.6)
2016-04-09,3512,POINT(-99.0 31.0)
2016-04-09,1342,POINT(-108.3 32.5)
2016-04-09,211,POINT(-72.8 40.1)
2016-04-09,3517,POINT(-88.7 43.3)
2016-04-09,4222,POINT(-88.2 37.0)
2016-04-09,584,POINT(-93.1 46.2)
2016-04-09,546,POINT(-119.5 26.0)
2016-04-10,1635,POINT(-98.3 47.1)
2016-04-10,2132,POINT(-65.0 29.7)
2016-04-10,395,POINT(-74.9 46.2)
2016-04-10,3291,POINT(-71.4 34.6)
2016-04-10,484,POINT(-75.6 45.0)
2016-04-10,427,POINT(-118.8 41.1)
2016-04-10,3610,POINT(-111.4 29.2)
2016-04-10,964,POINT(-124.8 47.0)
2016-04-10,4981,POINT(-106.8 30.9)
2016-04-10,4868,POINT(-118.5 30.9)
2016-04-11,1215,POINT(-96.6 44.5)
2016-04-11,4769,POINT(-84.4 27.5)
2016-04-11,4130,POINT(-72.5 30.3)
2016-04-11,2000,POINT(-80.0 37.1)
2016-04-11,4815,POINT(-68.7 44.9)
2016-04-11,3582,POINT(-121.8 28.5)
2016-04-11,4390,POINT(-124.3 38.1)
2016-04-11,4168,POINT(-85.3 42.1)
2016-04-11,4767,POINT(-107.6 45.7)
2016-04-11,2723,POINT(-109.8 47.5)
2016-04-12,2213,POINT(-105.1 43.8)
2016-04-12,3130,POINT(-108.8 40.7)
2016-04-12,976,POINT(-94.3 35.4)
2016-04-12,4954,POINT(-98.6 27.7)
2016-04-12,3442,POINT(-94.3 42.0)
2016-04-12,698,POINT(-84.6 48.8)
2016-04-12,4253,POINT(-101.8 42.7)
2016-04-12,3711,POINT(-109.9 25.4)
2016-04-12,351,POINT(-115.0 36.9)
2016-04-12,1734,POINT(-104.0 39.8)
2016-04-13,4432,POINT(-80.5 41.6)
2016-04-13,1802,POINT(-79.6 42.3)
2016-04-13,1769,POINT(-85.0 38.4)
2016-04-13,3222,POINT(-111.0 30.4)
2016-04-13,999,POINT(-89.7 47.6)
2016-04-13,2272,POINT(-90.8 41.7)
2016-04-13,2492,POINT(-95.9 30.7)
2016-04-13,961,POINT(-92.0 32.7)
2016-04-13,732,POINT(-95.5 47.1)
2016-04-13,3399,POINT(-91.1 46.3)
2016-04-14,2089,POINT(-82.1 34.7)
2016-04-14,2727,POINT(-118.4 25.9)
2016-04-14,2342,POINT(-80.0 26.2)
2016-04-14,3386,POINT(-116.8 31.8)
2016-04-14,4534,POINT(-121.0 40.1)
2016-04-14,1510,POINT(-66.4 39.0)
2016-04-14,295,POINT(-67.6 40.2)
2016-04-14,3505,POINT(-121.4 42.2)
2016-04-14,2075,POINT(-98.4 25.5)
2016-04-14,778,POINT(-113.8 27.5)
2016-04-15,3067,POINT(-95.9 33.6)
2016-04-15,4299,POINT(-75.2 28.7)
2016-04-15,2171,POINT(-68.0 26.8)
2016-04-15,3303,POINT(-86.9 40.4)
2016-04-15,956,POINT(-103.8 44.6)
2016-04-15,4936,POINT(-88.8 43.1)
2016-04-15,3345,POINT(-106.3 44.6)
2016-04-15,4160,POINT(-70.4 41.0)
2016-04-15,4905,POINT(-72.8 42.6)
2016-04-15,4883,POINT(-91.5 31.5)
2016-04-16,1491,POINT(-105.5 48.8)
2016-04-16,1911,POINT(-107.4 29.4)
2016-04-16,3461,POINT(-123.0 30.1)
2016-04-16,4074,POINT(-76.1 31.9)
2016-04-16,64,POINT(-98.0 48.4)
2016-04-16,1833,POINT(-105.5 48.7)
2016-04-16,3472,POINT(-96.7 44.1)
2016-04-16,3089,POINT(-75.9 40.1)
2016-04-16,842,POINT(-117.5 37.5)
2016-04-16,4418,POINT(-73.5 48.3)
2016-04-17,2816,POINT(-71.1 41.7)
2016-04-17,2500,POINT(-68.2 47.7)
2016-04-17,337,POINT(-101.2 32.6)
2016-04-17,3320,POINT(-112.0 33.0)
2016-04-17,3310,POINT(-102.6 45.5)
2016-04-17,3685,POINT(-105.0 28.6)
2016-04-17,3064,POINT(-114.4 47.7)
2016-04-17,2153,POINT(-88.6 37.2)
2016-04-17,1321,POINT(-96.4 47.2)
2016-04-17,3201,POINT(-73.1 33.1)
2016-04-18,2548,POINT(-123.1 42.2)
2016-04-18,3993,POINT(-86.4 36.6)
2016-04-18,4557,POINT(-79.2 40.0)
2016-04-18,174,POINT(-79.4 37.1)
2016-04-18,4287,POINT(-71.8 48.2)
2016-04-18,832,POINT(-81.3 41.6)
2016-04-18,953,POINT(-69.3 31.0)
2016-04-18,4435,POINT(-105.0 46.8)
2016-04-18,784,POINT(-94.8 32.1)
2016-04-18,2208,POINT(-124.2 33.9)
2016-04-19,3166,POINT(-124.6 27.5)
2016-04-19,4252,POINT(-110.6 46.6)
2016-04-19,3705,POINT(-119.0 31.9)
2016-04-19,3462,POINT(-109.4 31.2)
2016-04-19,924,POINT(-114.4 47.1)
2016-04-19,1318,POINT(-123.3 44.3)
2016-04-19,4187,POINT(-70.4 28.4)
2016-04-19,523,POINT(-124.5 43.5)
2016-04-19,1930,POINT(-80.8 46.9)
2016-04-19,3604,POINT(-115.9 26.9)
2016-04-20,4851,POINT(-70.3 44.8)
2016-04-20,1419,POINT(-71.4 38.1)
2016-04-20,4812,POINT(-85.8 41.1)
2016-04-20,4576,POINT(-84.7 36.8)
2016-04-20,3200,POINT(-124.7 41.7)
2016-04-20,4501,POINT(-65.9 25.8)
2016-04-20,1565,POINT(-72.3 43.3)
2016-04-20,814,POINT(-71.3 25.8)
2016-04-20,1289,POINT(-85.4 35.9)
2016-04-20,3587,POINT(-104.3 28.6)
2016-04-21,2911,POINT(-71.4 44.8)
2016-04-21,1397,POINT(-107.5 32.5)
2016-04-21,4698,POINT(-91.2 35.9)
2016-04-21,2771,POINT(-119.0 35.3)
2016-04-21,2689,POINT(-69.7 43.5)
2016-04-21,2116,POINT(-116.6 36.5)
2016-04-21,4233,POINT(-111.5 43.9)
2016-04-21,4841,POINT(-91.5 26.8)
2016-04-21,2778,POINT(-79.2 29.6)
2016-04-21,3963,POINT(-87.8 38.2)
2016-04-22,3196,POINT(-111.1 47.7)
2016-04-22,3290,POINT(-124.9 26.8)
2016-04-22,2583,POINT(-79.6 26.0)
2016-04-22,4626,POINT(-65.9 28.8)
2016-04-22,2609,POINT(-76.4 40.4)
2016-04-22,4043,POINT(-97.4 34.6)
2016-04-22,246,POINT(-70.8 44.8)
2016-04-22,1314,POINT(-100.4 26.7)
2016-04-22,3440,POINT(-93.5 29.7)
2016-04-22,1311,POINT(-96.4 32.2)
2016-04-23,2551,POINT(-98.1 40.0)
2016-04-23,2061,POINT(-78.5 41.4)
2016-04-23,451,POINT(-93.4 28.0)
2016-04-23,2086,POINT(-106.0 47.7)
2016-04-23,3190,POINT(-109.5 33.2)
2016-04-23,2667,POINT(-122.7 42.1)
2016-04-23,3808,POINT(-90.0 37.6)
2016-04-23,814,POINT(-111.2 30.3)
2016-04-23,84,POINT(-116.1 45.3)
2016-04-23,2185,POINT(-85.8 44.6)
2016-04-24,3934,POINT(-84.1 34.5)
2016-04-24,2099,POINT(-79.9 39.1)
2016-04-24,50,POINT(-94.8 31.2)
2016-04-24,2091,POINT(-71.4 41.6)
2016-04-24,4693,POINT(-68.8 32.4)
2016-04-24,1632,POINT(-76.6 45.3)
2016-04-24,351,POINT(-86.9 30.2)
2016-04-24,4062,POINT(-106.8 25.4)
2016-04-24,2084,POINT(-66.0 31.4)
2016-04-24,655,POINT(-108.6 29.6)
2016-04-25,4836,POINT(-112.8 37.2)
2016-04-25,4273,POINT(-98.5 29.9)
2016-04-25,619,POINT(-121.6 43.3)
2016-04-25,464,POINT(-66.3 30.8)
2016-04-25,2963,POINT(-89.7 42.0)
2016-04-25,1718,POINT(-91.6 38.9)
2016-04-25,3482,POINT(-85.7 48.7)
2016-04-25,2979,POINT(-95.2 49.0)
2016-04-25,3038,POINT(-123.1 45.9)
2016-04-25,4807,POINT(-88.3 43.2)
2016-04-26,2691,POINT(-82.0 34.3)
2016-04-26,3639,POINT(-100.0 43.1)
2016-04-26,4235,POINT(-79.6 48.0)
2016-04-26,3077,POINT(-111.4 25.6)
2016-04-26,1396,POINT(-111.7 37.9)
2016-04-26,3786,POINT(-115.3 30.2)
2016-04-26,2876,POINT(-102.7 38.4)
2016-04-26,4798,POINT(-74.2 36.2)
2016-04-26,3373,POINT(-75.3 38.8)
2016-04-26,4899,POINT(-102.0 38.2)
2016-04-27,4134,POINT(-89.7 48.0)
2016-04-27,158,POINT(-81.8 38.3)
2016-04-27,3860,POINT(-110.5 45.3)
2016-04-27,2068,POINT(-114.9 32.7)
2016-04-27,1146,POINT(-66.7 35.5)
2016-04-27,196,POINT(-87.9 36.3)
2016-04-27,2864,POINT(-66.1 31.7)
2016-04-27,1260,POINT(-104.7 34.1)
2016-04-27,1343,POINT(-82.8 39.4)
2016-04-27,4203,POINT(-111.6 38.9)
2016-04-28,4160,POINT(-109.3 40.3)
2016-04-28,2721,POINT(-94.3 33.4)
2016-04-28,4863,POINT(-105.8 32.6)
2016-04-28,4511,POINT(-114.9 39.7)
2016-04-28,1795,POINT(-109.2 28.2)
2016-04-28,760,POINT(-122.9 31.1)
2016-04-28,1772,POINT(-82.7 26.0)
2016-04-28,3930,POINT(-95.5 26.7)
2016-04-28,4470,POINT(-119.3 30.8)
2016-04-28,491,POINT(-114.7 25.5)
2016-04-29,163,POINT(-118.8 30.9)
2016-04-29,1534,POINT(-88.2 40.7)
2016-04-29,2130,POINT(-119.3 26.5)
2016-04-29,2353,POINT(-79.7 35.5)
2016-04-29,1250,POINT(-123.8 46.9)
2016-04-29,70,POINT(-110.0 44.0)
2016-04-29,948,POINT(-71.6 32.3)
2016-04-29,1649,POINT(-81.9 47.2)
2016-04-29,4130,POINT(-120.6 32.9)
2016-04-29,4236,POINT(-75.7 26.7)
2016-04-30,3579,POINT(-95.4 48.9)
2016-04-30,1262,POINT(-74.2 45.9)
2016-04-30,4213,POINT(-89.0 36.2)
2016-04-30,181,POINT(-84.1 41.0)
2016-04-30,1468,POINT(-65.4 41.1)
2016-04-30,3559,POINT(-111.1 29.7)
2016-04-30,4207,POINT(-87.6 29.8)
2016-04-30,2332,POINT(-97.4 36.3)
2016-04-30,1646,POINT(-122.6 46.9)
2016-04-30,3125,POINT(-124.1 25.2)
2016-05-01,4100,POINT(-117.8 43.8)
2016-05-01,3014,POINT(-86.1 26.4)
2016-05-01,339,POINT(-91.0 36.5)
2016-05-01,3650,POINT(-91.8 40.3)
2016-05-01,3904,POINT(-123.1 41.5)
2016-05-01,4117,POINT(-96.8 26.4)
2016-05-01,1351,POINT(-69.5 35.0)
2016-05-01,3673,POINT(-101.1 39.0)
2016-05-01,225,POINT(-87.5 26.6)
2016-05-01,348,POINT(-78.2 28.2)
2016-05-02,4072,POINT(-78.0 40.9)
2016-05-02,2718,POINT(-93.8 37.5)
2016-05-02,3162,POINT(-73.5 28.9)
2016-05-02,1760,POINT(-101.5 37.8)
2016-05-02,2431,POINT(-71.7 46.9)
2016-05-02,719,POINT(-110.6 25.4)
2016-05-02,3736,POINT(-108.2 40.4)
2016-05-02,3652,POINT(-121.8 26.8)
2016-05-02,4003,POINT(-77.3 25.2)
2016-05-02,498,POINT(-100.0 28.6)
2016-05-03,56,POINT(-111.3 35.1)
2016-05-03,3369,POINT(-111.1 44.3)
2016-05-03,4883,POINT(-70.9 31.8)
2016-05-03,4816,POINT(-75.0 40.0)
2016-05-03,410,POINT(-91.8 34.9)
2016-05-03,4000,POINT(-88.0 30.6)
2016-05-03,3167,POINT(-96.5 37.3)
2016-05-03,4355,POINT(-101.5 44.1)
2016-05-03,400,POINT(-70.1 45.0)
2016-05-03,3863,POINT(-117.5 45.3)
2016-05-04,4440,POINT(-99.9 33.1)
2016-05-04,638,POINT(-104.3 44.0)
2016-05-04,4242,POINT(-95.1 30.1)
2016-05-04,2940,POINT(-97.5 42.7)
2016-05-04,1531,POINT(-93.9 47.8)
2016-05-04,836,POINT(-116.6 25.3)
2016-05-04,4832,POINT(-94.2 35.6)
2016-05-04,1510,POINT(-110.5 40.5)
2016-05-04,3304,POINT(-113.9 41.8)
2016-05-04,2429,POINT(-121.1 29.2)
2016-05-05,944,POINT(-79.2 48.3)
2016-05-05,3052,POINT(-99.4 39.8)
2016-05-05,4507,POINT(-87.4 28.9)
2016-05-05,1476,POINT(-81.3 25.5)
2016-05-05,3571,POINT(-84.2 43.8)
2016-05-05,624,POINT(-96.8 26.9)
2016-05-05,1192,POINT(-101.7 28.4)
2016-05-05,3233,POINT(-102.4 38.8)
2016-05-05,2677,POINT(-86.6 39.5)
2016-05-05,140,POINT(-95.3 41.5)
2016-05-06,2993,POINT(-74.1 34.4)
2016-05-06,4288,POINT(-72.5 43.6)
2016-05-06,4469,POINT(-114.8 48.4)
2016-05-06,48,POINT(-116.8 31.5)
2016-05-06,3969,POINT(-87.2 41.9)
2016-05-06,3597,POINT(-106.9 47.3)
2016-05-06,930,POINT(-123.9 41.5)
2016-05-06,2779,POINT(-71.7 41.3)
2016-05-06,4121,POINT(-111.4 30.4)
2016-05-06,502,POINT(-69.2 37.8)
2016-05-07,1141,POINT(-82.0 38.5)
2016-05-07,3531,POINT(-79.2 41.8)
2016-05-07,320,POINT(-112.9 48.9)
2016-05-07,748,POINT(-110.9 25.8)
2016-05-07,3251,POINT(-93.7 26.6)
2016-05-07,555,POINT(-114.7 26.9)
2016-05-07,2471,POINT(-106.7 42.8)
2016-05-07,4356,POINT(-105.7 28.3)
2016-05-07,4864,POINT(-115.4 39.9)
2016-05-07,1814,POINT(-112.7 32.8)
2016-05-08,3222,POINT(-77.7 36.0)
2016-05-08,3820,POINT(-115.0 30.2)
2016-05-08,823,POINT(-123.3 45.8)
2016-05-08,4134,POINT(-87.2 39.1)
2016-05-08,2042,POINT(-66.4 47.7)
2016-05-08,4582,POINT(-105.1 38.8)
2016-05-08,4423,POINT(-117.9 28.0)
2016-05-08,254,POINT(-90.8 29.1)
2016-05-08,4853,POINT(-70.6 48.7)
2016-05-08,4802,POINT(-78.0 42.4)
2016-05-09,281,POINT(-87.6 26.2)
2016-05-09,3521,POINT(-106.1 41.9)
2016-05-09,1781,POINT(-92.5 34.9)
2016-05-09,1272,POINT(-119.5 32.4)
2016-05-09,2434,POINT(-84.3 28.7)
2016-05-09,4371,POINT(-81.5 45.2)
2016-05-09,930,POINT(-67.1 26.5)
2016-05-09,3440,POINT(-109.4 32.0)
2016-05-09,4445,POINT(-123.9 32.4)
2016-05-09,4494,POINT(-92.3 28.9)
2016-05-10,2634,POINT(-82.6 37.2)
2016-05-10,3770,POINT(-77.6 25.3)
2016-05-10,2060,POINT(-113.4 32.2)
2016-05-10,3510,POINT(-109.3 47.4)
2016-05-10,1175,POINT(-94.2 32.5)
2016-05-10,385,POINT(-105.2 33.7)
2016-05-10,2043,POINT(-73.4 36.4)
2016-05-10,155,POINT(-96.6 38.5)
2016-05-10,4398,POINT(-77.0 44.4)
2016-05-10,441,POINT(-90.2 29.6)
2016-05-11,714,POINT(-78.6 45.9)
2016-05-11,2642,POINT(-105.0 43.2)
2016-05-11,4504,POINT(-75.1 42.3)
2016-05-11,973,POINT(-108.5 27.1)
2016-05-11,2244,POINT(-92.2 25.5)
2016-05-11,2051,POINT(-112.2 39.3)
2016-05-11,1838,POINT(-96.5 45.7)
2016-05-11,2118,POINT(-105.9 39.0)
2016-05-11,4078,POINT(-109.0 30.1)
2016-05-11,948,POINT(-67.0 27.2)
2016-05-12,4815,POINT(-115.4 41.8)
2016-05-12,816,POINT(-77.8 42.3)
2016-05-12,1473,POINT(-66.0 29.1)
2016-05-12,3425,POINT(-123.8 25.7)
2016-05-12,20,POINT(-83.1 34.8)
2016-05-12,1878,POINT(-109.8 39.0)
2016-05-12,4877,POINT(-122.6 41.9)
2016-05-12,894,POINT(-100.8 44.4)
2016-05-12,3574,POINT(-68.9 39.7)
2016-05-12,1399,POINT(-124.3 27.7)
2016-05-13,3411,POINT(-89.7 41.4)
2016-05-13,4331,POINT(-94.9 48.6)
2016-05-13,834,POINT(-72.6 46.7)
2016-05-13,2275,POINT(-120.0 45.9)
2016-05-13,946,POINT(-84.1 32.3)
2016-05-13,2810,POINT(-84.2 43.0)
2016-05-13,2563,POINT(-84.9 45.4)
2016-05-13,3855,POINT(-68.5 41.3)
2016-05-13,1806,POINT(-75.6 31.0)
2016-05-13,63,POINT(-122.5 47.9)
2016-05-14,736,POINT(-96.7 35.8)
2016-05-14,2746,POINT(-101.1 28.1)
2016-05-14,3180,POINT(-106.4 27.6)
2016-05-14,1923,POINT(-97.9 40.5)
2016-05-14,1606,POINT(-101.9 35.5)
2016-05-14,1924,POINT(-99.1 27.3)
2016-05-14,2476,POINT(-66.2 42.8)
2016-05-14,2747,POINT(-119.7 44.2)
2016-05-14,859,POINT(-69.7 42.4)
2016-05-14,2119,POINT(-96.2 29.9)
2016-05-15,12,POINT(-87.6 41.6)
2016-05-15,4265,POINT(-75.2 25.3)
2016-05-15,4079,POINT(-103.4 32.3)
2016-05-15,4886,POINT(-99.2 34.6)
2016-05-15,902,POINT(-100.4 45.0)
2016-05-15,2040,POINT(-102.5 34.4)
2016-05-15,3170,POINT(-69.5 25.3)
2016-05-15,2386,POINT(-75.3 33.5)
2016-05-15,4685,POINT(-118.5 37.0)
2016-05-15,1943,POINT(-118.5 47.8)
2016-05-16,1390,POINT(-99.3 47.6)
2016-05-16,3691,POINT(-119.1 29.3)
2016-05-16,1300,POINT(-87.9 29.4)
2016-05-16,1650,POINT(-116.4 28.9)
2016-05-16,2692,POINT(-93.7 43.9)
2016-05-16,997,POINT(-124.6 25.1)
2016-05-16,1228,POINT(-106.0 28.1)
2016-05-16,1365,POINT(-84.4 37.9)
2016-05-16,4275,POINT(-96.0 30.9)
2016-05-16,4626,POINT(-66.3 27.2)
2016-05-17,4145,POINT(-72.6 33.6)
2016-05-17,1570,POINT(-103.5 31.6)
2016-05-17,1428,POINT(-122.3 37.3)
2016-05-17,964,POINT(-74.3 48.5)
2016-05-17,993,POINT(-70.3 28.0)
2016-05-17,984,POINT(-75.8 33.9)
2016-05-17,4143,POINT(-117.3 47.4)
2016-05-17,3982,POINT(-65.1 46.0)
2016-05-17,923,POINT(-109.5 34.5)
2016-05-17,4559,POINT(-81.5 41.8)
2016-05-18,46,POINT(-70.5 27.1)
2016-05-18,3397,POINT(-110.9 42.1)
2016-05-18,1721,POINT(-70.5 48.3)
2016-05-18,3030,POINT(-106.4 37.9)
2016-05-18,805,POINT(-66.4 37.0)
2016-05-18,4046,POINT(-108.1 29.5)
2016-05-18,4698,POINT(-67.8 40.2)
2016-05-18,3121,POINT(-121.8 39.2)
2016-05-18,1334,POINT(-82.4 40.6)
2016-05-18,327,POINT(-93.1 25.6)
2016-05-19,2406,POINT(-96.3 38.2)
2016-05-19,2172,POINT(-111.6 39.3)
2016-05-19,2755,POINT(-82.7 30.0)
2016-05-19,1601,POINT(-113.6 30.0)
2016-05-19,3121,POINT(-91.8 31.6)
2016-05-19,3940,POINT(-109.8 42.1)
2016-05-19,2006,POINT(-67.7 39.6)
2016-05-19,1322,POINT(-123.3 45.3)
2016-05-19,1295,POINT(-113.0 32.1)
2016-05-19,4321,POINT(-110.5 46.9)
2016-05-20,2393,POINT(-100.2 42.8)
2016-05-20,3249,POINT(-111.0 34.5)
2016-05-20,2149,POINT(-95.5 27.3)
2016-05-20,1714,POINT(-72.7 31.2)
2016-05-20,372,POINT(-82.3 48.0)
2016-05-20,2614,POINT(-90.2 32.4)
2016-05-20,1726,POINT(-119.7 32.9)
2016-05-20,4461,POINT(-83.4 29.6)
2016-05-20,4296,POINT(-115.0 44.4)
2016-05-20,3748,POINT(-77.8 31.6)
2016-05-21,2479,POINT(-110.0 32.9)
2016-05-21,4805,POINT(-100.0 34.9)
2016-05-21,566,POINT(-104.0 35.4)
2016-05-21,835,POINT(-73.5 34.9)
2016-05-21,2818,POINT(-117.4 37.1)
2016-05-21,4531,POINT(-91.1 44.5)
2016-05-21,2729,POINT(-116.5 44.7)
2016-05-21,3518,POINT(-82.7 44.2)
2016-05-21,3751,POINT(-70.7 27.4)
2016-05-21,1584,POINT(-98.9 44.2)
2016-05-22,4008,POINT(-95.7 27.9)
2016-05-22,2139,POINT(-69.4 28.0)
2016-05-22,2413,POINT(-93.7 47.7)
2016-05-22,3339,POINT(-95.7 44.7)
2016-05-22,598,POINT(-90.3 38.3)
2016-05-22,2022,POINT(-83.6 46.0)
2016-05-22,1557,POINT(-118.6 48.7)
2016-05-22,304,POINT(-75.7 39.7)
2016-05-22,1995,POINT(-98.9 39.7)
2016-05-22,3127,POINT(-120.7 43.1)
2016-05-23,1700,POINT(-77.8 30.6)
2016-05-23,1146,POINT(-102.4 29.0)
2016-05-23,2074,POINT(-119.0 43.2)
2016-05-23,4465,POINT(-87.0 33.3)
2016-05-23,4805,POINT(-72.2 28.2)
2016-05-23,4553,POINT(-71.7 32.6)
2016-05-23,4780,POINT(-67.5 33.6)
2016-05-23,1017,POINT(-72.9 48.2)
2016-05-23,2524,POINT(-124.9 41.8)
2016-05-23,3536,POINT(-102.2 37.7)
2016-05-24,4691,POINT(-75.9 48.3)
2016-05-24,1257,POINT(-103.0 46.7)
2016-05-24,3912,POINT(-88.9 37.3)
2016-05-24,1445,POINT(-88.6 46.7)
2016-05-24,581,POINT(-103.1 34.7)
2016-05-24,2392,POINT(-70.7 30.5)
2016-05-24,1255,POINT(-94.8 30.6)
2016-05-24,2094,POINT(-97.1 40.9)
2016-05-24,287,POINT(-65.1 37.0)
2016-05-24,1897,POINT(-95.4 40.8)
2016-05-25,4589,POINT(-114.3 41.5)
2016-05-25,1275,POINT(-94.2 25.5)
2016-05-25,4836,POINT(-76.2 26.3)
2016-05-25,1050,POINT(-78.4 37.8)
2016-05-25,927,POINT(-77.7 29.6)
2016-05-25,895,POINT(-82.5 40.2)
2016-05-25,2762,POINT(-109.7 38.3)
2016-05-25,31,POINT(-73.3 39.1)
2016-05-25,4579,POINT(-71.4 32.3)
2016-05-25,3201,POINT(-113.4 40.4)
2016-05-26,2363,POINT(-117.2 44.9)
2016-05-26,4809,POINT(-66.5 49.0)
2016-05-26,696,POINT(-72.9 45.1)
2016-05-26,294,POINT(-71.4 38.4)
2016-05-26,4821,POINT(-71.8 29.6)
2016-05-26,3757,POINT(-92.5 41.4)
2016-05-26,772,POINT(-86.2 47.5)
2016-05-26,2438,POINT(-92.3 30.1)
2016-05-26,2517,POINT(-121.9 31.1)
2016-05-26,38,POINT(-80.3 28.6)
2016-05-27,916,POINT(-94.7 42.7)
2016-05-27,3114,POINT(-86.1 34.8)
2016-05-27,4009,POINT(-94.8 26.5)
2016-05-27,3004,POINT(-95.5 46.0)
2016-05-27,2516,POINT(-114.7 38.4)
2016-05-27,4675,POINT(-108.3 32.9)
2016-05-27,3619,POINT(-115.5 33.3)
2016-05-27,3563,POINT(-113.3 32.0)
2016-05-27,1463,POINT(-66.6 35.9)
2016-05-27,4843,POINT(-115.8 33.1)
2016-05-28,3366,POINT(-108.8 38.2)
2016-05-28,525,POINT(-89.6 43.6)
2016-05-28,48,POINT(-88.4 41.2)
2016-05-28,3352,POINT(-115.8 32.1)
2016-05-28,896,POINT(-77.4 37.7)
2016-05-28,2854,POINT(-77.9 45.2)
2016-05-28,2214,POINT(-110.8 26.6)
2016-05-28,1108,POINT(-107.7 26.9)
2016-05-28,1833,POINT(-68.7 38.3)
2016-05-28,3211,POINT(-75.5 40.3)
2016-05-29,3165,POINT(-83.1 30.1)
2016-05-29,3103,POINT(-120.1 42.9)
2016-05-29,3540,POINT(-99.9 40.5)
2016-05-29,3788,POINT(-91.4 47.2)
2016-05-29,2906,POINT(-113.8 29.1)
2016-05-29,3463,POINT(-98.1 43.0)
2016-05-29,3521,POINT(-88.9 27.0)
2016-05-29,998,POINT(-105.4 38.6)
2016-05-29,4126,POINT(-78.1 38.2)
2016-05-29,4974,POINT(-74.6 34.3)
2016-05-30,4036,POINT(-105.6 45.3)
2016-05-30,4189,POINT(-74.7 25.1)
2016-05-30,1692,POINT(-118.8 37.5)
2016-05-30,4675,POINT(-74.7 30.2)
2016-05-30,3973,POINT(-115.8 42.8)
2016-05-30,943,POINT(-120.0 26.0)
2016-05-30,3608,POINT(-86.5 45.0)
2016-05-30,3243,POINT(-96.7 45.1)
2016-05-30,1990,POINT(-70.5 45.0)
2016-05-30,1865,POINT(-103.2 28.7)
2016-05-31,3066,POINT(-107.8 40.1)
2016-05-31,802,POINT(-95.0 25.3)
2016-05-31,801,POINT(-97.6 45.4)
2016-05-31,1819,POINT(-104.3 42.4)
2016-05-31,2265,POINT(-83.4 37.7)
2016-05-31,3620,POINT(-79.4 42.5)
2016-05-31,1617,POINT(-73.8 27.3)
2016-05-31,994,POINT(-66.6 37.7)
2016-05-31,3686,POINT(-109.0 32.0)
2016-05-31,3390,POINT(-82.0 48.3)
2016-06-01,529,POINT(-101.3 45.6)
2016-06-01,600,POINT(-84.4 42.6)
2016-06-01,1060,POINT(-96.4 47.4)
2016-06-01,3643,POINT(-65.4 33.3)
2016-06-01,4454,POINT(-81.3 46.6)
2016-06-01,969,POINT(-67.9 32.8)
2016-06-01,702,POINT(-74.9 42.6)
2016-06-01,3909,POINT(-70.8 42.7)
2016-06-01,4483,POINT(-76.1 25.4)
2016-06-01,2956,POINT(-97.5 33.7)
2016-06-02,536,POINT(-109.9 25.5)
2016-06-02,3234,POINT(-102.8 48.9)
2016-06-02,2263,POINT(-123.8 27.9)
2016-06-02,3354,POINT(-93.6 38.0)
2016-06-02,3975,POINT(-94.7 44.0)
2016-06-02,1885,POINT(-93.5 29.8)
2016-06-02,1773,POINT(-66.6 36.6)
2016-06-02,530,POINT(-70.3 39.6)
2016-06-02,1026,POINT(-115.3 28.8)
2016-06-02,126,POINT(-102.9 43.7)
2016-06-03,2443,POINT(-99.6 32.2)
2016-06-03,593,POINT(-103.4 30.1)
2016-06-03,404,POINT(-77.1 38.4)
2016-06-03,3798,POINT(-93.6 34.8)
2016-06-03,2778,POINT(-90.7 47.1)
2016-06-03,4177,POINT(-73.8 46.1)
2016-06-03,3870,POINT(-76.6 36.6)
2016-06-03,283,POINT(-117.1 33.6)
2016-06-03,2023,POINT(-82.2 32.8)
2016-06-03,4443,POINT(-98.9 31.4)
2016-06-04,1399,POINT(-107.3 38.1)
2016-06-04,3576,POINT(-122.0 44.3)
2016-06-04,4712,POINT(-95.8 32.5)
2016-06-04,175,POINT(-103.7 29.6)
2016-06-04,1577,POINT(-109.9 36.4)
2016-06-04,738,POINT(-83.3 26.7)
2016-06-04,2053,POINT(-78.8 41.8)
2016-06-04,4207,POINT(-110.3 37.4)
2016-06-04,3506,POINT(-122.0 36.9)
2016-06-04,788,POINT(-74.1 32.2)
2016-06-05,223,POINT(-124.4 46.7)
2016-06-05,3772,POINT(-68.8 27.2)
2016-06-05,1586,POINT(-87.3 45.9)
2016-06-05,2458,POINT(-105.7 34.0)
2016-06-05,2946,POINT(-110.2 46.1)
2016-06-05,3127,POINT(-124.5 42.5)
2016-06-05,601,POINT(-110.9 27.5)
2016-06-05,2730,POINT(-116.7 45.0)
2016-06-05,723,POINT(-88.3 41.4)
2016-06-05,945,POINT(-115.0 25.8)
2016-06-06,4347,POINT(-93.3 28.2)
2016-06-06,11,POINT(-89.6 40.3)
2016-06-06,2858,POINT(-107.1 40.9)
2016-06-06,4054,POINT(-122.9 42.9)
2016-06-06,1959,POINT(-122.8 42.3)
2016-06-06,927,POINT(-123.4 40.8)
2016-06-06,3184,POINT(-80.7 43.4)
2016-06-06,2251,POINT(-105.9 38.8)
2016-06-06,99,POINT(-77.2 31.3)
2016-06-06,1719,POINT(-99.1 46.9)
2016-06-07,2179,POINT(-97.8 25.4)
2016-06-07,4248,POINT(-94.2 33.8)
2016-06-07,3051,POINT(-82.2 42.5)
2016-06-07,115,POINT(-108.6 35.3)
2016-06-07,896,POINT(-117.7 25.6)
2016-06-07,437,POINT(-91.6 26.6)
2016-06-07,1905,POINT(-105.4 40.6)
2016-06-07,326,POINT(-98.5 48.2)
2016-06-07,644,POINT(-86.2 38.2)
2016-06-07,1935,POINT(-95.4 37.2)
2016-06-08,2066,POINT(-87.8 32.6)
2016-06-08,3154,POINT(-92.3 31.2)
2016-06-08,2280,POINT(-80.6 25.5)
2016-06-08,1449,POINT(-82.6 31.6)
2016-06-08,562,POINT(-92.9 35.8)
2016-06-08,725,POINT(-84.3 29.8)
2016-06-08,3921,POINT(-72.6 27.1)
2016-06-08,1723,POINT(-99.1 42.2)
2016-06-08,3399,POINT(-100.2 46.5)
2016-06-08,1117,POINT(-79.1 47.5)
2016-06-09,4216,POINT(-90.0 39.8)
2016-06-09,260,POINT(-120.7 26.3)
2016-06-09,2440,POINT(-71.5 42.8)
2016-06-09,2064,POINT(-123.2 27.6)
2016-06-09,468,POINT(-80.1 41.1)
2016-06-09,217,POINT(-79.5 43.7)
2016-06-09,909,POINT(-67.8 42.4)
2016-06-09,3471,POINT(-121.8 47.8)
2016-06-09,3395,POINT(-89.2 42.7)
2016-06-09,31,POINT(-99.3 41.6)
2016-06-10,419,POINT(-105.2 31.3)
2016-06-10,904,POINT(-119.6 47.2)
2016-06-10,524,POINT(-91.2 29.3)
2016-06-10,4914,POINT(-96.3 46.7)
2016-06-10,4979,POINT(-118.7 32.5)
2016-06-10,4119,POINT(-88.3 28.1)
2016-06-10,2144,POINT(-80.7 44.8)
2016-06-10,3605,POINT(-79.0 25.1)
2016-06-10,2966,POINT(-70.7 45.0)
2016-06-10,1570,POINT(-100.4 31.3)
2016-06-11,1276,POINT(-67.8 46.2)
2016-06-11,2179,POINT(-73.1 41.6)
2016-06-11,3648,POINT(-107.2 41.0)
2016-06-11,759,POINT(-115.4 33.8)
2016-06-11,3437,POINT(-98.9 26.4)
2016-06-11,4790,POINT(-100.9 44.9)
2016-06-11,1937,POINT(-90.5 29.1)
2016-06-11,3814,POINT(-90.0 33.9)
2016-06-11,3712,POINT(-80.0 39.4)
2016-06-11,2366,POINT(-94.4 36.6)
2016-06-12,4800,POINT(-118.7 29.8)
2016-06-12,2345,POINT(-73.5 28.4)
2016-06-12,316,POINT(-106.4 28.0)
2016-06-12,3675,POINT(-66.7 45.7)
2016-06-12,1999,POINT(-117.9 25.8)
2016-06-12,671,POINT(-67.5 48.4)
2016-06-12,4654,POINT(-119.5 29.8)
2016-06-12,321,POINT(-111.1 27.6)
2016-06-12,2930,POINT(-122.2 38.8)
2016-06-12,1092,POINT(-82.7 26.9)
2016-06-13,2981,POINT(-74.0 39.5)
2016-06-13,764,POINT(-99.0 45.4)
2016-06-13,4140,POINT(-69.3 26.1)
2016-06-13,4550,POINT(-89.6 44.2)
2016-06-13,362,POINT(-87.2 34.5)
2016-06-13,912,POINT(-74.3 28.8)
2016-06-13,3898,POINT(-107.2 29.2)
2016-06-13,168,POINT(-103.7 47.1)
2016-06-13,1987,POINT(-70.6 27.7)
2016-06-13,966,POINT(-70.9 45.8)
2016-06-14,2081,POINT(-66.4 38.1)
2016-06-14,413,POINT(-70.9 25.9)
2016-06-14,4621,POINT(-117.4 36.1)
2016-06-14,2789,POINT(-75.6 44.6)
2016-06-14,1397,POINT(-100.4 42.4)
2016-06-14,3463,POINT(-65.6 36.7)
2016-06-14,965,POINT(-96.7 45.6)
2016-06-14,1722,POINT(-91.8 27.9)
2016-06-14,4713,POINT(-93.2 46.8)
2016-06-14,1283,POINT(-105.7 45.3)
2016-06-15,3821,POINT(-120.5 42.0)
2016-06-15,2635,POINT(-71.3 44.6)
2016-06-15,2392,POINT(-76.8 38.1)
2016-06-15,1451,POINT(-116.6 41.2)
2016-06-15,2989,POINT(-78.4 38.5)
2016-06-15,1807,POINT(-87.4 33.5)
2016-06-15,4400,POINT(-100.5 38.7)
2016-06-15,4019,POINT(-109.8 31.2)
2016-06-15,4860,POINT(-73.4 35.6)
2016-06-15,1404,POINT(-83.0 31.7)
2016-06-16,4291,POINT(-92.1 27.9)
2016-06-16,1279,POINT(-88.4 32.7)
2016-06-16,4742,POINT(-119.5 45.4)
2016-06-16,3724,POINT(-96.6 34.1)
2016-06-16,539,POINT(-113.4 43.0)
2016-06-16,3633,POINT(-112.5 29.2)
2016-06-16,2968,POINT(-85.3 35.2)
2016-06-16,2924,POINT(-70.3 27.8)
2016-06-16,4899,POINT(-100.8 28.3)
2016-06-16,3601,POINT(-112.5 39.8)
2016-06-17,2157,POINT(-86.1 39.6)
2016-06-17,4583,POINT(-72.7 30.1)
2016-06-17,3379,POINT(-80.1 36.4)
2016-06-17,949,POINT(-72.9 45.7)
2016-06-17,535,POINT(-92.8 29.2)
2016-06-17,11,POINT(-79.9 25.5)
2016-06-17,384,POINT(-116.6 40.6)
2016-06-17,2350,POINT(-104.1 26.3)
2016-06-17,4015,POINT(-101.6 48.5)
2016-06-17,3062,POINT(-94.3 39.6)
2016-06-18,4658,POINT(-69.3 36.3)
2016-06-18,2375,POINT(-72.5 35.3)
2016-06-18,1535,POINT(-116.9 38.8)
2016-06-18,4486,POINT(-114.6 27.2)
2016-06-18,1656,POINT(-103.5 47.3)
2016-06-18,23,POINT(-107.6 40.0)
2016-06-18,4609,POINT(-88.1 29.4)
2016-06-18,2288,POINT(-70.8 38.5)
2016-06-18,3165,POINT(-67.3 28.2)
2016-06-18,139,POINT(-85.8 25.4)
2016-06-19,3824,POINT(-74.7 40.1)
2016-06-19,4943,POINT(-93.5 40.6)
2016-06-19,3226,POINT(-112.5 39.0)
2016-06-19,2948,POINT(-93.5 29.4)
2016-06-19,3938,POINT(-91.7 39.5)
2016-06-19,2050,POINT(-80.5 26.4)
2016-06-19,37,POINT(-111.8 39.6)
2016-06-19,2123,POINT(-102.9 38.3)
2016-06-19,1262,POINT(-103.2 40.7)
2016-06-19,4366,POINT(-67.4 46.5)
2016-06-20,2056,POINT(-98.4 45.4)
2016-06-20,4565,POINT(-79.7 48.5)
2016-06-20,4033,POINT(-80.0 48.4)
2016-06-20,4406,POINT(-109.1 43.5)
2016-06-20,3384,POINT(-90.7 48.0)
2016-06-20,3476,POINT(-71.3 45.8)
2016-06-20,3091,POINT(-96.5 42.5)
2016-06-20,3788,POINT(-68.3 26.8)
2016-06-20,639,POINT(-112.1 26.2)
2016-06-20,279,POINT(-120.6 45.1)
2016-06-21,2649,POINT(-71.5 36.8)
2016-06-21,2003,POINT(-74.1 44.6)
2016-06-21,2901,POINT(-65.4 32.5)
2016-06-21,4967,POINT(-84.2 34.5)
2016-06-21,3442,POINT(-68.8 41.8)
2016-06-21,1290,POINT(-75.4 47.0)
2016-06-21,2370,POINT(-74.3 27.1)
2016-06-21,585,POINT(-90.9 45.7)
2016-06-21,1317,POINT(-102.1 44.0)
2016-06-21,3202,POINT(-68.9 32.6)
2016-06-22,3188,POINT(-99.1 33.5)
2016-06-22,2744,POINT(-92.7 26.1)
2016-06-22,2222,POINT(-98.2 25.4)
2016-06-22,2362,POINT(-91.1 36.4)
2016-06-22,3578,POINT(-96.8 27.3)
2016-06-22,1665,POINT(-122.1 29.7)
2016-06-22,1589,POINT(-72.1 45.3)
2016-06-22,2213,POINT(-98.3 38.7)
2016-06-22,1400,POINT(-89.7 40.2)
2016-06-22,1752,POINT(-116.6 29.5)
2016-06-23,1935,POINT(-124.8 44.9)
2016-06-23,629,POINT(-110.3 45.8)
2016-06-23,1284,POINT(-82.7 37.6)
2016-06-23,966,POINT(-119.0 46.9)
2016-06-23,1949,POINT(-70.5 45.3)
2016-06-23,3963,POINT(-112.1 42.6)
2016-06-23,2391,POINT(-112.7 42.6)
2016-06-23,978,POINT(-114.1 27.5)
2016-06-23,1326,POINT(-124.2 31.5)
2016-06-23,1053,POINT(-78.7 26.6)
2016-06-24,291,POINT(-72.5 25.2)
2016-06-24,2854,POINT(-88.2 28.8)
2016-06-24,1068,POINT(-113.7 46.1)
2016-06-24,4303,POINT(-107.9 30.8)
2016-06-24,2542,POINT(-96.4 48.3)
2016-06-24,3838,POINT(-67.7 39.3)
2016-06-24,1018,POINT(-110.2 30.7)
2016-06-24,1239,POINT(-81.1 36.9)
2016-06-24,1045,POINT(-98.6 30.3)
2016-06-24,4595,POINT(-107.1 48.6)
2016-06-25,285,POINT(-97.6 45.3)
2016-06-25,2750,POINT(-120.7 25.6)
2016-06-25,2299,POINT(-77.1 47.7)
2016-06-25,1249,POINT(-110.4 42.3)
2016-06-25,135,POINT(-81.5 27.0)
2016-06-25,4075,POINT(-120.9 41.1)
2016-06-25,4322,POINT(-67.7 40.5)
2016-06-25,3878,POINT(-113.4 30.3)
2016-06-25,1218,POINT(-72.0 43.2)
2016-06-25,3259,POINT(-76.4 27.1)
2016-06-26,928,POINT(-66.9 36.7)
2016-06-26,3933,POINT(-96.3 25.2)
2016-06-26,4413,POINT(-81.4 48.2)
2016-06-26,1979,POINT(-102.8 43.0)
2016-06-26,2803,POINT(-113.9 28.8)
2016-06-26,901,POINT(-98.4 33.2)
2016-06-26,4480,POINT(-115.1 28.9)
2016-06-26,2043,POINT(-66.1 43.4)
2016-06-26,1374,POINT(-119.2 26.4)
2016-06-26,138,POINT(-89.6 45.2)
2016-06-27,1024,POINT(-87.4 47.6)
2016-06-27,1809,POINT(-92.7 41.2)
2016-06-27,4622,POINT(-85.3 30.1)
2016-06-27,1528,POINT(-118.0 33.6)
2016-06-27,4191,POINT(-91.7 36.5)
2016-06-27,1208,POINT(-107.8 39.5)
2016-06-27,3883,POINT(-68.6 41.0)
2016-06-27,2484,POINT(-79.3 38.3)
2016-06-27,3495,POINT(-66.6 33.4)
2016-06-27,4059,POINT(-122.7 46.4)
2016-06-28,3729,POINT(-107.9 27.0)
2016-06-28,312,POINT(-113.3 36.2)
2016-06-28,3962,POINT(-124.3 43.6)
2016-06-28,4693,POINT(-110.5 26.5)
2016-06-28,996,POINT(-84.3 41.9)
2016-06-28,1873,POINT(-111.1 44.7)
2016-06-28,4450,POINT(-94.5 40.9)
2016-06-28,4919,POINT(-71.7 25.3)
2016-06-28,3082,POINT(-83.4 29.3)
2016-06-28,3134,POINT(-101.3 33.2)
2016-06-29,1337,POINT(-102.7 30.6)
2016-06-29,2418,POINT(-97.7 48.1)
2016-06-29,3683,POINT(-114.4 40.6)
2016-06-29,3301,POINT(-87.0 32.1)
2016-06-29,4043,POINT(-103.2 47.3)
2016-06-29,713,POINT(-73.9 42.8)
2016-06-29,584,POINT(-79.6 31.8)
2016-06-29,3242,POINT(-88.4 34.1)
2016-06-29,4793,POINT(-103.1 29.8)
2016-06-29,2642,POINT(-112.4 48.3)
2016-06-30,3838,POINT(-78.4 37.4)
2016-06-30,3240,POINT(-95.8 46.5)
2016-06-30,498,POINT(-111.5 33.3)
2016-06-30,1357,POINT(-113.3 45.7)
2016-06-30,3691,POINT(-115.1 26.3)
2016-06-30,3183,POINT(-78.4 48.6)
2016-06-30,4599,POINT(-111.3 46.9)
2016-06-30,1677,POINT(-93.4 33.7)
2016-06-30,1647,POINT(-97.9 43.6)
2016-06-30,4124,POINT(-90.2 43.1)
2016-07-01,3563,POINT(-72.4 46.6)
2016-07-01,1010,POINT(-72.9 32.4)
2016-07-01,860,POINT(-97.9 36.2)
2016-07-01,1398,POINT(-124.1 45.8)
2016-07-01,3722,POINT(-99.4 43.7)
2016-07-01,1377,POINT(-88.6 34.4)
2016-07-01,831,POINT(-91.5 45.3)
2016-07-01,464,POINT(-85.9 26.1)
2016-07-01,1634,POINT(-115.8 43.8)
2016-07-01,2782,POINT(-86.2 30.0)
2016-07-02,3736,POINT(-114.0 31.9)
2016-07-02,3157,POINT(-80.0 36.8)
2016-07-02,4099,POINT(-104.7 35.8)
2016-07-02,4816,POINT(-82.4 37.5)
2016-07-02,2200,POINT(-122.1 38.1)
2016-07-02,926,POINT(-100.5 33.0)
2016-07-02,3996,POINT(-82.7 29.2)
2016-07-02,2885,POINT(-111.4 43.4)
2016-07-02,1450,POINT(-77.3 34.6)
2016-07-02,4410,POINT(-87.2 37.1)
2016-07-03,745,POINT(-89.7 40.5)
2016-07-03,3578,POINT(-103.8 46.8)
2016-07-03,3348,POINT(-96.1 42.0)
2016-07-03,3025,POINT(-89.2 26.1)
2016-07-03,2899,POINT(-96.7 45.1)
2016-07-03,971,POINT(-83.1 48.7)
2016-07-03,2999,POINT(-99.0 36.3)
2016-07-03,3858,POINT(-112.9 48.3)
2016-07-03,1036,POINT(-112.2 38.1)
2016-07-03,3875,POINT(-124.7 36.0)
2016-07-04,2873,POINT(-106.9 33.0)
2016-07-04,2511,POINT(-80.1 40.8)
2016-07-04,1957,POINT(-77.4 30.5)
2016-07-04,1187,POINT(-112.9 27.5)
2016-07-04,4770,POINT(-67.5 25.7)
2016-07-04,21,POINT(-94.9 32.0)
2016-07-04,4409,POINT(-70.0 34.5)
2016-07-04,3374,POINT(-82.6 38.2)
2016-07-04,3032,POINT(-81.7 32.0)
2016-07-04,3381,POINT(-119.9 48.6)
2016-07-05,2840,POINT(-111.8 32.0)
2016-07-05,52,POINT(-124.5 35.6)
2016-07-05,953,POINT(-82.0 27.5)
2016-07-05,2400,POINT(-104.3 31.3)
2016-07-05,2555,POINT(-77.8 26.2)
2016-07-05,2421,POINT(-104.7 38.4)
2016-07-05,4996,POINT(-75.8 43.0)
2016-07-05,1014,POINT(-117.2 29.7)
2016-07-05,30,POINT(-114.6 33.8)
2016-07-05,416,POINT(-104.5 25.4)
2016-07-06,1024,POINT(-100.5 45.1)
2016-07-06,4441,POINT(-104.1 43.7)
2016-07-06,1848,POINT(-79.2 26.5)
2016-07-06,3198,POINT(-119.2 33.8)
2016-07-06,724,POINT(-103.9 47.9)
2016-07-06,4156,POINT(-74.8 34.4)
2016-07-06,3864,POINT(-121.0 37.6)
2016-07-06,4429,POINT(-68.5 33.5)
2016-07-06,4894,POINT(-65.8 39.3)
2016-07-06,150,POINT(-119.7 48.5)
2016-07-07,4575,POINT(-107.5 48.9)
2016-07-07,4892,POINT(-102.7 43.6)
2016-07-07,973,POINT(-78.4 34.7)
2016-07-07,382,POINT(-89.2 36.9)
2016-07-07,3645,POINT(-86.3 33.6)
2016-07-07,2551,POINT(-79.5 48.7)
2016-07-07,3620,POINT(-117.9 42.0)
2016-07-07,1702,POINT(-75.0 35.8)
2016-07-07,115,POINT(-82.7 25.3)
2016-07-07,1691,POINT(-90.4 37.5)
2016-07-08,4107,POINT(-71.6 48.6)
2016-07-08,4026,POINT(-83.0 37.6)
2016-07-08,2646,POINT(-112.9 29.4)
2016-07-08,2147,POINT(-99.2 25.5)
2016-07-08,3426,POINT(-95.4 33.5)
2016-07-08,4455,POINT(-121.7 47.0)
2016-07-08,3540,POINT(-67.7 48.9)
2016-07-08,1296,POINT(-117.3 47.7)
2016-07-08,3189,POINT(-83.2 42.5)
2016-07-08,3664,POINT(-94.6 38.4)
2016-07-09,2369,POINT(-123.5 39.2)
2016-07-09,454,POINT(-69.5 37.9)
2016-07-09,45,POINT(-73.9 42.0)
2016-07-09,1485,POINT(-93.5 35.1)
2016-07-09,3967,POINT(-111.3 41.1)
2016-07-09,1808,POINT(-117.7 27.9)
2016-07-09,1855,POINT(-103.2 31.4)
2016-07-09,1418,POINT(-109.7 45.1)
2016-07-09,1718,POINT(-94.6 46.7)
2016-07-09,2948,POINT(-67.0 37.9)
2016-07-10,1310,POINT(-90.5 25.8)
2016-07-10,1253,POINT(-71.6 47.2)
2016-07-10,3986,POINT(-85.9 41.8)
2016-07-10,3107,POINT(-96.5 34.9)
2016-07-10,4626,POINT(-73.7 39.4)
2016-07-10,19,POINT(-96.7 35.3)
2016-07-10,2435,POINT(-72.9 36.2)
2016-07-10,1670,POINT(-107.5 46.3)
2016-07-10,2641,POINT(-117.3 28.9)
2016-07-10,4825,POINT(-73.7 27.5)
2016-07-11,1082,POINT(-89.8 25.1)
2016-07-11,3235,POINT(-71.7 32.5)
2016-07-11,4964,POINT(-68.7 28.5)
2016-07-11,1326,POINT(-121.8 30.3)
2016-07-11,4155,POINT(-94.9 25.3)
2016-07-11,3693,POINT(-102.5 30.5)
2016-07-11,3283,POINT(-87.4 33.0)
2016-07-11,155,POINT(-77.4 25.8)
2016-07-11,3050,POINT(-108.2 39.6)
2016-07-11,1472,POINT(-91.6 38.7)
2016-07-12,4686,POINT(-82.5 27.3)
2016-07-12,1594,POINT(-116.9 39.3)
2016-07-12,492,POINT(-76.2 49.0)
2016-07-12,3189,POINT(-88.6 47.7)
2016-07-12,1259,POINT(-68.0 25.1)
2016-07-12,4778,POINT(-104.6 44.1)
2016-07-12,640,POINT(-118.5 33.5)
2016-07-12,671,POINT(-94.6 26.5)
2016-07-12,3513,POINT(-119.9 32.1)
2016-07-12,2862,POINT(-66.8 32.7)
2016-07-13,2476,POINT(-122.7 37.6)
2016-07-13,997,POINT(-79.8 40.9)
2016-07-13,1556,POINT(-93.5 43.0)
2016-07-13,659,POINT(-102.9 30.9)
2016-07-13,978,POINT(-121.0 32.7)
2016-07-13,2647,POINT(-87.7 32.4)
2016-07-13,1110,POINT(-89.9 33.7)
2016-07-13,450,POINT(-108.1 49.0)
2016-07-13,779,POINT(-70.4 43.7)
2016-07-13,1353,POINT(-106.8 48.4)
2016-07-14,4368,POINT(-98.0 41.6)
2016-07-14,3739,POINT(-92.4 34.8)
2016-07-14,3916,POINT(-119.0 34.4)
2016-07-14,1587,POINT(-69.1 36.7)
2016-07-14,4018,POINT(-102.5 35.0)
2016-07-14,3361,POINT(-120.2 44.9)
2016-07-14,4805,POINT(-101.8 36.2)
2016-07-14,2359,POINT(-89.0 32.1)
2016-07-14,3612,POINT(-94.2 43.6)
2016-07-14,1251,POINT(-83.3 45.5)
2016-07-15,1135,POINT(-121.7 35.1)
2016-07-15,2611,POINT(-107.9 41.0)
2016-07-15,1200,POINT(-75.8 26.4)
2016-07-15,4141,POINT(-120.2 37.7)
2016-07-15,4849,POINT(-73.7 26.1)
2016-07-15,4458,POINT(-119.5 25.7)
2016-07-15,82,POINT(-74.9 39.7)
2016-07-15,1924,POINT(-103.4 32.3)
2016-07-15,2482,POINT(-88.3 42.8)
2016-07-15,3056,POINT(-115.8 46.5)
2016-07-16,717,POINT(-121.0 28.3)
2016-07-16,1814,POINT(-112.0 42.4)
2016-07-16,3723,POINT(-117.3 37.3)
2016-07-16,2574,POINT(-106.3 27.7)
2016-07-16,2485,POINT(-94.1 40.6)
2016-07-16,3620,POINT(-89.7 39.6)
2016-07-16,4265,POINT(-77.6 37.4)
2016-07-16,2833,POINT(-85.6 47.2)
2016-07-16,1745,POINT(-88.5 37.5)
2016-07-16,1595,POINT(-100.3 48.8)
2016-07-17,76,POINT(-96.6 37.2)
2016-07-17,3071,POINT(-100.1 27.8)
2016-07-17,2438,POINT(-74.5 36.3)
2016-07-17,4163,POINT(-111.2 29.4)
2016-07-17,351,POINT(-124.7 39.3)
2016-07-17,2784,POINT(-85.9 41.6)
2016-07-17,2827,POINT(-112.9 36.2)
2016-07-17,2671,POINT(-71.6 27.3)
2016-07-17,1242,POINT(-73.5 36.2)
2016-07-17,3884,POINT(-120.4 27.0)
2016-07-18,2411,POINT(-118.6 41.4)
2016-07-18,1504,POINT(-95.3 44.0)
2016-07-18,4221,POINT(-88.4 48.1)
2016-07-18,671,POINT(-108.5 28.6)
2016-07-18,3893,POINT(-82.0 37.8)
2016-07-18,3629,POINT(-89.3 38.6)
2016-07-18,1878,POINT(-105.5 47.1)
2016-07-18,2344,POINT(-123.5 40.1)
2016-07-18,3384,POINT(-80.0 28.5)
2016-07-18,1026,POINT(-112.1 35.5)
2016-07-19,4416,POINT(-74.9 40.7)
2016-07-19,217,POINT(-99.8 41.8)
2016-07-19,2675,POINT(-90.4 45.7)
2016-07-19,2503,POINT(-72.6 29.3)
2016-07-19,642,POINT(-73.2 47.8)
2016-07-19,2112,POINT(-102.7 26.4)
2016-07-19,2969,POINT(-112.5 48.6)
2016-07-19,3093,POINT(-78.5 45.6)
2016-07-19,4762,POINT(-99.0 40.8)
2016-07-19,1941,POINT(-113.5 42.6)
2016-07-20,3729,POINT(-70.7 26.7)
2016-07-20,2572,POINT(-113.1 26.0)
2016-07-20,1689,POINT(-123.5 27.4)
2016-07-20,246,POINT(-123.8 27.1)
2016-07-20,4453,POINT(-87.7 38.1)
2016-07-20,4735,POINT(-85.3 30.2)
2016-07-20,1550,POINT(-106.3 45.6)
2016-07-20,3953,POINT(-105.8 35.7)
2016-07-20,373,POINT(-104.6 41.7)
2016-07-20,2378,POINT(-84.2 40.7)
2016-07-21,295,POINT(-121.5 32.7)
2016-07-21,158,POINT(-69.3 30.8)
2016-07-21,4047,POINT(-111.6 33.2)
2016-07-21,4561,POINT(-65.0 44.1)
2016-07-21,1776,POINT(-114.7 39.1)
2016-07-21,4905,POINT(-78.7 31.1)
2016-07-21,1022,POINT(-111.6 44.6)
2016-07-21,2841,POINT(-120.1 26.3)
2016-07-21,2517,POINT(-72.5 41.8)
2016-07-21,1533,POINT(-73.5 35.5)
2016-07-22,2795,POINT(-100.8 42.6)
2016-07-22,2566,POINT(-82.9 47.3)
2016-07-22,3735,POINT(-91.6 43.0)
2016-07-22,4586,POINT(-73.8 35.6)
2016-07-22,1611,POINT(-106.1 28.6)
2016-07-22,2418,POINT(-93.6 44.4)
2016-07-22,350,POINT(-95.9 36.1)
2016-07-22,2827,POINT(-103.8 26.8)
2016-07-22,2506,POINT(-71.5 42.3)
2016-07-22,4940,POINT(-115.0 32.0)
2016-07-23,1735,POINT(-116.0 26.2)
2016-07-23,1699,POINT(-90.4 46.7)
2016-07-23,3277,POINT(-85.6 36.6)
2016-07-23,4416,POINT(-113.3 31.7)
2016-07-23,271,POINT(-101.6 42.2)
2016-07-23,1452,POINT(-68.2 46.3)
2016-07-23,415,POINT(-110.2 25.0)
2016-07-23,2200,POINT(-84.9 41.5)
2016-07-23,4447,POINT(-80.6 43.4)
2016-07-23,253,POINT(-98.1 30.0)
2016-07-24,4595,POINT(-68.7 36.8)
2016-07-24,4117,POINT(-80.8 27.1)
2016-07-24,570,POINT(-97.5 42.9)
2016-07-24,4147,POINT(-90.8 45.3)
2016-07-24,2735,POINT(-83.4 27.6)
2016-07-24,603,POINT(-89.5 44.6)
2016-07-24,1836,POINT(-72.3 43.5)
2016-07-24,3239,POINT(-103.6 33.3)
2016-07-24,3297,POINT(-107.0 41.6)
2016-07-24,4083,POINT(-112.2 25.0)
2016-07-25,143,POINT(-122.7 47.4)
2016-07-25,3148,POINT(-122.4 38.2)
2016-07-25,3929,POINT(-72.8 39.9)
2016-07-25,82,POINT(-84.3 41.0)
2016-07-25,4504,POINT(-85.4 38.5)
2016-07-25,4235,POINT(-88.1 45.6)
2016-07-25,2988,POINT(-74.0 39.6)
2016-07-25,4371,POINT(-96.2 46.8)
2016-07-25,1995,POINT(-72.8 39.0)
2016-07-25,802,POINT(-103.4 29.1)
2016-07-26,4269,POINT(-69.4 46.9)
2016-07-26,104,POINT(-83.1 41.4)
2016-07-26,1143,POINT(-109.6 41.8)
2016-07-26,4927,POINT(-91.2 48.7)
2016-07-26,247,POINT(-93.0 26.8)
2016-07-26,2956,POINT(-116.7 35.3)
2016-07-26,2540,POINT(-89.5 30.7)
2016-07-26,1970,POINT(-106.1 40.1)
2016-07-26,1058,POINT(-121.9 44.4)
2016-07-26,2539,POINT(-68.1 48.2)
2016-07-27,2974,POINT(-86.5 35.9)
2016-07-27,973,POINT(-72.4 43.9)
2016-07-27,546,POINT(-84.4 47.0)
2016-07-27,4233,POINT(-103.6 41.4)
2016-07-27,3689,POINT(-94.2 30.8)
2016-07-27,4197,POINT(-84.5 39.6)
2016-07-27,3734,POINT(-67.4 48.3)
2016-07-27,552,POINT(-109.8 48.7)
2016-07-27,855,POINT(-72.5 40.4)
2016-07-27,3613,POINT(-69.6 46.3)
2016-07-28,3046,POINT(-84.8 29.8)
2016-07-28,2504,POINT(-69.1 30.9)
2016-07-28,4495,POINT(-101.1 47.9)
2016-07-28,2729,POINT(-67.8 28.2)
2016-07-28,1894,POINT(-82.8 29.6)
2016-07-28,4148,POINT(-122.5 35.1)
2016-07-28,4359,POINT(-70.6 39.2)
2016-07-28,3211,POINT(-95.9 39.5)
2016-07-28,2720,POINT(-97.4 32.0)
2016-07-28,1963,POINT(-91.0 47.1)
2016-07-29,4747,POINT(-116.0 47.0)
2016-07-29,3860,POINT(-96.9 34.4)
2016-07-29,699,POINT(-75.1 35.4)
2016-07-29,1960,POINT(-124.1 41.9)
2016-07-29,466,POINT(-108.6 40.9)
2016-07-29,2140,POINT(-124.9 34.2)
2016-07-29,3986,POINT(-100.1 34.9)
2016-07-29,4254,POINT(-81.3 33.4)
2016-07-29,1189,POINT(-77.1 30.6)
2016-07-29,4295,POINT(-68.3 36.0)
2016-07-30,3575,POINT(-88.5 41.5)
2016-07-30,892,POINT(-109.7 42.8)
2016-07-30,409,POINT(-69.6 43.7)
2016-07-30,618,POINT(-78.5 34.0)
2016-07-30,1648,POINT(-90.5 43.4)
2016-07-30,2158,POINT(-83.3 25.2)
2016-07-30,1392,POINT(-69.5 36.4)
2016-07-30,1413,POINT(-82.3 44.1)
2016-07-30,829,POINT(-102.9 40.1)
2016-07-30,3302,POINT(-82.2 36.4)
2016-07-31,829,POINT(-122.6 40.5)
2016-07-31,429,POINT(-101.8 46.8)
2016-07-31,4229,POINT(-100.6 38.6)
2016-07-31,4527,POINT(-115.0 44.2)
2016-07-31,3312,POINT(-123.6 48.5)
2016-07-31,1518,POINT(-117.0 41.9)
2016-07-31,777,POINT(-85.7 38.8)
2016-07-31,2054,POINT(-76.9 25.9)
2016-07-31,2149,POINT(-65.7 34.0)
2016-07-31,3039,POINT(-104.2 38.6)
2016-08-01,1559,POINT(-89.0 44.1)
2016-08-01,1774,POINT(-68.8 35.5)
2016-08-01,2655,POINT(-115.0 48.0)
2016-08-01,3726,POINT(-81.9 31.5)
2016-08-01,4615,POINT(-79.7 42.9)
2016-08-01,4491,POINT(-119.7 35.1)
2016-08-01,2303,POINT(-73.3 36.7)
2016-08-01,4847,POINT(-76.2 44.3)
2016-08-01,2718,POINT(-123.0 32.1)
2016-08-01,910,POINT(-119.5 27.3)
2016-08-02,3094,POINT(-122.1 37.5)
2016-08-02,2019,POINT(-104.9 37.7)
2016-08-02,251,POINT(-94.4 44.1)
2016-08-02,2395,POINT(-93.1 48.2)
2016-08-02,4278,POINT(-108.9 26.3)
2016-08-02,681,POINT(-70.3 39.2)
2016-08-02,173,POINT(-102.9 41.4)
2016-08-02,474,POINT(-122.3 48.7)
2016-08-02,3052,POINT(-107.0 47.6)
2016-08-02,4602,POINT(-93.1 42.1)
2016-08-03,4805,POINT(-100.5 37.5)
2016-08-03,2452,POINT(-108.6 28.9)
2016-08-03,4808,POINT(-117.1 34.2)
2016-08-03,2365,POINT(-75.9 39.0)
2016-08-03,4288,POINT(-65.2 42.4)
2016-08-03,4734,POINT(-105.2 40.2)
2016-08-03,2567,POINT(-102.1 42.1)
2016-08-03,555,POINT(-87.9 35.3)
2016-08-03,4729,POINT(-81.9 42.5)
2016-08-03,3845,POINT(-101.5 28.4)
2016-08-04,603,POINT(-70.7 28.9)
2016-08-04,4849,POINT(-91.4 28.9)
2016-08-04,3814,POINT(-98.0 46.4)
2016-08-04,1469,POINT(-86.2 26.8)
2016-08-04,3503,POINT(-67.8 44.2)
2016-08-04,2611,POINT(-77.3 30.6)
2016-08-04,2454,POINT(-122.6 36.2)
2016-08-04,2682,POINT(-105.1 47.0)
2016-08-04,4210,POINT(-96.8 39.1)
2016-08-04,26,POINT(-106.1 30.0)
2016-08-05,3201,POINT(-83.0 31.8)
2016-08-05,402,POINT(-75.4 47.1)
2016-08-05,434,POINT(-81.1 35.3)
2016-08-05,581,POINT(-65.6 39.1)
2016-08-05,3641,POINT(-108.6 36.0)
2016-08-05,1130,POINT(-72.5 34.1)
2016-08-05,251,POINT(-79.0 30.4)
2016-08-05,3907,POINT(-103.3 41.5)
2016-08-05,4105,POINT(-81.0 42.2)
2016-08-05,2289,POINT(-118.8 31.6)
2016-08-06,798,POINT(-77.6 43.9)
2016-08-06,724,POINT(-93.1 45.5)
2016-08-06,4864,POINT(-107.5 47.1)
2016-08-06,2859,POINT(-85.7 28.9)
2016-08-06,785,POINT(-86.5 32.3)
2016-08-06,4036,POINT(-112.4 45.6)
2016-08-06,2257,POINT(-123.2 29.8)
2016-08-06,88,POINT(-99.0 25.1)
2016-08-06,3936,POINT(-90.8 45.9)
2016-08-06,865,POINT(-72.4 32.8)
2016-08-07,2158,POINT(-69.3 34.9)
2016-08-07,1041,POINT(-93.3 35.7)
2016-08-07,4950,POINT(-79.8 45.4)
2016-08-07,3281,POINT(-98.6 33.1)
2016-08-07,3586,POINT(-80.2 46.4)
2016-08-07,4192,POINT(-112.7 39.8)
2016-08-07,3466,POINT(-102.7 37.7)
2016-08-07,3516,POINT(-86.9 32.8)
2016-08-07,417,POINT(-123.9 30.8)
2016-08-07,2721,POINT(-81.7 40.0)
2016-08-08,3098,POINT(-74.9 35.7)
2016-08-08,1678,POINT(-101.1 46.9)
2016-08-08,157,POINT(-98.1 36.8)
2016-08-08,4337,POINT(-73.9 37.3)
2016-08-08,3907,POINT(-78.5 35.0)
2016-08-08,1960,POINT(-107.7 43.9)
2016-08-08,375,POINT(-105.6 35.2)
2016-08-08,1684,POINT(-84.3 31.5)
2016-08-08,4541,POINT(-91.2 45.7)
2016-08-08,4504,POINT(-115.3 39.3)
2016-08-09,2556,POINT(-106.4 39.2)
2016-08-09,572,POINT(-71.0 39.7)
2016-08-09,3572,POINT(-83.7 42.3)
2016-08-09,2499,POINT(-65.8 32.5)
2016-08-09,782,POINT(-79.0 25.8)
2016-08-09,2047,POINT(-68.5 44.5)
2016-08-09,3433,POINT(-112.0 28.1)
2016-08-09,2577,POINT(-78.7 42.3)
2016-08-09,1583,POINT(-123.8 27.0)
2016-08-09,3704,POINT(-84.8 34.0)
2016-08-10,3301,POINT(-96.8 26.5)
2016-08-10,1256,POINT(-104.2 37.5)
2016-08-10,3729,POINT(-73.3 40.7)
2016-08-10,3849,POINT(-73.7 29.1)
2016-08-10,369,POINT(-123.7 33.9)
2016-08-10,2386,POINT(-88.4 47.3)
2016-08-10,3019,POINT(-102.9 35.6)
2016-08-10,3003,POINT(-100.1 44.3)
2016-08-10,972,POINT(-75.1 47.3)
2016-08-10,3642,POINT(-106.4 48.4)
2016-08-11,1837,POINT(-68.4 46.6)
2016-08-11,1623,POINT(-114.2 32.6)
2016-08-11,1650,POINT(-85.2 48.1)
2016-08-11,2226,POINT(-84.7 44.5)
2016-08-11,4322,POINT(-109.9 45.1)
2016-08-11,387,POINT(-105.5 25.4)
2016-08-11,4224,POINT(-74.9 47.9)
2016-08-11,4295,POINT(-79.3 43.7)
2016-08-11,379,POINT(-105.3 43.4)
2016-08-11,2206,POINT(-93.0 27.0)
2016-08-12,3757,POINT(-121.3 30.6)
2016-08-12,661,POINT(-112.5 48.1)
2016-08-12,779,POINT(-95.9 37.0)
2016-08-12,2431,POINT(-119.8 34.5)
2016-08-12,790,POINT(-74.4 45.2)
2016-08-12,1726,POINT(-81.9 27.1)
2016-08-12,3993,POINT(-68.4 35.0)
2016-08-12,1321,POINT(-83.4 34.0)
2016-08-12,3369,POINT(-68.6 33.4)
2016-08-12,532,POINT(-91.7 32.4)
2016-08-13,531,POINT(-89.0 30.0)
2016-08-13,4888,POINT(-66.4 29.1)
2016-08-13,2330,POINT(-86.5 40.4)
2016-08-13,945,POINT(-123.2 47.1)
2016-08-13,2240,POINT(-81.6 37.2)
2016-08-13,4050,POINT(-70.7 32.2)
2016-08-13,4593,POINT(-77.3 28.8)
2016-08-13,4951,POINT(-90.0 44.9)
2016-08-13,3707,POINT(-84.7 48.3)
2016-08-13,2847,POINT(-65.6 33.4)
2016-08-14,4093,POINT(-119.6 32.0)
2016-08-14,2471,POINT(-85.0 39.4)
2016-08-14,3253,POINT(-108.0 43.6)
2016-08-14,3369,POINT(-86.6 35.9)
2016-08-14,695,POINT(-88.5 40.1)
2016-08-14,2170,POINT(-115.8 42.2)
2016-08-14,3998,POINT(-112.6 48.1)
2016-08-14,4076,POINT(-87.7 29.0)
2016-08-14,1577,POINT(-117.3 48.9)
2016-08-14,48,POINT(-109.1 34.4)
2016-08-15,2554,POINT(-74.9 42.4)
2016-08-15,4885,POINT(-105.4 38.7)
2016-08-15,1266,POINT(-95.7 36.7)
2016-08-15,3000,POINT(-68.5 41.8)
2016-08-15,2206,POINT(-111.4 34.5)
2016-08-15,3478,POINT(-101.6 28.0)
2016-08-15,2718,POINT(-88.6 36.7)
2016-08-15,311,POINT(-79.7 37.5)
2016-08-15,656,POINT(-70.9 29.8)
2016-08-15,4768,POINT(-70.1 47.5)
2016-08-16,1769,POINT(-78.4 30.5)
2016-08-16,4361,POINT(-111.3 34.8)
2016-08-16,607,POINT(-123.5 28.7)
2016-08-16,671,POINT(-102.0 37.9)
2016-08-16,4340,POINT(-116.5 32.4)
2016-08-16,1378,POINT(-82.4 36.7)
2016-08-16,2591,POINT(-85.3 30.4)
2016-08-16,3878,POINT(-122.4 26.3)
2016-08-16,3547,POINT(-74.8 43.7)
2016-08-16,4875,POINT(-110.1 40.4)
2016-08-17,4318,POINT(-99.1 33.2)
2016-08-17,4568,POINT(-84.9 26.1)
2016-08-17,292,POINT(-99.2 45.8)
2016-08-17,3688,POINT(-98.5 29.1)
2016-08-17,1496,POINT(-121.1 47.3)
2016-08-17,4092,POINT(-100.9 36.5)
2016-08-17,4193,POINT(-79.1 33.2)
2016-08-17,470,POINT(-70.1 42.8)
2016-08-17,2335,POINT(-100.2 46.0)
2016-08-17,3764,POINT(-99.6 33.9)
2016-08-18,2478,POINT(-82.8 34.8)
2016-08-18,1734,POINT(-68.4 35.4)
2016-08-18,1386,POINT(-109.0 47.1)
2016-08-18,2753,POINT(-98.6 41.6)
2016-08-18,524,POINT(-77.2 30.9)
2016-08-18,712,POINT(-88.4 29.4)
2016-08-18,1663,POINT(-118.4 30.5)
2016-08-18,2076,POINT(-87.3 31.3)
2016-08-18,32,POINT(-113.8 30.5)
2016-08-18,2470,POINT(-94.4 40.8)
2016-08-19,1314,POINT(-93.3 27.8)
2016-08-19,3310,POINT(-72.4 34.3)
2016-08-19,371,POINT(-97.3 40.0)
2016-08-19,3737,POINT(-108.2 32.0)
2016-08-19,1294,POINT(-111.1 26.6)
2016-08-19,524,POINT(-72.5 27.0)
2016-08-19,458,POINT(-114.7 28.0)
2016-08-19,1865,POINT(-99.4 45.1)
2016-08-19,4979,POINT(-113.8 40.8)
2016-08-19,3572,POINT(-78.6 26.5)
2016-08-20,2530,POINT(-96.5 34.4)
2016-08-20,3091,POINT(-103.9 31.7)
2016-08-20,1438,POINT(-103.3 38.9)
2016-08-20,3977,POINT(-73.9 37.5)
2016-08-20,932,POINT(-91.8 36.5)
2016-08-20,3147,POINT(-81.9 32.5)
2016-08-20,2169,POINT(-71.2 28.3)
2016-08-20,2557,POINT(-70.9 42.8)
2016-08-20,2989,POINT(-105.3 46.1)
2016-08-20,2291,POINT(-67.9 47.7)
2016-08-21,2659,POINT(-123.5 26.4)
2016-08-21,323,POINT(-102.4 42.8)
2016-08-21,2623,POINT(-71.3 42.4)
2016-08-21,3093,POINT(-108.5 47.7)
2016-08-21,2266,POINT(-108.6 31.1)
2016-08-21,1047,POINT(-106.8 42.8)
2016-08-21,3499,POINT(-88.3 26.3)
2016-08-21,2644,POINT(-98.7 40.1)
2016-08-21,3993,POINT(-81.4 33.4)
2016-08-21,1788,POINT(-71.3 43.5)
2016-08-22,3905,POINT(-84.5 45.7)
2016-08-22,1134,POINT(-112.7 33.8)
2016-08-22,707,POINT(-69.0 37.6)
2016-08-22,2189,POINT(-109.1 27.8)
2016-08-22,1414,POINT(-116.0 35.0)
2016-08-22,1053,POINT(-119.6 33.7)
2016-08-22,1939,POINT(-91.2 29.4)
2016-08-22,1023,POINT(-118.2 46.5)
2016-08-22,236,POINT(-116.7 28.6)
2016-08-22,1838,POINT(-107.0 40.3)
2016-08-23,4927,POINT(-108.1 46.4)
2016-08-23,2033,POINT(-88.7 46.9)
2016-08-23,4976,POINT(-76.0 44.0)
2016-08-23,2462,POINT(-79.3 29.2)
2016-08-23,2095,POINT(-109.3 44.6)
2016-08-23,4293,POINT(-110.3 31.6)
2016-08-23,1090,POINT(-67.1 47.1)
2016-08-23,2330,POINT(-124.5 42.0)
2016-08-23,3200,POINT(-72.2 43.8)
2016-08-23,2640,POINT(-113.0 27.0)
2016-08-24,2573,POINT(-68.2 39.0)
2016-08-24,3302,POINT(-104.5 44.7)
2016-08-24,4631,POINT(-98.6 45.7)
2016-08-24,3596,POINT(-82.6 25.7)
2016-08-24,4441,POINT(-89.7 47.5)
2016-08-24,2957,POINT(-105.9 26.0)
2016-08-24,3969,POINT(-91.8 39.7)
2016-08-24,2823,POINT(-81.2 41.6)
2016-08-24,2593,POINT(-122.5 27.6)
2016-08-24,171,POINT(-124.3 26.2)
2016-08-25,603,POINT(-97.5 43.8)
2016-08-25,3269,POINT(-117.1 34.2)
2016-08-25,4165,POINT(-85.1 27.6)
2016-08-25,2972,POINT(-112.2 43.3)
2016-08-25,3898,POINT(-99.0 45.4)
2016-08-25,3400,POINT(-113.1 39.1)
2016-08-25,4511,POINT(-92.1 28.9)
2016-08-25,673,POINT(-118.0 25.4)
2016-08-25,1142,POINT(-123.6 41.8)
2016-08-25,551,POINT(-121.9 38.2)
2016-08-26,2984,POINT(-67.7 40.6)
2016-08-26,877,POINT(-116.5 44.5)
2016-08-26,2076,POINT(-82.5 35.4)
2016-08-26,441,POINT(-120.9 28.0)
2016-08-26,4845,POINT(-118.5 47.6)
2016-08-26,4288,POINT(-94.5 38.1)
2016-08-26,1216,POINT(-97.1 39.8)
2016-08-26,2538,POINT(-67.9 47.4)
2016-08-26,1179,POINT(-68.3 47.4)
2016-08-26,840,POINT(-78.2 38.7)
2016-08-27,1661,POINT(-88.9 32.1)
2016-08-27,1146,POINT(-97.7 48.9)
2016-08-27,2820,POINT(-103.6 41.3)
2016-08-27,485,POINT(-68.2 34.8)
2016-08-27,2820,POINT(-88.8 38.4)
2016-08-27,1336,POINT(-90.3 35.0)
2016-08-27,1029,POINT(-111.1 46.3)
2016-08-27,1846,POINT(-122.2 36.6)
2016-08-27,4266,POINT(-68.3 44.8)
2016-08-27,2458,POINT(-106.2 45.2)
2016-08-28,4303,POINT(-98.4 44.8)
2016-08-28,1293,POINT(-118.1 42.3)
2016-08-28,669,POINT(-74.8 45.5)
2016-08-28,2020,POINT(-123.3 34.3)
2016-08-28,408,POINT(-75.0 27.8)
2016-08-28,1743,POINT(-116.6 45.2)
2016-08-28,2135,POINT(-71.8 37.0)
2016-08-28,2181,POINT(-81.2 28.1)
2016-08-28,84,POINT(-115.1 27.8)
2016-08-28,4707,POINT(-91.1 28.8)
2016-08-29,3481,POINT(-106.2 43.0)
2016-08-29,846,POINT(-114.3 42.1)
2016-08-29,509,POINT(-73.4 29.9)
2016-08-29,147,POINT(-100.8 45.3)
2016-08-29,2107,POINT(-101.1 31.8)
2016-08-29,3706,POINT(-114.8 44.0)
2016-08-29,1895,POINT(-102.0 36.7)
2016-08-29,2767,POINT(-72.7 42.6)
2016-08-29,3930,POINT(-103.2 34.2)
2016-08-29,1910,POINT(-67.9 33.3)
2016-08-30,2620,POINT(-68.2 45.2)
2016-08-30,3996,POINT(-116.3 25.8)
2016-08-30,1459,POINT(-114.4 48.4)
2016-08-30,556,POINT(-73.2 40.6)
2016-08-30,4686,POINT(-101.4 35.4)
2016-08-30,2013,POINT(-124.7 40.1)
2016-08-30,2106,POINT(-108.6 27.9)
2016-08-30,713,POINT(-89.1 37.3)
2016-08-30,2413,POINT(-77.0 48.6)
2016-08-30,1635,POINT(-117.0 30.6)
2016-08-31,3341,POINT(-118.4 42.3)
2016-08-31,4743,POINT(-69.7 35.4)
2016-08-31,2988,POINT(-79.9 40.7)
2016-08-31,4746,POINT(-89.6 29.9)
2016-08-31,2849,POINT(-78.8 36.3)
2016-08-31,3394,POINT(-99.3 48.5)
2016-08-31,2669,POINT(-79.5 29.7)
2016-08-31,1871,POINT(-102.7 40.3)
2016-08-31,2866,POINT(-110.4 38.8)
2016-08-31,695,POINT(-81.3 38.6)
2016-09-01,4293,POINT(-99.8 39.8)
2016-09-01,1629,POINT(-66.1 37.1)
2016-09-01,4653,POINT(-104.0 25.4)
2016-09-01,1441,POINT(-69.7 46.6)
2016-09-01,885,POINT(-69.0 44.8)
2016-09-01,4723,POINT(-110.5 29.2)
2016-09-01,2471,POINT(-77.1 34.9)
2016-09-01,1375,POINT(-99.0 43.5)
2016-09-01,1253,POINT(-69.9 48.5)
2016-09-01,172,POINT(-98.0 47.8)
2016-09-02,1984,POINT(-80.3 46.6)
2016-09-02,3301,POINT(-97.0 28.8)
2016-09-02,279,POINT(-111.3 46.9)
2016-09-02,641,POINT(-113.0 46.1)
2016-09-02,915,POINT(-99.5 34.0)
2016-09-02,3481,POINT(-79.7 34.5)
2016-09-02,3263,POINT(-88.7 36.0)
2016-09-02,2024,POINT(-83.7 40.7)
2016-09-02,1651,POINT(-108.1 31.3)
2016-09-02,214,POINT(-96.1 25.6)
2016-09-03,591,POINT(-122.3 28.4)
2016-09-03,850,POINT(-75.9 35.6)
2016-09-03,1729,POINT(-65.6 31.8)
2016-09-03,2653,POINT(-100.6 43.3)
2016-09-03,2307,POINT(-124.3 27.6)
2016-09-03,884,POINT(-114.8 47.0)
2016-09-03,699,POINT(-85.8 46.5)
2016-09-03,4010,POINT(-88.3 46.8)
2016-09-03,3151,POINT(-77.7 42.8)
2016-09-03,1432,POINT(-109.8 27.6)
2016-09-04,681,POINT(-79.2 35.5)
2016-09-04,1181,POINT(-83.7 28.2)
2016-09-04,3736,POINT(-105.6 48.7)
2016-09-04,953,POINT(-92.3 33.0)
2016-09-04,1459,POINT(-116.2 39.0)
2016-09-04,3747,POINT(-97.8 43.7)
2016-09-04,2549,POINT(-72.1 47.1)
2016-09-04,3969,POINT(-99.7 43.1)
2016-09-04,4270,POINT(-74.6 41.2)
2016-09-04,2371,POINT(-89.6 36.2)
2016-09-05,3662,POINT(-113.5 39.5)
2016-09-05,3680,POINT(-90.1 27.3)
2016-09-05,1763,POINT(-94.6 46.2)
2016-09-05,2362,POINT(-101.1 38.1)
2016-09-05,1948,POINT(-117.8 26.0)
2016-09-05,380,POINT(-100.0 47.1)
2016-09-05,4958,POINT(-120.6 36.7)
2016-09-05,4489,POINT(-119.1 45.8)
2016-09-05,1941,POINT(-100.0 45.6)
2016-09-05,434,POINT(-106.7 44.6)
2016-09-06,4734,POINT(-69.5 26.5)
2016-09-06,904,POINT(-102.5 30.9)
2016-09-06,607,POINT(-79.5 46.0)
2016-09-06,3072,POINT(-93.2 46.6)
2016-09-06,2346,POINT(-82.8 36.0)
2016-09-06,4698,POINT(-109.4 35.6)
2016-09-06,1697,POINT(-68.5 29.2)
2016-09-06,582,POINT(-93.2 48.2)
2016-09-06,2100,POINT(-75.1 30.1)
2016-09-06,3679,POINT(-103.1 29.6)
2016-09-07,4282,POINT(-119.0 40.9)
2016-09-07,4634,POINT(-84.6 30.8)
2016-09-07,1643,POINT(-124.5 47.5)
2016-09-07,1527,POINT(-96.5 25.3)
2016-09-07,4303,POINT(-113.4 25.1)
2016-09-07,2667,POINT(-87.4 37.1)
2016-09-07,3658,POINT(-66.2 36.7)
2016-09-07,4958,POINT(-97.1 28.9)
2016-09-07,3598,POINT(-76.0 36.9)
2016-09-07,1547,POINT(-94.5 34.9)
2016-09-08,3147,POINT(-95.2 46.4)
2016-09-08,107,POINT(-69.2 25.2)
2016-09-08,3225,POINT(-71.6 48.4)
2016-09-08,4540,POINT(-77.9 40.0)
2016-09-08,4742,POINT(-107.2 28.6)
2016-09-08,3760,POINT(-92.3 26.1)
2016-09-08,3167,POINT(-111.6 37.9)
2016-09-08,4693,POINT(-98.4 30.6)
2016-09-08,353,POINT(-95.9 32.2)
2016-09-08,4676,POINT(-75.1 30.9)
2016-09-09,620,POINT(-71.2 40.6)
2016-09-09,1737,POINT(-100.1 38.3)
2016-09-09,2300,POINT(-123.9 26.9)
2016-09-09,1864,POINT(-73.3 37.6)
2016-09-09,2618,POINT(-114.5 44.0)
2016-09-09,2089,POINT(-87.7 26.9)
2016-09-09,2334,POINT(-123.5 46.4)
2016-09-09,4637,POINT(-101.0 38.9)
2016-09-09,1187,POINT(-65.8 47.8)
2016-09-09,1101,POINT(-119.0 28.6)
2016-09-10,4989,POINT(-99.6 48.8)
2016-09-10,2801,POINT(-106.6 40.5)
2016-09-10,1759,POINT(-70.7 38.6)
2016-09-10,2685,POINT(-72.8 37.4)
2016-09-10,791,POINT(-110.7 25.6)
2016-09-10,3058,POINT(-120.1 47.6)
2016-09-10,2115,POINT(-87.4 40.5)
2016-09-10,3877,POINT(-104.8 27.2)
2016-09-10,4986,POINT(-84.7 25.5)
2016-09-10,4552,POINT(-123.1 26.2)
2016-09-11,2123,POINT(-117.0 39.6)
2016-09-11,3980,POINT(-83.8 39.7)
2016-09-11,2001,POINT(-112.3 37.0)
2016-09-11,1077,POINT(-73.5 32.4)
2016-09-11,1587,POINT(-121.5 37.8)
2016-09-11,1021,POINT(-112.1 37.4)
2016-09-11,2284,POINT(-65.1 25.5)
2016-09-11,4879,POINT(-99.0 31.8)
2016-09-11,1824,POINT(-82.8 26.3)
2016-09-11,2436,POINT(-114.0 46.6)
2016-09-12,4412,POINT(-88.4 42.4)
2016-09-12,4884,POINT(-81.4 48.9)
2016-09-12,2561,POINT(-106.1 32.3)
2016-09-12,3667,POINT(-75.3 46.1)
2016-09-12,17,POINT(-88.8 39.5)
2016-09-12,2565,POINT(-101.7 35.9)
2016-09-12,485,POINT(-91.5 30.3)
2016-09-12,2221,POINT(-90.4 42.7)
2016-09-12,494,POINT(-115.1 46.7)
2016-09-12,4664,POINT(-100.8 30.6)
2016-09-13,2295,POINT(-104.4 29.2)
2016-09-13,4573,POINT(-100.9 41.7)
2016-09-13,3535,POINT(-79.3 48.4)
2016-09-13,3349,POINT(-96.0 43.0)
2016-09-13,2832,POINT(-68.6 31.8)
2016-09-13,4953,POINT(-107.4 35.1)
2016-09-13,2934,POINT(-100.1 34.2)
2016-09-13,268,POINT(-77.8 45.5)
2016-09-13,292,POINT(-92.2 43.5)
2016-09-13,1908,POINT(-92.2 39.1)
2016-09-14,4145,POINT(-121.8 31.6)
2016-09-14,2986,POINT(-101.1 47.5)
2016-09-14,2277,POINT(-108.8 40.7)
2016-09-14,3210,POINT(-65.0 48.3)
2016-09-14,622,POINT(-106.5 38.9)
2016-09-14,697,POINT(-71.9 44.7)
2016-09-14,3700,POINT(-84.4 44.5)
2016-09-14,622,POINT(-104.5 33.1)
2016-09-14,2317,POINT(-92.4 48.1)
2016-09-14,3023,POINT(-74.6 25.5)
2016-09-15,1791,POINT(-72.0 43.4)
2016-09-15,2601,POINT(-115.4 48.2)
2016-09-15,2706,POINT(-104.6 33.1)
2016-09-15,3968,POINT(-104.9 40.6)
2016-09-15,584,POINT(-122.5 38.5)
2016-09-15,1920,POINT(-89.1 43.3)
2016-09-15,3614,POINT(-73.7 45.8)
2016-09-15,679,POINT(-102.1 39.5)
2016-09-15,4374,POINT(-80.6 44.6)
2016-09-15,1293,POINT(-87.3 32.5)
2016-09-16,933,POINT(-102.5 30.5)
2016-09-16,1135,POINT(-116.5 35.3)
2016-09-16,1539,POINT(-82.4 41.3)
2016-09-16,1604,POINT(-73.7 29.5)
2016-09-16,256,POINT(-83.8 41.3)
2016-09-16,3721,POINT(-123.9 34.5)
2016-09-16,1570,POINT(-112.0 44.1)
2016-09-16,2410,POINT(-120.8 25.9)
2016-09-16,2253,POINT(-90.8 41.0)
2016-09-16,3874,POINT(-79.6 40.6)
2016-09-17,1949,POINT(-118.4 47.6)
2016-09-17,3079,POINT(-74.7 42.1)
2016-09-17,236,POINT(-91.7 44.1)
2016-09-17,3557,POINT(-83.6 46.7)
2016-09-17,274,POINT(-66.7 41.2)
2016-09-17,1405,POINT(-120.0 32.0)
2016-09-17,3567,POINT(-70.9 45.9)
2016-09-17,655,POINT(-117.4 42.9)
2016-09-17,3000,POINT(-101.4 35.2)
2016-09-17,1909,POINT(-73.9 42.1)
2016-09-18,2514,POINT(-70.6 45.8)
2016-09-18,2782,POINT(-94.6 48.4)
2016-09-18,1164,POINT(-89.4 47.9)
2016-09-18,597,POINT(-82.5 32.8)
2016-09-18,4581,POINT(-75.0 35.1)
2016-09-18,1831,POINT(-117.7 27.6)
2016-09-18,995,POINT(-76.4 30.9)
2016-09-18,4089,POINT(-96.1 46.2)
2016-09-18,3358,POINT(-98.0 33.7)
2016-09-18,3841,POINT(-99.6 39.9)
2016-09-19,1251,POINT(-94.4 41.0)
2016-09-19,199,POINT(-68.3 43.8)
2016-09-19,990,POINT(-92.1 29.4)
2016-09-19,1708,POINT(-67.8 32.3)
2016-09-19,1725,POINT(-114.2 35.8)
2016-09-19,2603,POINT(-81.6 33.8)
2016-09-19,4146,POINT(-76.3 48.6)
2016-09-19,4443,POINT(-84.3 45.0)
2016-09-19,1108,POINT(-88.6 36.5)
2016-09-19,2336,POINT(-91.1 46.1)
2016-09-20,3257,POINT(-73.3 33.3)
2016-09-20,905,POINT(-75.7 43.9)
2016-09-20,1684,POINT(-117.7 30.4)
2016-09-20,2919,POINT(-74.1 43.5)
2016-09-20,940,POINT(-100.2 36.0)
2016-09-20,4394,POINT(-109.8 27.6)
2016-09-20,733,POINT(-72.8 31.6)
2016-09-20,2950,POINT(-99.1 34.7)
2016-09-20,1099,POINT(-76.5 43.0)
2016-09-20,4588,POINT(-109.2 26.8)
2016-09-21,945,POINT(-124.8 40.8)
2016-09-21,2305,POINT(-95.3 42.2)
2016-09-21,165,POINT(-119.0 40.7)
2016-09-21,1080,POINT(-79.7 43.3)
2016-09-21,1968,POINT(-108.4 29.3)
2016-09-21,2511,POINT(-98.4 39.1)
2016-09-21,4229,POINT(-119.8 47.6)
2016-09-21,3840,POINT(-107.8 39.7)
2016-09-21,864,POINT(-78.1 39.7)
2016-09-21,649,POINT(-115.9 42.7)
2016-09-22,2248,POINT(-86.2 33.0)
2016-09-22,1612,POINT(-70.0 41.8)
2016-09-22,451,POINT(-84.2 47.0)
2016-09-22,4638,POINT(-76.3 25.3)
2016-09-22,1346,POINT(-118.5 45.9)
2016-09-22,3710,POINT(-110.0 30.2)
2016-09-22,958,POINT(-71.3 35.9)
2016-09-22,3383,POINT(-82.1 45.5)
2016-09-22,469,POINT(-86.6 44.8)
2016-09-22,4656,POINT(-85.2 46.4)
2016-09-23,402,POINT(-100.1 47.6)
2016-09-23,3948,POINT(-122.3 35.7)
2016-09-23,1797,POINT(-77.9 40.8)
2016-09-23,4950,POINT(-84.3 34.4)
2016-09-23,2267,POINT(-96.6 33.4)
2016-09-23,1148,POINT(-71.0 35.4)
2016-09-23,3818,POINT(-104.8 42.8)
2016-09-23,4751,POINT(-107.3 37.0)
2016-09-23,2464,POINT(-72.6 44.5)
2016-09-23,1476,POINT(-77.2 42.9)
2016-09-24,3684,POINT(-94.1 25.5)
2016-09-24,1387,POINT(-117.2 40.1)
2016-09-24,2607,POINT(-112.1 35.5)
2016-09-24,151,POINT(-85.6 36.0)
2016-09-24,2669,POINT(-101.9 44.6)
2016-09-24,4606,POINT(-74.8 38.1)
2016-09-24,849,POINT(-68.0 46.3)
2016-09-24,3628,POINT(-76.7 42.1)
2016-09-24,3927,POINT(-102.3 38.3)
2016-09-24,605,POINT(-77.7 43.1)
2016-09-25,1914,POINT(-103.9 25.9)
2016-09-25,290,POINT(-115.0 25.7)
2016-09-25,433,POINT(-123.0 27.0)
2016-09-25,4375,POINT(-101.9 35.5)
2016-09-25,4259,POINT(-70.8 30.7)
2016-09-25,1760,POINT(-110.7 48.6)
2016-09-25,4767,POINT(-112.6 38.0)
2016-09-25,1977,POINT(-66.8 40.9)
2016-09-25,4098,POINT(-123.5 31.7)
2016-09-25,4188,POINT(-77.9 32.7)
2016-09-26,2956,POINT(-105.7 33.1)
2016-09-26,1459,POINT(-122.8 41.8)
2016-09-26,2341,POINT(-69.9 36.4)
2016-09-26,2230,POINT(-116.6 37.4)
2016-09-26,3799,POINT(-91.9 39.2)
2016-09-26,2820,POINT(-108.6 43.5)
2016-09-26,4738,POINT(-121.1 27.2)
2016-09-26,1541,POINT(-122.0 43.6)
2016-09-26,4892,POINT(-118.1 38.5)
2016-09-26,3000,POINT(-120.7 41.1)
2016-09-27,4503,POINT(-79.4 32.9)
2016-09-27,1153,POINT(-95.9 34.8)
2016-09-27,943,POINT(-104.4 30.5)
2016-09-27,1470,POINT(-99.9 48.5)
2016-09-27,2733,POINT(-69.3 36.9)
2016-09-27,2522,POINT(-70.4 48.9)
2016-09-27,295,POINT(-82.1 36.8)
2016-09-27,274,POINT(-71.9 30.3)
2016-09-27,2377,POINT(-105.8 37.2)
2016-09-27,3457,POINT(-102.1 26.0)
2016-09-28,4926,POINT(-88.2 46.7)
2016-09-28,1772,POINT(-87.6 44.6)
2016-09-28,3058,POINT(-96.1 42.4)
2016-09-28,2391,POINT(-101.0 39.6)
2016-09-28,2279,POINT(-65.8 38.9)
2016-09-28,50,POINT(-75.7 48.9)
2016-09-28,77,POINT(-98.9 31.7)
2016-09-28,997,POINT(-81.4 43.7)
2016-09-28,4018,POINT(-108.8 39.0)
2016-09-28,3208,POINT(-119.0 48.4)
2016-09-29,4800,POINT(-103.9 44.9)
2016-09-29,2534,POINT(-100.8 49.0)
2016-09-29,1095,POINT(-124.0 39.1)
2016-09-29,2489,POINT(-76.1 29.9)
2016-09-29,1703,POINT(-103.4 37.1)
2016-09-29,2325,POINT(-90.2 42.1)
2016-09-29,788,POINT(-120.6 43.6)
2016-09-29,4599,POINT(-114.5 25.0)
2016-09-29,1595,POINT(-71.6 37.1)
2016-09-29,1502,POINT(-88.5 30.6)
2016-09-30,670,POINT(-68.0 46.0)
2016-09-30,1358,POINT(-65.1 28.7)
2016-09-30,1309,POINT(-102.7 41.0)
2016-09-30,3950,POINT(-107.1 31.4)
2016-09-30,1996,POINT(-73.5 33.6)
2016-09-30,2054,POINT(-65.1 47.6)
2016-09-30,3526,POINT(-87.2 30.8)
2016-09-30,1068,POINT(-77.3 27.3)
2016-09-30,986,POINT(-78.1 26.7)
2016-09-30,4587,POINT(-103.7 37.1)
2016-10-01,737,POINT(-90.5 40.4)
2016-10-01,2537,POINT(-75.0 32.9)
2016-10-01,3146,POINT(-83.7 41.6)
2016-10-01,352,POINT(-123.7 26.5)
2016-10-01,1457,POINT(-104.8 45.6)
2016-10-01,2389,POINT(-116.3 44.6)
2016-10-01,3669,POINT(-111.0 48.7)
2016-10-01,536,POINT(-70.7 47.5)
2016-10-01,1906,POINT(-122.8 33.5)
2016-10-01,4764,POINT(-111.8 34.6)
2016-10-02,2083,POINT(-106.4 42.9)
2016-10-02,4925,POINT(-88.0 28.2)
2016-10-02,415,POINT(-93.0 32.5)
2016-10-02,1583,POINT(-111.9 27.8)
2016-10-02,4610,POINT(-115.1 35.9)
2016-10-02,3750,POINT(-110.8 38.2)
2016-10-02,4284,POINT(-94.8 30.1)
2016-10-02,4237,POINT(-108.7 25.6)
2016-10-02,1856,POINT(-68.1 42.3)
2016-10-02,1488,POINT(-97.2 25.5)
2016-10-03,2405,POINT(-121.5 48.4)
2016-10-03,781,POINT(-81.2 30.3)
2016-10-03,588,POINT(-105.3 40.9)
2016-10-03,2911,POINT(-85.8 35.4)
2016-10-03,203,POINT(-108.2 26.4)
2016-10-03,2017,POINT(-90.8 36.3)
2016-10-03,1195,POINT(-78.7 37.4)
2016-10-03,2404,POINT(-69.3 45.5)
2016-10-03,3008,POINT(-109.3 42.6)
2016-10-03,1802,POINT(-104.9 26.9)
2016-10-04,1120,POINT(-97.1 30.0)
2016-10-04,4015,POINT(-69.4 32.5)
2016-10-04,2271,POINT(-70.9 27.8)
2016-10-04,3746,POINT(-119.6 36.0)
2016-10-04,3803,POINT(-117.1 48.6)
2016-10-04,1946,POINT(-95.3 37.4)
2016-10-04,4885,POINT(-118.6 42.8)
2016-10-04,4367,POINT(-104.3 41.4)
2016-10-04,739,POINT(-116.1 45.4)
2016-10-04,4388,POINT(-86.8 30.2)
2016-10-05,3461,POINT(-68.0 43.1)
2016-10-05,4467,POINT(-65.2 46.2)
2016-10-05,4546,POINT(-102.5 29.1)
2016-10-05,2150,POINT(-89.1 33.3)
2016-10-05,1654,POINT(-73.6 48.3)
2016-10-05,2810,POINT(-118.0 43.7)
2016-10-05,4972,POINT(-83.6 31.8)
2016-10-05,151,POINT(-100.5 38.5)
2016-10-05,1465,POINT(-112.6 34.7)
2016-10-05,4806,POINT(-100.8 36.8)
2016-10-06,2106,POINT(-120.4 33.5)
2016-10-06,1335,POINT(-83.3 31.7)
2016-10-06,4986,POINT(-109.8 41.2)
2016-10-06,1223,POINT(-106.3 43.7)
2016-10-06,1169,POINT(-117.7 46.0)
2016-10-06,4660,POINT(-73.1 28.7)
2016-10-06,4509,POINT(-95.4 44.7)
2016-10-06,4997,POINT(-90.7 31.1)
2016-10-06,4707,POINT(-90.8 35.3)
2016-10-06,350,POINT(-100.4 46.6)
2016-10-07,3838,POINT(-113.4 35.9)
2016-10-07,1978,POINT(-80.3 29.7)
2016-10-07,713,POINT(-117.4 28.8)
2016-10-07,4423,POINT(-118.8 36.4)
2016-10-07,2439,POINT(-82.4 43.3)
2016-10-07,1810,POINT(-112.5 48.9)
2016-10-07,4922,POINT(-106.6 43.9)
2016-10-07,4658,POINT(-96.5 46.0)
2016-10-07,865,POINT(-98.0 42.9)
2016-10-07,1822,POINT(-82.5 46.5)
2016-10-08,2876,POINT(-87.6 26.8)
2016-10-08,3652,POINT(-86.3 47.3)
2016-10-08,192,POINT(-82.2 34.5)
2016-10-08,3122,POINT(-107.4 47.1)
2016-10-08,4502,POINT(-105.7 26.8)
2016-10-08,1527,POINT(-98.7 42.2)
2016-10-08,1366,POINT(-106.6 42.7)
2016-10-08,2184,POINT(-65.9 48.9)
2016-10-08,3639,POINT(-76.2 43.5)
2016-10-08,3638,POINT(-115.1 34.2)
2016-10-09,4106,POINT(-124.7 38.4)
2016-10-09,3249,POINT(-122.4 33.8)
2016-10-09,3701,POINT(-110.4 29.7)
2016-10-09,28,POINT(-118.1 31.0)
2016-10-09,3413,POINT(-93.0 30.3)
2016-10-09,4689,POINT(-73.5 38.2)
2016-10-09,4561,POINT(-80.8 46.7)
2016-10-09,3014,POINT(-112.1 46.9)
2016-10-09,1142,POINT(-101.0 26.3)
2016-10-09,3349,POINT(-94.5 26.9)
2016-10-10,3321,POINT(-76.4 30.9)
2016-10-10,3382,POINT(-74.7 31.1)
2016-10-10,997,POINT(-70.4 27.3)
2016-10-10,3331,POINT(-94.4 34.3)
2016-10-10,4625,POINT(-83.3 39.1)
2016-10-10,4964,POINT(-118.3 38.9)
2016-10-10,183,POINT(-91.1 38.0)
2016-10-10,3751,POINT(-110.1 33.1)
2016-10-10,3062,POINT(-99.1 42.0)
2016-10-10,736,POINT(-87.0 44.8)
2016-10-11,3770,POINT(-109.6 33.3)
2016-10-11,1885,POINT(-121.9 27.1)
2016-10-11,4043,POINT(-124.4 32.1)
2016-10-11,999,POINT(-123.7 28.3)
2016-10-11,3754,POINT(-124.5 36.2)
2016-10-11,2696,POINT(-118.4 28.7)
2016-10-11,429,POINT(-110.6 36.1)
2016-10-11,603,POINT(-111.7 30.3)
2016-10-11,1784,POINT(-65.8 42.7)
2016-10-11,2469,POINT(-106.6 25.7)
2016-10-12,945,POINT(-117.4 38.3)
2016-10-12,3818,POINT(-92.3 29.1)
2016-10-12,341,POINT(-73.5 25.0)
2016-10-12,3459,POINT(-84.3 45.9)
2016-10-12,2712,POINT(-107.2 41.1)
2016-10-12,4016,POINT(-91.3 27.4)
2016-10-12,3878,POINT(-82.1 40.9)
2016-10-12,4210,POINT(-81.3 39.7)
2016-10-12,211,POINT(-85.0 36.4)
2016-10-12,2507,POINT(-72.8 35.1)
2016-10-13,1852,POINT(-72.8 46.3)
2016-10-13,1876,POINT(-90.3 30.9)
2016-10-13,2006,POINT(-99.2 34.6)
2016-10-13,919,POINT(-86.5 32.9)
2016-10-13,4315,POINT(-75.9 43.5)
2016-10-13,4668,POINT(-124.7 47.0)
2016-10-13,3199,POINT(-65.5 45.4)
2016-10-13,780,POINT(-114.0 44.1)
2016-10-13,3165,POINT(-96.8 48.7)
2016-10-13,2511,POINT(-72.7 41.7)
2016-10-14,2724,POINT(-111.5 43.0)
2016-10-14,4734,POINT(-96.4 48.6)
2016-10-14,3595,POINT(-117.0 25.2)
2016-10-14,1638,POINT(-101.3 40.2)
2016-10-14,396,POINT(-114.4 42.7)
2016-10-14,3431,POINT(-103.2 47.0)
2016-10-14,4018,POINT(-102.6 46.2)
2016-10-14,4103,POINT(-65.4 45.2)
2016-10-14,4373,POINT(-65.3 47.7)
2016-10-14,2476,POINT(-118.1 37.9)
2016-10-15,2292,POINT(-81.4 25.2)
2016-10-15,1866,POINT(-121.9 25.3)
2016-10-15,2008,POINT(-123.2 38.1)
2016-10-15,1246,POINT(-118.7 35.4)
2016-10-15,4679,POINT(-67.1 35.8)
2016-10-15,4154,POINT(-68.5 34.6)
2016-10-15,1160,POINT(-113.4 47.0)
2016-10-15,4328,POINT(-115.3 33.6)
2016-10-15,1441,POINT(-110.6 45.5)
2016-10-15,1829,POINT(-94.1 46.7)
2016-10-16,2334,POINT(-90.8 37.0)
2016-10-16,1140,POINT(-111.7 35.7)
2016-10-16,2668,POINT(-79.6 43.3)
2016-10-16,3510,POINT(-106.4 42.0)
2016-10-16,384,POINT(-69.7 32.9)
2016-10-16,2130,POINT(-85.6 27.5)
2016-10-16,4030,POINT(-98.8 31.4)
2016-10-16,2031,POINT(-77.6 28.1)
2016-10-16,3715,POINT(-75.9 32.1)
2016-10-16,3269,POINT(-107.6 31.3)
2016-10-17,3445,POINT(-104.6 40.3)
2016-10-17,1899,POINT(-68.8 47.9)
2016-10-17,1833,POINT(-115.1 41.5)
2016-10-17,1484,POINT(-122.5 47.2)
2016-10-17,2252,POINT(-97.8 43.8)
2016-10-17,3253,POINT(-76.9 42.5)
2016-10-17,3144,POINT(-78.7 34.9)
2016-10-17,2080,POINT(-69.8 32.8)
2016-10-17,369,POINT(-93.0 45.3)
2016-10-17,2051,POINT(-119.0 46.7)
2016-10-18,1151,POINT(-89.7 35.8)
2016-10-18,1645,POINT(-78.3 25.2)
2016-10-18,4010,POINT(-119.4 44.0)
2016-10-18,1953,POINT(-114.6 31.8)
2016-10-18,4784,POINT(-124.3 25.2)
2016-10-18,3371,POINT(-89.4 44.3)
2016-10-18,2990,POINT(-71.8 37.4)
2016-10-18,16,POINT(-84.8 41.4)
2016-10-18,3277,POINT(-66.1 47.0)
2016-10-18,1601,POINT(-121.2 38.0)
2016-10-19,4938,POINT(-70.8 37.1)
2016-10-19,3274,POINT(-76.2 32.0)
2016-10-19,2616,POINT(-106.1 32.3)
2016-10-19,3229,POINT(-66.6 44.1)
2016-10-19,3283,POINT(-107.7 35.8)
2016-10-19,923,POINT(-71.6 28.9)
2016-10-19,2021,POINT(-72.2 27.3)
2016-10-19,1452,POINT(-79.5 36.4)
2016-10-19,3064,POINT(-91.2 36.2)
2016-10-19,3556,POINT(-117.8 40.7)
2016-10-20,4231,POINT(-93.1 36.3)
2016-10-20,4922,POINT(-103.6 28.4)
2016-10-20,2938,POINT(-77.5 37.2)
2016-10-20,1839,POINT(-79.5 46.8)
2016-10-20,585,POINT(-70.4 28.8)
2016-10-20,939,POINT(-124.1 41.6)
2016-10-20,3769,POINT(-76.5 39.3)
2016-10-20,3709,POINT(-68.7 43.0)
2016-10-20,1473,POINT(-77.6 28.6)
2016-10-20,3285,POINT(-117.2 47.6)
2016-10-21,4938,POINT(-120.1 39.9)
2016-10-21,1064,POINT(-123.7 45.3)
2016-10-21,1910,POINT(-87.3 30.9)
2016-10-21,1467,POINT(-87.2 42.7)
2016-10-21,1409,POINT(-65.8 43.7)
2016-10-21,3425,POINT(-101.1 34.5)
2016-10-21,452,POINT(-105.1 34.2)
2016-10-21,3660,POINT(-87.5 40.8)
2016-10-21,4662,POINT(-75.5 27.2)
2016-10-21,1188,POINT(-68.8 42.7)
2016-10-22,4468,POINT(-76.8 26.0)
2016-10-22,1267,POINT(-99.4 29.6)
2016-10-22,3644,POINT(-86.9 40.9)
2016-10-22,1851,POINT(-73.6 27.4)
2016-10-22,2319,POINT(-95.6 48.3)
2016-10-22,920,POINT(-112.0 45.8)
2016-10-22,4350,POINT(-114.8 40.0)
2016-10-22,4647,POINT(-125.0 44.7)
2016-10-22,4019,POINT(-81.9 46.3)
2016-10-22,2179,POINT(-118.3 31.2)
2016-10-23,2182,POINT(-110.4 45.4)
2016-10-23,133,POINT(-107.1 29.7)
2016-10-23,3168,POINT(-91.4 34.9)
2016-10-23,795,POINT(-101.1 38.4)
2016-10-23,2426,POINT(-84.5 42.1)
2016-10-23,806,POINT(-121.7 25.7)
2016-10-23,4182,POINT(-117.6 32.0)
2016-10-23,4164,POINT(-95.0 39.6)
2016-10-23,1946,POINT(-104.8 33.6)
2016-10-23,2166,POINT(-107.3 43.6)
2016-10-24,3817,POINT(-121.0 40.6)
2016-10-24,1311,POINT(-71.3 30.6)
2016-10-24,4173,POINT(-83.5 28.5)
2016-10-24,3150,POINT(-117.7 40.1)
2016-10-24,3246,POINT(-121.1 35.8)
2016-10-24,2362,POINT(-66.5 29.1)
2016-10-24,1942,POINT(-84.1 32.8)
2016-10-24,2731,POINT(-100.0 32.3)
2016-10-24,374,POINT(-82.9 27.6)
2016-10-24,4926,POINT(-79.6 38.1)
2016-10-25,2400,POINT(-78.2 43.3)
2016-10-25,956,POINT(-96.3 38.8)
2016-10-25,1387,POINT(-99.2 44.8)
2016-10-25,1449,POINT(-124.3 28.1)
2016-10-25,3190,POINT(-69.4 35.5)
2016-10-25,4867,POINT(-88.8 39.6)
2016-10-25,350,POINT(-112.8 41.2)
2016-10-25,2999,POINT(-69.8 41.7)
2016-10-25,392,POINT(-70.1 42.5)
2016-10-25,1566,POINT(-65.6 40.6)
2016-10-26,309,POINT(-72.6 27.3)
2016-10-26,148,POINT(-65.1 41.7)
2016-10-26,368,POINT(-110.3 42.4)
2016-10-26,4941,POINT(-74.5 48.8)
2016-10-26,1532,POINT(-75.6 41.6)
2016-10-26,3466,POINT(-111.1 41.5)
2016-10-26,1637,POINT(-119.1 37.4)
2016-10-26,1313,POINT(-66.2 45.8)
2016-10-26,1144,POINT(-107.2 48.9)
2016-10-26,2196,POINT(-72.7 43.7)
2016-10-27,3180,POINT(-124.8 39.7)
2016-10-27,3845,POINT(-123.7 26.9)
2016-10-27,2161,POINT(-97.0 42.4)
2016-10-27,1247,POINT(-110.7 42.0)
2016-10-27,3745,POINT(-83.6 43.6)
2016-10-27,2844,POINT(-91.1 28.0)
2016-10-27,4270,POINT(-120.4 40.7)
2016-10-27,1008,POINT(-115.2 32.1)
2016-10-27,2577,POINT(-101.7 43.2)
2016-10-27,1317,POINT(-113.9 30.8)
2016-10-28,666,POINT(-77.5 41.4)
2016-10-28,2670,POINT(-100.0 32.1)
2016-10-28,2221,POINT(-119.4 25.2)
2016-10-28,1919,POINT(-95.9 40.2)
2016-10-28,3740,POINT(-119.5 27.7)
2016-10-28,2056,POINT(-117.3 40.8)
2016-10-28,3172,POINT(-110.6 47.2)
2016-10-28,1150,POINT(-73.4 48.3)
2016-10-28,276,POINT(-69.5 30.7)
2016-10-28,1855,POINT(-75.4 44.4)
2016-10-29,1718,POINT(-105.0 33.5)
2016-10-29,3640,POINT(-108.7 46.6)
2016-10-29,3221,POINT(-92.1 43.9)
2016-10-29,2303,POINT(-81.7 26.8)
2016-10-29,3742,POINT(-65.4 34.8)
2016-10-29,3839,POINT(-117.1 33.1)
2016-10-29,1520,POINT(-122.0 43.8)
2016-10-29,485,POINT(-83.3 34.8)
2016-10-29,986,POINT(-75.1 41.4)
2016-10-29,1217,POINT(-74.2 39.5)
2016-10-30,1970,POINT(-84.3 48.4)
2016-10-30,567,POINT(-67.8 47.5)
2016-10-30,892,POINT(-94.3 35.3)
2016-10-30,2204,POINT(-70.2 42.4)
2016-10-30,4771,POINT(-66.9 44.9)
2016-10-30,2677,POINT(-74.2 46.6)
2016-10-30,4969,POINT(-106.4 26.6)
2016-10-30,4687,POINT(-113.2 32.2)
2016-10-30,4800,POINT(-92.1 32.7)
2016-10-30,1620,POINT(-97.8 35.4)
2016-10-31,3498,POINT(-72.3 29.1)
2016-10-31,2464,POINT(-119.0 36.9)
2016-10-31,4504,POINT(-109.5 40.9)
2016-10-31,1956,POINT(-79.9 36.9)
2016-10-31,4820,POINT(-119.3 41.0)
2016-10-31,4809,POINT(-105.8 26.6)
2016-10-31,2818,POINT(-101.8 46.0)
2016-10-31,3835,POINT(-87.6 47.5)
2016-10-31,3546,POINT(-115.5 39.8)
2016-10-31,3812,POINT(-73.4 46.2)
2016-11-01,4187,POINT(-98.1 28.2)
2016-11-01,4709,POINT(-70.0 44.1)
2016-11-01,1980,POINT(-96.9 27.9)
2016-11-01,3832,POINT(-108.5 34.8)
2016-11-01,2829,POINT(-116.5 32.8)
2016-11-01,912,POINT(-124.8 39.1)
2016-11-01,374,POINT(-93.1 32.2)
2016-11-01,4268,POINT(-118.6 40.3)
2016-11-01,3129,POINT(-101.5 33.8)
2016-11-01,2568,POINT(-89.6 45.7)
2016-11-02,1873,POINT(-108.5 40.2)
2016-11-02,125,POINT(-114.5 30.2)
2016-11-02,2394,POINT(-78.5 33.1)
2016-11-02,4986,POINT(-68.2 45.3)
2016-11-02,3945,POINT(-119.0 34.3)
2016-11-02,4945,POINT(-115.7 37.9)
2016-11-02,2500,POINT(-67.4 40.6)
2016-11-02,952,POINT(-122.7 33.3)
2016-11-02,1734,POINT(-66.3 32.1)
2016-11-02,2344,POINT(-124.7 36.4)
2016-11-03,2777,POINT(-72.6 30.2)
2016-11-03,1147,POINT(-106.6 31.8)
2016-11-03,2537,POINT(-68.7 26.5)
2016-11-03,4127,POINT(-106.0 32.3)
2016-11-03,3430,POINT(-85.7 32.7)
2016-11-03,4788,POINT(-120.2 48.1)
2016-11-03,3916,POINT(-110.5 39.2)
2016-11-03,3647,POINT(-78.6 43.9)
2016-11-03,2963,POINT(-93.3 26.1)
2016-11-03,2377,POINT(-69.3 27.6)
2016-11-04,4231,POINT(-99.3 44.5)
2016-11-04,286,POINT(-72.8 40.0)
2016-11-04,2009,POINT(-98.1 29.6)
2016-11-04,1237,POINT(-66.2 34.7)
2016-11-04,3762,POINT(-67.4 37.9)
2016-11-04,3745,POINT(-105.3 45.2)
2016-11-04,705,POINT(-71.8 26.4)
2016-11-04,1319,POINT(-74.1 39.3)
2016-11-04,4162,POINT(-112.4 42.2)
2016-11-04,3244,POINT(-87.5 48.5)
2016-11-05,4124,POINT(-120.6 44.4)
2016-11-05,2321,POINT(-74.8 31.6)
2016-11-05,2851,POINT(-114.5 42.0)
2016-11-05,4218,POINT(-120.8 43.3)
2016-11-05,3569,POINT(-101.0 42.5)
2016-11-05,3408,POINT(-90.4 44.7)
2016-11-05,551,POINT(-73.7 46.7)
2016-11-05,2704,POINT(-66.5 27.4)
2016-11-05,4684,POINT(-98.6 27.5)
2016-11-05,1098,POINT(-121.4 44.1)
2016-11-06,3373,POINT(-80.1 31.1)
2016-11-06,34,POINT(-91.1 26.4)
2016-11-06,1582,POINT(-98.1 34.6)
2016-11-06,2968,POINT(-106.4 44.7)
2016-11-06,4246,POINT(-94.9 28.0)
2016-11-06,1777,POINT(-104.7 41.1)
2016-11-06,4753,POINT(-79.6 25.1)
2016-11-06,2245,POINT(-92.4 27.6)
2016-11-06,210,POINT(-72.4 33.4)
2016-11-06,3208,POINT(-92.4 27.0)
2016-11-07,266,POINT(-110.7 45.3)
2016-11-07,3757,POINT(-73.9 45.7)
2016-11-07,4652,POINT(-91.6 43.1)
2016-11-07,2251,POINT(-112.6 30.8)
2016-11-07,3185,POINT(-87.6 37.6)
2016-11-07,3616,POINT(-103.5 29.4)
2016-11-07,3346,POINT(-74.3 31.8)
2016-11-07,4907,POINT(-97.8 37.4)
2016-11-07,423,POINT(-81.4 42.6)
2016-11-07,2024,POINT(-119.3 27.3)
2016-11-08,1391,POINT(-101.2 32.1)
2016-11-08,1108,POINT(-66.0 47.2)
2016-11-08,3436,POINT(-76.5 35.3)
2016-11-08,3665,POINT(-115.4 47.5)
2016-11-08,919,POINT(-108.3 48.8)
2016-11-08,197,POINT(-105.2 37.6)
2016-11-08,4054,POINT(-86.0 31.9)
2016-11-08,3766,POINT(-79.6 44.0)
2016-11-08,2025,POINT(-80.0 28.8)
2016-11-08,2102,POINT(-94.4 31.0)
2016-11-09,3654,POINT(-76.4 43.8)
2016-11-09,2140,POINT(-98.8 35.4)
2016-11-09,367,POINT(-117.6 29.8)
2016-11-09,2432,POINT(-91.1 40.6)
2016-11-09,4267,POINT(-67.9 42.6)
2016-11-09,4555,POINT(-77.4 28.0)
2016-11-09,1507,POINT(-90.3 31.6)
2016-11-09,2168,POINT(-86.2 30.3)
2016-11-09,2565,POINT(-69.2 34.1)
2016-11-09,2352,POINT(-99.3 43.3)
2016-11-10,2961,POINT(-105.1 42.1)
2016-11-10,1248,POINT(-66.4 40.9)
2016-11-10,983,POINT(-73.2 25.2)
2016-11-10,4737,POINT(-105.6 28.4)
2016-11-10,3975,POINT(-97.2 30.4)
2016-11-10,1060,POINT(-100.1 31.5)
2016-11-10,3711,POINT(-116.1 28.5)
2016-11-10,2790,POINT(-67.5 34.8)
2016-11-10,1598,POINT(-100.7 26.8)
2016-11-10,3888,POINT(-72.5 43.0)
2016-11-11,2378,POINT(-113.6 43.9)
2016-11-11,446,POINT(-92.1 38.8)
2016-11-11,2838,POINT(-123.6 27.2)
2016-11-11,1566,POINT(-79.1 46.4)
2016-11-11,3868,POINT(-90.1 48.2)
2016-11-11,1314,POINT(-87.5 29.9)
2016-11-11,2394,POINT(-121.9 41.9)
2016-11-11,192,POINT(-112.3 45.2)
2016-11-11,1599,POINT(-120.5 38.0)
2016-11-11,1597,POINT(-107.7 32.8)
2016-11-12,669,POINT(-87.4 36.5)
2016-11-12,169,POINT(-91.0 37.3)
2016-11-12,3963,POINT(-88.3 34.6)
2016-11-12,1021,POINT(-92.0 47.3)
2016-11-12,62,POINT(-108.6 42.9)
2016-11-12,2317,POINT(-110.3 30.8)
2016-11-12,1238,POINT(-116.8 39.1)
2016-11-12,1045,POINT(-74.1 41.5)
2016-11-12,3712,POINT(-88.0 28.4)
2016-11-12,4055,POINT(-113.8 33.6)
2016-11-13,4955,POINT(-114.4 46.7)
2016-11-13,4459,POINT(-72.6 38.6)
2016-11-13,1274,POINT(-80.4 30.2)
2016-11-13,1894,POINT(-85.4 27.9)
2016-11-13,1819,POINT(-100.6 37.4)
2016-11-13,3177,POINT(-109.3 38.1)
2016-11-13,3807,POINT(-66.2 33.0)
2016-11-13,2351,POINT(-77.2 40.1)
2016-11-13,3424,POINT(-106.9 26.6)
2016-11-13,827,POINT(-74.1 28.5)
2016-11-14,2447,POINT(-79.5 38.1)
2016-11-14,898,POINT(-107.2 26.5)
2016-11-14,677,POINT(-99.4 46.1)
2016-11-14,4738,POINT(-113.8 28.4)
2016-11-14,2634,POINT(-118.3 41.2)
2016-11-14,4242,POINT(-81.6 34.4)
2016-11-14,4533,POINT(-108.9 34.6)
2016-11-14,828,POINT(-75.8 43.4)
2016-11-14,2198,POINT(-65.3 37.0)
2016-11-14,1116,POINT(-120.4 42.4)
2016-11-15,2234,POINT(-96.6 37.1)
2016-11-15,207,POINT(-76.9 39.2)
2016-11-15,2681,POINT(-77.7 43.3)
2016-11-15,3502,POINT(-79.4 39.6)
2016-11-15,2458,POINT(-104.1 39.8)
2016-11-15,480,POINT(-97.8 43.9)
2016-11-15,1958,POINT(-89.3 47.8)
2016-11-15,3909,POINT(-66.6 34.0)
2016-11-15,2020,POINT(-105.3 38.9)
2016-11-15,3810,POINT(-69.6 27.1)
2016-11-16,4128,POINT(-108.8 33.6)
2016-11-16,3806,POINT(-65.7 34.9)
2016-11-16,3998,POINT(-84.8 45.0)
2016-11-16,244,POINT(-97.2 37.3)
2016-11-16,938,POINT(-88.2 42.5)
2016-11-16,3617,POINT(-108.6 25.5)
2016-11-16,532,POINT(-108.5 36.1)
2016-11-16,3533,POINT(-118.2 46.6)
2016-11-16,4536,POINT(-118.2 30.4)
2016-11-16,4898,POINT(-104.1 25.8)
2016-11-17,1639,POINT(-79.2 35.4)
2016-11-17,4638,POINT(-88.5 41.9)
2016-11-17,1326,POINT(-118.8 35.9)
2016-11-17,2867,POINT(-73.9 36.0)
2016-11-17,1134,POINT(-88.9 41.1)
2016-11-17,2597,POINT(-67.3 31.1)
2016-11-17,1033,POINT(-84.8 43.0)
2016-11-17,1388,POINT(-114.5 28.7)
2016-11-17,3384,POINT(-96.6 34.5)
2016-11-17,1529,POINT(-86.1 40.7)
2016-11-18,236,POINT(-123.3 44.9)
2016-11-18,4978,POINT(-124.1 44.0)
2016-11-18,901,POINT(-117.2 42.3)
2016-11-18,4082,POINT(-109.9 33.6)
2016-11-18,2267,POINT(-99.2 27.9)
2016-11-18,2798,POINT(-95.8 30.2)
2016-11-18,406,POINT(-116.7 45.8)
2016-11-18,2088,POINT(-84.6 45.6)
2016-11-18,4754,POINT(-89.2 47.8)
2016-11-18,4434,POINT(-107.3 26.8)
2016-11-19,3247,POINT(-124.2 37.9)
2016-11-19,3903,POINT(-120.3 40.6)
2016-11-19,2015,POINT(-101.5 42.1)
2016-11-19,2026,POINT(-115.8 40.5)
2016-11-19,3181,POINT(-102.4 43.5)
2016-11-19,2678,POINT(-87.3 33.6)
2016-11-19,1888,POINT(-92.2 29.3)
2016-11-19,1206,POINT(-111.1 29.9)
2016-11-19,1782,POINT(-104.4 25.3)
2016-11-19,171,POINT(-88.2 33.4)
2016-11-20,3986,POINT(-73.3 27.2)
2016-11-20,1761,POINT(-79.8 32.7)
2016-11-20,785,POINT(-91.8 40.1)
2016-11-20,949,POINT(-103.3 46.5)
2016-11-20,3230,POINT(-103.1 45.2)
2016-11-20,549,POINT(-72.2 31.1)
2016-11-20,4927,POINT(-122.6 28.2)
2016-11-20,1471,POINT(-65.7 29.6)
2016-11-20,365,POINT(-85.1 48.3)
2016-11-20,3614,POINT(-84.1 38.2)
2016-11-21,3333,POINT(-122.7 29.4)
2016-11-21,244,POINT(-88.7 45.2)
2016-11-21,1558,POINT(-95.9 34.5)
2016-11-21,2106,POINT(-118.7 46.6)
2016-11-21,4223,POINT(-108.3 31.3)
2016-11-21,2111,POINT(-71.6 34.4)
2016-11-21,1683,POINT(-92.0 37.1)
2016-11-21,2110,POINT(-100.2 46.4)
2016-11-21,3667,POINT(-120.6 45.9)
2016-11-21,4663,POINT(-82.2 38.8)
2016-11-22,3606,POINT(-82.8 30.3)
2016-11-22,3758,POINT(-88.2 34.7)
2016-11-22,3183,POINT(-94.4 48.4)
2016-11-22,1825,POINT(-99.0 39.6)
2016-11-22,3851,POINT(-89.4 43.7)
2016-11-22,2015,POINT(-111.0 35.8)
2016-11-22,4503,POINT(-68.5 37.8)
2016-11-22,684,POINT(-89.7 35.3)
2016-11-22,396,POINT(-106.3 41.9)
2016-11-22,2168,POINT(-98.0 45.4)
2016-11-23,2671,POINT(-76.7 37.2)
2016-11-23,2074,POINT(-115.3 36.5)
2016-11-23,3861,POINT(-107.4 33.2)
2016-11-23,3263,POINT(-84.2 29.3)
2016-11-23,4989,POINT(-106.1 47.5)
2016-11-23,4646,POINT(-77.4 32.6)
2016-11-23,4276,POINT(-117.2 44.2)
2016-11-23,749,POINT(-79.2 42.2)
2016-11-23,1411,POINT(-120.9 44.0)
2016-11-23,3269,POINT(-124.2 47.5)
2016-11-24,2287,POINT(-71.1 40.0)
2016-11-24,3914,POINT(-90.1 46.6)
2016-11-24,3933,POINT(-103.9 29.0)
2016-11-24,4224,POINT(-111.0 40.0)
2016-11-24,3237,POINT(-88.0 43.5)
2016-11-24,2841,POINT(-94.5 31.5)
2016-11-24,3768,POINT(-65.5 42.8)
2016-11-24,2522,POINT(-66.0 43.7)
2016-11-24,2161,POINT(-86.9 44.9)
2016-11-24,3685,POINT(-98.4 32.5)
2016-11-25,2755,POINT(-95.5 41.4)
2016-11-25,3876,POINT(-84.1 32.3)
2016-11-25,3774,POINT(-118.9 42.7)
2016-11-25,2232,POINT(-105.3 36.1)
2016-11-25,2802,POINT(-120.5 39.3)
2016-11-25,1707,POINT(-120.6 35.0)
2016-11-25,3472,POINT(-113.2 28.9)
2016-11-25,4073,POINT(-95.9 29.3)
2016-11-25,1534,POINT(-77.9 26.9)
2016-11-25,4770,POINT(-95.9 39.8)
2016-11-26,42,POINT(-104.9 45.4)
2016-11-26,4035,POINT(-120.1 25.5)
2016-11-26,2576,POINT(-92.0 26.6)
2016-11-26,2813,POINT(-108.7 36.0)
2016-11-26,3906,POINT(-88.1 42.7)
2016-11-26,3719,POINT(-66.4 28.8)
2016-11-26,729,POINT(-118.3 31.5)
2016-11-26,4589,POINT(-112.3 30.6)
2016-11-26,982,POINT(-96.6 34.6)
2016-11-26,3728,POINT(-66.9 30.4)
2016-11-27,4412,POINT(-78.7 33.5)
2016-11-27,4562,POINT(-71.1 42.5)
2016-11-27,2217,POINT(-105.0 39.7)
2016-11-27,4436,POINT(-65.5 26.9)
2016-11-27,4330,POINT(-118.8 40.3)
2016-11-27,3040,POINT(-121.8 36.4)
2016-11-27,3585,POINT(-73.7 47.4)
2016-11-27,3126,POINT(-69.4 31.9)
2016-11-27,3295,POINT(-119.6 42.4)
2016-11-27,653,POINT(-118.2 42.5)
2016-11-28,4721,POINT(-123.0 30.3)
2016-11-28,204,POINT(-118.7 46.7)
2016-11-28,4006,POINT(-112.4 36.8)
2016-11-28,498,POINT(-66.8 41.3)
2016-11-28,2214,POINT(-84.9 28.5)
2016-11-28,2667,POINT(-78.3 31.2)
2016-11-28,3286,POINT(-78.4 39.1)
2016-11-28,1112,POINT(-92.9 32.7)
2016-11-28,1251,POINT(-77.2 37.0)
2016-11-28,525,POINT(-89.3 34.0)
2016-11-29,402,POINT(-106.1 40.4)
2016-11-29,640,POINT(-91.3 36.7)
2016-11-29,3726,POINT(-93.0 25.1)
2016-11-29,1857,POINT(-75.6 40.6)
2016-11-29,2665,POINT(-66.1 35.1)
2016-11-29,989,POINT(-100.3 33.2)
2016-11-29,4539,POINT(-79.2 27.3)
2016-11-29,3412,POINT(-119.0 30.3)
2016-11-29,3881,POINT(-78.4 30.4)
2016-11-29,287,POINT(-102.7 47.4)
2016-11-30,242,POINT(-122.6 35.4)
2016-11-30,1562,POINT(-103.2 26.0)
2016-11-30,3280,POINT(-88.4 28.3)
2016-11-30,2419,POINT(-117.8 26.9)
2016-11-30,3522,POINT(-69.6 39.1)
2016-11-30,35,POINT(-120.3 29.5)
2016-11-30,470,POINT(-69.2 37.0)
2016-11-30,3774,POINT(-82.6 33.9)
2016-11-30,3441,POINT(-105.2 44.3)
2016-11-30,3493,POINT(-101.6 32.7)
2016-12-01,2004,POINT(-80.6 36.0)
2016-12-01,500,POINT(-88.9 42.3)
2016-12-01,1082,POINT(-84.7 35.4)
2016-12-01,3183,POINT(-101.7 44.0)
2016-12-01,225,POINT(-95.7 40.9)
2016-12-01,1733,POINT(-65.6 34.9)
2016-12-01,1602,POINT(-112.2 37.1)
2016-12-01,2616,POINT(-99.9 48.2)
2016-12-01,168,POINT(-107.5 40.9)
2016-12-01,4791,POINT(-79.1 46.7)
2016-12-02,3323,POINT(-79.2 29.3)
2016-12-02,2851,POINT(-107.5 36.6)
2016-12-02,1786,POINT(-120.1 46.8)
2016-12-02,2062,POINT(-124.3 32.7)
2016-12-02,2305,POINT(-99.4 48.2)
2016-12-02,1706,POINT(-100.4 27.3)
2016-12-02,3003,POINT(-65.7 46.7)
2016-12-02,2479,POINT(-96.8 35.7)
2016-12-02,1956,POINT(-109.6 26.8)
2016-12-02,3819,POINT(-71.5 46.1)
2016-12-03,2793,POINT(-95.5 31.0)
2016-12-03,3654,POINT(-89.0 25.5)
2016-12-03,2510,POINT(-119.3 28.3)
2016-12-03,3655,POINT(-102.0 40.8)
2016-12-03,2655,POINT(-68.3 48.5)
2016-12-03,2359,POINT(-89.6 27.7)
2016-12-03,1942,POINT(-104.3 36.1)
2016-12-03,3304,POINT(-87.5 29.3)
2016-12-03,1767,POINT(-70.4 42.9)
2016-12-03,1126,POINT(-108.6 27.8)
2016-12-04,2577,POINT(-94.7 30.8)
2016-12-04,3509,POINT(-67.5 29.7)
2016-12-04,502,POINT(-114.7 38.3)
2016-12-04,3316,POINT(-81.8 46.0)
2016-12-04,629,POINT(-88.1 37.3)
2016-12-04,3242,POINT(-84.2 26.4)
2016-12-04,3833,POINT(-103.9 38.5)
2016-12-04,2390,POINT(-106.2 44.1)
2016-12-04,1556,POINT(-83.9 28.2)
2016-12-04,4968,POINT(-112.1 26.7)
2016-12-05,3573,POINT(-99.8 29.5)
2016-12-05,1615,POINT(-113.7 42.9)
2016-12-05,3762,POINT(-124.5 39.2)
2016-12-05,4685,POINT(-66.8 38.0)
2016-12-05,1900,POINT(-99.1 31.0)
2016-12-05,1285,POINT(-66.8 33.0)
2016-12-05,2753,POINT(-116.6 48.2)
2016-12-05,2503,POINT(-89.8 30.8)
2016-12-05,366,POINT(-112.9 46.6)
2016-12-05,879,POINT(-77.6 38.9)
2016-12-06,895,POINT(-78.0 28.0)
2016-12-06,2011,POINT(-118.2 36.2)
2016-12-06,1293,POINT(-70.3 47.8)
2016-12-06,629,POINT(-113.3 35.0)
2016-12-06,892,POINT(-88.2 45.7)
2016-12-06,806,POINT(-65.9 31.2)
2016-12-06,3652,POINT(-72.1 38.7)
2016-12-06,3435,POINT(-67.6 45.3)
2016-12-06,1306,POINT(-104.4 47.1)
2016-12-06,4724,POINT(-118.7 36.7)
2016-12-07,254,POINT(-113.7 40.4)
2016-12-07,2905,POINT(-95.0 25.1)
2016-12-07,939,POINT(-77.4 31.1)
2016-12-07,529,POINT(-116.0 31.7)
2016-12-07,3222,POINT(-85.4 27.2)
2016-12-07,2419,POINT(-105.6 31.7)
2016-12-07,17,POINT(-104.5 32.7)
2016-12-07,2535,POINT(-85.3 48.3)
2016-12-07,3433,POINT(-97.0 41.0)
2016-12-07,2029,POINT(-76.3 35.2)
2016-12-08,4600,POINT(-115.6 48.7)
2016-12-08,4292,POINT(-77.6 28.7)
2016-12-08,3677,POINT(-121.1 36.4)
2016-12-08,3681,POINT(-113.4 40.5)
2016-12-08,2811,POINT(-85.6 26.3)
2016-12-08,95,POINT(-73.7 42.2)
2016-12-08,3125,POINT(-109.8 27.4)
2016-12-08,4242,POINT(-105.4 28.4)
2016-12-08,2478,POINT(-92.8 28.8)
2016-12-08,3629,POINT(-112.3 47.3)
2016-12-09,1646,POINT(-76.3 41.4)
2016-12-09,3593,POINT(-78.6 40.7)
2016-12-09,4019,POINT(-116.3 38.3)
2016-12-09,3336,POINT(-97.2 32.0)
2016-12-09,2228,POINT(-78.5 39.9)
2016-12-09,2227,POINT(-104.8 34.8)
2016-12-09,4977,POINT(-87.0 28.5)
2016-12-09,2379,POINT(-122.0 41.6)
2016-12-09,3648,POINT(-88.5 28.1)
2016-12-09,2513,POINT(-115.8 29.6)
2016-12-10,953,POINT(-75.2 44.6)
2016-12-10,2847,POINT(-103.7 40.8)
2016-12-10,2670,POINT(-108.1 40.1)
2016-12-10,2946,POINT(-74.5 35.0)
2016-12-10,4454,POINT(-122.0 34.5)
2016-12-10,3957,POINT(-101.2 41.6)
2016-12-10,1686,POINT(-102.8 42.8)
2016-12-10,1206,POINT(-107.9 37.2)
2016-12-10,4115,POINT(-70.3 48.3)
2016-12-10,2797,POINT(-79.9 47.9)
2016-12-11,1471,POINT(-121.2 34.9)
2016-12-11,3328,POINT(-82.1 44.7)
2016-12-11,676,POINT(-93.4 38.0)
2016-12-11,2186,POINT(-70.9 37.3)
2016-12-11,3753,POINT(-106.2 26.3)
2016-12-11,610,POINT(-90.6 38.8)
2016-12-11,2662,POINT(-95.0 46.6)
2016-12-11,4432,POINT(-95.6 43.7)
2016-12-11,3834,POINT(-97.6 43.9)
2016-12-11,3916,POINT(-112.7 28.8)
2016-12-12,989,POINT(-79.7 33.6)
2016-12-12,2461,POINT(-97.9 30.6)
2016-12-12,638,POINT(-67.5 32.6)
2016-12-12,1639,POINT(-109.4 38.9)
2016-12-12,3706,POINT(-84.0 33.8)
2016-12-12,3440,POINT(-68.6 38.5)
2016-12-12,3684,POINT(-85.2 35.5)
2016-12-12,3939,POINT(-72.7 31.9)
2016-12-12,2775,POINT(-75.4 27.3)
2016-12-12,4379,POINT(-103.4 46.4)
2016-12-13,4790,POINT(-89.0 25.3)
2016-12-13,125,POINT(-115.6 25.0)
2016-12-13,4966,POINT(-92.9 44.8)
2016-12-13,2013,POINT(-111.2 48.9)
2016-12-13,702,POINT(-80.4 42.5)
2016-12-13,3172,POINT(-93.3 25.4)
2016-12-13,1115,POINT(-100.3 30.4)
2016-12-13,3018,POINT(-108.9 48.3)
2016-12-13,2171,POINT(-65.1 44.4)
2016-12-13,163,POINT(-120.7 38.6)
2016-12-14,3709,POINT(-122.4 30.7)
2016-12-14,4420,POINT(-112.0 25.3)
2016-12-14,3796,POINT(-66.7 25.5)
2016-12-14,1074,POINT(-66.2 39.7)
2016-12-14,4210,POINT(-85.7 25.5)
2016-12-14,1923,POINT(-72.2 48.8)
2016-12-14,1226,POINT(-112.2 29.4)
2016-12-14,2411,POINT(-66.7 42.1)
2016-12-14,1782,POINT(-116.4 28.7)
2016-12-14,1970,POINT(-118.9 38.0)
2016-12-15,2790,POINT(-118.3 26.9)
2016-12-15,4814,POINT(-90.6 43.4)
2016-12-15,4756,POINT(-78.1 39.0)
2016-12-15,2881,POINT(-103.0 27.1)
2016-12-15,670,POINT(-66.3 45.4)
2016-12-15,2645,POINT(-98.9 38.1)
2016-12-15,2339,POINT(-116.0 47.1)
2016-12-15,3964,POINT(-97.0 47.0)
2016-12-15,2460,POINT(-84.3 47.1)
2016-12-15,1142,POINT(-75.1 26.9)
2016-12-16,709,POINT(-97.5 27.9)
2016-12-16,2048,POINT(-89.4 48.7)
2016-12-16,4657,POINT(-109.0 36.7)
2016-12-16,4510,POINT(-86.2 30.7)
2016-12-16,4567,POINT(-65.8 43.5)
2016-12-16,2189,POINT(-122.1 31.3)
2016-12-16,2848,POINT(-71.8 42.5)
2016-12-16,883,POINT(-91.3 45.1)
2016-12-16,93,POINT(-109.9 43.8)
2016-12-16,1432,POINT(-67.7 31.6)
2016-12-17,2685,POINT(-96.0 34.6)
2016-12-17,3190,POINT(-105.1 34.9)
2016-12-17,4326,POINT(-114.1 36.8)
2016-12-17,3985,POINT(-110.3 29.0)
2016-12-17,1401,POINT(-75.0 35.9)
2016-12-17,3228,POINT(-88.1 37.3)
2016-12-17,4217,POINT(-70.2 37.8)
2016-12-17,624,POINT(-111.1 44.7)
2016-12-17,2981,POINT(-117.7 37.4)
2016-12-17,3575,POINT(-124.6 30.5)
2016-12-18,3586,POINT(-94.5 40.9)
2016-12-18,4580,POINT(-65.1 44.1)
2016-12-18,280,POINT(-83.3 32.7)
2016-12-18,4076,POINT(-106.5 40.5)
2016-12-18,2478,POINT(-72.4 28.5)
2016-12-18,1400,POINT(-78.1 33.2)
2016-12-18,3364,POINT(-124.1 46.8)
2016-12-18,4145,POINT(-76.0 46.9)
2016-12-18,3617,POINT(-107.0 38.8)
2016-12-18,2593,POINT(-116.0 41.9)
2016-12-19,4083,POINT(-111.4 45.5)
2016-12-19,3085,POINT(-96.9 48.0)
2016-12-19,3916,POINT(-99.5 36.8)
2016-12-19,299,POINT(-107.7 38.5)
2016-12-19,2490,POINT(-114.7 35.0)
2016-12-19,3262,POINT(-79.3 26.7)
2016-12-19,288,POINT(-65.6 35.1)
2016-12-19,2934,POINT(-78.3 44.0)
2016-12-19,590,POINT(-107.2 44.3)
2016-12-19,4968,POINT(-110.3 46.4)
2016-12-20,263,POINT(-111.9 26.2)
2016-12-20,4286,POINT(-116.8 37.7)
2016-12-20,4786,POINT(-91.9 27.6)
2016-12-20,834,POINT(-88.7 29.8)
2016-12-20,3842,POINT(-82.7 46.6)
2016-12-20,709,POINT(-84.2 36.9)
2016-12-20,1390,POINT(-107.5 43.2)
2016-12-20,3906,POINT(-105.2 26.5)
2016-12-20,1683,POINT(-84.1 35.0)
2016-12-20,2737,POINT(-104.0 41.2)
2016-12-21,3166,POINT(-112.2 28.2)
2016-12-21,3398,POINT(-102.5 32.8)
2016-12-21,4317,POINT(-108.7 26.5)
2016-12-21,393,POINT(-119.7 40.6)
2016-12-21,351,POINT(-75.2 48.3)
2016-12-21,1997,POINT(-73.8 44.8)
2016-12-21,4069,POINT(-111.8 48.4)
2016-12-21,4949,POINT(-121.1 45.3)
2016-12-21,3119,POINT(-80.7 45.5)
2016-12-21,4092,POINT(-112.3 38.9)
2016-12-22,4525,POINT(-101.4 37.4)
2016-12-22,2808,POINT(-121.2 34.8)
2016-12-22,3250,POINT(-111.4 44.6)
2016-12-22,1998,POINT(-77.4 29.4)
2016-12-22,3424,POINT(-76.7 26.3)
2016-12-22,1859,POINT(-112.6 47.7)
2016-12-22,315,POINT(-104.8 25.1)
2016-12-22,3623,POINT(-116.9 48.4)
2016-12-22,2759,POINT(-120.5 42.5)
2016-12-22,4974,POINT(-65.5 32.9)
2016-12-23,1145,POINT(-85.7 41.7)
2016-12-23,215,POINT(-92.5 44.6)
2016-12-23,4601,POINT(-79.1 30.9)
2016-12-23,3460,POINT(-74.6 43.5)
2016-12-23,3821,POINT(-76.6 44.3)
2016-12-23,3632,POINT(-124.0 31.0)
2016-12-23,3609,POINT(-113.8 26.0)
2016-12-23,2561,POINT(-85.7 29.9)
2016-12-23,4318,POINT(-102.5 29.8)
2016-12-23,319,POINT(-66.1 26.6)
2016-12-24,2718,POINT(-85.1 42.4)
2016-12-24,2001,POINT(-67.6 34.1)
2016-12-24,281,POINT(-112.9 46.2)
2016-12-24,3652,POINT(-73.2 31.1)
2016-12-24,4096,POINT(-105.7 35.9)
2016-12-24,1832,POINT(-65.6 40.3)
2016-12-24,3283,POINT(-115.5 46.1)
2016-12-24,4548,POINT(-94.0 37.6)
2016-12-24,4359,POINT(-77.4 34.0)
2016-12-24,530,POINT(-99.0 45.8)
2016-12-25,986,POINT(-96.9 32.4)
2016-12-25,3732,POINT(-65.8 26.9)
2016-12-25,3561,POINT(-99.5 35.7)
2016-12-25,4115,POINT(-88.8 43.8)
2016-12-25,2783,POINT(-121.7 25.7)
2016-12-25,2562,POINT(-74.5 39.1)
2016-12-25,2842,POINT(-86.1 39.3)
2016-12-25,3917,POINT(-100.8 47.3)
2016-12-25,162,POINT(-124.0 31.9)
2016-12-25,2974,POINT(-89.5 31.7)
2016-12-26,2926,POINT(-124.2 35.6)
2016-12-26,2810,POINT(-124.9 33.6)
2016-12-26,1762,POINT(-88.0 42.7)
2016-12-26,2620,POINT(-113.7 40.4)
2016-12-26,3885,POINT(-113.5 43.2)
2016-12-26,1114,POINT(-85.8 44.7)
2016-12-26,2546,POINT(-121.8 47.2)
2016-12-26,4209,POINT(-106.2 35.3)
2016-12-26,3864,POINT(-116.0 48.6)
2016-12-26,3504,POINT(-90.2 30.2)
2016-12-27,1924,POINT(-85.3 42.1)
2016-12-27,3082,POINT(-81.7 37.8)
2016-12-27,1016,POINT(-109.7 44.6)
2016-12-27,416,POINT(-119.6 36.4)
2016-12-27,176,POINT(-120.3 43.8)
2016-12-27,518,POINT(-99.4 47.3)
2016-12-27,1671,POINT(-68.2 42.6)
2016-12-27,3674,POINT(-111.9 43.6)
2016-12-27,3499,POINT(-109.6 26.6)
2016-12-27,4868,POINT(-118.9 29.9)
2016-12-28,690,POINT(-88.7 48.4)
2016-12-28,2534,POINT(-84.2 41.6)
2016-12-28,2130,POINT(-86.4 38.5)
2016-12-28,4687,POINT(-73.3 33.8)
2016-12-28,4367,POINT(-95.8 26.1)
2016-12-28,1373,POINT(-116.9 33.9)
2016-12-28,1341,POINT(-107.6 37.0)
2016-12-28,2302,POINT(-85.3 30.1)
2016-12-28,1548,POINT(-88.2 29.2)
2016-12-28,3418,POINT(-93.1 37.2)
2016-12-29,570,POINT(-84.0 39.1)
2016-12-29,1109,POINT(-86.8 30.8)
2016-12-29,1913,POINT(-72.1 39.1)
2016-12-29,184,POINT(-89.8 46.6)
2016-12-29,2166,POINT(-78.3 36.4)
2016-12-29,2240,POINT(-110.1 45.6)
2016-12-29,4297,POINT(-84.3 47.3)
2016-12-29,4170,POINT(-70.9 27.2)
2016-12-29,3930,POINT(-101.9 27.3)
2016-12-29,1507,POINT(-78.3 36.4)
2016-12-30,3864,POINT(-81.5 39.1)
2016-12-30,3181,POINT(-121.4 35.2)
2016-12-30,1577,POINT(-90.1 32.8)
2016-12-30,1161,POINT(-117.2 40.4)
2016-12-30,378,POINT(-67.0 25.0)
2016-12-30,4956,POINT(-76.3 48.2)
2016-12-30,52,POINT(-118.4 30.6)
2016-12-30,1917,POINT(-117.7 47.0)
2016-12-30,3500,POINT(-89.3 27.6)
2016-12-30,2545,POINT(-104.3 30.7)
2016-12-31,4183,POINT(-122.9 30.6)
2016-12-31,2883,POINT(-92.5 48.9)
2016-12-31,1834,POINT(-101.7 25.1)
2016-12-31,1303,POINT(-118.9 40.4)
2016-12-31,4779,POINT(-76.9 45.9)
2016-12-31,4806,POINT(-70.1 41.1)
2016-12-31,4864,POINT(-79.6 33.7)
2016-12-31,3396,POINT(-75.7 48.0)
2016-12-31,2982,POINT(-112.0 46.4)
2016-12-31,3932,POINT(-109.2 35.4)
2017-01-01,1002,POINT(-112.5 38.8)
2017-01-01,2396,POINT(-79.1 48.2)
2017-01-01,2250,POINT(-68.1 48.6)
2017-01-01,1486,POINT(-82.0 35.8)
2017-01-01,3417,POINT(-72.1 45.3)
2017-01-01,399,POINT(-86.7 32.2)
2017-01-01,1009,POINT(-101.7 33.9)
2017-01-01,4630,POINT(-99.5 29.0)
2017-01-01,1865,POINT(-120.5 30.0)
2017-01-01,668,POINT(-123.1 40.8)
2017-01-02,2773,POINT(-83.3 37.3)
2017-01-02,3673,POINT(-98.7 30.5)
2017-01-02,4996,POINT(-91.9 34.7)
2017-01-02,1491,POINT(-91.5 34.0)
2017-01-02,3741,POINT(-108.4 48.7)
2017-01-02,461,POINT(-96.4 45.5)
2017-01-02,2485,POINT(-96.8 34.3)
2017-01-02,3232,POINT(-101.7 46.9)
2017-01-02,1547,POINT(-75.8 33.2)
2017-01-02,3103,POINT(-97.9 41.0)
2017-01-03,892,POINT(-88.8 48.2)
2017-01-03,4418,POINT(-71.3 34.4)
2017-01-03,4078,POINT(-73.0 41.3)
2017-01-03,4945,POINT(-71.6 32.1)
2017-01-03,2576,POINT(-108.8 31.4)
2017-01-03,3287,POINT(-122.9 38.8)
2017-01-03,384,POINT(-109.3 48.5)
2017-01-03,4556,POINT(-108.3 35.9)
2017-01-03,3707,POINT(-70.4 47.5)
2017-01-03,3072,POINT(-86.0 46.9)
2017-01-04,4700,POINT(-120.1 31.1)
2017-01-04,3260,POINT(-116.9 34.6)
2017-01-04,4605,POINT(-115.7 40.4)
2017-01-04,4569,POINT(-87.2 37.4)
2017-01-04,122,POINT(-80.9 27.3)
2017-01-04,3207,POINT(-73.4 48.8)
2017-01-04,2388,POINT(-68.6 43.1)
2017-01-04,1934,POINT(-112.9 35.5)
2017-01-04,149,POINT(-106.4 39.8)
2017-01-04,1434,POINT(-110.6 27.1)
2017-01-05,2959,POINT(-103.5 36.9)
2017-01-05,3178,POINT(-70.1 47.3)
2017-01-05,526,POINT(-90.5 46.5)
2017-01-05,2626,POINT(-80.7 33.1)
2017-01-05,897,POINT(-95.6 37.8)
2017-01-05,3114,POINT(-123.3 41.7)
2017-01-05,59,POINT(-121.1 33.2)
2017-01-05,3961,POINT(-92.7 26.6)
2017-01-05,3570,POINT(-81.9 37.1)
2017-01-05,28,POINT(-112.1 39.4)
2017-01-06,4831,POINT(-81.7 25.1)
2017-01-06,1483,POINT(-76.4 27.3)
2017-01-06,4071,POINT(-100.3 30.0)
2017-01-06,2616,POINT(-80.2 33.4)
2017-01-06,461,POINT(-100.8 38.0)
2017-01-06,3775,POINT(-84.3 32.1)
2017-01-06,2448,POINT(-79.2 31.6)
2017-01-06,4320,POINT(-65.5 45.9)
2017-01-06,1559,POINT(-104.3 28.5)
2017-01-06,3484,POINT(-100.3 36.9)
2017-01-07,137,POINT(-115.1 47.9)
2017-01-07,4865,POINT(-112.8 40.0)
2017-01-07,2771,POINT(-83.4 42.2)
2017-01-07,4466,POINT(-70.0 35.3)
2017-01-07,4674,POINT(-101.3 25.5)
2017-01-07,1425,POINT(-114.2 40.5)
2017-01-07,211,POINT(-107.9 40.2)
2017-01-07,2379,POINT(-97.7 27.7)
2017-01-07,527,POINT(-107.6 36.1)
2017-01-07,1351,POINT(-111.0 47.0)
2017-01-08,4786,POINT(-80.8 29.9)
2017-01-08,1998,POINT(-124.5 36.1)
2017-01-08,3555,POINT(-92.6 36.1)
2017-01-08,4530,POINT(-77.4 44.5)
2017-01-08,3812,POINT(-109.0 44.8)
2017-01-08,3285,POINT(-88.8 43.2)
2017-01-08,3664,POINT(-84.9 33.8)
2017-01-08,2444,POINT(-85.7 26.7)
2017-01-08,4883,POINT(-98.2 33.4)
2017-01-08,217,POINT(-104.2 41.3)
2017-01-09,2643,POINT(-74.8 41.9)
2017-01-09,4127,POINT(-79.5 48.2)
2017-01-09,163,POINT(-105.7 35.9)
2017-01-09,3376,POINT(-118.8 40.2)
2017-01-09,4324,POINT(-120.7 37.9)
2017-01-09,4774,POINT(-119.3 28.6)
2017-01-09,1528,POINT(-90.0 36.1)
2017-01-09,2610,POINT(-121.9 38.1)
2017-01-09,2205,POINT(-104.8 47.8)
2017-01-09,4508,POINT(-79.8 33.8)
2017-01-10,4701,POINT(-107.3 48.5)
2017-01-10,3564,POINT(-79.2 38.0)
2017-01-10,2424,POINT(-80.3 30.8)
2017-01-10,2859,POINT(-110.3 29.6)
2017-01-10,1752,POINT(-81.3 28.4)
2017-01-10,1316,POINT(-80.1 35.9)
2017-01-10,3859,POINT(-101.2 25.5)
2017-01-10,4178,POINT(-112.4 35.7)
2017-01-10,4586,POINT(-93.7 48.7)
2017-01-10,4665,POINT(-69.7 41.1)
2017-01-11,4850,POINT(-86.6 43.2)
2017-01-11,4205,POINT(-114.6 27.9)
2017-01-11,2565,POINT(-84.0 36.4)
2017-01-11,2315,POINT(-99.4 31.9)
2017-01-11,4518,POINT(-89.5 46.5)
2017-01-11,1098,POINT(-81.0 29.4)
2017-01-11,2652,POINT(-94.1 36.0)
2017-01-11,1187,POINT(-76.2 39.1)
2017-01-11,4926,POINT(-81.7 37.3)
2017-01-11,4767,POINT(-88.1 44.9)
2017-01-12,3004,POINT(-116.0 30.6)
2017-01-12,569,POINT(-74.8 34.1)
2017-01-12,2974,POINT(-68.8 44.0)
2017-01-12,1281,POINT(-116.8 37.7)
2017-01-12,1823,POINT(-95.7 34.7)
2017-01-12,2925,POINT(-109.5 25.7)
2017-01-12,619,POINT(-79.7 43.1)
2017-01-12,2471,POINT(-81.7 48.3)
2017-01-12,4130,POINT(-116.5 39.9)
2017-01-12,293,POINT(-72.4 45.6)
2017-01-13,2938,POINT(-114.1 37.4)
2017-01-13,4406,POINT(-77.2 30.6)
2017-01-13,1101,POINT(-97.6 25.3)
2017-01-13,826,POINT(-105.3 40.7)
2017-01-13,92,POINT(-115.5 36.8)
2017-01-13,1930,POINT(-114.9 43.8)
2017-01-13,3501,POINT(-85.3 41.7)
2017-01-13,3154,POINT(-92.0 48.7)
2017-01-13,2103,POINT(-117.7 37.2)
2017-01-13,4723,POINT(-118.2 35.3)
2017-01-14,185,POINT(-120.7 31.9)
2017-01-14,2714,POINT(-80.4 36.4)
2017-01-14,4947,POINT(-82.3 45.9)
2017-01-14,379,POINT(-121.5 26.0)
2017-01-14,1828,POINT(-91.4 48.5)
2017-01-14,2111,POINT(-119.9 48.8)
2017-01-14,4795,POINT(-70.8 39.3)
2017-01-14,3500,POINT(-70.6 33.0)
2017-01-14,1789,POINT(-83.1 30.4)
2017-01-14,1374,POINT(-69.4 31.6)
2017-01-15,4472,POINT(-76.3 26.2)
2017-01-15,3352,POINT(-75.3 36.4)
2017-01-15,4749,POINT(-90.8 26.4)
2017-01-15,3686,POINT(-106.6 42.2)
2017-01-15,2436,POINT(-111.9 33.9)
2017-01-15,82,POINT(-105.4 29.8)
2017-01-15,2972,POINT(-87.3 38.1)
2017-01-15,869,POINT(-114.6 48.4)
2017-01-15,3866,POINT(-109.5 41.7)
2017-01-15,4148,POINT(-96.9 36.8)
2017-01-16,2434,POINT(-111.0 43.6)
2017-01-16,1074,POINT(-89.7 42.7)
2017-01-16,2227,POINT(-69.6 46.4)
2017-01-16,4027,POINT(-80.1 29.9)
2017-01-16,2269,POINT(-85.0 45.6)
2017-01-16,3761,POINT(-90.0 32.2)
2017-01-16,2096,POINT(-95.7 47.6)
2017-01-16,378,POINT(-113.8 31.7)
2017-01-16,2814,POINT(-71.3 47.2)
2017-01-16,160,POINT(-110.1 48.1)
2017-01-17,1144,POINT(-119.5 28.5)
2017-01-17,2794,POINT(-80.0 48.4)
2017-01-17,4174,POINT(-114.5 27.1)
2017-01-17,2356,POINT(-102.7 30.2)
2017-01-17,4907,POINT(-123.3 35.7)
2017-01-17,2260,POINT(-116.8 48.8)
2017-01-17,70,POINT(-114.6 36.7)
2017-01-17,3020,POINT(-121.7 38.2)
2017-01-17,3911,POINT(-85.6 41.7)
2017-01-17,1347,POINT(-74.8 48.2)
2017-01-18,1194,POINT(-102.6 43.8)
2017-01-18,4436,POINT(-72.5 30.4)
2017-01-18,1561,POINT(-112.2 32.3)
2017-01-18,4443,POINT(-105.5 27.3)
2017-01-18,1639,POINT(-116.0 40.5)
2017-01-18,1337,POINT(-87.8 29.3)
2017-01-18,1536,POINT(-99.8 31.2)
2017-01-18,1683,POINT(-88.2 46.3)
2017-01-18,1371,POINT(-79.3 32.8)
2017-01-18,1583,POINT(-92.3 38.6)
2017-01-19,2696,POINT(-87.3 34.5)
2017-01-19,4380,POINT(-68.9 26.8)
2017-01-19,2376,POINT(-107.1 33.7)
2017-01-19,3767,POINT(-103.5 34.8)
2017-01-19,2444,POINT(-81.9 46.5)
2017-01-19,2003,POINT(-88.3 32.8)
2017-01-19,879,POINT(-114.3 34.1)
2017-01-19,1024,POINT(-102.4 43.8)
2017-01-19,1921,POINT(-96.9 43.2)
2017-01-19,612,POINT(-99.8 44.2)
2017-01-20,3831,POINT(-114.3 47.9)
2017-01-20,700,POINT(-69.5 44.1)
2017-01-20,503,POINT(-79.3 34.8)
2017-01-20,499,POINT(-96.1 44.7)
2017-01-20,2566,POINT(-84.2 37.2)
2017-01-20,4495,POINT(-71.2 31.7)
2017-01-20,304,POINT(-116.8 32.3)
2017-01-20,4037,POINT(-110.0 30.4)
2017-01-20,2853,POINT(-92.4 28.5)
2017-01-20,2922,POINT(-77.1 29.4)
2017-01-21,1727,POINT(-122.8 26.5)
2017-01-21,2606,POINT(-66.0 46.3)
2017-01-21,4754,POINT(-97.7 47.3)
2017-01-21,1883,POINT(-103.4 39.1)
2017-01-21,4673,POINT(-107.4 45.2)
2017-01-21,3268,POINT(-114.5 29.4)
2017-01-21,2827,POINT(-77.5 46.6)
2017-01-21,454,POINT(-67.7 37.2)
2017-01-21,3651,POINT(-100.2 26.6)
2017-01-21,4468,POINT(-67.9 28.4)
2017-01-22,751,POINT(-75.6 32.4)
2017-01-22,2051,POINT(-96.1 26.0)
2017-01-22,689,POINT(-84.6 32.4)
2017-01-22,2477,POINT(-98.9 26.4)
2017-01-22,3707,POINT(-91.5 30.7)
2017-01-22,1368,POINT(-121.5 31.4)
2017-01-22,72,POINT(-83.2 48.9)
2017-01-22,2569,POINT(-121.8 30.7)
2017-01-22,3779,POINT(-76.0 30.7)
2017-01-22,4361,POINT(-75.5 41.5)
2017-01-23,144,POINT(-110.8 45.6)
2017-01-23,3654,POINT(-105.6 34.3)
2017-01-23,4980,POINT(-96.1 46.0)
2017-01-23,4927,POINT(-89.2 33.2)
2017-01-23,2145,POINT(-107.8 29.7)
2017-01-23,3288,POINT(-89.5 32.9)
2017-01-23,832,POINT(-107.1 39.6)
2017-01-23,3084,POINT(-121.7 33.8)
2017-01-23,2991,POINT(-124.8 41.1)
2017-01-23,130,POINT(-118.9 30.7)
2017-01-24,1647,POINT(-77.5 41.8)
2017-01-24,934,POINT(-67.3 33.3)
2017-01-24,654,POINT(-99.4 35.9)
2017-01-24,2042,POINT(-94.2 38.4)
2017-01-24,2771,POINT(-116.2 41.5)
2017-01-24,2078,POINT(-91.9 30.7)
2017-01-24,251,POINT(-116.3 45.1)
2017-01-24,2678,POINT(-88.3 42.3)
2017-01-24,812,POINT(-69.0 30.6)
2017-01-24,4174,POINT(-113.3 48.4)
2017-01-25,205,POINT(-79.1 41.0)
2017-01-25,2197,POINT(-123.6 35.9)
2017-01-25,3525,POINT(-102.5 28.8)
2017-01-25,2340,POINT(-118.4 37.8)
2017-01-25,2369,POINT(-103.9 29.0)
2017-01-25,4851,POINT(-114.6 35.3)
2017-01-25,3616,POINT(-102.6 34.8)
2017-01-25,286,POINT(-99.9 42.3)
2017-01-25,70,POINT(-107.0 29.6)
2017-01-25,3400,POINT(-85.6 44.7)
2017-01-26,1923,POINT(-69.9 32.8)
2017-01-26,3937,POINT(-101.0 35.7)
2017-01-26,2601,POINT(-113.5 43.5)
2017-01-26,576,POINT(-108.8 40.0)
2017-01-26,3945,POINT(-73.8 32.4)
2017-01-26,1581,POINT(-90.7 34.3)
2017-01-26,4727,POINT(-97.7 32.3)
2017-01-26,1210,POINT(-116.0 39.3)
2017-01-26,4419,POINT(-98.0 33.0)
2017-01-26,2864,POINT(-108.3 42.4)
2017-01-27,2905,POINT(-68.4 38.9)
2017-01-27,1246,POINT(-72.0 28.5)
2017-01-27,146,POINT(-120.0 32.4)
2017-01-27,1039,POINT(-94.0 30.3)
2017-01-27,2166,POINT(-111.5 34.4)
2017-01-27,2604,POINT(-100.4 37.4)
2017-01-27,671,POINT(-72.4 37.2)
2017-01-27,2482,POINT(-93.3 43.1)
2017-01-27,2687,POINT(-104.9 29.5)
2017-01-27,2318,POINT(-112.5 47.7)
2017-01-28,96,POINT(-77.0 33.2)
2017-01-28,2522,POINT(-87.5 32.2)
2017-01-28,2952,POINT(-96.9 41.4)
2017-01-28,2783,POINT(-112.0 44.3)
2017-01-28,2514,POINT(-104.9 34.1)
2017-01-28,3320,POINT(-67.4 42.9)
2017-01-28,1710,POINT(-93.8 46.2)
2017-01-28,3680,POINT(-101.0 43.4)
2017-01-28,2710,POINT(-93.7 25.8)
2017-01-28,3639,POINT(-78.3 44.9)
2017-01-29,4600,POINT(-104.6 43.6)
2017-01-29,1657,POINT(-114.3 41.1)
2017-01-29,3328,POINT(-89.9 43.2)
2017-01-29,3697,POINT(-85.1 48.5)
2017-01-29,606,POINT(-82.2 35.3)
2017-01-29,4555,POINT(-72.1 26.6)
2017-01-29,494,POINT(-102.7 36.1)
2017-01-29,655,POINT(-120.5 26.1)
2017-01-29,3099,POINT(-67.5 32.1)
2017-01-29,4767,POINT(-98.9 39.1)
2017-01-30,4863,POINT(-87.6 32.4)
2017-01-30,4394,POINT(-85.0 41.4)
2017-01-30,730,POINT(-92.2 44.7)
2017-01-30,4743,POINT(-112.7 35.1)
2017-01-30,508,POINT(-79.7 46.6)
2017-01-30,4739,POINT(-76.8 26.9)
2017-01-30,1683,POINT(-91.8 45.2)
2017-01-30,3077,POINT(-95.7 44.9)
2017-01-30,124,POINT(-118.2 32.7)
2017-01-30,2989,POINT(-120.0 32.2)
2017-01-31,4779,POINT(-104.6 32.3)
2017-01-31,1746,POINT(-106.3 44.5)
2017-01-31,3621,POINT(-67.8 45.0)
2017-01-31,2263,POINT(-78.0 32.9)
2017-01-31,2304,POINT(-85.4 39.2)
2017-01-31,3640,POINT(-93.9 28.3)
2017-01-31,156,POINT(-115.0 36.3)
2017-01-31,3992,POINT(-66.3 49.0)
2017-01-31,3463,POINT(-102.5 28.8)
2017-01-31,4517,POINT(-118.6 47.7)
2017-02-01,2420,POINT(-95.4 44.8)
2017-02-01,146,POINT(-72.6 48.3)
2017-02-01,3370,POINT(-71.8 29.3)
2017-02-01,3015,POINT(-124.3 30.1)
2017-02-01,3562,POINT(-71.8 25.4)
2017-02-01,28,POINT(-108.7 42.4)
2017-02-01,2252,POINT(-122.7 40.5)
2017-02-01,458,POINT(-74.1 29.3)
2017-02-01,1958,POINT(-73.2 44.0)
2017-02-01,955,POINT(-89.2 32.2)
2017-02-02,4246,POINT(-90.5 28.2)
2017-02-02,1930,POINT(-76.2 35.1)
2017-02-02,2987,POINT(-77.8 27.2)
2017-02-02,4198,POINT(-71.6 31.3)
2017-02-02,4025,POINT(-91.8 33.9)
2017-02-02,248,POINT(-66.9 45.4)
2017-02-02,214,POINT(-65.2 44.0)
2017-02-02,2617,POINT(-118.0 35.6)
2017-02-02,4350,POINT(-74.0 42.4)
2017-02-02,4937,POINT(-95.0 38.6)
2017-02-03,3398,POINT(-101.7 33.2)
2017-02-03,2982,POINT(-88.2 42.4)
2017-02-03,4400,POINT(-121.6 41.4)
2017-02-03,2697,POINT(-94.6 39.9)
2017-02-03,4961,POINT(-72.7 39.8)
2017-02-03,4176,POINT(-112.2 41.4)
2017-02-03,1358,POINT(-99.4 34.2)
2017-02-03,4410,POINT(-68.6 45.9)
2017-02-03,826,POINT(-99.3 28.9)
2017-02-03,830,POINT(-103.5 46.2)
2017-02-04,202,POINT(-98.6 33.2)
2017-02-04,1786,POINT(-93.8 28.0)
2017-02-04,3655,POINT(-87.1 39.4)
2017-02-04,4634,POINT(-77.0 34.0)
2017-02-04,260,POINT(-97.9 44.6)
2017-02-04,1798,POINT(-76.0 35.3)
2017-02-04,3710,POINT(-93.0 41.0)
2017-02-04,2473,POINT(-104.7 32.4)
2017-02-04,1177,POINT(-85.5 30.0)
2017-02-04,3903,POINT(-81.9 34.3)
2017-02-05,1106,POINT(-91.5 39.6)
2017-02-05,2689,POINT(-121.6 40.8)
2017-02-05,1857,POINT(-114.8 38.9)
2017-02-05,3914,POINT(-107.9 48.7)
2017-02-05,514,POINT(-108.0 41.6)
2017-02-05,1631,POINT(-84.6 47.4)
2017-02-05,2482,POINT(-123.9 27.8)
2017-02-05,2556,POINT(-79.7 26.5)
2017-02-05,1397,POINT(-109.1 32.5)
2017-02-05,3004,POINT(-106.4 28.3)
2017-02-06,3826,POINT(-93.3 37.6)
2017-02-06,727,POINT(-112.0 37.5)
2017-02-06,3494,POINT(-71.9 38.8)
2017-02-06,4444,POINT(-119.9 42.9)
2017-02-06,668,POINT(-98.3 48.3)
2017-02-06,4018,POINT(-74.0 46.1)
2017-02-06,4534,POINT(-88.0 27.8)
2017-02-06,4244,POINT(-107.5 33.1)
2017-02-06,3774,POINT(-99.8 31.1)
2017-02-06,2999,POINT(-82.6 29.2)
2017-02-07,4647,POINT(-66.6 38.1)
2017-02-07,2114,POINT(-71.4 38.3)
2017-02-07,1265,POINT(-104.5 30.5)
2017-02-07,2492,POINT(-65.1 42.1)
2017-02-07,393,POINT(-124.8 42.6)
2017-02-07,2617,POINT(-123.3 25.5)
2017-02-07,203,POINT(-75.6 34.5)
2017-02-07,3817,POINT(-113.0 46.4)
2017-02-07,3729,POINT(-121.4 37.5)
2017-02-07,2591,POINT(-110.8 33.3)
2017-02-08,2575,POINT(-99.4 31.1)
2017-02-08,2773,POINT(-81.2 30.8)
2017-02-08,2808,POINT(-87.5 27.4)
2017-02-08,2349,POINT(-110.7 44.6)
2017-02-08,3416,POINT(-94.8 27.1)
2017-02-08,741,POINT(-69.4 32.0)
2017-02-08,2882,POINT(-76.1 26.1)
2017-02-08,3130,POINT(-105.6 43.8)
2017-02-08,4790,POINT(-66.1 25.9)
2017-02-08,4187,POINT(-82.5 32.4)
2017-02-09,2614,POINT(-121.3 38.8)
2017-02-09,2392,POINT(-122.9 34.8)
2017-02-09,541,POINT(-114.9 31.8)
2017-02-09,4326,POINT(-81.3 31.6)
2017-02-09,644,POINT(-114.0 44.1)
2017-02-09,1779,POINT(-94.3 48.4)
2017-02-09,3814,POINT(-119.4 33.4)
2017-02-09,2380,POINT(-69.7 25.9)
2017-02-09,12,POINT(-104.4 25.9)
2017-02-09,215,POINT(-70.5 43.2)
2017-02-10,4145,POINT(-68.3 38.3)
2017-02-10,2631,POINT(-124.6 43.8)
2017-02-10,4749,POINT(-97.2 41.7)
2017-02-10,2900,POINT(-123.5 46.8)
2017-02-10,3203,POINT(-70.5 46.3)
2017-02-10,2676,POINT(-93.9 43.9)
2017-02-10,3316,POINT(-120.5 36.4)
2017-02-10,907,POINT(-118.4 32.4)
2017-02-10,1095,POINT(-102.0 37.2)
2017-02-10,1289,POINT(-68.6 37.0)
2017-02-11,680,POINT(-83.4 39.6)
2017-02-11,1515,POINT(-72.9 29.5)
2017-02-11,3585,POINT(-103.0 40.7)
2017-02-11,4824,POINT(-122.4 36.0)
2017-02-11,1965,POINT(-66.5 39.9)
2017-02-11,259,POINT(-124.0 30.8)
2017-02-11,1902,POINT(-68.1 35.4)
2017-02-11,3449,POINT(-102.9 30.0)
2017-02-11,1863,POINT(-124.4 46.0)
2017-02-11,2864,POINT(-83.7 36.7)
2017-02-12,1513,POINT(-66.2 30.4)
2017-02-12,3395,POINT(-67.1 26.0)
2017-02-12,3581,POINT(-115.3 41.2)
2017-02-12,3802,POINT(-114.1 30.2)
2017-02-12,3436,POINT(-91.1 48.7)
2017-02-12,53,POINT(-86.8 37.8)
2017-02-12,3622,POINT(-80.6 31.9)
2017-02-12,2628,POINT(-114.1 40.8)
2017-02-12,4688,POINT(-67.5 31.6)
2017-02-12,3173,POINT(-86.7 44.7)
2017-02-13,1298,POINT(-74.2 32.4)
2017-02-13,2952,POINT(-92.6 48.7)
2017-02-13,229,POINT(-100.1 39.5)
2017-02-13,1935,POINT(-66.4 45.3)
2017-02-13,2982,POINT(-90.1 26.7)
2017-02-13,3523,POINT(-73.0 33.4)
2017-02-13,2458,POINT(-67.8 42.7)
2017-02-13,3481,POINT(-84.5 40.7)
2017-02-13,2784,POINT(-92.1 29.7)
2017-02-13,1000,POINT(-124.8 33.5)
2017-02-14,2956,POINT(-122.6 31.3)
2017-02-14,1822,POINT(-112.9 39.7)
2017-02-14,4963,POINT(-113.8 33.3)
2017-02-14,813,POINT(-109.7 32.4)
2017-02-14,499,POINT(-106.7 30.0)
2017-02-14,3566,POINT(-103.4 34.8)
2017-02-14,1503,POINT(-99.8 29.7)
2017-02-14,3655,POINT(-119.1 48.1)
2017-02-14,2901,POINT(-122.5 28.7)
2017-02-14,1715,POINT(-84.6 46.9)
2017-02-15,3526,POINT(-92.8 35.3)
2017-02-15,3350,POINT(-98.4 34.1)
2017-02-15,63,POINT(-86.9 30.6)
2017-02-15,2585,POINT(-75.3 40.3)
2017-02-15,3601,POINT(-99.3 41.5)
2017-02-15,625,POINT(-86.5 36.2)
2017-02-15,964,POINT(-67.8 26.3)
2017-02-15,2443,POINT(-74.6 47.0)
2017-02-15,1639,POINT(-99.4 48.5)
2017-02-15,2791,POINT(-86.3 35.3)
2017-02-16,659,POINT(-114.4 39.7)
2017-02-16,2357,POINT(-91.4 35.8)
2017-02-16,4500,POINT(-66.1 32.7)
2017-02-16,3288,POINT(-93.9 26.9)
2017-02-16,2650,POINT(-69.3 35.9)
2017-02-16,3811,POINT(-100.6 44.6)
2017-02-16,2571,POINT(-65.1 25.4)
2017-02-16,3259,POINT(-90.2 39.0)
2017-02-16,380,POINT(-122.5 46.1)
2017-02-16,867,POINT(-89.8 30.2)
2017-02-17,4896,POINT(-108.5 29.4)
2017-02-17,4763,POINT(-123.1 43.5)
2017-02-17,393,POINT(-75.7 31.1)
2017-02-17,3887,POINT(-108.5 29.6)
2017-02-17,2562,POINT(-77.2 34.1)
2017-02-17,4344,POINT(-107.7 34.4)
2017-02-17,4300,POINT(-113.3 46.0)
2017-02-17,2735,POINT(-66.6 39.8)
2017-02-17,4044,POINT(-103.3 34.7)
2017-02-17,3303,POINT(-88.9 37.8)
2017-02-18,4261,POINT(-88.4 47.9)
2017-02-18,3998,POINT(-91.4 27.7)
2017-02-18,932,POINT(-70.1 30.0)
2017-02-18,2925,POINT(-84.5 48.1)
2017-02-18,2960,POINT(-100.8 48.0)
2017-02-18,3056,POINT(-73.3 29.3)
2017-02-18,984,POINT(-114.1 28.5)
2017-02-18,1240,POINT(-92.3 35.1)
2017-02-18,2445,POINT(-68.0 26.2)
2017-02-18,1824,POINT(-87.5 40.7)
2017-02-19,2944,POINT(-76.0 26.9)
2017-02-19,4943,POINT(-85.8 26.4)
2017-02-19,1373,POINT(-74.6 36.6)
2017-02-19,3950,POINT(-68.3 48.0)
2017-02-19,213,POINT(-108.6 35.2)
2017-02-19,170,POINT(-114.8 33.6)
2017-02-19,4497,POINT(-96.0 49.0)
2017-02-19,778,POINT(-82.9 37.8)
2017-02-19,3758,POINT(-111.4 34.0)
2017-02-19,2591,POINT(-124.8 34.3)
2017-02-20,1103,POINT(-104.4 29.7)
2017-02-20,4510,POINT(-66.9 37.3)
2017-02-20,617,POINT(-83.3 35.5)
2017-02-20,1550,POINT(-100.9 31.5)
2017-02-20,2885,POINT(-113.4 28.9)
2017-02-20,3201,POINT(-103.6 32.5)
2017-02-20,1847,POINT(-114.8 37.2)
2017-02-20,699,POINT(-118.6 26.4)
2017-02-20,3769,POINT(-70.6 28.7)
2017-02-20,2959,POINT(-65.1 47.7)
2017-02-21,2113,POINT(-115.2 38.0)
2017-02-21,375,POINT(-121.7 26.5)
2017-02-21,3585,POINT(-105.2 41.6)
2017-02-21,4560,POINT(-97.3 26.5)
2017-02-21,4209,POINT(-112.7 42.7)
2017-02-21,4182,POINT(-106.9 43.0)
2017-02-21,4335,POINT(-112.9 40.6)
2017-02-21,2388,POINT(-78.5 42.6)
2017-02-21,1215,POINT(-82.2 27.1)
2017-02-21,4998,POINT(-86.9 42.4)
2017-02-22,3849,POINT(-101.8 28.3)
2017-02-22,2745,POINT(-70.5 33.1)
2017-02-22,3357,POINT(-66.8 47.6)
2017-02-22,1685,POINT(-114.6 37.1)
2017-02-22,308,POINT(-111.6 48.2)
2017-02-22,966,POINT(-93.5 27.1)
2017-02-22,1124,POINT(-119.5 36.5)
2017-02-22,2515,POINT(-98.8 26.5)
2017-02-22,1484,POINT(-90.1 40.1)
2017-02-22,4470,POINT(-93.7 26.9)
2017-02-23,4456,POINT(-105.1 29.2)
2017-02-23,3736,POINT(-92.5 31.2)
2017-02-23,3481,POINT(-67.5 43.0)
2017-02-23,2838,POINT(-112.6 28.9)
2017-02-23,2860,POINT(-85.7 45.3)
2017-02-23,2516,POINT(-122.4 28.2)
2017-02-23,3780,POINT(-121.0 25.8)
2017-02-23,2974,POINT(-91.9 34.5)
2017-02-23,4604,POINT(-118.7 48.5)
2017-02-23,959,POINT(-123.7 27.6)
2017-02-24,4613,POINT(-114.7 27.4)
2017-02-24,2860,POINT(-91.1 43.0)
2017-02-24,175,POINT(-82.8 32.5)
2017-02-24,3496,POINT(-112.9 42.2)
2017-02-24,2519,POINT(-84.9 29.8)
2017-02-24,929,POINT(-114.1 36.0)
2017-02-24,123,POINT(-88.2 31.4)
2017-02-24,3514,POINT(-100.3 35.8)
2017-02-24,1001,POINT(-85.8 43.5)
2017-02-24,3849,POINT(-65.3 43.3)
2017-02-25,1268,POINT(-68.7 37.4)
2017-02-25,3436,POINT(-124.7 47.3)
2017-02-25,524,POINT(-71.9 31.3)
2017-02-25,4814,POINT(-121.0 30.8)
2017-02-25,3206,POINT(-67.8 39.7)
2017-02-25,4444,POINT(-108.1 39.9)
2017-02-25,2594,POINT(-102.1 26.1)
2017-02-25,77,POINT(-119.5 39.6)
2017-02-25,1606,POINT(-118.3 34.0)
2017-02-25,4488,POINT(-81.4 42.9)
2017-02-26,28,POINT(-68.3 44.4)
2017-02-26,2740,POINT(-88.4 38.3)
2017-02-26,3531,POINT(-82.0 25.0)
2017-02-26,582,POINT(-79.3 40.3)
2017-02-26,2268,POINT(-109.2 43.0)
2017-02-26,2912,POINT(-122.3 31.0)
2017-02-26,660,POINT(-124.9 36.2)
2017-02-26,2597,POINT(-104.0 48.2)
2017-02-26,3272,POINT(-110.5 32.2)
2017-02-26,1348,POINT(-121.3 30.4)
2017-02-27,3644,POINT(-114.2 30.1)
2017-02-27,2837,POINT(-117.5 38.4)
2017-02-27,2227,POINT(-70.1 47.8)
2017-02-27,3549,POINT(-116.6 39.6)
2017-02-27,1047,POINT(-92.7 32.3)
2017-02-27,4393,POINT(-89.4 40.3)
2017-02-27,3988,POINT(-92.4 40.0)
2017-02-27,2971,POINT(-119.1 39.3)
2017-02-27,3236,POINT(-105.9 28.8)
2017-02-27,1108,POINT(-121.9 40.2)
2017-02-28,2334,POINT(-101.3 35.3)
2017-02-28,949,POINT(-113.7 25.4)
2017-02-28,3726,POINT(-91.3 38.0)
2017-02-28,3424,POINT(-83.4 48.7)
2017-02-28,1458,POINT(-93.1 33.4)
2017-02-28,580,POINT(-98.9 48.2)
2017-02-28,2914,POINT(-101.8 27.3)
2017-02-28,2515,POINT(-74.5 42.6)
2017-02-28,927,POINT(-111.8 27.7)
2017-02-28,1884,POINT(-80.9 31.6)
2017-03-01,4938,POINT(-79.6 38.7)
2017-03-01,1688,POINT(-99.8 39.2)
2017-03-01,625,POINT(-107.2 43.6)
2017-03-01,4511,POINT(-96.8 39.8)
2017-03-01,1759,POINT(-119.4 39.2)
2017-03-01,3835,POINT(-122.2 46.9)
2017-03-01,4198,POINT(-118.3 35.9)
2017-03-01,2487,POINT(-113.8 30.4)
2017-03-01,4759,POINT(-94.7 28.9)
2017-03-01,3515,POINT(-74.1 34.6)
2017-03-02,3485,POINT(-110.9 42.1)
2017-03-02,4539,POINT(-68.9 26.0)
2017-03-02,1145,POINT(-67.7 28.1)
2017-03-02,4010,POINT(-67.5 27.5)
2017-03-02,384,POINT(-74.7 39.0)
2017-03-02,216,POINT(-103.2 30.8)
2017-03-02,4885,POINT(-120.6 29.0)
2017-03-02,1329,POINT(-90.9 39.2)
2017-03-02,1151,POINT(-91.5 43.3)
2017-03-02,4637,POINT(-74.0 33.0)
2017-03-03,2700,POINT(-65.2 38.9)
2017-03-03,3265,POINT(-94.5 27.4)
2017-03-03,99,POINT(-104.3 47.4)
2017-03-03,4118,POINT(-113.8 33.1)
2017-03-03,3030,POINT(-124.7 48.9)
2017-03-03,1867,POINT(-94.5 48.5)
2017-03-03,814,POINT(-91.7 43.7)
2017-03-03,954,POINT(-75.5 25.5)
2017-03-03,2799,POINT(-94.7 38.0)
2017-03-03,3885,POINT(-70.0 27.1)
2017-03-04,1620,POINT(-87.3 46.5)
2017-03-04,2933,POINT(-74.6 44.0)
2017-03-04,3892,POINT(-116.1 48.3)
2017-03-04,3231,POINT(-73.7 39.6)
2017-03-04,4401,POINT(-84.5 37.5)
2017-03-04,4745,POINT(-114.8 37.5)
2017-03-04,2397,POINT(-113.6 34.3)
2017-03-04,4733,POINT(-69.4 36.2)
2017-03-04,951,POINT(-123.1 40.2)
2017-03-04,4935,POINT(-97.2 47.4)
2017-03-05,2576,POINT(-106.2 39.3)
2017-03-05,985,POINT(-85.1 45.6)
2017-03-05,964,POINT(-74.6 45.7)
2017-03-05,1272,POINT(-103.4 37.5)
2017-03-05,953,POINT(-99.4 33.3)
2017-03-05,2212,POINT(-66.1 40.3)
2017-03-05,3337,POINT(-78.0 35.7)
2017-03-05,4284,POINT(-71.2 27.0)
2017-03-05,2269,POINT(-98.7 34.1)
2017-03-05,1838,POINT(-111.0 48.9)
2017-03-06,1267,POINT(-100.3 26.2)
2017-03-06,474,POINT(-82.0 41.7)
2017-03-06,3304,POINT(-118.4 45.2)
2017-03-06,1240,POINT(-108.8 40.6)
2017-03-06,2664,POINT(-122.2 38.7)
2017-03-06,894,POINT(-99.1 42.0)
2017-03-06,3815,POINT(-75.4 35.3)
2017-03-06,3866,POINT(-123.5 27.2)
2017-03-06,3145,POINT(-84.5 48.1)
2017-03-06,934,POINT(-69.1 35.4)
2017-03-07,4599,POINT(-110.8 41.0)
2017-03-07,1556,POINT(-83.4 37.8)
2017-03-07,1104,POINT(-66.5 26.3)
2017-03-07,2421,POINT(-67.3 47.9)
2017-03-07,2627,POINT(-110.9 44.0)
2017-03-07,772,POINT(-119.0 28.6)
2017-03-07,2333,POINT(-116.1 48.6)
2017-03-07,4155,POINT(-82.9 42.7)
2017-03-07,2785,POINT(-81.5 36.3)
2017-03-07,4669,POINT(-84.5 39.7)
2017-03-08,4888,POINT(-104.8 27.6)
2017-03-08,3165,POINT(-114.8 38.4)
2017-03-08,3980,POINT(-90.2 26.8)
2017-03-08,2050,POINT(-96.0 38.1)
2017-03-08,593,POINT(-81.3 38.3)
2017-03-08,4341,POINT(-98.5 46.0)
2017-03-08,2113,POINT(-104.7 42.4)
2017-03-08,1952,POINT(-107.4 31.0)
2017-03-08,4465,POINT(-112.3 46.3)
2017-03-08,119,POINT(-109.1 38.8)
2017-03-09,201,POINT(-119.3 39.6)
2017-03-09,913,POINT(-104.2 29.1)
2017-03-09,871,POINT(-122.8 45.6)
2017-03-09,1093,POINT(-113.8 47.3)
2017-03-09,659,POINT(-80.2 43.6)
2017-03-09,4144,POINT(-105.5 47.6)
2017-03-09,3621,POINT(-84.9 32.3)
2017-03-09,646,POINT(-82.0 45.7)
2017-03-09,1046,POINT(-90.1 36.7)
2017-03-09,4141,POINT(-67.5 28.9)
2017-03-10,2158,POINT(-123.7 41.1)
2017-03-10,3875,POINT(-80.7 41.4)
2017-03-10,3167,POINT(-67.5 31.9)
2017-03-10,3597,POINT(-73.3 25.7)
2017-03-10,3304,POINT(-114.9 29.8)
2017-03-10,4271,POINT(-105.4 34.6)
2017-03-10,2440,POINT(-114.7 29.0)
2017-03-10,1889,POINT(-88.9 29.7)
2017-03-10,3976,POINT(-82.3 34.4)
2017-03-10,3723,POINT(-106.0 48.1)
2017-03-11,4136,POINT(-92.6 43.3)
2017-03-11,4116,POINT(-83.5 32.7)
2017-03-11,2021,POINT(-99.7 47.8)
2017-03-11,3383,POINT(-73.8 40.5)
2017-03-11,2153,POINT(-78.7 35.9)
2017-03-11,2510,POINT(-121.1 36.2)
2017-03-11,4591,POINT(-87.7 34.9)
2017-03-11,1299,POINT(-110.9 30.6)
2017-03-11,1457,POINT(-91.5 34.3)
2017-03-11,3209,POINT(-67.6 37.7)
2017-03-12,1953,POINT(-72.3 37.7)
2017-03-12,3193,POINT(-100.7 43.3)
2017-03-12,3226,POINT(-107.5 33.6)
2017-03-12,3146,POINT(-110.9 42.2)
2017-03-12,3328,POINT(-93.0 38.9)
2017-03-12,2792,POINT(-118.1 48.1)
2017-03-12,1000,POINT(-92.0 34.2)
2017-03-12,4930,POINT(-124.9 46.6)
2017-03-12,2163,POINT(-105.6 44.7)
2017-03-12,235,POINT(-111.8 40.3)
2017-03-13,786,POINT(-66.7 40.7)
2017-03-13,2847,POINT(-81.4 27.0)
2017-03-13,697,POINT(-104.0 47.8)
2017-03-13,539,POINT(-119.4 27.6)
2017-03-13,3452,POINT(-94.0 38.5)
2017-03-13,2163,POINT(-112.2 32.9)
2017-03-13,1304,POINT(-92.8 35.3)
2017-03-13,1536,POINT(-74.9 39.6)
2017-03-13,4784,POINT(-88.1 46.8)
2017-03-13,2906,POINT(-87.0 36.0)
2017-03-14,3113,POINT(-92.5 48.7)
2017-03-14,2450,POINT(-69.4 39.2)
2017-03-14,4145,POINT(-69.1 28.9)
2017-03-14,3812,POINT(-94.2 29.6)
2017-03-14,854,POINT(-106.7 42.2)
2017-03-14,456,POINT(-97.4 26.2)
2017-03-14,3925,POINT(-113.8 36.5)
2017-03-14,3119,POINT(-86.8 28.6)
2017-03-14,1244,POINT(-95.0 35.4)
2017-03-14,236,POINT(-118.8 43.0)
2017-03-15,4153,POINT(-113.1 36.0)
2017-03-15,2969,POINT(-96.2 28.9)
2017-03-15,1840,POINT(-71.7 31.0)
2017-03-15,3789,POINT(-91.0 33.8)
2017-03-15,196,POINT(-84.1 26.7)
2017-03-15,2887,POINT(-104.7 39.0)
2017-03-15,2545,POINT(-90.7 39.6)
2017-03-15,1942,POINT(-98.2 26.5)
2017-03-15,2934,POINT(-85.5 34.7)
2017-03-15,858,POINT(-122.0 34.9)
2017-03-16,2042,POINT(-95.4 33.0)
2017-03-16,1262,POINT(-107.2 38.4)
2017-03-16,1891,POINT(-105.4 33.3)
2017-03-16,279,POINT(-67.3 35.0)
2017-03-16,1640,POINT(-114.0 44.1)
2017-03-16,4415,POINT(-106.3 28.9)
2017-03-16,3213,POINT(-94.4 39.9)
2017-03-16,1584,POINT(-73.2 37.1)
2017-03-16,2902,POINT(-100.0 32.3)
2017-03-16,1705,POINT(-80.4 42.5)
2017-03-17,3268,POINT(-73.6 38.2)
2017-03-17,3272,POINT(-106.4 36.5)
2017-03-17,1455,POINT(-101.4 41.0)
2017-03-17,229,POINT(-103.6 44.3)
2017-03-17,62,POINT(-75.0 48.3)
2017-03-17,1767,POINT(-122.3 40.1)
2017-03-17,1676,POINT(-106.5 46.0)
2017-03-17,2795,POINT(-84.2 25.0)
2017-03-17,729,POINT(-91.1 37.7)
2017-03-17,415,POINT(-98.8 30.2)
2017-03-18,2304,POINT(-92.6 27.3)
2017-03-18,81,POINT(-113.1 37.8)
2017-03-18,2063,POINT(-99.2 42.9)
2017-03-18,1239,POINT(-94.9 34.9)
2017-03-18,1577,POINT(-70.9 41.1)
2017-03-18,3692,POINT(-109.3 36.8)
2017-03-18,2963,POINT(-72.9 35.5)
2017-03-18,4492,POINT(-86.3 32.0)
2017-03-18,708,POINT(-123.8 34.2)
2017-03-18,836,POINT(-81.5 33.4)
2017-03-19,358,POINT(-122.9 40.5)
2017-03-19,3918,POINT(-65.2 27.8)
2017-03-19,317,POINT(-72.6 27.2)
2017-03-19,3426,POINT(-107.2 40.8)
2017-03-19,2344,POINT(-109.6 38.1)
2017-03-19,4871,POINT(-102.1 35.3)
2017-03-19,4830,POINT(-103.6 28.7)
2017-03-19,2819,POINT(-102.7 34.9)
2017-03-19,3568,POINT(-105.9 44.0)
2017-03-19,4488,POINT(-87.7 46.4)
2017-03-20,3487,POINT(-115.1 41.9)
2017-03-20,4630,POINT(-74.2 26.4)
2017-03-20,2696,POINT(-76.3 41.1)
2017-03-20,2995,POINT(-96.4 30.8)
2017-03-20,285,POINT(-73.8 32.6)
2017-03-20,2557,POINT(-110.2 29.7)
2017-03-20,2774,POINT(-123.9 43.6)
2017-03-20,346,POINT(-87.8 40.6)
2017-03-20,1983,POINT(-97.5 39.7)
2017-03-20,2989,POINT(-91.0 41.0)
2017-03-21,4586,POINT(-71.0 30.7)
2017-03-21,3978,POINT(-66.8 35.7)
2017-03-21,920,POINT(-86.9 40.2)
2017-03-21,2006,POINT(-79.2 40.3)
2017-03-21,3139,POINT(-120.0 44.0)
2017-03-21,4214,POINT(-115.4 31.9)
2017-03-21,3767,POINT(-81.0 43.5)
2017-03-21,337,POINT(-99.1 35.6)
2017-03-21,1809,POINT(-98.2 41.1)
2017-03-21,324,POINT(-106.5 35.9)
2017-03-22,3555,POINT(-88.6 47.8)
2017-03-22,1144,POINT(-113.9 29.3)
2017-03-22,2756,POINT(-87.4 41.2)
2017-03-22,4886,POINT(-114.6 38.8)
2017-03-22,1530,POINT(-121.2 29.1)
2017-03-22,165,POINT(-105.2 26.6)
2017-03-22,1734,POINT(-111.1 44.2)
2017-03-22,3353,POINT(-71.7 28.8)
2017-03-22,896,POINT(-121.7 29.5)
2017-03-22,3083,POINT(-114.4 48.5)
2017-03-23,2815,POINT(-92.1 42.2)
2017-03-23,731,POINT(-96.1 31.0)
2017-03-23,922,POINT(-122.2 39.2)
2017-03-23,3367,POINT(-124.6 37.8)
2017-03-23,880,POINT(-65.7 45.3)
2017-03-23,4118,POINT(-85.5 42.5)
2017-03-23,507,POINT(-103.1 45.0)
2017-03-23,1766,POINT(-96.8 30.1)
2017-03-23,1127,POINT(-109.0 40.4)
2017-03-23,3419,POINT(-104.3 26.0)
2017-03-24,2838,POINT(-86.1 26.7)
2017-03-24,1657,POINT(-72.0 42.1)
2017-03-24,2993,POINT(-114.0 25.6)
2017-03-24,152,POINT(-74.6 38.9)
2017-03-24,2771,POINT(-117.7 45.2)
2017-03-24,3445,POINT(-112.1 34.1)
2017-03-24,4670,POINT(-122.8 26.1)
2017-03-24,2441,POINT(-116.6 42.1)
2017-03-24,4522,POINT(-70.0 47.3)
2017-03-24,1858,POINT(-97.4 42.2)
2017-03-25,2706,POINT(-120.3 38.9)
2017-03-25,1727,POINT(-67.4 30.5)
2017-03-25,3082,POINT(-72.3 25.4)
2017-03-25,1077,POINT(-79.7 41.7)
2017-03-25,2796,POINT(-69.0 30.5)
2017-03-25,3801,POINT(-111.8 45.6)
2017-03-25,1298,POINT(-74.8 36.2)
2017-03-25,3881,POINT(-83.6 37.7)
2017-03-25,1816,POINT(-72.8 43.1)
2017-03-25,1514,POINT(-77.2 43.7)
2017-03-26,3318,POINT(-104.2 40.4)
2017-03-26,2961,POINT(-78.5 47.5)
2017-03-26,81,POINT(-109.3 48.6)
2017-03-26,1700,POINT(-105.3 47.7)
2017-03-26,1354,POINT(-118.5 44.8)
2017-03-26,3313,POINT(-68.9 41.9)
2017-03-26,3123,POINT(-107.5 40.9)
2017-03-26,892,POINT(-93.8 27.5)
2017-03-26,4244,POINT(-101.5 31.5)
2017-03-26,2672,POINT(-67.4 25.1)
2017-03-27,1514,POINT(-104.9 28.3)
2017-03-27,2473,POINT(-78.3 35.5)
2017-03-27,2563,POINT(-73.7 28.5)
2017-03-27,742,POINT(-98.9 46.6)
2017-03-27,1758,POINT(-102.3 44.3)
2017-03-27,3934,POINT(-80.1 26.7)
2017-03-27,433,POINT(-70.2 31.0)
2017-03-27,3488,POINT(-79.7 44.7)
2017-03-27,1601,POINT(-111.4 44.3)
2017-03-27,4495,POINT(-71.7 47.7)
2017-03-28,4447,POINT(-101.7 48.9)
2017-03-28,4719,POINT(-90.4 48.4)
2017-03-28,502,POINT(-75.1 34.8)
2017-03-28,201,POINT(-113.7 31.0)
2017-03-28,508,POINT(-77.9 43.2)
2017-03-28,4927,POINT(-89.2 32.2)
2017-03-28,1266,POINT(-71.4 44.4)
2017-03-28,1978,POINT(-114.7 37.8)
2017-03-28,4332,POINT(-99.8 44.1)
2017-03-28,2196,POINT(-75.0 31.6)
2017-03-29,826,POINT(-123.8 37.2)
2017-03-29,3230,POINT(-118.3 38.5)
2017-03-29,1483,POINT(-65.6 47.6)
2017-03-29,1096,POINT(-108.2 31.4)
2017-03-29,4209,POINT(-66.5 47.5)
2017-03-29,1884,POINT(-114.0 44.3)
2017-03-29,880,POINT(-103.3 42.5)
2017-03-29,4773,POINT(-79.8 43.9)
2017-03-29,2052,POINT(-85.5 39.5)
2017-03-29,282,POINT(-90.1 30.9)
2017-03-30,1039,POINT(-93.2 29.5)
2017-03-30,3228,POINT(-74.4 45.8)
2017-03-30,4079,POINT(-110.9 42.4)
2017-03-30,1061,POINT(-98.5 30.1)
2017-03-30,4043,POINT(-115.7 39.8)
2017-03-30,1583,POINT(-89.2 35.7)
2017-03-30,3200,POINT(-110.0 28.8)
2017-03-30,4398,POINT(-105.0 37.8)
2017-03-30,3807,POINT(-96.7 31.8)
2017-03-30,3299,POINT(-123.4 27.3)
2017-03-31,3757,POINT(-119.5 36.2)
2017-03-31,2115,POINT(-83.8 39.2)
2017-03-31,317,POINT(-99.3 26.1)
2017-03-31,3369,POINT(-73.1 34.7)
2017-03-31,3186,POINT(-83.3 31.2)
2017-03-31,1261,POINT(-124.5 25.7)
2017-03-31,2757,POINT(-88.0 28.0)
2017-03-31,1527,POINT(-119.4 28.3)
2017-03-31,1388,POINT(-78.1 29.4)
2017-03-31,4901,POINT(-65.5 44.3)
2017-04-01,1971,POINT(-93.1 35.5)
2017-04-01,4315,POINT(-84.0 28.5)
2017-04-01,2873,POINT(-110.8 27.4)
2017-04-01,2666,POINT(-98.7 32.2)
2017-04-01,2504,POINT(-73.6 44.2)
2017-04-01,4577,POINT(-115.0 33.7)
2017-04-01,4015,POINT(-109.1 28.8)
2017-04-01,3573,POINT(-98.3 34.7)
2017-04-01,932,POINT(-82.3 38.3)
2017-04-01,4242,POINT(-102.4 25.7)
2017-04-02,4472,POINT(-69.3 40.1)
2017-04-02,2969,POINT(-119.3 34.5)
2017-04-02,193,POINT(-102.8 25.2)
2017-04-02,3368,POINT(-82.5 41.2)
2017-04-02,1408,POINT(-111.4 42.1)
2017-04-02,2806,POINT(-85.6 40.1)
2017-04-02,546,POINT(-115.1 33.2)
2017-04-02,1283,POINT(-121.6 37.7)
2017-04-02,2977,POINT(-117.7 34.3)
2017-04-02,3059,POINT(-69.2 41.8)
2017-04-03,1106,POINT(-91.9 39.0)
2017-04-03,1315,POINT(-77.2 27.0)
2017-04-03,925,POINT(-105.0 40.4)
2017-04-03,3091,POINT(-89.4 41.5)
2017-04-03,4257,POINT(-95.3 33.9)
2017-04-03,1038,POINT(-68.3 46.0)
2017-04-03,1987,POINT(-80.1 45.2)
2017-04-03,3364,POINT(-81.2 29.2)
2017-04-03,2521,POINT(-122.2 46.7)
2017-04-03,280,POINT(-92.0 35.6)
2017-04-04,1196,POINT(-97.0 42.4)
2017-04-04,4565,POINT(-69.3 44.5)
2017-04-04,4210,POINT(-109.6 37.1)
2017-04-04,3774,POINT(-108.8 34.6)
2017-04-04,2408,POINT(-100.3 47.0)
2017-04-04,4539,POINT(-110.4 30.5)
2017-04-04,4245,POINT(-117.2 31.2)
2017-04-04,4192,POINT(-73.6 33.7)
2017-04-04,1721,POINT(-91.5 45.6)
2017-04-04,2240,POINT(-73.3 47.5)
2017-04-05,138,POINT(-75.1 30.3)
2017-04-05,1279,POINT(-108.1 45.7)
2017-04-05,3682,POINT(-92.1 31.2)
2017-04-05,1611,POINT(-120.0 48.3)
2017-04-05,4775,POINT(-70.1 39.3)
2017-04-05,3980,POINT(-100.7 25.2)
2017-04-05,4254,POINT(-101.4 25.8)
2017-04-05,4957,POINT(-106.8 28.5)
2017-04-05,637,POINT(-97.4 29.5)
2017-04-05,3807,POINT(-109.9 43.4)
2017-04-06,2054,POINT(-102.5 30.3)
2017-04-06,3562,POINT(-77.0 48.3)
2017-04-06,4989,POINT(-74.9 40.3)
2017-04-06,2351,POINT(-106.7 41.6)
2017-04-06,3224,POINT(-96.9 30.2)
2017-04-06,259,POINT(-72.6 46.4)
2017-04-06,2935,POINT(-121.8 41.0)
2017-04-06,984,POINT(-71.7 45.7)
2017-04-06,1335,POINT(-111.8 48.0)
2017-04-06,993,POINT(-84.3 28.0)
2017-04-07,898,POINT(-90.0 27.3)
2017-04-07,2947,POINT(-91.8 44.3)
2017-04-07,2127,POINT(-73.4 45.8)
2017-04-07,2682,POINT(-118.9 39.0)
2017-04-07,4980,POINT(-104.2 33.8)
2017-04-07,1336,POINT(-92.7 40.7)
2017-04-07,480,POINT(-76.3 32.3)
2017-04-07,1997,POINT(-112.0 30.7)
2017-04-07,100,POINT(-76.8 36.7)
2017-04-07,539,POINT(-101.0 30.2)
2017-04-08,4766,POINT(-113.7 36.6)
2017-04-08,4069,POINT(-79.5 48.0)
2017-04-08,4844,POINT(-119.5 45.2)
2017-04-08,2783,POINT(-94.1 47.6)
2017-04-08,4977,POINT(-121.2 44.4)
2017-04-08,1696,POINT(-103.6 33.5)
2017-04-08,201,POINT(-88.9 44.5)
2017-04-08,1996,POINT(-91.6 47.1)
2017-04-08,3633,POINT(-100.7 47.7)
2017-04-08,2195,POINT(-99.3 41.4)
2017-04-09,4450,POINT(-111.4 30.1)
2017-04-09,1018,POINT(-97.6 26.0)
2017-04-09,3793,POINT(-67.8 28.5)
2017-04-09,4308,POINT(-74.0 48.2)
2017-04-09,4678,POINT(-116.3 36.1)
2017-04-09,4297,POINT(-123.2 45.5)
2017-04-09,2062,POINT(-69.0 36.2)
2017-04-09,3318,POINT(-93.4 40.9)
2017-04-09,1726,POINT(-92.7 25.6)
2017-04-09,320,POINT(-78.2 31.0)
2017-04-10,4548,POINT(-106.1 35.5)
2017-04-10,1270,POINT(-96.1 40.1)
2017-04-10,4975,POINT(-66.9 29.1)
2017-04-10,3942,POINT(-84.7 43.3)
2017-04-10,3278,POINT(-115.8 33.7)
2017-04-10,594,POINT(-117.0 44.6)
2017-04-10,2809,POINT(-112.7 27.4)
2017-04-10,369,POINT(-79.0 41.3)
2017-04-10,2876,POINT(-107.3 32.0)
2017-04-10,2021,POINT(-123.7 44.1)
2017-04-11,4949,POINT(-68.3 34.7)
2017-04-11,4016,POINT(-114.8 41.0)
2017-04-11,1635,POINT(-124.4 47.4)
2017-04-11,2774,POINT(-110.8 25.5)
2017-04-11,900,POINT(-110.9 25.3)
2017-04-11,741,POINT(-99.7 43.5)
2017-04-11,3971,POINT(-69.8 40.5)
2017-04-11,4711,POINT(-72.2 32.0)
2017-04-11,2514,POINT(-97.6 36.9)
2017-04-11,624,POINT(-100.3 26.0)
2017-04-12,3816,POINT(-91.7 29.6)
2017-04-12,1729,POINT(-110.4 35.2)
2017-04-12,4779,POINT(-121.9 45.0)
2017-04-12,1597,POINT(-68.6 36.5)
2017-04-12,1621,POINT(-113.8 39.1)
2017-04-12,906,POINT(-113.1 46.0)
2017-04-12,287,POINT(-96.7 32.4)
2017-04-12,4657,POINT(-95.5 41.8)
2017-04-12,1646,POINT(-123.9 45.7)
2017-04-12,2168,POINT(-116.1 29.9)
2017-04-13,2442,POINT(-102.3 33.6)
2017-04-13,3914,POINT(-84.0 48.5)
2017-04-13,4866,POINT(-111.3 48.6)
2017-04-13,3272,POINT(-99.6 30.4)
2017-04-13,1459,POINT(-91.6 26.6)
2017-04-13,4510,POINT(-71.7 31.5)
2017-04-13,1242,POINT(-105.4 34.5)
2017-04-13,4127,POINT(-117.0 35.6)
2017-04-13,687,POINT(-95.6 39.9)
2017-04-13,2668,POINT(-80.2 46.6)
2017-04-14,2038,POINT(-118.4 32.9)
2017-04-14,3768,POINT(-99.5 45.4)
2017-04-14,4634,POINT(-123.9 27.2)
2017-04-14,2047,POINT(-123.0 26.0)
2017-04-14,2659,POINT(-96.0 37.1)
2017-04-14,666,POINT(-107.1 26.4)
2017-04-14,175,POINT(-74.3 34.4)
2017-04-14,4954,POINT(-88.9 46.5)
2017-04-14,4601,POINT(-97.8 30.8)
2017-04-14,599,POINT(-100.5 41.9)
2017-04-15,4534,POINT(-95.2 32.3)
2017-04-15,2831,POINT(-122.6 26.1)
2017-04-15,4268,POINT(-71.4 38.4)
2017-04-15,1272,POINT(-65.1 45.0)
2017-04-15,81,POINT(-114.1 34.8)
2017-04-15,3526,POINT(-117.8 39.8)
2017-04-15,4760,POINT(-116.4 46.6)
2017-04-15,3590,POINT(-85.3 44.0)
2017-04-15,278,POINT(-85.3 29.7)
2017-04-15,1786,POINT(-74.1 42.6)
2017-04-16,2472,POINT(-79.9 37.0)
2017-04-16,1278,POINT(-98.0 42.9)
2017-04-16,1025,POINT(-88.2 36.9)
2017-04-16,2732,POINT(-83.7 28.1)
2017-04-16,1093,POINT(-94.2 38.7)
2017-04-16,4111,POINT(-96.5 36.8)
2017-04-16,416,POINT(-86.3 37.4)
2017-04-16,3086,POINT(-91.6 46.1)
2017-04-16,995,POINT(-86.4 46.5)
2017-04-16,3613,POINT(-88.2 35.9)
2017-04-17,4495,POINT(-81.8 35.9)
2017-04-17,719,POINT(-86.4 37.4)
2017-04-17,2628,POINT(-93.8 37.5)
2017-04-17,4859,POINT(-84.1 47.8)
2017-04-17,1421,POINT(-98.0 40.6)
2017-04-17,4631,POINT(-110.5 31.7)
2017-04-17,1495,POINT(-124.9 37.8)
2017-04-17,2960,POINT(-91.4 40.1)
2017-04-17,4661,POINT(-89.6 40.4)
2017-04-17,2944,POINT(-66.7 39.0)
2017-04-18,4124,POINT(-103.3 29.3)
2017-04-18,4680,POINT(-101.4 25.8)
2017-04-18,1013,POINT(-112.9 33.1)
2017-04-18,2476,POINT(-120.8 35.3)
2017-04-18,2476,POINT(-78.6 26.5)
2017-04-18,1948,POINT(-110.0 44.6)
2017-04-18,1949,POINT(-88.5 33.3)
2017-04-18,1645,POINT(-83.7 46.9)
2017-04-18,1708,POINT(-96.7 28.7)
2017-04-18,4537,POINT(-72.4 26.4)
2017-04-19,2101,POINT(-98.4 36.6)
2017-04-19,1905,POINT(-107.9 29.5)
2017-04-19,4250,POINT(-71.2 47.5)
2017-04-19,3408,POINT(-73.3 25.2)
2017-04-19,1083,POINT(-115.2 34.9)
2017-04-19,2412,POINT(-123.4 47.2)
2017-04-19,4905,POINT(-119.6 34.2)
2017-04-19,3222,POINT(-107.8 27.2)
2017-04-19,4047,POINT(-66.7 32.3)
2017-04-19,1161,POINT(-91.5 37.0)
2017-04-20,2455,POINT(-102.6 29.4)
2017-04-20,1966,POINT(-71.7 36.2)
2017-04-20,4568,POINT(-97.8 45.1)
2017-04-20,3917,POINT(-106.1 45.9)
2017-04-20,817,POINT(-68.5 26.2)
2017-04-20,196,POINT(-74.0 28.9)
2017-04-20,4837,POINT(-74.4 31.6)
2017-04-20,4534,POINT(-94.3 39.3)
2017-04-20,1317,POINT(-77.6 33.7)
2017-04-20,2294,POINT(-114.2 45.3)
2017-04-21,4876,POINT(-90.6 42.2)
2017-04-21,767,POINT(-66.0 27.4)
2017-04-21,4241,POINT(-107.5 40.0)
2017-04-21,4897,POINT(-77.3 27.7)
2017-04-21,3864,POINT(-95.6 31.1)
2017-04-21,4276,POINT(-122.6 29.3)
2017-04-21,2216,POINT(-79.2 29.2)
2017-04-21,3568,POINT(-114.9 39.8)
2017-04-21,1590,POINT(-87.1 38.5)
2017-04-21,971,POINT(-119.9 29.2)
2017-04-22,3857,POINT(-68.2 48.8)
2017-04-22,3585,POINT(-107.5 35.1)
2017-04-22,885,POINT(-111.4 27.3)
2017-04-22,2428,POINT(-117.3 27.9)
2017-04-22,4208,POINT(-68.2 39.0)
2017-04-22,1011,POINT(-82.3 48.5)
2017-04-22,3394,POINT(-80.5 38.7)
2017-04-22,4076,POINT(-95.0 47.8)
2017-04-22,2855,POINT(-96.5 35.7)
2017-04-22,1491,POINT(-118.4 35.5)
2017-04-23,3311,POINT(-91.4 37.0)
2017-04-23,667,POINT(-110.2 41.7)
2017-04-23,2790,POINT(-66.4 33.8)
2017-04-23,432,POINT(-77.2 45.7)
2017-04-23,3691,POINT(-100.2 25.7)
2017-04-23,4276,POINT(-115.9 35.6)
2017-04-23,2720,POINT(-77.9 37.3)
2017-04-23,462,POINT(-117.7 39.6)
2017-04-23,2407,POINT(-113.6 31.6)
2017-04-23,1985,POINT(-112.3 35.3)
2017-04-24,1667,POINT(-91.6 36.6)
2017-04-24,2551,POINT(-77.8 41.5)
2017-04-24,3085,POINT(-106.1 43.6)
2017-04-24,3174,POINT(-119.9 42.7)
2017-04-24,2976,POINT(-97.1 33.2)
2017-04-24,2063,POINT(-80.1 49.0)
2017-04-24,297,POINT(-111.7 45.4)
2017-04-24,3227,POINT(-111.8 31.2)
2017-04-24,3864,POINT(-68.2 29.7)
2017-04-24,1457,POINT(-67.8 32.5)
2017-04-25,617,POINT(-65.6 35.9)
2017-04-25,4562,POINT(-76.5 45.4)
2017-04-25,1774,POINT(-113.7 43.7)
2017-04-25,1235,POINT(-112.3 45.4)
2017-04-25,1245,POINT(-104.6 31.5)
2017-04-25,1039,POINT(-105.9 39.2)
2017-04-25,2681,POINT(-67.6 31.8)
2017-04-25,3972,POINT(-77.7 27.6)
2017-04-25,4552,POINT(-81.6 41.4)
2017-04-25,4940,POINT(-113.8 28.4)
2017-04-26,3187,POINT(-70.4 41.0)
2017-04-26,3732,POINT(-75.3 40.6)
2017-04-26,4916,POINT(-115.2 44.4)
2017-04-26,1485,POINT(-72.7 28.3)
2017-04-26,2906,POINT(-108.7 43.8)
2017-04-26,818,POINT(-120.1 49.0)
2017-04-26,988,POINT(-85.6 45.4)
2017-04-26,2473,POINT(-85.8 43.0)
2017-04-26,735,POINT(-119.3 40.9)
2017-04-26,2511,POINT(-105.9 35.1)
2017-04-27,3372,POINT(-65.4 42.5)
2017-04-27,1226,POINT(-84.3 42.4)
2017-04-27,4061,POINT(-81.2 40.2)
2017-04-27,2207,POINT(-112.2 44.1)
2017-04-27,2816,POINT(-120.3 35.8)
2017-04-27,788,POINT(-108.4 27.9)
2017-04-27,982,POINT(-110.1 38.4)
2017-04-27,2820,POINT(-110.9 31.4)
2017-04-27,2133,POINT(-113.4 34.2)
2017-04-27,608,POINT(-90.5 25.4)
2017-04-28,3351,POINT(-105.3 34.2)
2017-04-28,234,POINT(-75.8 44.4)
2017-04-28,850,POINT(-114.0 38.0)
2017-04-28,1824,POINT(-97.1 25.2)
2017-04-28,4819,POINT(-124.2 36.3)
2017-04-28,1116,POINT(-96.1 32.0)
2017-04-28,134,POINT(-121.6 36.5)
2017-04-28,3256,POINT(-66.3 34.7)
2017-04-28,2941,POINT(-77.6 47.4)
2017-04-28,4135,POINT(-95.6 26.0)
2017-04-29,2981,POINT(-119.8 41.4)
2017-04-29,2027,POINT(-89.5 45.4)
2017-04-29,2425,POINT(-79.5 48.0)
2017-04-29,4600,POINT(-113.6 29.3)
2017-04-29,3106,POINT(-90.9 37.8)
2017-04-29,1619,POINT(-76.1 26.0)
2017-04-29,727,POINT(-78.9 37.0)
2017-04-29,3571,POINT(-76.8 28.0)
2017-04-29,1026,POINT(-72.2 45.1)
2017-04-29,3575,POINT(-68.7 27.7)
2017-04-30,4711,POINT(-100.7 37.3)
2017-04-30,4480,POINT(-90.9 37.5)
2017-04-30,1970,POINT(-77.6 48.3)
2017-04-30,1058,POINT(-83.2 40.7)
2017-04-30,1367,POINT(-65.3 31.9)
2017-04-30,3436,POINT(-124.2 30.8)
2017-04-30,125,POINT(-103.7 28.1)
2017-04-30,2105,POINT(-108.1 43.2)
2017-04-30,1811,POINT(-109.3 41.6)
2017-04-30,2156,POINT(-111.6 39.6)
2017-05-01,1630,POINT(-82.5 26.0)
2017-05-01,4790,POINT(-119.9 43.3)
2017-05-01,2960,POINT(-80.5 40.4)
2017-05-01,3802,POINT(-83.4 48.1)
2017-05-01,2951,POINT(-110.0 39.1)
2017-05-01,4915,POINT(-109.8 32.3)
2017-05-01,987,POINT(-87.3 34.2)
2017-05-01,3076,POINT(-79.3 29.2)
2017-05-01,793,POINT(-72.4 42.3)
2017-05-01,250,POINT(-73.9 42.0)
2017-05-02,1563,POINT(-67.1 29.8)
2017-05-02,4588,POINT(-90.1 28.8)
2017-05-02,1022,POINT(-70.5 26.8)
2017-05-02,196,POINT(-76.5 46.9)
2017-05-02,1891,POINT(-71.3 30.6)
2017-05-02,4596,POINT(-124.3 33.3)
2017-05-02,440,POINT(-67.0 31.7)
2017-05-02,248,POINT(-96.6 34.9)
2017-05-02,2355,POINT(-77.1 42.1)
2017-05-02,85,POINT(-117.4 45.9)
2017-05-03,1366,POINT(-101.2 29.4)
2017-05-03,4932,POINT(-108.7 41.5)
2017-05-03,2340,POINT(-107.5 33.5)
2017-05-03,4696,POINT(-117.6 48.5)
2017-05-03,1912,POINT(-76.7 32.2)
2017-05-03,4023,POINT(-124.4 25.2)
2017-05-03,4680,POINT(-106.2 37.4)
2017-05-03,4997,POINT(-114.5 28.6)
2017-05-03,2069,POINT(-89.7 26.1)
2017-05-03,150,POINT(-109.7 41.8)
2017-05-04,1799,POINT(-109.5 42.6)
2017-05-04,3636,POINT(-95.7 36.1)
2017-05-04,26,POINT(-85.8 41.2)
2017-05-04,4358,POINT(-117.7 37.9)
2017-05-04,474,POINT(-114.5 40.1)
2017-05-04,4481,POINT(-110.2 39.3)
2017-05-04,1837,POINT(-66.6 41.0)
2017-05-04,3038,POINT(-101.2 29.8)
2017-05-04,529,POINT(-89.1 31.4)
2017-05-04,99,POINT(-110.5 35.6)
2017-05-05,4825,POINT(-95.6 35.7)
2017-05-05,2861,POINT(-120.6 43.6)
2017-05-05,2853,POINT(-122.9 33.8)
2017-05-05,4735,POINT(-96.9 28.9)
2017-05-05,1894,POINT(-101.1 31.0)
2017-05-05,4181,POINT(-116.8 30.2)
2017-05-05,935,POINT(-83.7 42.6)
2017-05-05,3744,POINT(-65.4 36.3)
2017-05-05,979,POINT(-101.3 42.0)
2017-05-05,1104,POINT(-87.5 35.0)
2017-05-06,3205,POINT(-67.2 46.4)
2017-05-06,1414,POINT(-75.1 48.6)
2017-05-06,3374,POINT(-97.2 41.1)
2017-05-06,4300,POINT(-80.8 45.7)
2017-05-06,3992,POINT(-117.3 37.2)
2017-05-06,4333,POINT(-94.3 47.4)
2017-05-06,4023,POINT(-108.3 45.0)
2017-05-06,4566,POINT(-115.3 48.8)
2017-05-06,4723,POINT(-99.4 40.0)
2017-05-06,3102,POINT(-117.1 43.7)
2017-05-07,4169,POINT(-83.1 38.0)
2017-05-07,2084,POINT(-97.6 31.2)
2017-05-07,294,POINT(-93.1 33.5)
2017-05-07,4943,POINT(-116.2 46.5)
2017-05-07,4936,POINT(-116.6 26.3)
2017-05-07,1197,POINT(-90.0 39.2)
2017-05-07,3979,POINT(-65.9 33.9)
2017-05-07,2975,POINT(-119.2 34.3)
2017-05-07,4329,POINT(-107.9 46.2)
2017-05-07,793,POINT(-72.8 45.5)
2017-05-08,959,POINT(-120.7 39.4)
2017-05-08,3949,POINT(-72.4 31.6)
2017-05-08,54,POINT(-93.5 36.4)
2017-05-08,1820,POINT(-100.5 34.8)
2017-05-08,4576,POINT(-106.4 33.5)
2017-05-08,2091,POINT(-107.2 27.5)
2017-05-08,3508,POINT(-106.7 38.0)
2017-05-08,839,POINT(-71.9 32.2)
2017-05-08,1919,POINT(-81.6 40.9)
2017-05-08,2591,POINT(-84.8 32.7)
2017-05-09,701,POINT(-77.1 35.3)
2017-05-09,4029,POINT(-109.6 26.3)
2017-05-09,941,POINT(-87.9 48.8)
2017-05-09,4946,POINT(-97.4 37.2)
2017-05-09,3416,POINT(-78.1 25.6)
2017-05-09,157,POINT(-106.4 38.0)
2017-05-09,1042,POINT(-86.4 45.9)
2017-05-09,1321,POINT(-72.1 43.5)
2017-05-09,397,POINT(-100.9 41.8)
2017-05-09,3131,POINT(-121.0 28.3)
2017-05-10,1883,POINT(-94.0 40.8)
2017-05-10,3598,POINT(-104.2 43.4)
2017-05-10,925,POINT(-84.7 38.7)
2017-05-10,1888,POINT(-67.9 46.4)
2017-05-10,3758,POINT(-95.9 31.6)
2017-05-10,287,POINT(-97.0 30.8)
2017-05-10,1987,POINT(-85.7 45.9)
2017-05-10,1869,POINT(-118.8 40.0)
2017-05-10,3046,POINT(-109.8 25.0)
2017-05-10,3381,POINT(-69.9 33.5)
2017-05-11,4723,POINT(-84.8 45.6)
2017-05-11,2192,POINT(-124.2 25.7)
2017-05-11,4685,POINT(-112.7 25.1)
2017-05-11,1180,POINT(-84.0 31.8)
2017-05-11,499,POINT(-79.1 46.9)
2017-05-11,2535,POINT(-74.6 46.6)
2017-05-11,1192,POINT(-107.5 37.5)
2017-05-11,4489,POINT(-69.1 38.3)
2017-05-11,4268,POINT(-91.8 33.0)
2017-05-11,2498,POINT(-83.2 30.8)
2017-05-12,1886,POINT(-89.2 44.6)
2017-05-12,2472,POINT(-117.6 27.6)
2017-05-12,1640,POINT(-67.2 36.7)
2017-05-12,297,POINT(-117.6 40.2)
2017-05-12,4292,POINT(-109.7 27.5)
2017-05-12,1917,POINT(-76.2 37.5)
2017-05-12,1171,POINT(-87.9 38.9)
2017-05-12,139,POINT(-74.7 42.8)
2017-05-12,2373,POINT(-94.1 30.6)
2017-05-12,153,POINT(-102.4 32.0)
2017-05-13,25,POINT(-69.7 38.7)
2017-05-13,254,POINT(-122.8 48.6)
2017-05-13,936,POINT(-73.6 30.2)
2017-05-13,3188,POINT(-111.2 48.7)
2017-05-13,2186,POINT(-74.1 42.1)
2017-05-13,896,POINT(-116.6 44.8)
2017-05-13,350,POINT(-90.2 27.2)
2017-05-13,2061,POINT(-71.7 32.2)
2017-05-13,3408,POINT(-96.6 26.4)
2017-05-13,3960,POINT(-80.2 33.9)
2017-05-14,315,POINT(-76.7 48.6)
2017-05-14,917,POINT(-80.8 27.5)
2017-05-14,2664,POINT(-69.5 38.5)
2017-05-14,3802,POINT(-98.2 25.1)
2017-05-14,4052,POINT(-114.6 42.1)
2017-05-14,1381,POINT(-122.1 29.7)
2017-05-14,330,POINT(-110.2 28.1)
2017-05-14,4664,POINT(-116.4 33.1)
2017-05-14,4069,POINT(-91.5 43.5)
2017-05-14,1141,POINT(-113.9 27.6)
2017-05-15,2588,POINT(-122.7 30.5)
2017-05-15,4052,POINT(-122.8 25.2)
2017-05-15,3377,POINT(-75.1 48.2)
2017-05-15,827,POINT(-89.5 39.2)
2017-05-15,21,POINT(-103.5 42.3)
2017-05-15,204,POINT(-71.3 40.6)
2017-05-15,2547,POINT(-120.8 28.5)
2017-05-15,2852,POINT(-66.2 39.3)
2017-05-15,2239,POINT(-88.0 28.2)
2017-05-15,3019,POINT(-114.0 34.6)
2017-05-16,4761,POINT(-84.3 38.7)
2017-05-16,2087,POINT(-79.2 38.4)
2017-05-16,3877,POINT(-99.2 27.9)
2017-05-16,4883,POINT(-73.3 25.8)
2017-05-16,453,POINT(-116.0 44.2)
2017-05-16,307,POINT(-108.3 42.4)
2017-05-16,4913,POINT(-119.4 27.0)
2017-05-16,854,POINT(-112.3 28.1)
2017-05-16,1025,POINT(-110.7 46.4)
2017-05-16,1394,POINT(-69.9 43.5)
2017-05-17,1407,POINT(-120.3 48.9)
2017-05-17,563,POINT(-99.4 31.1)
2017-05-17,2360,POINT(-93.1 36.7)
2017-05-17,4526,POINT(-71.1 30.7)
2017-05-17,1279,POINT(-65.1 39.9)
2017-05-17,1270,POINT(-79.8 27.8)
2017-05-17,194,POINT(-66.8 28.1)
2017-05-17,4573,POINT(-77.8 26.7)
2017-05-17,2420,POINT(-67.2 41.6)
2017-05-17,4441,POINT(-82.6 36.9)
2017-05-18,2219,POINT(-120.2 39.8)
2017-05-18,3682,POINT(-100.9 46.1)
2017-05-18,4693,POINT(-86.2 42.8)
2017-05-18,1891,POINT(-104.0 36.1)
2017-05-18,4306,POINT(-108.6 48.6)
2017-05-18,531,POINT(-90.4 36.0)
2017-05-18,1897,POINT(-69.0 27.7)
2017-05-18,2562,POINT(-122.9 48.8)
2017-05-18,3819,POINT(-78.8 25.5)
2017-05-18,4893,POINT(-81.6 38.2)
2017-05-19,4165,POINT(-67.2 32.4)
2017-05-19,4683,POINT(-69.2 37.1)
2017-05-19,4426,POINT(-79.3 38.4)
2017-05-19,3489,POINT(-93.8 30.8)
2017-05-19,1419,POINT(-112.7 38.4)
2017-05-19,1704,POINT(-92.3 43.1)
2017-05-19,4674,POINT(-79.1 31.4)
2017-05-19,536,POINT(-71.3 34.2)
2017-05-19,2670,POINT(-77.6 31.4)
2017-05-19,2182,POINT(-113.3 44.7)
2017-05-20,4976,POINT(-89.0 42.4)
2017-05-20,289,POINT(-105.1 45.9)
2017-05-20,2974,POINT(-124.4 29.1)
2017-05-20,3987,POINT(-113.0 26.8)
2017-05-20,2679,POINT(-118.2 27.9)
2017-05-20,2903,POINT(-74.4 28.9)
2017-05-20,1761,POINT(-109.5 37.8)
2017-05-20,3991,POINT(-107.9 48.3)
2017-05-20,4779,POINT(-67.4 33.6)
2017-05-20,2371,POINT(-102.3 48.0)
2017-05-21,4437,POINT(-124.4 25.9)
2017-05-21,4141,POINT(-108.0 47.2)
2017-05-21,1718,POINT(-117.8 29.3)
2017-05-21,2696,POINT(-118.8 46.9)
2017-05-21,2905,POINT(-120.4 26.3)
2017-05-21,4545,POINT(-89.4 47.8)
2017-05-21,2786,POINT(-113.6 29.8)
2017-05-21,1129,POINT(-103.3 32.3)
2017-05-21,2998,POINT(-73.3 36.8)
2017-05-21,4269,POINT(-99.5 34.1)
2017-05-22,4253,POINT(-70.1 41.0)
2017-05-22,204,POINT(-95.1 48.4)
2017-05-22,672,POINT(-101.1 39.6)
2017-05-22,489,POINT(-80.0 42.3)
2017-05-22,4228,POINT(-120.6 27.1)
2017-05-22,1433,POINT(-119.6 40.1)
2017-05-22,2718,POINT(-85.9 35.9)
2017-05-22,3185,POINT(-95.8 46.3)
2017-05-22,3824,POINT(-77.6 34.3)
2017-05-22,2024,POINT(-70.0 41.3)
2017-05-23,3799,POINT(-101.7 30.5)
2017-05-23,4815,POINT(-89.2 31.2)
2017-05-23,2453,POINT(-95.0 34.0)
2017-05-23,921,POINT(-66.1 32.3)
2017-05-23,3223,POINT(-75.1 31.1)
2017-05-23,2374,POINT(-70.3 26.2)
2017-05-23,3639,POINT(-109.7 45.1)
2017-05-23,3482,POINT(-78.6 26.5)
2017-05-23,690,POINT(-109.1 46.3)
2017-05-23,4661,POINT(-112.5 28.0)
2017-05-24,619,POINT(-68.3 26.6)
2017-05-24,2166,POINT(-123.8 38.5)
2017-05-24,3876,POINT(-67.1 37.1)
2017-05-24,381,POINT(-116.0 36.8)
2017-05-24,625,POINT(-75.8 38.8)
2017-05-24,2263,POINT(-108.4 31.9)
2017-05-24,4952,POINT(-104.0 40.9)
2017-05-24,4148,POINT(-112.0 37.1)
2017-05-24,874,POINT(-89.9 33.0)
2017-05-24,1278,POINT(-104.1 44.8)
2017-05-25,794,POINT(-85.6 42.5)
2017-05-25,4581,POINT(-124.1 34.4)
2017-05-25,4188,POINT(-121.1 45.3)
2017-05-25,2247,POINT(-119.0 47.1)
2017-05-25,4064,POINT(-99.9 37.9)
2017-05-25,4905,POINT(-76.1 30.2)
2017-05-25,945,POINT(-71.7 47.0)
2017-05-25,3990,POINT(-110.3 29.5)
2017-05-25,2348,POINT(-90.5 26.2)
2017-05-25,335,POINT(-78.9 32.9)
2017-05-26,1544,POINT(-107.7 42.4)
2017-05-26,3490,POINT(-100.5 47.2)
2017-05-26,3871,POINT(-93.6 40.3)
2017-05-26,1995,POINT(-116.9 47.8)
2017-05-26,4942,POINT(-123.4 27.2)
2017-05-26,4613,POINT(-115.8 26.5)
2017-05-26,2788,POINT(-87.4 39.5)
2017-05-26,1280,POINT(-120.6 48.2)
2017-05-26,650,POINT(-113.6 37.1)
2017-05-26,4713,POINT(-104.7 26.2)
2017-05-27,4088,POINT(-120.3 30.3)
2017-05-27,4671,POINT(-113.5 30.9)
2017-05-27,1377,POINT(-70.3 33.1)
2017-05-27,4052,POINT(-123.8 26.0)
2017-05-27,2585,POINT(-85.8 46.7)
2017-05-27,3613,POINT(-101.9 37.4)
2017-05-27,1591,POINT(-84.6 41.1)
2017-05-27,1996,POINT(-89.7 26.6)
2017-05-27,2250,POINT(-111.6 26.3)
2017-05-27,3976,POINT(-74.2 39.1)
2017-05-28,2115,POINT(-95.5 46.3)
2017-05-28,138,POINT(-75.6 37.7)
2017-05-28,4811,POINT(-100.6 46.1)
2017-05-28,4006,POINT(-65.9 44.5)
2017-05-28,861,POINT(-78.8 26.8)
2017-05-28,4113,POINT(-67.0 29.8)
2017-05-28,2086,POINT(-94.1 40.8)
2017-05-28,3004,POINT(-96.6 35.6)
2017-05-28,3754,POINT(-79.7 32.0)
2017-05-28,2766,POINT(-72.2 35.0)
2017-05-29,1654,POINT(-67.2 35.7)
2017-05-29,4381,POINT(-105.5 46.9)
2017-05-29,3154,POINT(-77.1 27.5)
2017-05-29,252,POINT(-112.4 31.7)
2017-05-29,4095,POINT(-92.3 37.9)
2017-05-29,180,POINT(-114.2 41.8)
2017-05-29,662,POINT(-104.2 40.1)
2017-05-29,3522,POINT(-69.1 47.6)
2017-05-29,1509,POINT(-116.2 44.1)
2017-05-29,2109,POINT(-87.1 38.4)
2017-05-30,2168,POINT(-89.4 30.2)
2017-05-30,1982,POINT(-117.8 35.8)
2017-05-30,3935,POINT(-105.4 41.6)
2017-05-30,2268,POINT(-91.2 45.1)
2017-05-30,4049,POINT(-113.8 48.0)
2017-05-30,2045,POINT(-77.0 39.5)
2017-05-30,3281,POINT(-66.7 37.6)
2017-05-30,867,POINT(-112.1 25.4)
2017-05-30,3833,POINT(-113.8 26.7)
2017-05-30,1059,POINT(-97.7 28.7)
2017-05-31,4000,POINT(-80.1 26.3)
2017-05-31,308,POINT(-108.1 34.6)
2017-05-31,933,POINT(-123.8 33.1)
2017-05-31,4242,POINT(-92.5 40.3)
2017-05-31,4316,POINT(-67.6 37.9)
2017-05-31,2809,POINT(-101.5 39.3)
2017-05-31,4885,POINT(-99.8 36.3)
2017-05-31,4072,POINT(-66.9 31.7)
2017-05-31,4055,POINT(-83.3 47.9)
2017-05-31,1812,POINT(-81.8 27.1)
2017-06-01,2723,POINT(-91.2 47.5)
2017-06-01,4516,POINT(-66.5 32.5)
2017-06-01,2863,POINT(-83.7 37.3)
2017-06-01,2667,POINT(-71.3 27.6)
2017-06-01,4532,POINT(-83.0 26.7)
2017-06-01,3356,POINT(-80.9 35.3)
2017-06-01,1481,POINT(-107.6 42.8)
2017-06-01,2959,POINT(-106.8 31.5)
2017-06-01,951,POINT(-78.0 38.5)
2017-06-01,1917,POINT(-107.2 31.7)
2017-06-02,4847,POINT(-91.2 34.3)
2017-06-02,1253,POINT(-110.0 46.8)
2017-06-02,4433,POINT(-76.0 45.5)
2017-06-02,1476,POINT(-118.4 37.4)
2017-06-02,3967,POINT(-75.2 30.7)
2017-06-02,1976,POINT(-88.8 29.6)
2017-06-02,385,POINT(-113.8 47.9)
2017-06-02,272,POINT(-92.5 29.9)
2017-06-02,4372,POINT(-108.1 44.4)
2017-06-02,3398,POINT(-105.6 33.9)
2017-06-03,3405,POINT(-103.9 48.7)
2017-06-03,1954,POINT(-121.2 33.8)
2017-06-03,1903,POINT(-65.8 33.4)
2017-06-03,3644,POINT(-123.1 40.3)
2017-06-03,1662,POINT(-85.3 48.1)
2017-06-03,4151,POINT(-102.7 48.4)
2017-06-03,3902,POINT(-86.2 42.0)
2017-06-03,609,POINT(-103.6 43.1)
2017-06-03,4825,POINT(-84.6 38.5)
2017-06-03,1922,POINT(-81.2 43.1)
2017-06-04,1302,POINT(-83.6 45.6)
2017-06-04,610,POINT(-118.2 36.7)
2017-06-04,390,POINT(-85.6 39.9)
2017-06-04,4223,POINT(-108.2 37.9)
2017-06-04,3647,POINT(-123.3 38.5)
2017-06-04,2173,POINT(-100.1 46.4)
2017-06-04,4365,POINT(-99.0 33.5)
2017-06-04,1108,POINT(-97.0 30.0)
2017-06-04,375,POINT(-82.7 36.0)
2017-06-04,2580,POINT(-106.5 30.0)
2017-06-05,3429,POINT(-106.1 37.0)
2017-06-05,2486,POINT(-121.4 46.7)
2017-06-05,800,POINT(-83.8 39.8)
2017-06-05,3579,POINT(-90.9 45.5)
2017-06-05,756,POINT(-104.0 29.0)
2017-06-05,322,POINT(-82.7 46.6)
2017-06-05,4643,POINT(-92.8 39.4)
2017-06-05,930,POINT(-96.8 25.8)
2017-06-05,1087,POINT(-94.3 40.2)
2017-06-05,2839,POINT(-86.8 47.8)
2017-06-06,2391,POINT(-85.4 26.9)
2017-06-06,3628,POINT(-107.7 39.0)
2017-06-06,807,POINT(-116.6 47.0)
2017-06-06,4453,POINT(-115.6 25.2)
2017-06-06,282,POINT(-86.6 40.1)
2017-06-06,3020,POINT(-72.6 36.4)
2017-06-06,4825,POINT(-100.4 33.3)
2017-06-06,1783,POINT(-114.8 40.1)
2017-06-06,2557,POINT(-79.6 26.3)
2017-06-06,3174,POINT(-75.1 43.1)
2017-06-07,4790,POINT(-72.2 25.1)
2017-06-07,4727,POINT(-88.6 32.4)
2017-06-07,956,POINT(-73.4 37.1)
2017-06-07,2675,POINT(-124.1 34.0)
2017-06-07,516,POINT(-118.6 32.4)
2017-06-07,253,POINT(-119.4 44.9)
2017-06-07,515,POINT(-82.2 47.4)
2017-06-07,4527,POINT(-120.8 46.0)
2017-06-07,3168,POINT(-95.2 37.5)
2017-06-07,3600,POINT(-96.6 46.2)
2017-06-08,1882,POINT(-106.4 47.1)
2017-06-08,3803,POINT(-72.8 34.8)
2017-06-08,1202,POINT(-114.8 31.8)
2017-06-08,4435,POINT(-103.9 27.4)
2017-06-08,4755,POINT(-78.5 36.5)
2017-06-08,1474,POINT(-123.2 47.7)
2017-06-08,400,POINT(-84.6 38.5)
2017-06-08,4486,POINT(-76.0 41.0)
2017-06-08,3387,POINT(-69.1 27.7)
2017-06-08,4847,POINT(-72.4 28.4)
2017-06-09,4925,POINT(-105.8 36.1)
2017-06-09,682,POINT(-89.8 47.8)
2017-06-09,2570,POINT(-120.4 33.7)
2017-06-09,1221,POINT(-109.5 46.1)
2017-06-09,939,POINT(-119.3 27.9)
2017-06-09,1549,POINT(-106.1 39.8)
2017-06-09,922,POINT(-72.5 39.4)
2017-06-09,653,POINT(-104.2 45.6)
2017-06-09,4532,POINT(-91.3 25.1)
2017-06-09,511,POINT(-99.0 29.6)
2017-06-10,739,POINT(-97.5 30.3)
2017-06-10,1293,POINT(-66.8 47.8)
2017-06-10,2128,POINT(-107.2 28.7)
2017-06-10,4562,POINT(-87.4 25.9)
2017-06-10,4396,POINT(-99.8 37.8)
2017-06-10,3846,POINT(-121.3 37.7)
2017-06-10,929,POINT(-95.6 45.3)
2017-06-10,4060,POINT(-76.2 47.8)
2017-06-10,2349,POINT(-119.1 37.9)
2017-06-10,765,POINT(-120.8 47.3)
2017-06-11,1879,POINT(-115.8 42.4)
2017-06-11,4482,POINT(-79.1 31.3)
2017-06-11,517,POINT(-81.6 47.3)
2017-06-11,1446,POINT(-91.1 41.0)
2017-06-11,2585,POINT(-96.9 34.9)
2017-06-11,3436,POINT(-71.7 41.3)
2017-06-11,568,POINT(-79.0 34.6)
2017-06-11,3112,POINT(-76.3 27.7)
2017-06-11,4526,POINT(-76.2 42.3)
2017-06-11,3632,POINT(-86.4 44.8)
2017-06-12,4409,POINT(-97.5 42.5)
2017-06-12,4067,POINT(-73.1 30.5)
2017-06-12,3725,POINT(-69.4 48.0)
2017-06-12,1311,POINT(-123.6 25.6)
2017-06-12,2165,POINT(-121.9 33.0)
2017-06-12,702,POINT(-67.5 31.2)
2017-06-12,4360,POINT(-108.4 26.2)
2017-06-12,1488,POINT(-72.6 34.7)
2017-06-12,266,POINT(-101.7 40.0)
2017-06-12,2440,POINT(-117.9 46.2)
2017-06-13,451,POINT(-120.2 48.8)
2017-06-13,1891,POINT(-115.6 44.4)
2017-06-13,2656,POINT(-110.0 36.2)
2017-06-13,3830,POINT(-95.7 42.4)
2017-06-13,4687,POINT(-82.9 45.2)
2017-06-13,1745,POINT(-65.8 36.2)
2017-06-13,3745,POINT(-98.5 43.8)
2017-06-13,2655,POINT(-93.9 36.6)
2017-06-13,28,POINT(-93.7 34.3)
2017-06-13,1134,POINT(-92.6 37.6)
2017-06-14,3995,POINT(-93.9 41.2)
2017-06-14,2664,POINT(-124.5 42.4)
2017-06-14,2090,POINT(-124.9 33.6)
2017-06-14,1557,POINT(-119.1 38.7)
2017-06-14,871,POINT(-118.9 46.8)
2017-06-14,164,POINT(-82.7 48.4)
2017-06-14,3504,POINT(-112.7 30.5)
2017-06-14,914,POINT(-71.3 29.6)
2017-06-14,1279,POINT(-69.3 41.2)
2017-06-14,414,POINT(-66.4 35.0)
2017-06-15,853,POINT(-68.7 25.6)
2017-06-15,1792,POINT(-108.7 33.3)
2017-06-15,1574,POINT(-94.4 44.4)
2017-06-15,1194,POINT(-114.5 44.1)
2017-06-15,756,POINT(-76.6 36.9)
2017-06-15,1735,POINT(-71.7 36.3)
2017-06-15,3198,POINT(-73.9 38.9)
2017-06-15,280,POINT(-99.0 30.3)
2017-06-15,4875,POINT(-79.5 37.6)
2017-06-15,3966,POINT(-119.1 25.3)
2017-06-16,181,POINT(-122.6 36.4)
2017-06-16,283,POINT(-79.8 33.1)
2017-06-16,2316,POINT(-99.5 41.2)
2017-06-16,1168,POINT(-65.3 40.3)
2017-06-16,1716,POINT(-119.2 34.1)
2017-06-16,1781,POINT(-73.7 25.2)
2017-06-16,431,POINT(-96.2 31.1)
2017-06-16,1219,POINT(-75.4 40.2)
2017-06-16,4685,POINT(-76.0 26.7)
2017-06-16,900,POINT(-70.0 27.6)
2017-06-17,4827,POINT(-107.1 40.5)
2017-06-17,3277,POINT(-68.0 43.1)
2017-06-17,4986,POINT(-115.9 32.7)
2017-06-17,1483,POINT(-120.1 36.8)
2017-06-17,3253,POINT(-99.1 47.7)
2017-06-17,4488,POINT(-75.3 47.7)
2017-06-17,2191,POINT(-96.6 32.4)
2017-06-17,1459,POINT(-75.2 44.4)
2017-06-17,3106,POINT(-81.2 39.3)
2017-06-17,3266,POINT(-112.4 48.4)
2017-06-18,3166,POINT(-68.1 36.5)
2017-06-18,1600,POINT(-121.4 43.6)
2017-06-18,4249,POINT(-71.1 43.4)
2017-06-18,3991,POINT(-106.7 36.9)
2017-06-18,1445,POINT(-95.0 44.1)
2017-06-18,233,POINT(-99.7 31.3)
2017-06-18,229,POINT(-114.7 27.9)
2017-06-18,4284,POINT(-103.5 35.2)
2017-06-18,1664,POINT(-113.4 47.6)
2017-06-18,4538,POINT(-112.8 37.0)
2017-06-19,274,POINT(-113.8 40.2)
2017-06-19,963,POINT(-95.7 40.0)
2017-06-19,4534,POINT(-77.1 28.2)
2017-06-19,3743,POINT(-90.9 34.4)
2017-06-19,2784,POINT(-71.4 42.0)
2017-06-19,3134,POINT(-86.8 48.3)
2017-06-19,489,POINT(-83.6 29.0)
2017-06-19,3524,POINT(-84.9 34.9)
2017-06-19,1363,POINT(-98.0 27.3)
2017-06-19,3332,POINT(-83.6 30.8)
2017-06-20,3888,POINT(-120.8 34.0)
2017-06-20,899,POINT(-73.4 38.0)
2017-06-20,3864,POINT(-78.3 30.5)
2017-06-20,934,POINT(-110.3 30.5)
2017-06-20,2180,POINT(-78.9 43.7)
2017-06-20,1912,POINT(-124.2 48.1)
2017-06-20,4883,POINT(-112.0 32.8)
2017-06-20,2405,POINT(-121.1 41.5)
2017-06-20,38,POINT(-78.2 31.2)
2017-06-20,44,POINT(-79.6 47.3)
2017-06-21,3599,POINT(-76.2 41.1)
2017-06-21,2680,POINT(-124.7 44.3)
2017-06-21,3375,POINT(-94.9 26.2)
2017-06-21,598,POINT(-82.7 39.4)
2017-06-21,3228,POINT(-115.7 37.7)
2017-06-21,3148,POINT(-86.0 32.0)
2017-06-21,913,POINT(-120.0 31.3)
2017-06-21,4096,POINT(-114.1 38.9)
2017-06-21,2179,POINT(-96.5 42.0)
2017-06-21,349,POINT(-85.8 25.8)
2017-06-22,4280,POINT(-116.2 38.6)
2017-06-22,1724,POINT(-113.9 29.1)
2017-06-22,4702,POINT(-112.7 28.4)
2017-06-22,4556,POINT(-110.7 40.0)
2017-06-22,566,POINT(-111.4 32.5)
2017-06-22,3097,POINT(-101.3 35.6)
2017-06-22,3276,POINT(-85.8 33.6)
2017-06-22,3577,POINT(-98.7 40.6)
2017-06-22,2066,POINT(-78.4 36.3)
2017-06-22,3909,POINT(-81.8 48.1)
2017-06-23,1026,POINT(-117.4 33.5)
2017-06-23,2072,POINT(-122.1 42.8)
2017-06-23,848,POINT(-72.3 31.2)
2017-06-23,1647,POINT(-120.2 37.2)
2017-06-23,4331,POINT(-116.1 38.3)
2017-06-23,3506,POINT(-123.7 32.9)
2017-06-23,1823,POINT(-87.3 36.3)
2017-06-23,3489,POINT(-90.1 31.7)
2017-06-23,1461,POINT(-65.8 25.1)
2017-06-23,2323,POINT(-71.8 30.2)
2017-06-24,1524,POINT(-100.3 41.8)
2017-06-24,1241,POINT(-102.7 43.5)
2017-06-24,1655,POINT(-107.2 31.7)
2017-06-24,3009,POINT(-115.9 34.8)
2017-06-24,3450,POINT(-116.7 25.9)
2017-06-24,4066,POINT(-117.1 30.7)
2017-06-24,315,POINT(-118.2 43.7)
2017-06-24,3546,POINT(-110.6 39.5)
2017-06-24,1733,POINT(-106.6 29.9)
2017-06-24,1699,POINT(-67.3 31.2)
2017-06-25,1527,POINT(-90.3 44.6)
2017-06-25,3927,POINT(-65.7 30.0)
2017-06-25,429,POINT(-102.7 33.0)
2017-06-25,2946,POINT(-97.5 40.9)
2017-06-25,3872,POINT(-105.5 38.5)
2017-06-25,4239,POINT(-114.0 36.1)
2017-06-25,1460,POINT(-116.4 46.6)
2017-06-25,3106,POINT(-68.3 30.3)
2017-06-25,3271,POINT(-65.8 42.8)
2017-06-25,1174,POINT(-122.3 28.8)
2017-06-26,1879,POINT(-116.0 39.8)
2017-06-26,1829,POINT(-99.6 45.9)
2017-06-26,2715,POINT(-113.8 36.0)
2017-06-26,3525,POINT(-103.2 42.4)
2017-06-26,1352,POINT(-117.3 44.7)
2017-06-26,2236,POINT(-97.6 28.3)
2017-06-26,1089,POINT(-108.7 41.9)
2017-06-26,4216,POINT(-103.9 47.1)
2017-06-26,4573,POINT(-119.3 38.8)
2017-06-26,2789,POINT(-99.3 29.5)
2017-06-27,2538,POINT(-66.0 28.0)
2017-06-27,823,POINT(-105.3 31.2)
2017-06-27,2041,POINT(-72.4 27.5)
2017-06-27,332,POINT(-74.4 37.3)
2017-06-27,2979,POINT(-67.9 26.7)
2017-06-27,913,POINT(-77.6 30.4)
2017-06-27,1551,POINT(-85.4 35.6)
2017-06-27,3513,POINT(-73.6 36.4)
2017-06-27,2663,POINT(-120.5 38.6)
2017-06-27,2486,POINT(-97.2 41.9)
2017-06-28,3350,POINT(-65.6 26.1)
2017-06-28,4253,POINT(-78.8 26.9)
2017-06-28,1151,POINT(-67.3 26.5)
2017-06-28,859,POINT(-78.2 35.2)
2017-06-28,376,POINT(-72.5 26.0)
2017-06-28,2907,POINT(-82.6 42.9)
2017-06-28,1099,POINT(-79.4 30.4)
2017-06-28,4051,POINT(-93.6 47.5)
2017-06-28,2048,POINT(-69.5 36.7)
2017-06-28,2870,POINT(-75.5 35.7)
2017-06-29,4280,POINT(-74.4 43.7)
2017-06-29,1864,POINT(-84.6 42.1)
2017-06-29,4693,POINT(-106.7 39.6)
2017-06-29,504,POINT(-122.9 47.4)
2017-06-29,3192,POINT(-68.9 35.1)
2017-06-29,1794,POINT(-89.8 44.4)
2017-06-29,3520,POINT(-107.1 34.1)
2017-06-29,3796,POINT(-116.1 45.1)
2017-06-29,4140,POINT(-75.2 31.2)
2017-06-29,1008,POINT(-74.8 31.9)
2017-06-30,4479,POINT(-76.1 41.3)
2017-06-30,1461,POINT(-86.3 30.1)
2017-06-30,1761,POINT(-103.0 30.5)
2017-06-30,2290,POINT(-106.8 32.3)
2017-06-30,4810,POINT(-124.5 41.3)
2017-06-30,4668,POINT(-75.0 46.3)
2017-06-30,2944,POINT(-119.8 41.2)
2017-06-30,3744,POINT(-87.2 44.9)
2017-06-30,3356,POINT(-94.8 38.0)
2017-06-30,1883,POINT(-93.4 26.7)
2017-07-01,4544,POINT(-69.4 27.4)
2017-07-01,3813,POINT(-123.1 38.3)
2017-07-01,1989,POINT(-78.6 32.9)
2017-07-01,708,POINT(-121.9 30.3)
2017-07-01,1322,POINT(-122.7 36.2)
2017-07-01,2972,POINT(-99.2 41.0)
2017-07-01,2948,POINT(-121.2 34.2)
2017-07-01,4797,POINT(-77.7 44.3)
2017-07-01,2310,POINT(-93.2 42.7)
2017-07-01,3207,POINT(-123.3 42.6)
2017-07-02,136,POINT(-122.6 48.6)
2017-07-02,1201,POINT(-88.2 32.1)
2017-07-02,2649,POINT(-76.6 40.5)
2017-07-02,4399,POINT(-98.7 45.5)
2017-07-02,3926,POINT(-91.7 38.9)
2017-07-02,1376,POINT(-77.0 43.9)
2017-07-02,1029,POINT(-88.4 34.9)
2017-07-02,4089,POINT(-111.5 39.2)
2017-07-02,4524,POINT(-88.2 26.3)
2017-07-02,4549,POINT(-87.3 48.7)
2017-07-03,694,POINT(-81.0 44.2)
2017-07-03,3639,POINT(-87.7 45.9)
2017-07-03,2897,POINT(-66.8 41.7)
2017-07-03,1472,POINT(-113.2 29.5)
2017-07-03,4096,POINT(-67.9 25.7)
2017-07-03,2271,POINT(-92.7 45.8)
2017-07-03,4190,POINT(-84.7 34.5)
2017-07-03,2851,POINT(-119.0 31.3)
2017-07-03,1777,POINT(-102.2 38.5)
2017-07-03,4190,POINT(-78.8 35.1)
2017-07-04,3570,POINT(-82.6 40.6)
2017-07-04,2122,POINT(-122.6 36.6)
2017-07-04,4768,POINT(-92.2 41.7)
2017-07-04,636,POINT(-119.7 45.5)
2017-07-04,4169,POINT(-65.2 29.7)
2017-07-04,3424,POINT(-71.2 32.9)
2017-07-04,1385,POINT(-123.7 35.5)
2017-07-04,1191,POINT(-73.5 48.1)
2017-07-04,500,POINT(-69.8 33.8)
2017-07-04,3739,POINT(-103.8 34.1)
2017-07-05,3544,POINT(-81.8 40.7)
2017-07-05,3306,POINT(-98.5 35.1)
2017-07-05,1950,POINT(-85.7 47.8)
2017-07-05,4418,POINT(-104.6 46.5)
2017-07-05,1892,POINT(-105.6 37.3)
2017-07-05,4918,POINT(-99.5 40.5)
2017-07-05,2997,POINT(-116.3 26.4)
2017-07-05,3169,POINT(-75.1 41.7)
2017-07-05,4785,POINT(-104.1 42.0)
2017-07-05,4540,POINT(-101.0 33.6)
2017-07-06,691,POINT(-71.4 30.3)
2017-07-06,1083,POINT(-95.2 47.0)
2017-07-06,2397,POINT(-92.3 35.2)
2017-07-06,2404,POINT(-67.6 40.7)
2017-07-06,2703,POINT(-71.8 25.8)
2017-07-06,1380,POINT(-114.8 34.9)
2017-07-06,4754,POINT(-96.6 44.6)
2017-07-06,4350,POINT(-66.7 34.3)
2017-07-06,2166,POINT(-102.7 39.5)
2017-07-06,2590,POINT(-102.7 30.0)
2017-07-07,4401,POINT(-113.3 35.0)
2017-07-07,2169,POINT(-118.1 47.3)
2017-07-07,3258,POINT(-80.6 38.6)
2017-07-07,3741,POINT(-78.8 46.6)
2017-07-07,3839,POINT(-66.9 46.6)
2017-07-07,1637,POINT(-78.6 47.7)
2017-07-07,3482,POINT(-110.4 46.5)
2017-07-07,37,POINT(-122.6 25.1)
2017-07-07,1995,POINT(-65.9 47.4)
2017-07-07,4163,POINT(-104.6 28.3)
2017-07-08,1531,POINT(-106.3 26.0)
2017-07-08,306,POINT(-70.6 26.3)
2017-07-08,2191,POINT(-89.9 33.4)
2017-07-08,3412,POINT(-112.1 39.9)
2017-07-08,2306,POINT(-71.7 34.7)
2017-07-08,2607,POINT(-65.4 25.6)
2017-07-08,911,POINT(-119.8 36.4)
2017-07-08,1108,POINT(-73.3 35.6)
2017-07-08,1687,POINT(-101.6 43.2)
2017-07-08,2891,POINT(-93.6 31.7)
2017-07-09,4876,POINT(-70.1 30.2)
2017-07-09,1388,POINT(-66.6 31.1)
2017-07-09,1258,POINT(-109.3 32.3)
2017-07-09,3745,POINT(-112.2 39.4)
2017-07-09,4251,POINT(-120.2 36.3)
2017-07-09,1274,POINT(-91.3 33.1)
2017-07-09,1917,POINT(-124.2 34.0)
2017-07-09,1068,POINT(-100.3 33.9)
2017-07-09,2759,POINT(-120.6 48.3)
2017-07-09,2058,POINT(-100.7 30.6)
2017-07-10,4258,POINT(-122.6 44.6)
2017-07-10,2486,POINT(-74.9 42.0)
2017-07-10,4026,POINT(-112.4 25.1)
2017-07-10,4613,POINT(-105.3 48.8)
2017-07-10,3207,POINT(-72.8 43.2)
2017-07-10,4596,POINT(-80.2 41.4)
2017-07-10,3563,POINT(-111.9 34.7)
2017-07-10,4450,POINT(-120.7 38.3)
2017-07-10,1771,POINT(-82.1 31.1)
2017-07-10,230,POINT(-101.6 25.9)
2017-07-11,4828,POINT(-79.0 45.1)
2017-07-11,4633,POINT(-98.3 46.5)
2017-07-11,2898,POINT(-104.2 28.9)
2017-07-11,1674,POINT(-97.9 43.9)
2017-07-11,3996,POINT(-80.1 42.8)
2017-07-11,4586,POINT(-70.9 29.3)
2017-07-11,2987,POINT(-122.0 35.1)
2017-07-11,1881,POINT(-93.6 35.1)
2017-07-11,1472,POINT(-123.0 43.2)
2017-07-11,354,POINT(-96.9 45.1)
2017-07-12,54,POINT(-71.9 27.3)
2017-07-12,2078,POINT(-103.3 38.5)
2017-07-12,1524,POINT(-69.1 43.3)
2017-07-12,2608,POINT(-87.2 43.9)
2017-07-12,1011,POINT(-69.0 28.6)
2017-07-12,1043,POINT(-79.6 37.6)
2017-07-12,2050,POINT(-118.8 45.6)
2017-07-12,283,POINT(-111.1 32.6)
2017-07-12,2657,POINT(-101.3 35.2)
2017-07-12,1789,POINT(-114.8 44.3)
2017-07-13,4486,POINT(-95.3 27.1)
2017-07-13,488,POINT(-96.7 45.6)
2017-07-13,525,POINT(-67.6 32.5)
2017-07-13,4296,POINT(-99.0 25.0)
2017-07-13,1201,POINT(-77.9 30.6)
2017-07-13,2678,POINT(-68.5 27.1)
2017-07-13,1421,POINT(-72.4 27.2)
2017-07-13,3290,POINT(-112.5 41.6)
2017-07-13,281,POINT(-95.2 30.1)
2017-07-13,152,POINT(-104.1 47.4)
2017-07-14,3342,POINT(-101.0 37.4)
2017-07-14,797,POINT(-103.4 36.0)
2017-07-14,1691,POINT(-75.4 35.4)
2017-07-14,632,POINT(-97.9 41.6)
2017-07-14,3851,POINT(-93.6 35.9)
2017-07-14,3686,POINT(-66.1 28.1)
2017-07-14,2582,POINT(-121.4 46.1)
2017-07-14,3270,POINT(-95.7 35.3)
2017-07-14,4722,POINT(-78.6 26.8)
2017-07-14,76,POINT(-115.9 37.7)
2017-07-15,4296,POINT(-88.3 40.5)
2017-07-15,4626,POINT(-110.6 31.6)
2017-07-15,1150,POINT(-73.0 44.2)
2017-07-15,2324,POINT(-105.4 41.1)
2017-07-15,2542,POINT(-105.3 40.6)
2017-07-15,3590,POINT(-89.1 35.1)
2017-07-15,1197,POINT(-114.0 48.1)
2017-07-15,4481,POINT(-107.9 31.6)
2017-07-15,4758,POINT(-100.0 38.9)
2017-07-15,3349,POINT(-103.8 32.4)
2017-07-16,558,POINT(-93.5 42.9)
2017-07-16,4097,POINT(-89.0 26.1)
2017-07-16,82,POINT(-91.0 26.1)
2017-07-16,208,POINT(-85.7 44.5)
2017-07-16,3211,POINT(-106.5 35.4)
2017-07-16,1791,POINT(-117.4 33.2)
2017-07-16,581,POINT(-79.4 39.6)
2017-07-16,800,POINT(-74.0 41.8)
2017-07-16,1648,POINT(-109.6 29.8)
2017-07-16,1841,POINT(-100.6 29.5)
2017-07-17,1865,POINT(-95.1 48.0)
2017-07-17,1184,POINT(-93.0 39.2)
2017-07-17,3750,POINT(-85.4 34.4)
2017-07-17,3287,POINT(-122.5 44.2)
2017-07-17,188,POINT(-81.7 37.6)
2017-07-17,2254,POINT(-121.3 30.8)
2017-07-17,4096,POINT(-96.9 30.0)
2017-07-17,744,POINT(-75.3 34.5)
2017-07-17,808,POINT(-97.9 45.6)
2017-07-17,797,POINT(-116.1 26.5)
2017-07-18,2805,POINT(-65.9 30.2)
2017-07-18,4314,POINT(-71.6 46.4)
2017-07-18,4598,POINT(-78.7 27.9)
2017-07-18,3094,POINT(-100.3 40.1)
2017-07-18,2928,POINT(-114.0 30.1)
2017-07-18,741,POINT(-68.5 39.5)
2017-07-18,1139,POINT(-93.1 34.2)
2017-07-18,3456,POINT(-73.9 27.4)
2017-07-18,1615,POINT(-104.5 39.0)
2017-07-18,3788,POINT(-104.9 41.4)
2017-07-19,2755,POINT(-65.9 41.3)
2017-07-19,3180,POINT(-93.7 40.3)
2017-07-19,4699,POINT(-116.6 37.0)
2017-07-19,2943,POINT(-111.8 37.5)
2017-07-19,1225,POINT(-96.1 40.3)
2017-07-19,334,POINT(-122.5 41.6)
2017-07-19,1860,POINT(-97.2 40.7)
2017-07-19,1500,POINT(-99.9 39.1)
2017-07-19,903,POINT(-78.2 28.7)
2017-07-19,1400,POINT(-103.7 30.1)
2017-07-20,3399,POINT(-66.0 31.2)
2017-07-20,4249,POINT(-114.2 47.1)
2017-07-20,4489,POINT(-89.5 43.2)
2017-07-20,2273,POINT(-119.6 38.3)
2017-07-20,3442,POINT(-81.0 31.0)
2017-07-20,2381,POINT(-65.3 27.7)
2017-07-20,3096,POINT(-75.9 46.6)
2017-07-20,4322,POINT(-91.7 46.4)
2017-07-20,1525,POINT(-95.9 27.7)
2017-07-20,2927,POINT(-74.9 44.1)
2017-07-21,2362,POINT(-68.8 35.7)
2017-07-21,1177,POINT(-65.6 32.8)
2017-07-21,120,POINT(-101.2 42.7)
2017-07-21,4337,POINT(-65.5 39.7)
2017-07-21,3665,POINT(-115.6 43.7)
2017-07-21,3803,POINT(-109.8 26.8)
2017-07-21,1765,POINT(-119.7 32.6)
2017-07-21,1587,POINT(-108.7 32.7)
2017-07-21,1306,POINT(-78.9 32.9)
2017-07-21,3784,POINT(-73.8 37.1)
2017-07-22,2230,POINT(-78.3 31.8)
2017-07-22,982,POINT(-87.1 35.7)
2017-07-22,1040,POINT(-94.2 33.8)
2017-07-22,2603,POINT(-82.5 42.6)
2017-07-22,4002,POINT(-101.5 39.5)
2017-07-22,4623,POINT(-74.5 40.7)
2017-07-22,923,POINT(-84.4 30.1)
2017-07-22,2191,POINT(-83.1 32.8)
2017-07-22,3207,POINT(-92.8 25.5)
2017-07-22,1472,POINT(-71.9 27.6)
2017-07-23,2388,POINT(-109.9 31.4)
2017-07-23,3464,POINT(-102.1 26.6)
2017-07-23,3563,POINT(-78.3 39.5)
2017-07-23,1317,POINT(-95.4 49.0)
2017-07-23,1199,POINT(-71.6 27.4)
2017-07-23,697,POINT(-104.2 44.7)
2017-07-23,4671,POINT(-102.8 27.9)
2017-07-23,1217,POINT(-71.7 41.1)
2017-07-23,1904,POINT(-97.1 40.4)
2017-07-23,4932,POINT(-94.0 46.7)
2017-07-24,1821,POINT(-105.0 27.7)
2017-07-24,3193,POINT(-108.4 32.6)
2017-07-24,3807,POINT(-85.6 27.2)
2017-07-24,1654,POINT(-117.8 34.8)
2017-07-24,3978,POINT(-72.2 46.9)
2017-07-24,2726,POINT(-78.2 43.8)
2017-07-24,200,POINT(-113.6 42.3)
2017-07-24,1345,POINT(-83.4 37.8)
2017-07-24,4813,POINT(-88.8 46.2)
2017-07-24,3116,POINT(-113.9 35.8)
2017-07-25,388,POINT(-108.6 28.6)
2017-07-25,4492,POINT(-100.5 45.1)
2017-07-25,3839,POINT(-83.0 31.7)
2017-07-25,625,POINT(-86.7 26.3)
2017-07-25,2340,POINT(-93.1 28.0)
2017-07-25,1764,POINT(-78.9 39.6)
2017-07-25,473,POINT(-79.5 39.6)
2017-07-25,976,POINT(-87.9 31.2)
2017-07-25,4277,POINT(-77.8 42.5)
2017-07-25,3168,POINT(-104.9 43.6)
2017-07-26,3634,POINT(-72.1 47.1)
2017-07-26,4948,POINT(-88.1 39.0)
2017-07-26,699,POINT(-75.7 43.7)
2017-07-26,2632,POINT(-92.2 43.1)
2017-07-26,2222,POINT(-111.9 31.2)
2017-07-26,392,POINT(-92.5 32.4)
2017-07-26,2266,POINT(-102.7 36.5)
2017-07-26,3820,POINT(-83.2 25.5)
2017-07-26,3513,POINT(-96.5 32.1)
2017-07-26,1422,POINT(-74.8 36.4)
2017-07-27,1593,POINT(-84.3 27.6)
2017-07-27,381,POINT(-83.9 28.0)
2017-07-27,620,POINT(-112.0 36.1)
2017-07-27,125,POINT(-65.9 42.5)
2017-07-27,456,POINT(-74.5 45.0)
2017-07-27,1401,POINT(-77.7 38.1)
2017-07-27,3334,POINT(-105.2 36.4)
2017-07-27,1350,POINT(-92.9 34.2)
2017-07-27,4520,POINT(-116.8 29.6)
2017-07-27,2949,POINT(-92.7 28.5)
2017-07-28,3709,POINT(-116.2 44.0)
2017-07-28,1083,POINT(-91.8 36.2)
2017-07-28,4823,POINT(-86.1 44.0)
2017-07-28,3579,POINT(-101.6 41.9)
2017-07-28,3160,POINT(-95.1 29.7)
2017-07-28,1615,POINT(-72.5 37.2)
2017-07-28,4667,POINT(-118.5 35.7)
2017-07-28,2304,POINT(-77.5 35.2)
2017-07-28,3672,POINT(-114.8 38.0)
2017-07-28,4492,POINT(-122.8 48.6)
2017-07-29,4807,POINT(-113.9 44.5)
2017-07-29,993,POINT(-79.1 46.7)
2017-07-29,361,POINT(-100.7 25.7)
2017-07-29,1734,POINT(-72.6 28.4)
2017-07-29,1961,POINT(-93.5 27.0)
2017-07-29,1289,POINT(-123.7 31.3)
2017-07-29,1917,POINT(-82.0 35.6)
2017-07-29,4858,POINT(-118.4 40.4)
2017-07-29,1034,POINT(-77.6 37.0)
2017-07-29,555,POINT(-114.9 46.7)
2017-07-30,4184,POINT(-104.3 47.6)
2017-07-30,2391,POINT(-79.3 28.9)
2017-07-30,898,POINT(-67.7 45.5)
2017-07-30,1115,POINT(-102.7 36.6)
2017-07-30,2559,POINT(-75.2 35.9)
2017-07-30,2000,POINT(-113.6 43.8)
2017-07-30,4008,POINT(-76.6 27.2)
2017-07-30,3785,POINT(-85.6 46.2)
2017-07-30,2822,POINT(-113.4 41.1)
2017-07-30,930,POINT(-106.8 46.0)
2017-07-31,4655,POINT(-117.1 48.9)
2017-07-31,2071,POINT(-102.0 37.4)
2017-07-31,4497,POINT(-112.8 27.2)
2017-07-31,3649,POINT(-86.4 29.0)
2017-07-31,3175,POINT(-65.3 32.8)
2017-07-31,4445,POINT(-124.3 27.5)
2017-07-31,2654,POINT(-92.5 44.6)
2017-07-31,4862,POINT(-90.6 32.1)
2017-07-31,1055,POINT(-70.1 48.4)
2017-07-31,3566,POINT(-94.6 41.9)
2017-08-01,2691,POINT(-92.4 29.2)
2017-08-01,3209,POINT(-96.7 36.4)
2017-08-01,948,POINT(-108.9 36.2)
2017-08-01,4953,POINT(-121.6 36.8)
2017-08-01,451,POINT(-100.5 37.9)
2017-08-01,2560,POINT(-121.8 25.7)
2017-08-01,4235,POINT(-92.0 41.5)
2017-08-01,606,POINT(-106.6 36.7)
2017-08-01,1515,POINT(-93.0 44.0)
2017-08-01,871,POINT(-116.9 44.6)
2017-08-02,2650,POINT(-69.0 30.5)
2017-08-02,3741,POINT(-71.3 26.2)
2017-08-02,1561,POINT(-113.6 41.9)
2017-08-02,3246,POINT(-104.4 48.5)
2017-08-02,1746,POINT(-88.2 35.7)
2017-08-02,1459,POINT(-119.3 31.2)
2017-08-02,274,POINT(-103.7 28.8)
2017-08-02,2669,POINT(-109.9 31.9)
2017-08-02,2731,POINT(-70.1 32.9)
2017-08-02,1472,POINT(-73.8 35.2)
2017-08-03,4262,POINT(-90.2 40.7)
2017-08-03,1455,POINT(-93.8 31.6)
2017-08-03,2308,POINT(-69.2 26.2)
2017-08-03,2935,POINT(-69.1 34.0)
2017-08-03,1642,POINT(-66.8 45.5)
2017-08-03,2384,POINT(-117.5 37.0)
2017-08-03,522,POINT(-115.4 48.2)
2017-08-03,225,POINT(-84.4 37.1)
2017-08-03,3341,POINT(-92.5 31.6)
2017-08-03,2182,POINT(-123.9 29.6)
2017-08-04,3163,POINT(-121.3 41.7)
2017-08-04,1716,POINT(-71.7 37.9)
2017-08-04,2116,POINT(-72.9 39.5)
2017-08-04,1577,POINT(-103.6 43.1)
2017-08-04,2218,POINT(-71.5 42.4)
2017-08-04,2341,POINT(-89.4 26.0)
2017-08-04,2163,POINT(-76.6 44.3)
2017-08-04,1138,POINT(-99.4 37.8)
2017-08-04,3520,POINT(-118.2 34.4)
2017-08-04,4333,POINT(-99.0 37.9)
2017-08-05,3663,POINT(-97.6 39.7)
2017-08-05,2375,POINT(-91.9 28.6)
2017-08-05,4907,POINT(-118.7 35.0)
2017-08-05,2931,POINT(-65.5 33.1)
2017-08-05,4577,POINT(-110.4 33.4)
2017-08-05,1089,POINT(-113.1 27.2)
2017-08-05,3521,POINT(-93.4 28.8)
2017-08-05,2751,POINT(-92.8 28.9)
2017-08-05,3030,POINT(-98.6 34.0)
2017-08-05,238,POINT(-78.7 46.5)
2017-08-06,180,POINT(-94.0 29.9)
2017-08-06,304,POINT(-88.4 35.0)
2017-08-06,4294,POINT(-81.6 32.5)
2017-08-06,435,POINT(-123.5 43.9)
2017-08-06,928,POINT(-90.8 26.2)
2017-08-06,3263,POINT(-71.9 29.7)
2017-08-06,508,POINT(-124.0 30.1)
2017-08-06,2819,POINT(-100.7 48.8)
2017-08-06,4971,POINT(-69.4 38.7)
2017-08-06,835,POINT(-103.8 28.3)
2017-08-07,3789,POINT(-97.5 31.5)
2017-08-07,1868,POINT(-66.1 29.0)
2017-08-07,2128,POINT(-113.0 28.0)
2017-08-07,155,POINT(-121.1 44.1)
2017-08-07,4575,POINT(-73.4 36.9)
2017-08-07,3587,POINT(-72.9 40.1)
2017-08-07,202,POINT(-96.7 33.0)
2017-08-07,3898,POINT(-94.1 38.3)
2017-08-07,61,POINT(-74.9 31.2)
2017-08-07,2420,POINT(-80.7 32.4)
2017-08-08,1830,POINT(-109.1 40.7)
2017-08-08,2974,POINT(-124.0 28.6)
2017-08-08,2531,POINT(-96.2 39.8)
2017-08-08,1879,POINT(-73.5 45.5)
2017-08-08,2578,POINT(-71.2 27.9)
2017-08-08,1877,POINT(-67.6 46.5)
2017-08-08,2748,POINT(-72.2 26.9)
2017-08-08,3279,POINT(-90.2 33.4)
2017-08-08,3209,POINT(-98.3 39.7)
2017-08-08,2589,POINT(-78.5 38.4)
2017-08-09,4015,POINT(-80.6 27.3)
2017-08-09,4945,POINT(-92.7 44.2)
2017-08-09,250,POINT(-119.8 48.4)
2017-08-09,3450,POINT(-69.4 29.3)
2017-08-09,4641,POINT(-97.7 46.5)
2017-08-09,1417,POINT(-103.2 38.4)
2017-08-09,3512,POINT(-87.2 47.5)
2017-08-09,4048,POINT(-84.6 29.2)
2017-08-09,92,POINT(-112.4 44.0)
2017-08-09,3778,POINT(-74.8 26.4)
2017-08-10,960,POINT(-107.6 46.2)
2017-08-10,620,POINT(-113.8 41.2)
2017-08-10,4679,POINT(-100.6 33.9)
2017-08-10,3615,POINT(-81.2 29.6)
2017-08-10,4564,POINT(-67.1 44.6)
2017-08-10,3293,POINT(-76.4 39.5)
2017-08-10,2183,POINT(-68.6 33.6)
2017-08-10,3494,POINT(-116.6 35.7)
2017-08-10,1532,POINT(-120.7 44.8)
2017-08-10,2611,POINT(-91.5 33.1)
2017-08-11,2667,POINT(-107.6 27.2)
2017-08-11,2169,POINT(-75.3 46.9)
2017-08-11,2459,POINT(-84.7 34.3)
2017-08-11,3840,POINT(-66.8 33.4)
2017-08-11,131,POINT(-109.7 29.9)
2017-08-11,4378,POINT(-95.9 46.5)
2017-08-11,1327,POINT(-94.9 30.2)
2017-08-11,4503,POINT(-110.6 40.3)
2017-08-11,2528,POINT(-89.6 46.1)
2017-08-11,1240,POINT(-98.4 25.8)
2017-08-12,1143,POINT(-98.2 44.9)
2017-08-12,1311,POINT(-103.2 34.9)
2017-08-12,4044,POINT(-124.0 40.8)
2017-08-12,1920,POINT(-93.7 33.9)
2017-08-12,1515,POINT(-104.9 41.7)
2017-08-12,3195,POINT(-124.9 31.1)
2017-08-12,1926,POINT(-106.5 25.5)
2017-08-12,4925,POINT(-108.3 47.7)
2017-08-12,3558,POINT(-101.4 25.4)
2017-08-12,2767,POINT(-117.1 44.8)
2017-08-13,1966,POINT(-94.5 29.1)
2017-08-13,188,POINT(-83.5 34.4)
2017-08-13,906,POINT(-87.2 44.7)
2017-08-13,1561,POINT(-76.8 29.9)
2017-08-13,501,POINT(-97.9 45.8)
2017-08-13,70,POINT(-93.9 36.9)
2017-08-13,1087,POINT(-76.4 33.8)
2017-08-13,2905,POINT(-99.3 40.9)
2017-08-13,4170,POINT(-82.9 33.2)
2017-08-13,3693,POINT(-98.9 33.3)
2017-08-14,595,POINT(-99.9 42.6)
2017-08-14,3970,POINT(-79.4 32.4)
2017-08-14,3780,POINT(-114.5 29.8)
2017-08-14,544,POINT(-104.7 44.4)
2017-08-14,3472,POINT(-111.5 44.3)
2017-08-14,4021,POINT(-103.5 36.9)
2017-08-14,3408,POINT(-111.2 37.6)
2017-08-14,2165,POINT(-90.2 41.7)
2017-08-14,1014,POINT(-77.1 37.2)
2017-08-14,2509,POINT(-77.8 35.0)
2017-08-15,336,POINT(-103.1 48.9)
2017-08-15,4713,POINT(-65.7 28.5)
2017-08-15,2716,POINT(-89.4 39.2)
2017-08-15,11,POINT(-101.0 46.3)
2017-08-15,1043,POINT(-74.9 41.5)
2017-08-15,2491,POINT(-81.2 46.1)
2017-08-15,134,POINT(-80.0 33.1)
2017-08-15,1114,POINT(-113.2 31.5)
2017-08-15,2709,POINT(-96.9 45.4)
2017-08-15,1871,POINT(-73.3 34.5)
2017-08-16,2930,POINT(-94.8 42.0)
2017-08-16,138,POINT(-84.0 28.5)
2017-08-16,447,POINT(-89.7 43.1)
2017-08-16,4856,POINT(-74.5 38.2)
2017-08-16,2558,POINT(-107.9 31.4)
2017-08-16,3139,POINT(-90.5 36.9)
2017-08-16,1231,POINT(-117.6 41.7)
2017-08-16,911,POINT(-83.6 25.3)
2017-08-16,3178,POINT(-81.1 40.3)
2017-08-16,4496,POINT(-122.4 38.0)
2017-08-17,3928,POINT(-84.5 30.3)
2017-08-17,1077,POINT(-100.1 43.1)
2017-08-17,36,POINT(-117.6 32.3)
2017-08-17,557,POINT(-99.8 31.6)
2017-08-17,2678,POINT(-113.3 36.3)
2017-08-17,576,POINT(-100.1 41.2)
2017-08-17,713,POINT(-101.9 47.3)
2017-08-17,4290,POINT(-80.7 28.4)
2017-08-17,3150,POINT(-78.5 34.5)
2017-08-17,1600,POINT(-88.6 26.6)
2017-08-18,4953,POINT(-123.6 43.2)
2017-08-18,4704,POINT(-69.1 35.7)
2017-08-18,815,POINT(-83.8 42.0)
2017-08-18,3801,POINT(-122.9 32.7)
2017-08-18,1367,POINT(-75.9 45.3)
2017-08-18,3235,POINT(-113.0 37.8)
2017-08-18,3628,POINT(-90.2 47.6)
2017-08-18,2136,POINT(-97.0 26.9)
2017-08-18,2470,POINT(-99.8 37.3)
2017-08-18,555,POINT(-71.6 43.4)
2017-08-19,2738,POINT(-98.8 39.4)
2017-08-19,3744,POINT(-120.5 25.6)
2017-08-19,2572,POINT(-68.2 48.3)
2017-08-19,2089,POINT(-69.8 32.2)
2017-08-19,2651,POINT(-83.9 31.0)
2017-08-19,3124,POINT(-96.9 36.7)
2017-08-19,1936,POINT(-119.4 38.0)
2017-08-19,626,POINT(-77.6 43.4)
2017-08-19,3654,POINT(-120.5 34.4)
2017-08-19,1213,POINT(-120.9 35.6)
2017-08-20,1769,POINT(-92.8 37.8)
2017-08-20,2575,POINT(-115.4 34.5)
2017-08-20,3184,POINT(-124.5 46.9)
2017-08-20,3091,POINT(-99.6 45.4)
2017-08-20,2640,POINT(-116.8 35.9)
2017-08-20,3171,POINT(-115.4 25.0)
2017-08-20,4331,POINT(-120.4 46.6)
2017-08-20,679,POINT(-112.7 28.0)
2017-08-20,3178,POINT(-82.1 30.9)
2017-08-20,2131,POINT(-76.5 28.7)
2017-08-21,4088,POINT(-97.8 29.3)
2017-08-21,4161,POINT(-94.6 44.3)
2017-08-21,729,POINT(-123.0 38.9)
2017-08-21,2610,POINT(-120.8 47.9)
2017-08-21,3608,POINT(-109.5 30.6)
2017-08-21,4679,POINT(-92.4 36.7)
2017-08-21,676,POINT(-80.6 48.5)
2017-08-21,293,POINT(-88.7 44.8)
2017-08-21,3913,POINT(-101.5 42.5)
2017-08-21,3575,POINT(-117.9 29.5)
2017-08-22,2244,POINT(-78.2 43.5)
2017-08-22,4603,POINT(-103.2 33.3)
2017-08-22,1475,POINT(-80.8 37.7)
2017-08-22,139,POINT(-94.2 39.6)
2017-08-22,4744,POINT(-80.7 39.6)
2017-08-22,2070,POINT(-70.6 42.4)
2017-08-22,3682,POINT(-69.7 40.9)
2017-08-22,2504,POINT(-92.9 26.6)
2017-08-22,1002,POINT(-94.3 36.0)
2017-08-22,2131,POINT(-109.1 40.9)
2017-08-23,2594,POINT(-68.9 32.1)
2017-08-23,4206,POINT(-97.5 32.5)
2017-08-23,2233,POINT(-117.3 28.0)
2017-08-23,4532,POINT(-99.0 35.0)
2017-08-23,3198,POINT(-117.4 48.7)
2017-08-23,3247,POINT(-94.8 31.8)
2017-08-23,4146,POINT(-91.3 37.8)
2017-08-23,4534,POINT(-104.7 42.8)
2017-08-23,353,POINT(-120.7 25.3)
2017-08-23,4471,POINT(-68.4 46.6)
2017-08-24,4714,POINT(-78.6 34.3)
2017-08-24,4833,POINT(-74.7 45.9)
2017-08-24,2286,POINT(-103.0 25.9)
2017-08-24,4930,POINT(-79.4 28.5)
2017-08-24,3211,POINT(-95.9 32.7)
2017-08-24,898,POINT(-112.9 33.3)
2017-08-24,2053,POINT(-117.5 45.3)
2017-08-24,1351,POINT(-104.3 25.3)
2017-08-24,3730,POINT(-116.7 40.4)
2017-08-24,2893,POINT(-65.1 28.2)
2017-08-25,4222,POINT(-122.0 44.8)
2017-08-25,2425,POINT(-98.5 43.7)
2017-08-25,1127,POINT(-97.9 37.0)
2017-08-25,4273,POINT(-107.0 30.1)
2017-08-25,3011,POINT(-90.7 40.2)
2017-08-25,1748,POINT(-116.0 28.8)
2017-08-25,1374,POINT(-78.0 29.6)
2017-08-25,2718,POINT(-105.1 40.0)
2017-08-25,4800,POINT(-89.5 48.8)
2017-08-25,934,POINT(-82.1 46.4)
2017-08-26,161,POINT(-71.7 39.2)
2017-08-26,595,POINT(-74.9 37.9)
2017-08-26,922,POINT(-88.5 49.0)
2017-08-26,2331,POINT(-101.7 38.1)
2017-08-26,505,POINT(-94.8 35.1)
2017-08-26,3805,POINT(-78.9 46.8)
2017-08-26,2158,POINT(-72.3 30.6)
2017-08-26,566,POINT(-118.8 27.3)
2017-08-26,1562,POINT(-101.9 40.2)
2017-08-26,2130,POINT(-78.4 27.3)
2017-08-27,3095,POINT(-99.1 34.0)
2017-08-27,3514,POINT(-105.1 35.2)
2017-08-27,166,POINT(-100.3 38.1)
2017-08-27,744,POINT(-88.8 48.8)
2017-08-27,4664,POINT(-65.0 30.3)
2017-08-27,3286,POINT(-95.4 34.0)
2017-08-27,164,POINT(-112.5 28.2)
2017-08-27,1006,POINT(-115.2 39.6)
2017-08-27,2304,POINT(-122.5 42.5)
2017-08-27,4636,POINT(-91.5 36.6)
2017-08-28,2915,POINT(-92.3 30.9)
2017-08-28,4834,POINT(-112.7 39.9)
2017-08-28,1187,POINT(-83.3 37.9)
2017-08-28,163,POINT(-80.5 29.1)
2017-08-28,4197,POINT(-109.5 34.7)
2017-08-28,1726,POINT(-104.4 35.4)
2017-08-28,3212,POINT(-65.6 48.6)
2017-08-28,2867,POINT(-102.5 45.4)
2017-08-28,796,POINT(-79.4 42.6)
2017-08-28,4378,POINT(-97.8 46.3)
2017-08-29,4282,POINT(-77.4 42.7)
2017-08-29,3777,POINT(-78.9 46.7)
2017-08-29,2888,POINT(-84.9 26.3)
2017-08-29,652,POINT(-73.7 35.9)
2017-08-29,4672,POINT(-68.6 42.9)
2017-08-29,675,POINT(-90.2 39.0)
2017-08-29,3436,POINT(-110.8 29.2)
2017-08-29,3793,POINT(-101.1 33.2)
2017-08-29,3711,POINT(-79.5 32.6)
2017-08-29,1079,POINT(-85.9 31.3)
2017-08-30,2359,POINT(-114.3 33.2)
2017-08-30,4513,POINT(-121.9 37.4)
2017-08-30,1222,POINT(-84.0 45.5)
2017-08-30,1162,POINT(-109.9 42.8)
2017-08-30,2521,POINT(-95.0 45.0)
2017-08-30,153,POINT(-80.2 46.2)
2017-08-30,2499,POINT(-91.2 35.0)
2017-08-30,3238,POINT(-120.0 33.3)
2017-08-30,4592,POINT(-113.9 26.4)
2017-08-30,4965,POINT(-111.8 47.3)
2017-08-31,3215,POINT(-109.5 26.6)
2017-08-31,4253,POINT(-91.1 42.8)
2017-08-31,3152,POINT(-94.8 34.1)
2017-08-31,3314,POINT(-112.8 47.8)
2017-08-31,1367,POINT(-120.9 35.1)
2017-08-31,2723,POINT(-114.7 44.6)
2017-08-31,4195,POINT(-65.9 31.8)
2017-08-31,1367,POINT(-96.9 32.2)
2017-08-31,4304,POINT(-73.0 39.3)
2017-08-31,4643,POINT(-74.1 49.0)
2017-09-01,3202,POINT(-94.3 37.4)
2017-09-01,310,POINT(-82.6 47.5)
2017-09-01,733,POINT(-113.4 43.9)
2017-09-01,3020,POINT(-83.7 44.1)
2017-09-01,77,POINT(-108.7 35.5)
2017-09-01,3846,POINT(-75.1 34.3)
2017-09-01,4003,POINT(-120.0 29.6)
2017-09-01,2516,POINT(-78.6 48.1)
2017-09-01,1547,POINT(-119.0 48.0)
2017-09-01,407,POINT(-72.1 42.9)
2017-09-02,4725,POINT(-106.7 32.1)
2017-09-02,3367,POINT(-85.7 30.9)
2017-09-02,1173,POINT(-95.7 48.7)
2017-09-02,4835,POINT(-103.0 26.6)
2017-09-02,565,POINT(-86.3 45.2)
2017-09-02,3671,POINT(-68.1 33.5)
2017-09-02,1761,POINT(-122.5 35.1)
2017-09-02,2951,POINT(-69.9 45.0)
2017-09-02,2667,POINT(-88.5 27.2)
2017-09-02,2805,POINT(-76.6 33.5)
2017-09-03,2339,POINT(-102.0 47.8)
2017-09-03,1969,POINT(-96.7 41.8)
2017-09-03,1611,POINT(-72.9 43.1)
2017-09-03,2803,POINT(-100.1 43.2)
2017-09-03,1490,POINT(-92.9 26.5)
2017-09-03,1112,POINT(-123.8 29.9)
2017-09-03,3286,POINT(-115.5 36.8)
2017-09-03,1309,POINT(-86.5 33.8)
2017-09-03,3889,POINT(-82.0 34.9)
2017-09-03,1545,POINT(-90.0 43.8)
2017-09-04,87,POINT(-116.4 25.4)
2017-09-04,2841,POINT(-98.3 40.9)
2017-09-04,3420,POINT(-103.7 25.0)
2017-09-04,2731,POINT(-95.3 26.5)
2017-09-04,3637,POINT(-72.8 34.8)
2017-09-04,1542,POINT(-78.4 45.2)
2017-09-04,247,POINT(-120.0 28.5)
2017-09-04,2006,POINT(-71.6 38.3)
2017-09-04,3437,POINT(-96.7 41.3)
2017-09-04,287,POINT(-80.4 30.5)
2017-09-05,3099,POINT(-116.6 37.3)
2017-09-05,533,POINT(-84.8 46.9)
2017-09-05,4285,POINT(-110.8 37.3)
2017-09-05,4228,POINT(-98.7 28.8)
2017-09-05,3132,POINT(-124.0 40.1)
2017-09-05,4585,POINT(-115.9 39.2)
2017-09-05,1807,POINT(-119.5 25.6)
2017-09-05,2141,POINT(-110.6 27.2)
2017-09-05,825,POINT(-119.0 28.8)
2017-09-05,2704,POINT(-83.5 28.3)
2017-09-06,452,POINT(-123.3 31.2)
2017-09-06,3150,POINT(-87.9 35.9)
2017-09-06,152,POINT(-116.6 33.9)
2017-09-06,4297,POINT(-68.3 46.4)
2017-09-06,1420,POINT(-69.0 39.7)
2017-09-06,4483,POINT(-111.5 46.0)
2017-09-06,544,POINT(-88.1 37.6)
2017-09-06,1726,POINT(-123.3 27.2)
2017-09-06,3374,POINT(-69.1 36.1)
2017-09-06,1042,POINT(-93.6 44.7)
2017-09-07,3352,POINT(-122.4 29.7)
2017-09-07,1420,POINT(-104.5 27.2)
2017-09-07,4510,POINT(-120.4 32.9)
2017-09-07,1182,POINT(-101.4 34.3)
2017-09-07,898,POINT(-84.8 32.4)
2017-09-07,3348,POINT(-96.8 28.2)
2017-09-07,4527,POINT(-102.0 31.0)
2017-09-07,1651,POINT(-117.9 41.4)
2017-09-07,481,POINT(-110.3 34.3)
2017-09-07,2950,POINT(-119.0 40.2)
2017-09-08,556,POINT(-76.6 37.9)
2017-09-08,4736,POINT(-116.9 38.2)
2017-09-08,3607,POINT(-89.3 31.0)
2017-09-08,2835,POINT(-104.4 37.5)
2017-09-08,3733,POINT(-111.4 25.6)
2017-09-08,373,POINT(-86.6 35.4)
2017-09-08,2176,POINT(-97.6 38.7)
2017-09-08,3319,POINT(-101.0 29.4)
2017-09-08,555,POINT(-89.4 31.2)
2017-09-08,3250,POINT(-95.5 30.3)
2017-09-09,4739,POINT(-106.8 26.7)
2017-09-09,1946,POINT(-91.5 33.3)
2017-09-09,972,POINT(-84.8 48.5)
2017-09-09,3015,POINT(-123.4 33.5)
2017-09-09,3816,POINT(-97.0 36.1)
2017-09-09,892,POINT(-121.5 40.7)
2017-09-09,3850,POINT(-113.8 40.6)
2017-09-09,880,POINT(-91.4 47.8)
2017-09-09,4621,POINT(-73.0 45.6)
2017-09-09,2995,POINT(-72.0 44.1)
2017-09-10,875,POINT(-120.8 47.8)
2017-09-10,4319,POINT(-99.9 30.5)
2017-09-10,3213,POINT(-90.0 39.8)
2017-09-10,2907,POINT(-116.2 46.3)
2017-09-10,2254,POINT(-79.1 40.0)
2017-09-10,28,POINT(-80.3 48.5)
2017-09-10,651,POINT(-70.8 27.4)
2017-09-10,3093,POINT(-124.5 35.5)
2017-09-10,339,POINT(-112.0 48.5)
2017-09-10,875,POINT(-75.4 34.1)
2017-09-11,783,POINT(-84.8 42.7)
2017-09-11,4497,POINT(-71.3 25.7)
2017-09-11,4742,POINT(-121.6 41.7)
2017-09-11,2364,POINT(-89.2 47.4)
2017-09-11,3348,POINT(-90.9 34.2)
2017-09-11,3528,POINT(-122.9 25.5)
2017-09-11,2952,POINT(-94.2 25.7)
2017-09-11,2577,POINT(-88.4 46.4)
2017-09-11,1684,POINT(-113.5 42.3)
2017-09-11,2693,POINT(-108.6 27.6)
2017-09-12,3390,POINT(-86.6 26.3)
2017-09-12,749,POINT(-96.9 44.3)
2017-09-12,1555,POINT(-73.5 44.4)
2017-09-12,4574,POINT(-104.5 27.9)
2017-09-12,2269,POINT(-109.0 32.2)
2017-09-12,1145,POINT(-65.9 43.7)
2017-09-12,883,POINT(-70.3 37.6)
2017-09-12,4565,POINT(-123.3 48.0)
2017-09-12,2310,POINT(-78.8 36.5)
2017-09-12,761,POINT(-118.4 41.2)
2017-09-13,863,POINT(-123.4 37.2)
2017-09-13,3742,POINT(-108.6 47.6)
2017-09-13,2293,POINT(-108.8 34.6)
2017-09-13,1339,POINT(-75.8 30.5)
2017-09-13,487,POINT(-82.4 32.8)
2017-09-13,2736,POINT(-66.1 45.5)
2017-09-13,3101,POINT(-82.3 37.0)
2017-09-13,4240,POINT(-99.9 33.5)
2017-09-13,4515,POINT(-83.1 38.1)
2017-09-13,1279,POINT(-65.0 28.2)
2017-09-14,4191,POINT(-82.4 25.1)
2017-09-14,2613,POINT(-79.3 31.7)
2017-09-14,1479,POINT(-68.7 39.5)
2017-09-14,387,POINT(-118.2 42.1)
2017-09-14,1690,POINT(-82.7 44.8)
2017-09-14,251,POINT(-74.0 47.2)
2017-09-14,929,POINT(-67.7 34.9)
2017-09-14,79,POINT(-112.3 42.8)
2017-09-14,3934,POINT(-94.8 26.8)
2017-09-14,2096,POINT(-84.2 26.4)
2017-09-15,2017,POINT(-110.2 28.0)
2017-09-15,810,POINT(-89.0 35.8)
2017-09-15,2789,POINT(-109.5 30.1)
2017-09-15,4930,POINT(-105.0 31.9)
2017-09-15,765,POINT(-98.5 40.5)
2017-09-15,2005,POINT(-93.2 33.6)
2017-09-15,1331,POINT(-98.0 38.4)
2017-09-15,2340,POINT(-95.4 34.9)
2017-09-15,119,POINT(-107.1 29.1)
2017-09-15,1026,POINT(-115.5 26.8)
2017-09-16,3875,POINT(-122.2 30.7)
2017-09-16,34,POINT(-113.2 26.4)
2017-09-16,4948,POINT(-90.1 39.8)
2017-09-16,2848,POINT(-77.8 44.1)
2017-09-16,747,POINT(-114.8 33.2)
2017-09-16,189,POINT(-118.5 34.3)
2017-09-16,241,POINT(-80.0 44.6)
2017-09-16,1927,POINT(-106.7 30.3)
2017-09-16,352,POINT(-67.9 27.9)
2017-09-16,4582,POINT(-82.1 37.0)
2017-09-17,2633,POINT(-105.4 40.5)
2017-09-17,464,POINT(-107.6 39.4)
2017-09-17,4394,POINT(-93.6 42.1)
2017-09-17,4635,POINT(-120.3 26.4)
2017-09-17,2286,POINT(-117.9 35.3)
2017-09-17,605,POINT(-114.4 30.7)
2017-09-17,3884,POINT(-78.5 43.2)
2017-09-17,4540,POINT(-94.2 45.9)
2017-09-17,4987,POINT(-124.4 31.8)
2017-09-17,4507,POINT(-84.6 27.3)
2017-09-18,2679,POINT(-99.6 31.1)
2017-09-18,2145,POINT(-94.3 27.5)
2017-09-18,3974,POINT(-112.2 32.7)
2017-09-18,1575,POINT(-91.9 37.9)
2017-09-18,318,POINT(-66.3 48.4)
2017-09-18,352,POINT(-120.6 34.6)
2017-09-18,445,POINT(-108.0 30.3)
2017-09-18,186,POINT(-110.4 29.0)
2017-09-18,148,POINT(-110.1 29.2)
2017-09-18,203,POINT(-102.3 29.6)
2017-09-19,3267,POINT(-75.9 43.3)
2017-09-19,3245,POINT(-70.2 26.5)
2017-09-19,952,POINT(-112.9 48.9)
2017-09-19,4630,POINT(-92.4 37.5)
2017-09-19,3889,POINT(-86.8 38.1)
2017-09-19,3123,POINT(-93.7 33.6)
2017-09-19,2972,POINT(-99.0 41.6)
2017-09-19,4846,POINT(-113.5 36.3)
2017-09-19,4967,POINT(-95.7 32.9)
2017-09-19,963,POINT(-100.9 31.4)
2017-09-20,1312,POINT(-77.3 47.2)
2017-09-20,3391,POINT(-79.2 32.0)
2017-09-20,2890,POINT(-117.0 35.5)
2017-09-20,2197,POINT(-119.7 33.4)
2017-09-20,4897,POINT(-70.5 27.1)
2017-09-20,555,POINT(-92.9 29.5)
2017-09-20,1937,POINT(-73.5 29.5)
2017-09-20,4162,POINT(-121.5 41.6)
2017-09-20,14,POINT(-93.4 34.8)
2017-09-20,3491,POINT(-92.6 43.8)
2017-09-21,3263,POINT(-73.4 42.0)
2017-09-21,1372,POINT(-119.1 29.6)
2017-09-21,1830,POINT(-110.6 38.5)
2017-09-21,2673,POINT(-100.6 42.8)
2017-09-21,2948,POINT(-73.0 40.2)
2017-09-21,1283,POINT(-68.7 39.4)
2017-09-21,3336,POINT(-65.4 42.8)
2017-09-21,3669,POINT(-67.4 26.4)
2017-09-21,2955,POINT(-124.6 42.6)
2017-09-21,3028,POINT(-122.1 31.5)
2017-09-22,1141,POINT(-116.1 38.7)
2017-09-22,4773,POINT(-104.1 30.8)
2017-09-22,2646,POINT(-75.2 45.1)
2017-09-22,3039,POINT(-71.4 36.5)
2017-09-22,3029,POINT(-113.8 40.4)
2017-09-22,4387,POINT(-87.8 44.1)
2017-09-22,3169,POINT(-70.0 46.5)
2017-09-22,263,POINT(-97.2 42.6)
2017-09-22,338,POINT(-118.8 28.6)
2017-09-22,2601,POINT(-97.5 45.5)
2017-09-23,2840,POINT(-102.5 39.8)
2017-09-23,3054,POINT(-90.3 39.6)
2017-09-23,1430,POINT(-98.7 47.1)
2017-09-23,3411,POINT(-124.0 31.0)
2017-09-23,2902,POINT(-65.4 30.8)
2017-09-23,664,POINT(-92.4 37.3)
2017-09-23,769,POINT(-96.6 43.0)
2017-09-23,1808,POINT(-67.7 35.7)
2017-09-23,2981,POINT(-115.6 40.2)
2017-09-23,4521,POINT(-113.6 35.9)
2017-09-24,3436,POINT(-76.5 39.6)
2017-09-24,264,POINT(-109.4 44.7)
2017-09-24,3833,POINT(-77.0 29.3)
2017-09-24,1886,POINT(-108.7 41.7)
2017-09-24,2767,POINT(-123.0 43.9)
2017-09-24,2634,POINT(-94.0 35.7)
2017-09-24,4131,POINT(-113.2 32.8)
2017-09-24,3014,POINT(-79.5 25.3)
2017-09-24,4526,POINT(-86.5 44.1)
2017-09-24,3744,POINT(-69.6 32.9)
2017-09-25,1254,POINT(-78.0 33.6)
2017-09-25,1018,POINT(-114.2 33.1)
2017-09-25,4324,POINT(-77.0 37.0)
2017-09-25,1520,POINT(-86.5 41.9)
2017-09-25,1969,POINT(-84.9 43.5)
2017-09-25,2518,POINT(-75.1 34.4)
2017-09-25,4768,POINT(-90.6 40.9)
2017-09-25,2692,POINT(-97.0 42.3)
2017-09-25,999,POINT(-86.8 32.1)
2017-09-25,4294,POINT(-107.1 27.3)
2017-09-26,264,POINT(-114.0 46.5)
2017-09-26,4173,POINT(-88.0 41.3)
2017-09-26,4721,POINT(-111.0 40.6)
2017-09-26,4979,POINT(-120.2 26.4)
2017-09-26,4462,POINT(-125.0 44.6)
2017-09-26,265,POINT(-88.5 38.6)
2017-09-26,1017,POINT(-103.3 45.3)
2017-09-26,1765,POINT(-79.9 48.4)
2017-09-26,2581,POINT(-102.5 48.0)
2017-09-26,3918,POINT(-95.8 45.5)
2017-09-27,3007,POINT(-100.6 25.3)
2017-09-27,2813,POINT(-86.0 46.3)
2017-09-27,3775,POINT(-103.6 26.8)
2017-09-27,4389,POINT(-67.2 45.4)
2017-09-27,3393,POINT(-68.8 31.7)
2017-09-27,108,POINT(-74.1 39.6)
2017-09-27,206,POINT(-69.8 25.9)
2017-09-27,2539,POINT(-98.1 43.5)
2017-09-27,887,POINT(-92.8 27.7)
2017-09-27,1878,POINT(-80.5 34.9)
2017-09-28,2675,POINT(-83.2 44.6)
2017-09-28,1398,POINT(-71.6 41.7)
2017-09-28,2425,POINT(-82.0 25.1)
2017-09-28,579,POINT(-65.1 34.7)
2017-09-28,2647,POINT(-104.1 26.0)
2017-09-28,1075,POINT(-75.0 41.2)
2017-09-28,431,POINT(-83.1 48.3)
2017-09-28,2893,POINT(-83.5 40.7)
2017-09-28,1214,POINT(-105.4 30.4)
2017-09-28,554,POINT(-77.9 33.5)
2017-09-29,4176,POINT(-71.0 48.4)
2017-09-29,3649,POINT(-111.9 30.4)
2017-09-29,1233,POINT(-87.5 38.5)
2017-09-29,3182,POINT(-101.5 34.6)
2017-09-29,777,POINT(-65.6 43.4)
2017-09-29,3667,POINT(-96.3 45.8)
2017-09-29,664,POINT(-111.3 33.2)
2017-09-29,2456,POINT(-102.1 40.8)
2017-09-29,230,POINT(-85.8 38.2)
2017-09-29,3676,POINT(-120.4 31.7)
2017-09-30,4287,POINT(-88.8 31.5)
2017-09-30,4412,POINT(-69.1 37.9)
2017-09-30,2579,POINT(-74.0 28.7)
2017-09-30,1023,POINT(-120.9 44.5)
2017-09-30,2061,POINT(-65.4 26.7)
2017-09-30,3995,POINT(-83.1 27.3)
2017-09-30,4953,POINT(-115.3 33.2)
2017-09-30,4909,POINT(-124.3 27.8)
2017-09-30,4320,POINT(-114.7 36.4)
2017-09-30,3029,POINT(-74.7 34.6)
2017-10-01,3691,POINT(-123.7 42.3)
2017-10-01,1453,POINT(-111.0 47.9)
2017-10-01,4206,POINT(-79.6 43.1)
2017-10-01,3020,POINT(-89.8 29.3)
2017-10-01,582,POINT(-78.0 47.5)
2017-10-01,1342,POINT(-80.2 34.4)
2017-10-01,4763,POINT(-122.0 36.4)
2017-10-01,4012,POINT(-71.4 35.1)
2017-10-01,3144,POINT(-111.4 31.7)
2017-10-01,4096,POINT(-91.8 46.5)
2017-10-02,235,POINT(-86.3 33.0)
2017-10-02,4210,POINT(-114.9 38.9)
2017-10-02,2007,POINT(-66.4 30.8)
2017-10-02,781,POINT(-95.7 44.1)
2017-10-02,4534,POINT(-121.5 43.6)
2017-10-02,443,POINT(-68.8 32.1)
2017-10-02,3109,POINT(-89.8 41.4)
2017-10-02,2739,POINT(-83.0 41.9)
2017-10-02,3417,POINT(-93.5 38.5)
2017-10-02,3150,POINT(-74.9 39.4)
2017-10-03,875,POINT(-123.0 38.8)
2017-10-03,2803,POINT(-108.9 27.0)
2017-10-03,2921,POINT(-96.8 41.1)
2017-10-03,2425,POINT(-120.4 36.3)
2017-10-03,260,POINT(-82.6 35.5)
2017-10-03,4961,POINT(-101.4 45.6)
2017-10-03,3767,POINT(-108.6 25.6)
2017-10-03,4666,POINT(-124.8 31.0)
2017-10-03,928,POINT(-81.8 27.9)
2017-10-03,1183,POINT(-75.0 25.8)
2017-10-04,3213,POINT(-101.3 31.6)
2017-10-04,442,POINT(-91.1 48.7)
2017-10-04,845,POINT(-111.3 31.5)
2017-10-04,2256,POINT(-87.7 40.9)
2017-10-04,2272,POINT(-124.3 27.8)
2017-10-04,907,POINT(-95.7 39.4)
2017-10-04,3642,POINT(-86.3 48.6)
2017-10-04,4577,POINT(-69.9 32.0)
2017-10-04,3825,POINT(-102.1 45.4)
2017-10-04,256,POINT(-79.1 48.9)
2017-10-05,2439,POINT(-89.1 39.1)
2017-10-05,1000,POINT(-69.4 32.4)
2017-10-05,3320,POINT(-101.1 41.2)
2017-10-05,936,POINT(-105.9 45.3)
2017-10-05,3448,POINT(-71.8 29.1)
2017-10-05,2617,POINT(-122.0 35.9)
2017-10-05,1084,POINT(-116.8 32.7)
2017-10-05,4032,POINT(-120.1 31.8)
2017-10-05,3809,POINT(-74.4 45.7)
2017-10-05,4794,POINT(-124.4 35.1)
2017-10-06,3161,POINT(-73.3 33.1)
2017-10-06,3448,POINT(-97.9 39.5)
2017-10-06,4583,POINT(-124.8 30.3)
2017-10-06,3501,POINT(-100.9 30.5)
2017-10-06,716,POINT(-113.8 37.5)
2017-10-06,3074,POINT(-87.5 34.8)
2017-10-06,763,POINT(-84.2 32.1)
2017-10-06,597,POINT(-95.7 26.3)
2017-10-06,1344,POINT(-122.6 37.5)
2017-10-06,1857,POINT(-85.6 44.6)
2017-10-07,3944,POINT(-74.5 45.4)
2017-10-07,3936,POINT(-81.8 30.7)
2017-10-07,3327,POINT(-75.2 39.4)
2017-10-07,4030,POINT(-113.0 45.5)
2017-10-07,3165,POINT(-71.7 34.8)
2017-10-07,4312,POINT(-105.7 47.4)
2017-10-07,2208,POINT(-124.2 46.7)
2017-10-07,174,POINT(-74.4 30.0)
2017-10-07,2008,POINT(-68.5 31.2)
2017-10-07,3067,POINT(-85.7 29.3)
2017-10-08,2094,POINT(-111.1 29.7)
2017-10-08,4438,POINT(-109.9 46.8)
2017-10-08,412,POINT(-97.0 47.3)
2017-10-08,423,POINT(-71.1 26.2)
2017-10-08,54,POINT(-116.0 39.2)
2017-10-08,4167,POINT(-75.4 38.5)
2017-10-08,2477,POINT(-107.5 34.4)
2017-10-08,877,POINT(-76.5 40.2)
2017-10-08,28,POINT(-69.8 47.7)
2017-10-08,374,POINT(-99.4 29.1)
2017-10-09,3842,POINT(-103.1 27.9)
2017-10-09,589,POINT(-76.9 25.8)
2017-10-09,555,POINT(-93.2 33.7)
2017-10-09,4160,POINT(-83.9 33.1)
2017-10-09,4883,POINT(-87.6 35.3)
2017-10-09,3049,POINT(-115.8 37.1)
2017-10-09,4147,POINT(-74.3 43.2)
2017-10-09,4054,POINT(-113.3 34.4)
2017-10-09,4336,POINT(-69.1 32.9)
2017-10-09,462,POINT(-110.0 44.8)
2017-10-10,3971,POINT(-81.0 45.4)
2017-10-10,1391,POINT(-107.9 30.6)
2017-10-10,1477,POINT(-105.9 32.6)
2017-10-10,2748,POINT(-106.4 44.8)
2017-10-10,1226,POINT(-80.1 26.9)
2017-10-10,890,POINT(-91.6 32.8)
2017-10-10,3824,POINT(-72.0 35.8)
2017-10-10,3159,POINT(-106.6 29.5)
2017-10-10,94,POINT(-83.5 29.3)
2017-10-10,4154,POINT(-79.8 35.2)
2017-10-11,1178,POINT(-115.9 43.1)
2017-10-11,4174,POINT(-101.0 45.2)
2017-10-11,3139,POINT(-96.0 48.5)
2017-10-11,3655,POINT(-103.7 26.8)
2017-10-11,2536,POINT(-105.7 30.2)
2017-10-11,2877,POINT(-83.8 43.2)
2017-10-11,3526,POINT(-112.0 38.0)
2017-10-11,3377,POINT(-82.4 32.9)
2017-10-11,2204,POINT(-68.9 29.9)
2017-10-11,3565,POINT(-91.1 31.7)
2017-10-12,455,POINT(-88.3 35.3)
2017-10-12,3636,POINT(-120.9 29.3)
2017-10-12,4026,POINT(-73.1 48.1)
2017-10-12,3885,POINT(-107.9 27.6)
2017-10-12,3347,POINT(-88.1 48.7)
2017-10-12,271,POINT(-66.3 45.2)
2017-10-12,1858,POINT(-89.3 35.2)
2017-10-12,4035,POINT(-81.5 42.8)
2017-10-12,2276,POINT(-98.3 41.1)
2017-10-12,101,POINT(-121.4 30.1)
2017-10-13,4232,POINT(-77.1 33.1)
2017-10-13,4185,POINT(-122.9 37.3)
2017-10-13,3319,POINT(-83.0 40.3)
2017-10-13,992,POINT(-123.6 38.0)
2017-10-13,3453,POINT(-73.3 36.4)
2017-10-13,2543,POINT(-115.5 35.6)
2017-10-13,703,POINT(-94.1 37.0)
2017-10-13,4130,POINT(-89.2 35.4)
2017-10-13,165,POINT(-97.5 38.0)
2017-10-13,3598,POINT(-104.6 46.3)
2017-10-14,1822,POINT(-96.9 40.2)
2017-10-14,4124,POINT(-106.3 42.3)
2017-10-14,1417,POINT(-98.7 39.3)
2017-10-14,1226,POINT(-103.5 40.4)
2017-10-14,1420,POINT(-91.0 38.9)
2017-10-14,3507,POINT(-110.7 25.6)
2017-10-14,4382,POINT(-65.7 49.0)
2017-10-14,4850,POINT(-94.9 25.8)
2017-10-14,561,POINT(-113.4 34.5)
2017-10-14,3404,POINT(-96.4 27.5)
2017-10-15,1186,POINT(-73.0 27.3)
2017-10-15,4744,POINT(-123.7 44.0)
2017-10-15,4342,POINT(-84.2 35.2)
2017-10-15,1007,POINT(-92.1 44.2)
2017-10-15,4086,POINT(-114.8 31.5)
2017-10-15,2741,POINT(-76.0 31.2)
2017-10-15,3947,POINT(-102.9 31.0)
2017-10-15,4062,POINT(-107.4 39.8)
2017-10-15,382,POINT(-75.3 44.6)
2017-10-15,2258,POINT(-86.7 35.9)
2017-10-16,858,POINT(-71.1 34.1)
2017-10-16,2566,POINT(-87.2 48.4)
2017-10-16,2332,POINT(-80.6 27.8)
2017-10-16,513,POINT(-74.8 36.7)
2017-10-16,3199,POINT(-121.7 34.8)
2017-10-16,712,POINT(-78.4 27.4)
2017-10-16,3635,POINT(-88.2 31.4)
2017-10-16,324,POINT(-120.8 25.7)
2017-10-16,2386,POINT(-94.5 46.0)
2017-10-16,1050,POINT(-120.1 39.6)
2017-10-17,4388,POINT(-80.8 44.6)
2017-10-17,3000,POINT(-92.2 37.5)
2017-10-17,267,POINT(-67.8 39.4)
2017-10-17,584,POINT(-114.0 41.8)
2017-10-17,4679,POINT(-88.6 46.8)
2017-10-17,1562,POINT(-112.3 27.2)
2017-10-17,4528,POINT(-88.2 32.9)
2017-10-17,767,POINT(-81.6 42.0)
2017-10-17,2820,POINT(-81.7 48.0)
2017-10-17,1114,POINT(-76.1 48.5)
2017-10-18,4534,POINT(-73.8 40.3)
2017-10-18,3469,POINT(-120.4 29.6)
2017-10-18,4002,POINT(-104.4 27.9)
2017-10-18,213,POINT(-83.8 47.7)
2017-10-18,2785,POINT(-95.1 35.4)
2017-10-18,2342,POINT(-113.6 29.7)
2017-10-18,2002,POINT(-91.8 47.4)
2017-10-18,2253,POINT(-100.6 27.5)
2017-10-18,316,POINT(-101.6 42.5)
2017-10-18,1697,POINT(-76.4 40.0)
2017-10-19,4119,POINT(-100.5 27.1)
2017-10-19,1870,POINT(-123.4 33.1)
2017-10-19,1971,POINT(-121.5 28.6)
2017-10-19,732,POINT(-73.6 39.5)
2017-10-19,789,POINT(-67.4 36.5)
2017-10-19,538,POINT(-83.7 25.1)
2017-10-19,4903,POINT(-103.1 48.4)
2017-10-19,353,POINT(-68.7 33.4)
2017-10-19,3796,POINT(-85.2 31.2)
2017-10-19,3692,POINT(-74.3 30.3)
2017-10-20,218,POINT(-79.0 28.8)
2017-10-20,4746,POINT(-102.3 49.0)
2017-10-20,3416,POINT(-96.3 32.1)
2017-10-20,1321,POINT(-113.8 34.7)
2017-10-20,2309,POINT(-107.5 45.9)
2017-10-20,3346,POINT(-78.3 40.4)
2017-10-20,1957,POINT(-71.4 33.8)
2017-10-20,929,POINT(-81.5 46.6)
2017-10-20,2054,POINT(-97.1 43.0)
2017-10-20,428,POINT(-119.8 30.5)
2017-10-21,1759,POINT(-121.6 40.4)
2017-10-21,2852,POINT(-102.5 47.1)
2017-10-21,1109,POINT(-97.2 36.9)
2017-10-21,3402,POINT(-88.5 42.6)
2017-10-21,2782,POINT(-124.6 48.3)
2017-10-21,2490,POINT(-65.6 41.6)
2017-10-21,1555,POINT(-103.2 27.5)
2017-10-21,1080,POINT(-74.1 30.9)
2017-10-21,1860,POINT(-92.9 39.3)
2017-10-21,4208,POINT(-117.2 31.6)
2017-10-22,2949,POINT(-77.1 48.0)
2017-10-22,1913,POINT(-82.4 34.7)
2017-10-22,688,POINT(-93.4 36.0)
2017-10-22,998,POINT(-94.1 41.8)
2017-10-22,2485,POINT(-119.8 37.6)
2017-10-22,1617,POINT(-85.6 34.2)
2017-10-22,2879,POINT(-70.3 26.8)
2017-10-22,1512,POINT(-119.4 39.3)
2017-10-22,1799,POINT(-109.2 45.8)
2017-10-22,1435,POINT(-70.9 41.5)
2017-10-23,2450,POINT(-107.9 34.2)
2017-10-23,2052,POINT(-85.8 28.1)
2017-10-23,1288,POINT(-92.9 44.6)
2017-10-23,2604,POINT(-89.2 47.6)
2017-10-23,4699,POINT(-100.1 34.3)
2017-10-23,2446,POINT(-107.0 42.5)
2017-10-23,3813,POINT(-122.1 34.9)
2017-10-23,2215,POINT(-80.3 37.1)
2017-10-23,1037,POINT(-80.2 45.1)
2017-10-23,3549,POINT(-84.8 27.0)
2017-10-24,3493,POINT(-86.4 37.7)
2017-10-24,2251,POINT(-110.4 30.2)
2017-10-24,2775,POINT(-123.7 33.2)
2017-10-24,1183,POINT(-76.5 40.5)
2017-10-24,3240,POINT(-95.5 25.7)
2017-10-24,3360,POINT(-106.6 39.3)
2017-10-24,4921,POINT(-118.9 31.8)
2017-10-24,413,POINT(-121.2 41.1)
2017-10-24,4998,POINT(-104.1 28.4)
2017-10-24,2735,POINT(-76.7 42.7)
2017-10-25,3392,POINT(-69.9 40.5)
2017-10-25,4173,POINT(-71.2 48.3)
2017-10-25,97,POINT(-69.8 46.9)
2017-10-25,1168,POINT(-70.5 31.8)
2017-10-25,4283,POINT(-93.4 25.7)
2017-10-25,2867,POINT(-111.8 40.7)
2017-10-25,1391,POINT(-77.1 39.5)
2017-10-25,4691,POINT(-112.2 25.7)
2017-10-25,2074,POINT(-109.0 27.9)
2017-10-25,2384,POINT(-111.0 39.0)
2017-10-26,327,POINT(-94.1 46.9)
2017-10-26,1512,POINT(-105.7 46.8)
2017-10-26,2052,POINT(-115.8 28.6)
2017-10-26,4608,POINT(-97.8 34.2)
2017-10-26,2032,POINT(-72.6 26.0)
2017-10-26,128,POINT(-90.8 36.3)
2017-10-26,719,POINT(-72.3 43.1)
2017-10-26,3567,POINT(-113.2 44.0)
2017-10-26,4150,POINT(-115.0 37.0)
2017-10-26,4419,POINT(-90.5 27.3)
2017-10-27,3260,POINT(-97.2 34.2)
2017-10-27,427,POINT(-85.4 47.4)
2017-10-27,2613,POINT(-77.3 30.5)
2017-10-27,3864,POINT(-79.9 32.7)
2017-10-27,1111,POINT(-68.5 42.9)
2017-10-27,4431,POINT(-101.1 42.6)
2017-10-27,3438,POINT(-112.6 46.9)
2017-10-27,2271,POINT(-91.9 34.3)
2017-10-27,4179,POINT(-118.4 37.4)
2017-10-27,3644,POINT(-107.7 36.2)
2017-10-28,518,POINT(-112.5 47.3)
2017-10-28,2389,POINT(-101.2 43.5)
2017-10-28,3174,POINT(-118.3 45.0)
2017-10-28,697,POINT(-123.1 28.2)
2017-10-28,4762,POINT(-85.6 44.0)
2017-10-28,1302,POINT(-88.4 35.4)
2017-10-28,3915,POINT(-82.5 25.6)
2017-10-28,3085,POINT(-85.4 26.4)
2017-10-28,3219,POINT(-118.1 41.3)
2017-10-28,334,POINT(-107.5 33.9)
2017-10-29,2003,POINT(-117.2 45.8)
2017-10-29,3986,POINT(-74.4 42.6)
2017-10-29,4822,POINT(-80.2 25.5)
2017-10-29,2780,POINT(-112.9 41.5)
2017-10-29,4382,POINT(-104.5 29.6)
2017-10-29,2593,POINT(-67.0 35.1)
2017-10-29,3567,POINT(-89.4 40.0)
2017-10-29,3597,POINT(-76.9 45.9)
2017-10-29,161,POINT(-109.1 35.9)
2017-10-29,964,POINT(-112.4 44.4)
2017-10-30,4364,POINT(-78.0 43.8)
2017-10-30,2381,POINT(-83.8 34.9)
2017-10-30,4974,POINT(-84.1 37.0)
2017-10-30,1201,POINT(-91.8 41.8)
2017-10-30,697,POINT(-91.2 25.7)
2017-10-30,319,POINT(-80.9 46.4)
2017-10-30,1512,POINT(-108.8 43.5)
2017-10-30,3137,POINT(-103.8 31.0)
2017-10-30,4578,POINT(-72.7 48.5)
2017-10-30,3377,POINT(-106.5 29.3)
2017-10-31,3405,POINT(-92.2 46.9)
2017-10-31,823,POINT(-82.8 32.8)
2017-10-31,855,POINT(-65.0 43.3)
2017-10-31,1174,POINT(-98.9 36.0)
2017-10-31,4772,POINT(-99.3 42.7)
2017-10-31,1777,POINT(-74.4 28.7)
2017-10-31,364,POINT(-76.7 31.5)
2017-10-31,1882,POINT(-81.1 27.4)
2017-10-31,2034,POINT(-97.2 45.8)
2017-10-31,2827,POINT(-105.6 32.1)
2017-11-01,3842,POINT(-88.5 41.7)
2017-11-01,4285,POINT(-72.4 44.7)
2017-11-01,75,POINT(-72.0 46.6)
2017-11-01,4925,POINT(-118.5 27.6)
2017-11-01,4276,POINT(-99.3 46.4)
2017-11-01,4100,POINT(-97.1 29.7)
2017-11-01,2531,POINT(-66.3 42.7)
2017-11-01,2591,POINT(-84.3 42.5)
2017-11-01,1400,POINT(-100.6 25.2)
2017-11-01,1140,POINT(-123.4 30.3)
2017-11-02,2496,POINT(-91.1 36.8)
2017-11-02,844,POINT(-119.2 35.1)
2017-11-02,236,POINT(-74.9 47.0)
2017-11-02,3525,POINT(-79.8 33.6)
2017-11-02,4547,POINT(-97.4 47.5)
2017-11-02,2453,POINT(-99.2 36.0)
2017-11-02,737,POINT(-71.2 48.1)
2017-11-02,3696,POINT(-107.7 42.7)
2017-11-02,3632,POINT(-110.1 44.9)
2017-11-02,1046,POINT(-68.6 27.5)
2017-11-03,1842,POINT(-76.4 39.1)
2017-11-03,2750,POINT(-75.8 28.4)
2017-11-03,502,POINT(-113.3 32.1)
2017-11-03,1558,POINT(-116.4 40.0)
2017-11-03,1153,POINT(-123.4 42.4)
2017-11-03,3967,POINT(-110.8 25.9)
2017-11-03,3417,POINT(-78.5 37.7)
2017-11-03,649,POINT(-110.6 38.6)
2017-11-03,182,POINT(-81.3 26.9)
2017-11-03,4364,POINT(-109.9 37.0)
2017-11-04,3969,POINT(-101.3 42.1)
2017-11-04,526,POINT(-66.0 26.3)
2017-11-04,532,POINT(-110.3 43.2)
2017-11-04,1927,POINT(-102.4 38.8)
2017-11-04,2896,POINT(-106.9 45.0)
2017-11-04,2174,POINT(-118.4 30.2)
2017-11-04,1939,POINT(-95.6 45.0)
2017-11-04,3955,POINT(-102.3 27.3)
2017-11-04,2219,POINT(-83.3 34.7)
2017-11-04,3793,POINT(-75.9 29.8)
2017-11-05,2600,POINT(-92.3 46.0)
2017-11-05,4944,POINT(-123.1 41.9)
2017-11-05,4086,POINT(-87.9 25.6)
2017-11-05,1103,POINT(-121.7 25.2)
2017-11-05,3890,POINT(-88.0 32.0)
2017-11-05,2504,POINT(-83.9 28.4)
2017-11-05,2589,POINT(-113.1 40.1)
2017-11-05,2498,POINT(-75.8 40.9)
2017-11-05,2795,POINT(-70.3 47.6)
2017-11-05,2768,POINT(-76.2 47.8)
2017-11-06,1584,POINT(-106.7 40.8)
2017-11-06,2383,POINT(-89.8 25.1)
2017-11-06,4000,POINT(-70.1 33.6)
2017-11-06,4855,POINT(-105.8 37.3)
2017-11-06,1103,POINT(-75.8 37.0)
2017-11-06,1199,POINT(-124.4 39.5)
2017-11-06,2699,POINT(-124.8 48.1)
2017-11-06,4105,POINT(-79.4 46.2)
2017-11-06,1885,POINT(-79.3 27.6)
2017-11-06,3416,POINT(-77.7 31.4)
2017-11-07,1797,POINT(-69.2 45.0)
2017-11-07,3942,POINT(-117.9 44.8)
2017-11-07,1617,POINT(-111.1 31.6)
2017-11-07,3758,POINT(-70.8 42.5)
2017-11-07,58,POINT(-114.4 41.1)
2017-11-07,3871,POINT(-84.1 36.4)
2017-11-07,2190,POINT(-93.2 29.8)
2017-11-07,3056,POINT(-120.0 46.3)
2017-11-07,2843,POINT(-107.9 41.3)
2017-11-07,1407,POINT(-93.8 29.1)
2017-11-08,3836,POINT(-73.9 41.9)
2017-11-08,4584,POINT(-82.5 42.8)
2017-11-08,841,POINT(-87.7 46.3)
2017-11-08,2707,POINT(-95.2 30.3)
2017-11-08,4787,POINT(-107.1 48.7)
2017-11-08,2745,POINT(-117.8 28.7)
2017-11-08,91,POINT(-100.5 39.4)
2017-11-08,96,POINT(-123.3 40.8)
2017-11-08,2073,POINT(-112.3 35.1)
2017-11-08,831,POINT(-99.1 36.4)
2017-11-09,172,POINT(-99.9 46.4)
2017-11-09,3749,POINT(-122.3 40.5)
2017-11-09,2407,POINT(-89.7 36.9)
2017-11-09,1942,POINT(-92.0 28.1)
2017-11-09,2738,POINT(-120.3 25.2)
2017-11-09,3545,POINT(-68.4 28.0)
2017-11-09,3456,POINT(-119.0 47.9)
2017-11-09,2800,POINT(-73.7 43.3)
2017-11-09,2717,POINT(-125.0 48.2)
2017-11-09,3943,POINT(-72.1 25.9)
2017-11-10,3395,POINT(-123.8 41.3)
2017-11-10,932,POINT(-79.5 26.1)
2017-11-10,2185,POINT(-103.3 43.8)
2017-11-10,1592,POINT(-80.7 34.1)
2017-11-10,574,POINT(-100.9 27.3)
2017-11-10,3268,POINT(-120.7 38.6)
2017-11-10,2607,POINT(-78.9 31.7)
2017-11-10,2510,POINT(-120.7 40.8)
2017-11-10,4576,POINT(-69.7 40.8)
2017-11-10,997,POINT(-121.9 41.9)
2017-11-11,3646,POINT(-96.2 48.8)
2017-11-11,233,POINT(-81.6 34.3)
2017-11-11,360,POINT(-101.4 36.2)
2017-11-11,1938,POINT(-112.0 44.3)
2017-11-11,358,POINT(-79.5 38.9)
2017-11-11,4287,POINT(-77.9 25.9)
2017-11-11,4742,POINT(-69.6 45.2)
2017-11-11,1027,POINT(-102.4 26.2)
2017-11-11,2236,POINT(-94.6 29.1)
2017-11-11,4877,POINT(-103.2 27.4)
2017-11-12,4134,POINT(-109.6 26.9)
2017-11-12,2429,POINT(-79.9 25.6)
2017-11-12,1903,POINT(-104.6 26.3)
2017-11-12,3050,POINT(-99.3 35.6)
2017-11-12,2078,POINT(-100.8 31.1)
2017-11-12,1135,POINT(-82.2 28.0)
2017-11-12,3127,POINT(-69.9 40.8)
2017-11-12,4171,POINT(-85.0 30.4)
2017-11-12,4052,POINT(-96.7 25.5)
2017-11-12,4443,POINT(-78.2 35.0)
2017-11-13,2180,POINT(-86.5 32.5)
2017-11-13,456,POINT(-121.4 32.6)
2017-11-13,2668,POINT(-119.3 35.7)
2017-11-13,3372,POINT(-122.7 41.1)
2017-11-13,2728,POINT(-97.6 39.8)
2017-11-13,3493,POINT(-75.4 47.5)
2017-11-13,2954,POINT(-106.2 37.4)
2017-11-13,4386,POINT(-102.0 36.3)
2017-11-13,605,POINT(-70.4 30.1)
2017-11-13,1996,POINT(-74.8 43.1)
2017-11-14,2760,POINT(-85.1 28.4)
2017-11-14,1084,POINT(-109.0 36.8)
2017-11-14,3979,POINT(-118.0 35.1)
2017-11-14,4315,POINT(-124.0 40.8)
2017-11-14,4231,POINT(-118.6 47.0)
2017-11-14,4597,POINT(-107.4 47.7)
2017-11-14,3590,POINT(-91.9 29.0)
2017-11-14,3017,POINT(-121.2 31.3)
2017-11-14,979,POINT(-116.8 44.5)
2017-11-14,590,POINT(-114.1 37.4)
2017-11-15,2834,POINT(-87.1 35.9)
2017-11-15,4011,POINT(-88.1 42.1)
2017-11-15,1221,POINT(-92.0 39.4)
2017-11-15,239,POINT(-110.0 48.3)
2017-11-15,4294,POINT(-102.7 39.0)
2017-11-15,3195,POINT(-119.2 36.2)
2017-11-15,511,POINT(-111.4 38.0)
2017-11-15,2142,POINT(-71.1 44.4)
2017-11-15,58,POINT(-66.2 39.7)
2017-11-15,3576,POINT(-86.1 40.5)
2017-11-16,3065,POINT(-70.0 48.3)
2017-11-16,698,POINT(-86.4 39.8)
2017-11-16,396,POINT(-123.0 34.1)
2017-11-16,979,POINT(-65.2 41.6)
2017-11-16,3470,POINT(-119.1 40.8)
2017-11-16,1015,POINT(-84.0 25.3)
2017-11-16,3062,POINT(-109.8 36.2)
2017-11-16,3427,POINT(-101.5 42.8)
2017-11-16,2312,POINT(-86.2 37.0)
2017-11-16,2293,POINT(-98.8 43.7)
2017-11-17,1617,POINT(-110.0 35.8)
2017-11-17,4376,POINT(-104.9 48.6)
2017-11-17,132,POINT(-104.5 32.0)
2017-11-17,1290,POINT(-67.4 27.2)
2017-11-17,3737,POINT(-77.1 35.3)
2017-11-17,268,POINT(-97.5 38.0)
2017-11-17,957,POINT(-113.0 33.4)
2017-11-17,4968,POINT(-76.3 30.8)
2017-11-17,534,POINT(-115.6 41.1)
2017-11-17,897,POINT(-112.4 34.1)
2017-11-18,217,POINT(-103.0 40.2)
2017-11-18,3392,POINT(-72.2 43.7)
2017-11-18,2804,POINT(-117.1 43.3)
2017-11-18,158,POINT(-117.7 34.0)
2017-11-18,447,POINT(-95.4 38.6)
2017-11-18,2212,POINT(-108.4 35.8)
2017-11-18,3759,POINT(-90.9 45.9)
2017-11-18,3171,POINT(-97.9 46.1)
2017-11-18,3911,POINT(-98.9 33.2)
2017-11-18,4463,POINT(-118.3 27.2)
2017-11-19,3255,POINT(-116.5 29.0)
2017-11-19,4561,POINT(-75.7 33.8)
2017-11-19,2833,POINT(-71.8 38.5)
2017-11-19,4734,POINT(-110.9 40.8)
2017-11-19,3280,POINT(-118.2 33.0)
2017-11-19,495,POINT(-121.8 41.0)
2017-11-19,209,POINT(-88.5 47.5)
2017-11-19,4476,POINT(-82.1 40.6)
2017-11-19,1992,POINT(-102.6 28.8)
2017-11-19,1481,POINT(-84.2 38.9)
2017-11-20,4353,POINT(-82.2 38.0)
2017-11-20,4893,POINT(-68.9 45.9)
2017-11-20,2321,POINT(-121.1 33.4)
2017-11-20,3383,POINT(-113.5 35.2)
2017-11-20,2088,POINT(-120.9 39.4)
2017-11-20,1531,POINT(-72.9 37.6)
2017-11-20,614,POINT(-77.4 42.3)
2017-11-20,3858,POINT(-90.5 26.0)
2017-11-20,3352,POINT(-120.0 38.5)
2017-11-20,1427,POINT(-108.6 27.9)
2017-11-21,4607,POINT(-107.1 32.6)
2017-11-21,3885,POINT(-91.4 40.9)
2017-11-21,2943,POINT(-109.5 28.8)
2017-11-21,558,POINT(-120.6 32.4)
2017-11-21,848,POINT(-81.2 41.9)
2017-11-21,3825,POINT(-107.1 40.6)
2017-11-21,857,POINT(-97.9 27.2)
2017-11-21,4719,POINT(-117.3 38.9)
2017-11-21,4517,POINT(-76.8 28.5)
2017-11-21,4783,POINT(-91.1 31.1)
2017-11-22,4264,POINT(-70.9 36.0)
2017-11-22,4478,POINT(-95.3 27.6)
2017-11-22,2282,POINT(-68.5 48.8)
2017-11-22,3330,POINT(-71.5 29.0)
2017-11-22,2568,POINT(-90.4 43.8)
2017-11-22,4708,POINT(-69.0 44.9)
2017-11-22,4321,POINT(-105.6 48.9)
2017-11-22,2006,POINT(-103.1 35.3)
2017-11-22,3683,POINT(-122.3 46.0)
2017-11-22,1574,POINT(-89.6 48.0)
2017-11-23,4028,POINT(-81.7 29.1)
2017-11-23,1850,POINT(-78.6 36.5)
2017-11-23,3301,POINT(-116.0 26.4)
2017-11-23,2897,POINT(-98.4 39.9)
2017-11-23,736,POINT(-114.4 39.0)
2017-11-23,1254,POINT(-85.3 29.9)
2017-11-23,3470,POINT(-115.5 44.1)
2017-11-23,3728,POINT(-70.8 25.9)
2017-11-23,1075,POINT(-111.2 44.3)
2017-11-23,4781,POINT(-107.5 25.6)
2017-11-24,292,POINT(-73.9 40.8)
2017-11-24,1091,POINT(-97.5 26.9)
2017-11-24,3895,POINT(-123.6 31.0)
2017-11-24,2891,POINT(-95.3 42.3)
2017-11-24,2594,POINT(-119.9 31.7)
2017-11-24,2980,POINT(-65.9 37.3)
2017-11-24,1162,POINT(-89.7 47.0)
2017-11-24,3507,POINT(-109.6 26.2)
2017-11-24,957,POINT(-91.2 44.5)
2017-11-24,4770,POINT(-120.4 26.6)
2017-11-25,1727,POINT(-77.0 28.0)
2017-11-25,76,POINT(-69.5 27.9)
2017-11-25,646,POINT(-72.5 48.9)
2017-11-25,323,POINT(-104.5 29.3)
2017-11-25,3407,POINT(-105.5 46.5)
2017-11-25,574,POINT(-122.9 48.8)
2017-11-25,1611,POINT(-85.9 34.2)
2017-11-25,835,POINT(-92.9 40.1)
2017-11-25,3680,POINT(-97.4 43.7)
2017-11-25,1035,POINT(-70.5 34.4)
2017-11-26,2261,POINT(-114.9 28.9)
2017-11-26,4767,POINT(-124.4 35.4)
2017-11-26,814,POINT(-120.6 43.5)
2017-11-26,2461,POINT(-111.6 43.7)
2017-11-26,4641,POINT(-123.0 30.5)
2017-11-26,1401,POINT(-94.8 29.2)
2017-11-26,1245,POINT(-106.2 47.1)
2017-11-26,4042,POINT(-114.2 26.1)
2017-11-26,3290,POINT(-80.0 42.6)
2017-11-26,4733,POINT(-112.7 26.1)
2017-11-27,4854,POINT(-83.7 45.1)
2017-11-27,3559,POINT(-104.0 46.7)
2017-11-27,4210,POINT(-94.3 32.1)
2017-11-27,4151,POINT(-69.0 26.8)
2017-11-27,1364,POINT(-122.8 36.5)
2017-11-27,1846,POINT(-95.0 32.2)
2017-11-27,2902,POINT(-73.7 35.0)
2017-11-27,2506,POINT(-89.7 41.0)
2017-11-27,2593,POINT(-108.4 30.0)
2017-11-27,2568,POINT(-101.1 33.6)
2017-11-28,3628,POINT(-84.2 43.8)
2017-11-28,1569,POINT(-71.6 40.5)
2017-11-28,1517,POINT(-122.5 32.8)
2017-11-28,4081,POINT(-120.7 40.9)
2017-11-28,2073,POINT(-105.5 43.4)
2017-11-28,3652,POINT(-111.0 39.2)
2017-11-28,2010,POINT(-109.1 30.7)
2017-11-28,1304,POINT(-111.7 25.0)
2017-11-28,4075,POINT(-113.3 44.3)
2017-11-28,2762,POINT(-117.2 44.7)
2017-11-29,1763,POINT(-69.0 41.7)
2017-11-29,4220,POINT(-116.3 26.8)
2017-11-29,1613,POINT(-112.7 39.0)
2017-11-29,1332,POINT(-110.2 44.7)
2017-11-29,2451,POINT(-69.0 34.4)
2017-11-29,1108,POINT(-79.7 29.8)
2017-11-29,1515,POINT(-77.6 39.1)
2017-11-29,1136,POINT(-118.7 44.8)
2017-11-29,306,POINT(-74.8 26.2)
2017-11-29,3059,POINT(-100.5 39.3)
2017-11-30,2235,POINT(-109.2 40.4)
2017-11-30,4364,POINT(-90.5 39.5)
2017-11-30,3797,POINT(-75.7 40.6)
2017-11-30,2106,POINT(-78.3 40.2)
2017-11-30,3619,POINT(-71.6 28.1)
2017-11-30,2218,POINT(-69.3 30.6)
2017-11-30,185,POINT(-110.7 39.9)
2017-11-30,2512,POINT(-99.6 25.4)
2017-11-30,4009,POINT(-124.1 40.2)
2017-11-30,1677,POINT(-72.2 41.0)
2017-12-01,4381,POINT(-115.7 30.7)
2017-12-01,2555,POINT(-73.3 39.4)
2017-12-01,685,POINT(-105.2 37.8)
2017-12-01,1833,POINT(-102.9 31.3)
2017-12-01,1366,POINT(-122.7 36.1)
2017-12-01,3082,POINT(-105.4 46.8)
2017-12-01,3269,POINT(-71.7 35.2)
2017-12-01,556,POINT(-123.5 40.1)
2017-12-01,2093,POINT(-100.6 25.8)
2017-12-01,2050,POINT(-123.1 26.9)
2017-12-02,4544,POINT(-102.7 27.0)
2017-12-02,1762,POINT(-114.6 43.7)
2017-12-02,1625,POINT(-109.9 33.4)
2017-12-02,1859,POINT(-72.3 30.5)
2017-12-02,2652,POINT(-98.8 42.9)
2017-12-02,1610,POINT(-108.6 29.1)
2017-12-02,3406,POINT(-89.6 30.9)
2017-12-02,4412,POINT(-116.5 35.3)
2017-12-02,3615,POINT(-109.4 33.0)
2017-12-02,3809,POINT(-92.2 39.0)
2017-12-03,628,POINT(-110.7 33.1)
2017-12-03,1142,POINT(-84.3 34.4)
2017-12-03,2125,POINT(-95.5 45.7)
2017-12-03,2349,POINT(-78.7 46.2)
2017-12-03,2749,POINT(-68.1 44.9)
2017-12-03,4286,POINT(-118.1 45.8)
2017-12-03,1497,POINT(-104.9 38.7)
2017-12-03,1567,POINT(-105.8 40.5)
2017-12-03,2123,POINT(-115.9 38.4)
2017-12-03,1054,POINT(-76.4 43.9)
2017-12-04,2441,POINT(-79.4 38.2)
2017-12-04,1592,POINT(-95.9 27.7)
2017-12-04,1318,POINT(-92.7 44.4)
2017-12-04,4927,POINT(-121.4 43.3)
2017-12-04,611,POINT(-91.7 44.7)
2017-12-04,1630,POINT(-77.5 29.6)
2017-12-04,4890,POINT(-90.6 31.5)
2017-12-04,4776,POINT(-109.1 32.1)
2017-12-04,110,POINT(-84.9 37.2)
2017-12-04,4281,POINT(-103.3 28.2)
2017-12-05,247,POINT(-92.3 34.2)
2017-12-05,4035,POINT(-95.7 29.4)
2017-12-05,2928,POINT(-102.1 31.4)
2017-12-05,2552,POINT(-81.9 42.0)
2017-12-05,2013,POINT(-72.0 45.5)
2017-12-05,1547,POINT(-124.7 25.5)
2017-12-05,764,POINT(-69.0 38.6)
2017-12-05,3378,POINT(-94.3 25.9)
2017-12-05,2268,POINT(-83.0 27.0)
2017-12-05,3675,POINT(-73.7 41.9)
2017-12-06,4245,POINT(-97.0 42.7)
2017-12-06,550,POINT(-74.9 44.5)
2017-12-06,279,POINT(-114.3 36.4)
2017-12-06,3470,POINT(-115.4 45.6)
2017-12-06,3418,POINT(-85.6 29.0)
2017-12-06,515,POINT(-72.8 31.0)
2017-12-06,1139,POINT(-71.5 28.2)
2017-12-06,2089,POINT(-86.4 44.1)
2017-12-06,3155,POINT(-93.5 30.5)
2017-12-06,3252,POINT(-105.1 28.7)
2017-12-07,4918,POINT(-66.2 40.0)
2017-12-07,371,POINT(-105.8 26.8)
2017-12-07,3730,POINT(-80.3 26.1)
2017-12-07,1466,POINT(-93.1 27.6)
2017-12-07,4077,POINT(-88.5 25.0)
2017-12-07,4205,POINT(-101.4 41.7)
2017-12-07,1691,POINT(-67.1 38.5)
2017-12-07,1062,POINT(-90.7 30.0)
2017-12-07,2519,POINT(-68.7 30.6)
2017-12-07,4737,POINT(-124.5 44.5)
2017-12-08,691,POINT(-90.6 37.0)
2017-12-08,3942,POINT(-82.0 41.8)
2017-12-08,2139,POINT(-80.3 35.9)
2017-12-08,4859,POINT(-70.7 30.7)
2017-12-08,4026,POINT(-124.7 48.3)
2017-12-08,3312,POINT(-125.0 38.6)
2017-12-08,729,POINT(-96.7 28.1)
2017-12-08,84,POINT(-123.2 34.7)
2017-12-08,1303,POINT(-66.5 32.9)
2017-12-08,1932,POINT(-111.7 30.1)
2017-12-09,4167,POINT(-96.6 47.4)
2017-12-09,4979,POINT(-121.3 46.1)
2017-12-09,329,POINT(-93.7 29.8)
2017-12-09,2159,POINT(-102.2 33.5)
2017-12-09,1462,POINT(-122.3 43.3)
2017-12-09,4979,POINT(-104.9 30.0)
2017-12-09,1565,POINT(-101.5 39.2)
2017-12-09,4217,POINT(-65.6 41.8)
2017-12-09,3042,POINT(-112.5 40.7)
2017-12-09,470,POINT(-92.3 42.0)
2017-12-10,896,POINT(-65.8 42.0)
2017-12-10,3543,POINT(-77.5 48.2)
2017-12-10,3946,POINT(-65.4 33.3)
2017-12-10,1125,POINT(-66.9 46.1)
2017-12-10,1085,POINT(-95.6 25.5)
2017-12-10,3886,POINT(-83.2 31.9)
2017-12-10,4625,POINT(-118.4 26.2)
2017-12-10,4917,POINT(-98.5 40.6)
2017-12-10,1934,POINT(-76.5 27.4)
2017-12-10,936,POINT(-94.7 45.3)
2017-12-11,4662,POINT(-82.8 40.5)
2017-12-11,2291,POINT(-80.3 25.7)
2017-12-11,1065,POINT(-109.8 42.2)
2017-12-11,4684,POINT(-72.5 45.7)
2017-12-11,551,POINT(-97.4 40.9)
2017-12-11,2171,POINT(-112.4 25.7)
2017-12-11,2261,POINT(-73.1 45.6)
2017-12-11,1062,POINT(-99.9 42.6)
2017-12-11,4579,POINT(-80.0 34.1)
2017-12-11,2754,POINT(-92.1 32.9)
2017-12-12,3879,POINT(-102.1 36.5)
2017-12-12,4491,POINT(-76.4 45.8)
2017-12-12,4167,POINT(-89.9 31.0)
2017-12-12,4620,POINT(-101.6 27.4)
2017-12-12,4535,POINT(-118.4 45.8)
2017-12-12,4685,POINT(-71.3 25.6)
2017-12-12,1570,POINT(-122.9 46.9)
2017-12-12,3772,POINT(-73.2 32.3)
2017-12-12,1174,POINT(-103.4 37.2)
2017-12-12,2732,POINT(-86.6 28.2)
2017-12-13,2368,POINT(-69.7 46.7)
2017-12-13,480,POINT(-115.9 43.0)
2017-12-13,1426,POINT(-91.0 47.2)
2017-12-13,1478,POINT(-79.1 41.4)
2017-12-13,818,POINT(-79.5 29.4)
2017-12-13,181,POINT(-93.5 32.4)
2017-12-13,4136,POINT(-87.5 36.7)
2017-12-13,4152,POINT(-79.5 39.6)
2017-12-13,4235,POINT(-74.5 47.2)
2017-12-13,2409,POINT(-79.3 34.2)
2017-12-14,1655,POINT(-103.8 41.9)
2017-12-14,67,POINT(-65.2 48.1)
2017-12-14,1139,POINT(-98.9 28.7)
2017-12-14,1363,POINT(-123.5 45.7)
2017-12-14,777,POINT(-103.2 35.1)
2017-12-14,3905,POINT(-117.3 42.6)
2017-12-14,692,POINT(-117.7 32.0)
2017-12-14,3464,POINT(-108.1 33.0)
2017-12-14,2018,POINT(-121.8 25.7)
2017-12-14,3152,POINT(-83.7 48.3)
2017-12-15,1800,POINT(-120.6 44.5)
2017-12-15,1487,POINT(-112.8 27.3)
2017-12-15,895,POINT(-119.4 49.0)
2017-12-15,3916,POINT(-121.2 39.5)
2017-12-15,4502,POINT(-108.9 45.5)
2017-12-15,1548,POINT(-90.7 26.6)
2017-12-15,2083,POINT(-67.1 34.3)
2017-12-15,322,POINT(-72.5 41.1)
2017-12-15,820,POINT(-72.4 27.6)
2017-12-15,2245,POINT(-114.4 36.7)
2017-12-16,2867,POINT(-109.1 35.6)
2017-12-16,2773,POINT(-120.4 30.2)
2017-12-16,2042,POINT(-78.3 32.2)
2017-12-16,1517,POINT(-120.8 48.2)
2017-12-16,4555,POINT(-91.6 31.9)
2017-12-16,2580,POINT(-110.1 30.1)
2017-12-16,1904,POINT(-110.4 37.9)
2017-12-16,2715,POINT(-65.6 41.1)
2017-12-16,606,POINT(-79.6 42.4)
2017-12-16,2157,POINT(-74.8 43.1)
2017-12-17,625,POINT(-90.7 25.9)
2017-12-17,957,POINT(-72.7 34.5)
2017-12-17,4661,POINT(-86.3 43.6)
2017-12-17,4383,POINT(-68.2 46.7)
2017-12-17,3774,POINT(-108.1 39.5)
2017-12-17,2023,POINT(-89.3 26.3)
2017-12-17,3707,POINT(-83.6 34.5)
2017-12-17,500,POINT(-101.4 26.8)
2017-12-17,4360,POINT(-72.2 43.0)
2017-12-17,2438,POINT(-66.2 26.5)
2017-12-18,4997,POINT(-95.4 29.5)
2017-12-18,551,POINT(-101.6 35.0)
2017-12-18,1297,POINT(-96.7 36.1)
2017-12-18,1643,POINT(-73.8 34.8)
2017-12-18,4930,POINT(-86.3 36.1)
2017-12-18,2936,POINT(-122.3 42.1)
2017-12-18,1362,POINT(-92.5 33.9)
2017-12-18,4386,POINT(-124.0 38.1)
2017-12-18,1308,POINT(-78.3 32.3)
2017-12-18,4878,POINT(-105.3 33.5)
2017-12-19,3977,POINT(-96.7 39.7)
2017-12-19,4433,POINT(-77.1 36.8)
2017-12-19,2268,POINT(-122.2 42.4)
2017-12-19,4657,POINT(-115.5 38.5)
2017-12-19,2083,POINT(-101.1 44.3)
2017-12-19,711,POINT(-111.2 35.6)
2017-12-19,1929,POINT(-104.7 36.8)
2017-12-19,2470,POINT(-65.1 41.1)
2017-12-19,4272,POINT(-75.5 30.3)
2017-12-19,4274,POINT(-72.0 34.3)
2017-12-20,4334,POINT(-68.8 40.0)
2017-12-20,376,POINT(-104.5 25.7)
2017-12-20,537,POINT(-107.2 35.5)
2017-12-20,4896,POINT(-111.0 39.4)
2017-12-20,3728,POINT(-75.2 48.2)
2017-12-20,3619,POINT(-84.2 46.0)
2017-12-20,3945,POINT(-110.8 31.7)
2017-12-20,4629,POINT(-102.4 37.2)
2017-12-20,2163,POINT(-94.6 26.4)
2017-12-20,1918,POINT(-93.3 30.8)
2017-12-21,3022,POINT(-71.7 43.6)
2017-12-21,4238,POINT(-102.2 28.0)
2017-12-21,3032,POINT(-70.5 31.2)
2017-12-21,3493,POINT(-98.5 47.7)
2017-12-21,2730,POINT(-80.2 44.8)
2017-12-21,1780,POINT(-69.2 43.8)
2017-12-21,4123,POINT(-70.5 45.7)
2017-12-21,1787,POINT(-121.6 43.0)
2017-12-21,4222,POINT(-112.7 27.9)
2017-12-21,807,POINT(-96.4 37.4)
2017-12-22,3225,POINT(-99.1 35.7)
2017-12-22,3798,POINT(-86.5 32.5)
2017-12-22,2986,POINT(-68.3 45.0)
2017-12-22,3747,POINT(-118.3 36.1)
2017-12-22,1721,POINT(-97.9 26.4)
2017-12-22,762,POINT(-113.5 31.6)
2017-12-22,2479,POINT(-71.4 30.5)
2017-12-22,3979,POINT(-67.1 46.3)
2017-12-22,1402,POINT(-96.3 40.5)
2017-12-22,2615,POINT(-118.8 38.4)
2017-12-23,687,POINT(-77.9 37.2)
2017-12-23,115,POINT(-83.2 40.6)
2017-12-23,3297,POINT(-103.7 43.1)
2017-12-23,4763,POINT(-71.8 38.3)
2017-12-23,1956,POINT(-66.5 47.5)
2017-12-23,1105,POINT(-91.5 48.4)
2017-12-23,1792,POINT(-91.1 48.9)
2017-12-23,4551,POINT(-107.1 41.1)
2017-12-23,3267,POINT(-89.9 47.4)
2017-12-23,2007,POINT(-98.6 34.7)
2017-12-24,4879,POINT(-106.9 45.6)
2017-12-24,1571,POINT(-121.0 46.8)
2017-12-24,4016,POINT(-109.8 46.7)
2017-12-24,1685,POINT(-113.1 44.9)
2017-12-24,1132,POINT(-92.5 34.8)
2017-12-24,3991,POINT(-88.9 28.8)
2017-12-24,1311,POINT(-88.5 33.0)
2017-12-24,953,POINT(-101.7 43.4)
2017-12-24,4560,POINT(-99.7 30.6)
2017-12-24,955,POINT(-74.9 36.5)
2017-12-25,610,POINT(-96.4 38.6)
2017-12-25,2710,POINT(-65.7 39.5)
2017-12-25,4830,POINT(-98.6 47.5)
2017-12-25,1427,POINT(-86.0 40.9)
2017-12-25,1534,POINT(-122.0 43.9)
2017-12-25,3776,POINT(-85.8 39.0)
2017-12-25,260,POINT(-73.9 45.0)
2017-12-25,1554,POINT(-68.5 31.3)
2017-12-25,88,POINT(-65.2 30.0)
2017-12-25,3133,POINT(-108.1 47.2)
2017-12-26,907,POINT(-90.5 41.6)
2017-12-26,4886,POINT(-98.0 41.1)
2017-12-26,235,POINT(-91.2 36.2)
2017-12-26,1219,POINT(-115.6 34.0)
2017-12-26,4908,POINT(-73.6 38.3)
2017-12-26,4847,POINT(-70.4 27.9)
2017-12-26,2188,POINT(-98.0 35.9)
2017-12-26,2689,POINT(-108.2 35.9)
2017-12-26,2895,POINT(-116.5 37.9)
2017-12-26,2816,POINT(-84.0 40.2)
2017-12-27,713,POINT(-106.3 48.0)
2017-12-27,2554,POINT(-70.4 40.7)
2017-12-27,2380,POINT(-84.7 46.2)
2017-12-27,3291,POINT(-86.3 38.4)
2017-12-27,4720,POINT(-91.4 40.0)
2017-12-27,338,POINT(-122.3 26.7)
2017-12-27,4238,POINT(-69.1 28.2)
2017-12-27,4940,POINT(-87.3 38.9)
2017-12-27,130,POINT(-65.4 34.5)
2017-12-27,974,POINT(-92.8 44.2)
2017-12-28,4234,POINT(-82.4 38.0)
2017-12-28,3685,POINT(-121.6 46.2)
2017-12-28,2086,POINT(-87.1 48.3)
2017-12-28,342,POINT(-79.1 28.5)
2017-12-28,3378,POINT(-78.3 34.5)
2017-12-28,1326,POINT(-78.8 41.0)
2017-12-28,1206,POINT(-111.4 32.3)
2017-12-28,3180,POINT(-66.5 31.4)
2017-12-28,1439,POINT(-65.3 44.5)
2017-12-28,365,POINT(-120.5 48.5)
2017-12-29,4244,POINT(-68.8 43.6)
2017-12-29,1536,POINT(-107.6 37.6)
2017-12-29,3907,POINT(-83.6 35.6)
2017-12-29,38,POINT(-104.7 38.0)
2017-12-29,1023,POINT(-66.9 36.1)
2017-12-29,2712,POINT(-118.9 37.1)
2017-12-29,837,POINT(-95.1 29.9)
2017-12-29,4456,POINT(-99.3 46.7)
2017-12-29,2034,POINT(-105.4 43.1)
2017-12-29,308,POINT(-86.3 41.3)
2017-12-30,1875,POINT(-117.1 47.8)
2017-12-30,4026,POINT(-82.0 31.8)
2017-12-30,2121,POINT(-66.2 26.9)
2017-12-30,764,POINT(-76.7 44.8)
2017-12-30,779,POINT(-73.4 49.0)
2017-12-30,3745,POINT(-103.4 38.9)
2017-12-30,1248,POINT(-105.5 26.4)
2017-12-30,4939,POINT(-94.0 43.7)
2017-12-30,2223,POINT(-122.3 26.8)
2017-12-30,1916,POINT(-68.3 38.0)
2017-12-31,1574,POINT(-116.4 31.7)
2017-12-31,1228,POINT(-70.8 47.0)
2017-12-31,4611,POINT(-120.0 35.8)
2017-12-31,1367,POINT(-75.6 46.6)
2017-12-31,3849,POINT(-115.9 32.2)
2017-12-31,1470,POINT(-122.7 34.3)
2017-12-31,3995,POINT(-81.8 47.7)
2017-12-31,1426,POINT(-108.2 29.8)
2017-12-31,2863,POINT(-82.1 38.9)
2017-12-31,4866,POINT(-91.7 34.3)
2018-01-01,4938,POINT(-118.5 43.6)
2018-01-01,1438,POINT(-69.1 28.1)
2018-01-01,4388,POINT(-97.9 35.5)
2018-01-01,4484,POINT(-80.9 41.8)
2018-01-01,4303,POINT(-94.9 34.8)
2018-01-01,3072,POINT(-88.7 26.4)
2018-01-01,3081,POINT(-106.8 41.9)
2018-01-01,565,POINT(-113.0 37.1)
2018-01-01,365,POINT(-92.4 25.3)
2018-01-01,1573,POINT(-98.6 39.7)
2018-01-02,3510,POINT(-101.6 47.1)
2018-01-02,1050,POINT(-84.6 27.7)
2018-01-02,2696,POINT(-83.6 39.2)
2018-01-02,4484,POINT(-122.2 42.5)
2018-01-02,4785,POINT(-104.7 26.7)
2018-01-02,2563,POINT(-100.3 25.5)
2018-01-02,1789,POINT(-119.2 36.1)
2018-01-02,85,POINT(-110.8 44.0)
2018-01-02,4336,POINT(-121.9 28.9)
2018-01-02,3329,POINT(-65.2 45.1)
2018-01-03,2359,POINT(-80.8 40.8)
2018-01-03,2783,POINT(-119.8 33.0)
2018-01-03,2272,POINT(-123.8 37.4)
2018-01-03,3239,POINT(-81.8 48.2)
2018-01-03,2126,POINT(-98.6 30.2)
2018-01-03,402,POINT(-77.8 37.0)
2018-01-03,1118,POINT(-69.6 40.0)
2018-01-03,4372,POINT(-89.0 28.3)
2018-01-03,620,POINT(-113.8 26.0)
2018-01-03,2785,POINT(-78.1 25.3)
2018-01-04,4008,POINT(-67.7 32.8)
2018-01-04,682,POINT(-90.2 26.8)
2018-01-04,3687,POINT(-84.1 44.3)
2018-01-04,40,POINT(-104.8 48.9)
2018-01-04,1410,POINT(-102.1 26.5)
2018-01-04,4081,POINT(-80.9 35.4)
2018-01-04,626,POINT(-69.3 25.6)
2018-01-04,4644,POINT(-87.3 28.2)
2018-01-04,2796,POINT(-77.6 32.8)
2018-01-04,880,POINT(-114.7 34.4)
2018-01-05,4206,POINT(-112.3 47.6)
2018-01-05,3614,POINT(-93.1 34.5)
2018-01-05,1422,POINT(-114.4 36.9)
2018-01-05,2749,POINT(-86.9 30.9)
2018-01-05,950,POINT(-107.5 25.0)
2018-01-05,350,POINT(-77.5 46.6)
2018-01-05,2918,POINT(-76.5 27.0)
2018-01-05,4143,POINT(-97.2 48.1)
2018-01-05,669,POINT(-114.2 28.1)
2018-01-05,2043,POINT(-86.2 39.5)
2018-01-06,1570,POINT(-65.4 49.0)
2018-01-06,3467,POINT(-87.6 28.3)
2018-01-06,1666,POINT(-122.9 35.2)
2018-01-06,2985,POINT(-124.0 43.7)
2018-01-06,1059,POINT(-105.8 25.8)
2018-01-06,463,POINT(-113.3 41.6)
2018-01-06,1714,POINT(-76.2 26.9)
2018-01-06,2794,POINT(-74.3 30.7)
2018-01-06,828,POINT(-109.5 28.8)
2018-01-06,4878,POINT(-105.5 46.8)
2018-01-07,22,POINT(-110.8 29.3)
2018-01-07,3989,POINT(-70.5 26.0)
2018-01-07,930,POINT(-94.8 39.1)
2018-01-07,4930,POINT(-85.6 33.3)
2018-01-07,2428,POINT(-100.1 34.7)
2018-01-07,1324,POINT(-87.1 27.9)
2018-01-07,3687,POINT(-101.8 43.0)
2018-01-07,2027,POINT(-104.6 39.4)
2018-01-07,1238,POINT(-86.9 33.7)
2018-01-07,4802,POINT(-89.5 29.1)
2018-01-08,2444,POINT(-107.4 39.2)
2018-01-08,2878,POINT(-116.0 43.7)
2018-01-08,2525,POINT(-102.9 32.5)
2018-01-08,1448,POINT(-100.1 25.6)
2018-01-08,4174,POINT(-87.3 30.1)
2018-01-08,3553,POINT(-70.1 41.4)
2018-01-08,3185,POINT(-122.8 48.7)
2018-01-08,1791,POINT(-110.4 25.3)
2018-01-08,2273,POINT(-113.4 32.3)
2018-01-08,1979,POINT(-94.9 26.5)
2018-01-09,221,POINT(-99.2 32.6)
2018-01-09,517,POINT(-81.3 34.7)
2018-01-09,341,POINT(-110.5 47.1)
2018-01-09,560,POINT(-89.3 26.9)
2018-01-09,951,POINT(-72.0 43.7)
2018-01-09,737,POINT(-70.4 34.5)
2018-01-09,4985,POINT(-67.5 44.5)
2018-01-09,2872,POINT(-78.6 37.3)
2018-01-09,3253,POINT(-70.6 25.9)
2018-01-09,658,POINT(-110.9 47.7)
2018-01-10,2747,POINT(-113.1 27.0)
2018-01-10,2757,POINT(-124.6 39.3)
2018-01-10,1019,POINT(-82.6 46.1)
2018-01-10,1560,POINT(-68.8 26.9)
2018-01-10,813,POINT(-113.8 38.3)
2018-01-10,4090,POINT(-86.8 44.8)
2018-01-10,4319,POINT(-80.2 48.7)
2018-01-10,4274,POINT(-69.3 42.4)
2018-01-10,3411,POINT(-86.2 31.7)
2018-01-10,4251,POINT(-66.8 41.8)
2018-01-11,4621,POINT(-104.3 41.9)
2018-01-11,3171,POINT(-104.0 41.8)
2018-01-11,4558,POINT(-92.4 45.5)
2018-01-11,4165,POINT(-102.0 27.1)
2018-01-11,537,POINT(-124.9 27.6)
2018-01-11,3308,POINT(-81.1 40.4)
2018-01-11,1033,POINT(-79.9 47.9)
2018-01-11,3744,POINT(-80.2 36.2)
2018-01-11,442,POINT(-104.3 48.1)
2018-01-11,1186,POINT(-93.7 47.5)
2018-01-12,410,POINT(-103.4 46.7)
2018-01-12,2114,POINT(-124.0 46.8)
2018-01-12,3060,POINT(-91.3 46.6)
2018-01-12,2243,POINT(-117.6 44.7)
2018-01-12,2455,POINT(-120.2 41.7)
2018-01-12,4710,POINT(-79.7 25.6)
2018-01-12,2845,POINT(-124.4 28.2)
2018-01-12,2523,POINT(-67.5 28.2)
2018-01-12,1783,POINT(-94.1 25.6)
2018-01-12,1106,POINT(-66.0 27.8)
2018-01-13,938,POINT(-121.5 47.1)
2018-01-13,1961,POINT(-90.0 40.9)
2018-01-13,1983,POINT(-104.0 32.5)
2018-01-13,1564,POINT(-74.4 44.0)
2018-01-13,2788,POINT(-103.3 36.7)
2018-01-13,4431,POINT(-109.4 28.4)
2018-01-13,1004,POINT(-73.5 46.2)
2018-01-13,622,POINT(-102.5 33.1)
2018-01-13,2603,POINT(-124.0 41.8)
2018-01-13,605,POINT(-101.6 32.0)
2018-01-14,851,POINT(-85.7 37.0)
2018-01-14,4449,POINT(-109.7 44.6)
2018-01-14,868,POINT(-99.1 28.8)
2018-01-14,454,POINT(-121.6 48.5)
2018-01-14,1798,POINT(-89.7 26.7)
2018-01-14,4327,POINT(-79.6 37.8)
2018-01-14,3464,POINT(-100.2 47.0)
2018-01-14,3962,POINT(-99.8 47.7)
2018-01-14,4697,POINT(-119.7 30.6)
2018-01-14,1040,POINT(-112.9 28.5)
2018-01-15,1305,POINT(-115.7 42.4)
2018-01-15,2073,POINT(-96.1 26.0)
2018-01-15,1457,POINT(-93.2 36.6)
2018-01-15,2055,POINT(-68.1 44.1)
2018-01-15,4629,POINT(-120.6 38.4)
2018-01-15,2860,POINT(-89.0 29.5)
2018-01-15,3834,POINT(-93.4 36.7)
2018-01-15,2078,POINT(-94.0 47.1)
2018-01-15,3771,POINT(-72.6 39.8)
2018-01-15,2285,POINT(-112.7 42.3)
2018-01-16,1818,POINT(-122.6 33.1)
2018-01-16,1321,POINT(-84.7 29.5)
2018-01-16,4065,POINT(-104.3 31.1)
2018-01-16,2461,POINT(-123.9 37.8)
2018-01-16,1099,POINT(-109.9 31.7)
2018-01-16,1682,POINT(-106.4 38.0)
2018-01-16,3685,POINT(-88.0 42.0)
2018-01-16,4542,POINT(-114.6 42.6)
2018-01-16,4934,POINT(-100.2 29.0)
2018-01-16,4364,POINT(-96.1 43.0)
2018-01-17,2013,POINT(-97.4 41.1)
2018-01-17,4208,POINT(-66.6 25.3)
2018-01-17,4874,POINT(-122.3 26.4)
2018-01-17,1134,POINT(-67.9 40.5)
2018-01-17,1231,POINT(-90.1 34.2)
2018-01-17,2870,POINT(-77.3 28.5)
2018-01-17,2283,POINT(-99.2 26.1)
2018-01-17,3000,POINT(-97.8 28.8)
2018-01-17,2520,POINT(-72.2 48.0)
2018-01-17,246,POINT(-71.2 42.5)
2018-01-18,1154,POINT(-110.7 37.7)
2018-01-18,3263,POINT(-113.0 47.6)
2018-01-18,3792,POINT(-95.2 39.9)
2018-01-18,776,POINT(-71.0 42.4)
2018-01-18,2691,POINT(-105.7 31.8)
2018-01-18,2675,POINT(-85.9 39.1)
2018-01-18,1769,POINT(-82.5 28.4)
2018-01-18,3501,POINT(-78.3 34.7)
2018-01-18,2825,POINT(-91.2 25.8)
2018-01-18,3523,POINT(-100.9 30.2)
2018-01-19,505,POINT(-67.0 26.8)
2018-01-19,3190,POINT(-88.3 34.3)
2018-01-19,3940,POINT(-81.3 45.2)
2018-01-19,2082,POINT(-104.3 34.1)
2018-01-19,347,POINT(-84.8 45.0)
2018-01-19,3959,POINT(-109.5 40.8)
2018-01-19,3118,POINT(-110.3 37.2)
2018-01-19,1827,POINT(-82.1 30.7)
2018-01-19,146,POINT(-93.7 47.1)
2018-01-19,2565,POINT(-84.0 26.3)
2018-01-20,4425,POINT(-108.8 41.5)
2018-01-20,925,POINT(-89.1 39.9)
2018-01-20,3548,POINT(-98.4 35.6)
2018-01-20,2110,POINT(-89.2 30.8)
2018-01-20,2917,POINT(-107.5 35.3)
2018-01-20,2924,POINT(-82.1 45.9)
2018-01-20,1992,POINT(-76.6 45.1)
2018-01-20,3880,POINT(-109.4 47.6)
2018-01-20,4538,POINT(-107.0 32.4)
2018-01-20,3577,POINT(-85.3 34.3)
2018-01-21,1008,POINT(-83.3 25.4)
2018-01-21,2157,POINT(-82.8 47.6)
2018-01-21,4704,POINT(-84.0 32.9)
2018-01-21,405,POINT(-101.4 34.7)
2018-01-21,3608,POINT(-101.3 46.8)
2018-01-21,4520,POINT(-109.7 37.6)
2018-01-21,948,POINT(-115.6 38.6)
2018-01-21,1646,POINT(-83.4 29.2)
2018-01-21,2734,POINT(-119.4 37.0)
2018-01-21,2520,POINT(-68.7 47.0)
2018-01-22,4646,POINT(-75.4 38.4)
2018-01-22,1659,POINT(-73.5 31.1)
2018-01-22,3700,POINT(-70.6 25.7)
2018-01-22,3445,POINT(-100.5 33.1)
2018-01-22,3211,POINT(-74.2 38.7)
2018-01-22,4189,POINT(-115.5 26.0)
2018-01-22,4376,POINT(-123.7 39.6)
2018-01-22,2301,POINT(-77.9 37.6)
2018-01-22,4493,POINT(-120.5 43.8)
2018-01-22,223,POINT(-65.7 25.7)
2018-01-23,3247,POINT(-84.5 43.7)
2018-01-23,3872,POINT(-79.8 37.5)
2018-01-23,68,POINT(-110.3 33.9)
2018-01-23,2940,POINT(-84.6 48.2)
2018-01-23,4948,POINT(-122.4 28.8)
2018-01-23,2981,POINT(-74.7 38.0)
2018-01-23,1537,POINT(-114.8 32.7)
2018-01-23,132,POINT(-83.2 37.7)
2018-01-23,3729,POINT(-111.5 38.3)
2018-01-23,1446,POINT(-120.9 27.1)
2018-01-24,1172,POINT(-96.1 40.9)
2018-01-24,3310,POINT(-114.8 40.2)
2018-01-24,3355,POINT(-81.2 43.5)
2018-01-24,2496,POINT(-110.7 27.2)
2018-01-24,571,POINT(-104.5 32.1)
2018-01-24,3991,POINT(-91.0 40.6)
2018-01-24,1747,POINT(-107.9 28.3)
2018-01-24,914,POINT(-102.3 41.3)
2018-01-24,3564,POINT(-76.1 26.4)
2018-01-24,4500,POINT(-114.2 33.0)
2018-01-25,1736,POINT(-120.1 45.3)
2018-01-25,2933,POINT(-105.3 43.6)
2018-01-25,3541,POINT(-99.5 40.5)
2018-01-25,3916,POINT(-92.4 45.9)
2018-01-25,944,POINT(-102.7 42.0)
2018-01-25,84,POINT(-77.6 37.5)
2018-01-25,304,POINT(-122.6 48.5)
2018-01-25,30,POINT(-99.1 41.7)
2018-01-25,3252,POINT(-102.1 39.4)
2018-01-25,1048,POINT(-86.1 34.8)
2018-01-26,4665,POINT(-67.0 46.7)
2018-01-26,1119,POINT(-94.4 32.1)
2018-01-26,3781,POINT(-65.8 25.2)
2018-01-26,381,POINT(-106.9 29.7)
2018-01-26,4923,POINT(-123.1 27.6)
2018-01-26,1184,POINT(-115.1 32.7)
2018-01-26,1174,POINT(-101.3 44.8)
2018-01-26,1102,POINT(-106.0 40.6)
2018-01-26,1293,POINT(-119.2 29.1)
2018-01-26,2021,POINT(-99.0 43.9)
2018-01-27,855,POINT(-104.7 37.1)
2018-01-27,2001,POINT(-117.6 37.3)
2018-01-27,530,POINT(-107.2 33.7)
2018-01-27,4476,POINT(-71.8 45.8)
2018-01-27,4206,POINT(-106.9 32.6)
2018-01-27,4766,POINT(-82.2 27.3)
2018-01-27,252,POINT(-88.3 32.3)
2018-01-27,2810,POINT(-99.4 42.2)
2018-01-27,4617,POINT(-110.7 40.8)
2018-01-27,2906,POINT(-102.9 29.5)
2018-01-28,2612,POINT(-89.5 27.7)
2018-01-28,2283,POINT(-104.0 40.9)
2018-01-28,1551,POINT(-112.1 41.2)
2018-01-28,2775,POINT(-118.0 33.8)
2018-01-28,2124,POINT(-72.2 45.2)
2018-01-28,4501,POINT(-98.6 48.5)
2018-01-28,4717,POINT(-87.5 29.9)
2018-01-28,3093,POINT(-95.6 38.8)
2018-01-28,1867,POINT(-72.6 25.1)
2018-01-28,779,POINT(-92.2 42.1)
2018-01-29,1432,POINT(-96.2 34.9)
2018-01-29,416,POINT(-69.5 29.6)
2018-01-29,2982,POINT(-81.8 43.1)
2018-01-29,1882,POINT(-118.3 44.5)
2018-01-29,2704,POINT(-114.3 27.7)
2018-01-29,2279,POINT(-77.8 26.0)
2018-01-29,4759,POINT(-74.8 33.0)
2018-01-29,1191,POINT(-92.3 40.0)
2018-01-29,1449,POINT(-91.7 44.0)
2018-01-29,3063,POINT(-87.1 38.1)
2018-01-30,3343,POINT(-98.7 38.9)
2018-01-30,2907,POINT(-84.2 44.2)
2018-01-30,2913,POINT(-118.5 37.7)
2018-01-30,238,POINT(-67.3 39.7)
2018-01-30,3969,POINT(-80.0 37.4)
2018-01-30,1903,POINT(-87.1 46.1)
2018-01-30,1323,POINT(-106.0 30.7)
2018-01-30,1080,POINT(-115.3 31.3)
2018-01-30,984,POINT(-100.4 28.1)
2018-01-30,1748,POINT(-85.3 44.7)
2018-01-31,3295,POINT(-87.0 34.9)
2018-01-31,767,POINT(-102.0 33.3)
2018-01-31,3105,POINT(-88.2 48.6)
2018-01-31,330,POINT(-76.2 47.2)
2018-01-31,2331,POINT(-123.4 48.3)
2018-01-31,565,POINT(-98.0 28.4)
2018-01-31,4949,POINT(-79.5 46.4)
2018-01-31,1396,POINT(-92.2 32.9)
2018-01-31,4773,POINT(-85.9 25.3)
2018-01-31,3057,POINT(-94.0 34.4)
2018-02-01,2437,POINT(-65.5 37.2)
2018-02-01,2014,POINT(-121.7 27.6)
2018-02-01,1940,POINT(-95.5 37.9)
2018-02-01,4851,POINT(-119.5 44.7)
2018-02-01,4780,POINT(-115.4 34.1)
2018-02-01,2173,POINT(-102.0 33.5)
2018-02-01,3877,POINT(-115.7 33.1)
2018-02-01,2436,POINT(-67.2 47.2)
2018-02-01,3803,POINT(-68.2 26.2)
2018-02-01,2523,POINT(-104.8 35.7)
2018-02-02,3813,POINT(-86.6 31.4)
2018-02-02,2337,POINT(-93.0 46.5)
2018-02-02,627,POINT(-76.1 27.3)
2018-02-02,2175,POINT(-87.4 34.9)
2018-02-02,3318,POINT(-125.0 34.8)
2018-02-02,1002,POINT(-79.2 46.3)
2018-02-02,1387,POINT(-80.2 30.2)
2018-02-02,4391,POINT(-94.4 40.5)
2018-02-02,3184,POINT(-70.8 28.2)
2018-02-02,4792,POINT(-70.5 47.9)
2018-02-03,1315,POINT(-93.6 39.2)
2018-02-03,4843,POINT(-88.5 40.0)
2018-02-03,3088,POINT(-65.2 35.4)
2018-02-03,2696,POINT(-107.1 33.2)
2018-02-03,2993,POINT(-105.5 30.1)
2018-02-03,2533,POINT(-114.0 39.5)
2018-02-03,3592,POINT(-71.2 47.9)
2018-02-03,1495,POINT(-80.3 33.6)
2018-02-03,2110,POINT(-118.7 46.2)
2018-02-03,4591,POINT(-66.1 28.6)
2018-02-04,3725,POINT(-81.1 47.5)
2018-02-04,2011,POINT(-74.0 33.4)
2018-02-04,1397,POINT(-122.1 34.1)
2018-02-04,3193,POINT(-94.7 36.1)
2018-02-04,1040,POINT(-83.1 42.2)
2018-02-04,1775,POINT(-92.4 42.3)
2018-02-04,4773,POINT(-85.0 36.5)
2018-02-04,1230,POINT(-75.9 37.6)
2018-02-04,4940,POINT(-102.5 25.7)
2018-02-04,4981,POINT(-74.1 32.3)
2018-02-05,3816,POINT(-115.2 33.3)
2018-02-05,2424,POINT(-108.7 38.4)
2018-02-05,4355,POINT(-122.4 38.4)
2018-02-05,1628,POINT(-103.1 42.0)
2018-02-05,1273,POINT(-102.2 42.2)
2018-02-05,881,POINT(-76.7 30.6)
2018-02-05,844,POINT(-85.8 43.5)
2018-02-05,2832,POINT(-98.8 25.5)
2018-02-05,928,POINT(-85.9 42.2)
2018-02-05,1734,POINT(-121.8 27.4)
2018-02-06,2423,POINT(-114.2 42.5)
2018-02-06,1323,POINT(-87.4 37.7)
2018-02-06,4508,POINT(-86.5 35.5)
2018-02-06,2115,POINT(-78.6 41.6)
2018-02-06,2578,POINT(-100.8 25.9)
2018-02-06,1148,POINT(-81.6 30.4)
2018-02-06,219,POINT(-84.0 39.8)
2018-02-06,1074,POINT(-67.2 45.3)
2018-02-06,4921,POINT(-112.1 34.1)
2018-02-06,2230,POINT(-91.9 31.2)
2018-02-07,243,POINT(-88.9 37.4)
2018-02-07,802,POINT(-65.1 39.9)
2018-02-07,3120,POINT(-112.9 35.1)
2018-02-07,2176,POINT(-93.6 46.0)
2018-02-07,344,POINT(-104.2 37.6)
2018-02-07,1369,POINT(-93.4 25.9)
2018-02-07,1224,POINT(-111.1 30.4)
2018-02-07,4429,POINT(-122.1 35.8)
2018-02-07,293,POINT(-90.6 41.7)
2018-02-07,222,POINT(-104.8 30.3)
2018-02-08,1668,POINT(-114.1 48.4)
2018-02-08,4088,POINT(-105.6 32.6)
2018-02-08,4857,POINT(-122.0 37.8)
2018-02-08,1427,POINT(-68.0 25.5)
2018-02-08,2396,POINT(-90.1 46.2)
2018-02-08,1804,POINT(-76.1 43.9)
2018-02-08,114,POINT(-99.6 29.7)
2018-02-08,4875,POINT(-70.8 47.4)
2018-02-08,3903,POINT(-96.0 32.6)
2018-02-08,3855,POINT(-90.6 41.6)
2018-02-09,3700,POINT(-95.5 44.7)
2018-02-09,3302,POINT(-81.0 42.8)
2018-02-09,388,POINT(-91.0 47.0)
2018-02-09,3303,POINT(-108.7 45.7)
2018-02-09,3339,POINT(-116.3 48.9)
2018-02-09,4818,POINT(-88.6 29.4)
2018-02-09,3448,POINT(-95.6 32.3)
2018-02-09,234,POINT(-119.2 40.3)
2018-02-09,747,POINT(-101.3 42.6)
2018-02-09,245,POINT(-94.1 37.8)
2018-02-10,4288,POINT(-75.4 26.8)
2018-02-10,721,POINT(-120.4 45.2)
2018-02-10,1898,POINT(-104.1 48.1)
2018-02-10,4728,POINT(-75.6 34.7)
2018-02-10,1269,POINT(-86.1 30.4)
2018-02-10,758,POINT(-107.6 25.5)
2018-02-10,3996,POINT(-74.3 30.7)
2018-02-10,3561,POINT(-95.4 41.8)
2018-02-10,519,POINT(-95.1 46.9)
2018-02-10,1833,POINT(-66.4 27.2)
2018-02-11,4890,POINT(-68.2 38.3)
2018-02-11,2951,POINT(-103.5 41.7)
2018-02-11,4242,POINT(-116.6 31.6)
2018-02-11,2144,POINT(-105.5 38.7)
2018-02-11,1787,POINT(-123.2 42.2)
2018-02-11,1232,POINT(-123.8 45.1)
2018-02-11,3677,POINT(-101.3 35.9)
2018-02-11,1787,POINT(-68.5 42.9)
2018-02-11,1314,POINT(-72.7 32.2)
2018-02-11,4869,POINT(-94.3 30.1)
2018-02-12,711,POINT(-91.1 29.5)
2018-02-12,2999,POINT(-124.6 33.6)
2018-02-12,161,POINT(-112.1 25.9)
2018-02-12,1335,POINT(-123.5 31.8)
2018-02-12,1311,POINT(-79.7 40.7)
2018-02-12,3732,POINT(-116.3 40.6)
2018-02-12,1721,POINT(-72.9 26.8)
2018-02-12,816,POINT(-86.4 31.9)
2018-02-12,4340,POINT(-111.2 38.7)
2018-02-12,2732,POINT(-115.5 32.6)
2018-02-13,4666,POINT(-87.3 35.0)
2018-02-13,1335,POINT(-70.9 42.1)
2018-02-13,4143,POINT(-81.9 25.2)
2018-02-13,1169,POINT(-104.1 31.6)
2018-02-13,2879,POINT(-89.8 28.4)
2018-02-13,4526,POINT(-106.4 28.1)
2018-02-13,1252,POINT(-65.1 48.0)
2018-02-13,357,POINT(-80.1 34.0)
2018-02-13,1841,POINT(-88.1 37.7)
2018-02-13,1579,POINT(-99.6 42.6)
2018-02-14,3945,POINT(-87.9 26.1)
2018-02-14,1928,POINT(-104.5 30.8)
2018-02-14,3242,POINT(-123.3 45.0)
2018-02-14,3768,POINT(-101.3 45.7)
2018-02-14,2365,POINT(-69.2 34.0)
2018-02-14,1407,POINT(-87.4 34.0)
2018-02-14,2790,POINT(-120.0 43.2)
2018-02-14,1834,POINT(-71.9 32.1)
2018-02-14,2501,POINT(-108.9 27.8)
2018-02-14,4070,POINT(-110.4 31.2)
2018-02-15,414,POINT(-107.2 34.3)
2018-02-15,1731,POINT(-90.4 26.3)
2018-02-15,2835,POINT(-92.3 36.5)
2018-02-15,3855,POINT(-95.5 42.8)
2018-02-15,4220,POINT(-81.9 37.3)
2018-02-15,3202,POINT(-106.0 26.7)
2018-02-15,74,POINT(-78.1 35.6)
2018-02-15,1309,POINT(-114.5 42.0)
2018-02-15,4930,POINT(-78.0 26.4)
2018-02-15,1425,POINT(-85.2 26.4)
2018-02-16,3603,POINT(-84.0 33.9)
2018-02-16,978,POINT(-96.1 29.7)
2018-02-16,378,POINT(-85.0 47.4)
2018-02-16,242,POINT(-120.2 39.0)
2018-02-16,2252,POINT(-73.9 31.9)
2018-02-16,3093,POINT(-121.7 41.9)
2018-02-16,930,POINT(-116.1 34.0)
2018-02-16,698,POINT(-90.4 28.2)
2018-02-16,4282,POINT(-80.6 30.7)
2018-02-16,1479,POINT(-120.4 40.4)
2018-02-17,4735,POINT(-69.8 26.2)
2018-02-17,4269,POINT(-66.6 31.5)
2018-02-17,3632,POINT(-88.6 30.0)
2018-02-17,2110,POINT(-96.1 29.8)
2018-02-17,2275,POINT(-80.5 41.4)
2018-02-17,3799,POINT(-105.3 44.8)
2018-02-17,833,POINT(-95.4 42.2)
2018-02-17,3441,POINT(-70.0 40.5)
2018-02-17,4161,POINT(-67.7 47.0)
2018-02-17,4223,POINT(-69.4 26.4)
2018-02-18,807,POINT(-109.3 29.0)
2018-02-18,789,POINT(-111.1 34.9)
2018-02-18,2860,POINT(-107.1 33.9)
2018-02-18,2902,POINT(-98.5 35.0)
2018-02-18,1903,POINT(-106.1 30.0)
2018-02-18,3316,POINT(-102.5 28.6)
2018-02-18,2912,POINT(-87.8 37.2)
2018-02-18,4813,POINT(-79.2 47.3)
2018-02-18,3728,POINT(-80.9 34.4)
2018-02-18,31,POINT(-76.1 26.0)
2018-02-19,1510,POINT(-123.1 41.9)
2018-02-19,852,POINT(-122.1 32.0)
2018-02-19,1770,POINT(-77.6 30.9)
2018-02-19,3651,POINT(-93.0 32.8)
2018-02-19,201,POINT(-90.3 42.4)
2018-02-19,405,POINT(-121.8 44.7)
2018-02-19,4672,POINT(-109.7 39.1)
2018-02-19,4336,POINT(-86.7 32.7)
2018-02-19,883,POINT(-73.4 32.5)
2018-02-19,2631,POINT(-70.0 28.0)
2018-02-20,4345,POINT(-95.0 47.4)
2018-02-20,99,POINT(-92.3 40.3)
2018-02-20,2289,POINT(-75.0 25.6)
2018-02-20,466,POINT(-92.7 40.9)
2018-02-20,2290,POINT(-94.0 35.7)
2018-02-20,4459,POINT(-70.7 48.3)
2018-02-20,1014,POINT(-77.6 44.7)
2018-02-20,4544,POINT(-70.5 29.1)
2018-02-20,354,POINT(-111.9 42.3)
2018-02-20,2721,POINT(-93.5 36.7)
2018-02-21,4762,POINT(-74.5 29.5)
2018-02-21,2472,POINT(-118.3 41.8)
2018-02-21,1126,POINT(-77.3 38.1)
2018-02-21,635,POINT(-114.0 25.7)
2018-02-21,4389,POINT(-76.5 40.5)
2018-02-21,1989,POINT(-88.3 40.2)
2018-02-21,4004,POINT(-113.4 28.5)
2018-02-21,1688,POINT(-96.6 33.4)
2018-02-21,232,POINT(-84.1 39.1)
2018-02-21,753,POINT(-87.0 28.3)
2018-02-22,472,POINT(-99.4 45.5)
2018-02-22,1578,POINT(-71.0 25.7)
2018-02-22,3357,POINT(-93.8 27.5)
2018-02-22,1746,POINT(-94.6 27.8)
2018-02-22,4049,POINT(-121.3 37.7)
2018-02-22,3961,POINT(-69.7 39.9)
2018-02-22,674,POINT(-114.4 34.7)
2018-02-22,1366,POINT(-93.3 31.9)
2018-02-22,1024,POINT(-76.8 44.4)
2018-02-22,2142,POINT(-112.1 26.6)
2018-02-23,2678,POINT(-93.4 31.7)
2018-02-23,1064,POINT(-110.6 25.9)
2018-02-23,1774,POINT(-79.4 25.3)
2018-02-23,4468,POINT(-91.1 33.5)
2018-02-23,2879,POINT(-73.6 29.7)
2018-02-23,1422,POINT(-71.3 31.4)
2018-02-23,677,POINT(-86.1 44.7)
2018-02-23,3380,POINT(-81.5 28.9)
2018-02-23,1404,POINT(-92.0 43.7)
2018-02-23,108,POINT(-101.9 41.2)
2018-02-24,4080,POINT(-86.1 32.8)
2018-02-24,431,POINT(-70.5 38.1)
2018-02-24,3660,POINT(-100.0 35.7)
2018-02-24,4167,POINT(-106.1 28.1)
2018-02-24,1142,POINT(-101.7 46.8)
2018-02-24,1712,POINT(-98.9 38.7)
2018-02-24,3630,POINT(-120.6 46.1)
2018-02-24,3200,POINT(-95.1 44.8)
2018-02-24,607,POINT(-95.3 26.9)
2018-02-24,401,POINT(-89.7 30.0)
2018-02-25,1085,POINT(-103.2 28.5)
2018-02-25,2660,POINT(-88.2 44.9)
2018-02-25,2394,POINT(-72.3 45.7)
2018-02-25,819,POINT(-67.7 37.7)
2018-02-25,3319,POINT(-90.0 27.5)
2018-02-25,3748,POINT(-122.4 28.3)
2018-02-25,1169,POINT(-66.8 44.5)
2018-02-25,1541,POINT(-82.6 47.3)
2018-02-25,4986,POINT(-104.8 29.8)
2018-02-25,2692,POINT(-116.2 25.3)
2018-02-26,263,POINT(-116.4 32.9)
2018-02-26,3558,POINT(-114.9 25.7)
2018-02-26,3195,POINT(-122.3 44.9)
2018-02-26,1241,POINT(-70.9 36.8)
2018-02-26,2433,POINT(-92.6 40.4)
2018-02-26,3585,POINT(-83.0 34.9)
2018-02-26,4271,POINT(-75.3 33.3)
2018-02-26,1583,POINT(-77.5 30.3)
2018-02-26,2918,POINT(-72.0 43.5)
2018-02-26,4722,POINT(-67.0 41.7)
2018-02-27,1635,POINT(-98.7 33.7)
2018-02-27,4008,POINT(-68.0 32.7)
2018-02-27,3893,POINT(-81.6 25.0)
2018-02-27,3525,POINT(-120.8 26.5)
2018-02-27,3413,POINT(-84.1 40.0)
2018-02-27,4608,POINT(-83.8 37.4)
2018-02-27,4690,POINT(-70.6 35.4)
2018-02-27,1968,POINT(-102.6 44.9)
2018-02-27,4019,POINT(-89.9 37.1)
2018-02-27,2745,POINT(-124.3 34.2)
2018-02-28,4501,POINT(-105.1 28.9)
2018-02-28,3184,POINT(-121.3 44.7)
2018-02-28,411,POINT(-93.7 38.8)
2018-02-28,984,POINT(-76.0 27.2)
2018-02-28,233,POINT(-112.6 40.6)
2018-02-28,4623,POINT(-93.4 35.2)
2018-02-28,245,POINT(-112.8 44.5)
2018-02-28,3508,POINT(-117.8 47.1)
2018-02-28,4221,POINT(-94.3 39.4)
2018-02-28,3244,POINT(-120.3 42.6)
2018-03-01,235,POINT(-89.8 26.4)
2018-03-01,2287,POINT(-123.1 38.4)
2018-03-01,4287,POINT(-118.6 43.1)
2018-03-01,1351,POINT(-92.0 36.9)
2018-03-01,4046,POINT(-89.5 39.2)
2018-03-01,219,POINT(-123.3 46.6)
2018-03-01,3737,POINT(-90.6 29.8)
2018-03-01,3938,POINT(-74.7 27.4)
2018-03-01,4999,POINT(-81.7 41.6)
2018-03-01,2813,POINT(-117.1 44.7)
2018-03-02,1119,POINT(-89.5 45.4)
2018-03-02,2036,POINT(-84.7 40.4)
2018-03-02,403,POINT(-122.8 45.0)
2018-03-02,853,POINT(-73.7 41.8)
2018-03-02,1534,POINT(-70.6 27.1)
2018-03-02,613,POINT(-74.0 43.3)
2018-03-02,591,POINT(-75.5 29.3)
2018-03-02,1949,POINT(-80.3 30.7)
2018-03-02,142,POINT(-87.0 34.5)
2018-03-02,2848,POINT(-84.3 32.5)
2018-03-03,3395,POINT(-76.6 32.7)
2018-03-03,3780,POINT(-85.3 29.1)
2018-03-03,2278,POINT(-105.3 32.1)
2018-03-03,985,POINT(-102.4 25.5)
2018-03-03,1823,POINT(-71.2 36.3)
2018-03-03,3273,POINT(-124.0 43.4)
2018-03-03,1553,POINT(-83.1 45.7)
2018-03-03,2845,POINT(-67.7 44.7)
2018-03-03,2748,POINT(-82.6 35.0)
2018-03-03,1367,POINT(-65.4 42.5)
2018-03-04,4144,POINT(-83.7 31.9)
2018-03-04,1326,POINT(-122.9 26.3)
2018-03-04,171,POINT(-75.4 41.2)
2018-03-04,1919,POINT(-107.9 40.6)
2018-03-04,1137,POINT(-98.2 44.2)
2018-03-04,3880,POINT(-106.3 39.8)
2018-03-04,1668,POINT(-108.9 28.8)
2018-03-04,3135,POINT(-99.1 45.5)
2018-03-04,1973,POINT(-102.3 40.1)
2018-03-04,2299,POINT(-87.0 44.4)
2018-03-05,976,POINT(-76.2 43.6)
2018-03-05,899,POINT(-107.2 32.1)
2018-03-05,3071,POINT(-112.2 26.8)
2018-03-05,3639,POINT(-85.0 29.2)
2018-03-05,3199,POINT(-84.8 27.2)
2018-03-05,2758,POINT(-70.9 30.8)
2018-03-05,1676,POINT(-124.0 36.0)
2018-03-05,3076,POINT(-73.8 46.8)
2018-03-05,1451,POINT(-93.7 45.9)
2018-03-05,1077,POINT(-87.7 42.2)
2018-03-06,4233,POINT(-119.5 25.6)
2018-03-06,2933,POINT(-99.0 33.2)
2018-03-06,4263,POINT(-111.4 41.4)
2018-03-06,3866,POINT(-109.7 28.1)
2018-03-06,836,POINT(-94.8 44.2)
2018-03-06,4617,POINT(-76.3 46.9)
2018-03-06,3995,POINT(-80.4 33.5)
2018-03-06,2102,POINT(-89.5 41.9)
2018-03-06,3189,POINT(-92.6 28.6)
2018-03-06,4548,POINT(-99.4 41.6)
2018-03-07,3911,POINT(-66.6 25.5)
2018-03-07,2372,POINT(-91.4 28.6)
2018-03-07,2234,POINT(-109.8 42.0)
2018-03-07,1736,POINT(-111.2 42.1)
2018-03-07,2016,POINT(-88.3 40.4)
2018-03-07,276,POINT(-93.6 36.5)
2018-03-07,847,POINT(-124.5 41.2)
2018-03-07,4594,POINT(-75.2 43.6)
2018-03-07,4807,POINT(-82.8 48.2)
2018-03-07,696,POINT(-85.3 46.3)
2018-03-08,3371,POINT(-120.9 44.1)
2018-03-08,366,POINT(-103.3 41.7)
2018-03-08,3825,POINT(-68.9 38.8)
2018-03-08,881,POINT(-73.2 27.9)
2018-03-08,1983,POINT(-107.9 29.0)
2018-03-08,4657,POINT(-115.6 44.7)
2018-03-08,1820,POINT(-98.1 44.3)
2018-03-08,4428,POINT(-103.7 39.7)
2018-03-08,2651,POINT(-84.1 35.5)
2018-03-08,2238,POINT(-67.0 25.6)
2018-03-09,3401,POINT(-103.2 32.9)
2018-03-09,4188,POINT(-121.3 35.1)
2018-03-09,2360,POINT(-71.1 36.7)
2018-03-09,4367,POINT(-122.7 47.3)
2018-03-09,4889,POINT(-67.8 27.6)
2018-03-09,2749,POINT(-85.1 37.5)
2018-03-09,2740,POINT(-68.5 33.8)
2018-03-09,1328,POINT(-113.0 48.8)
2018-03-09,1545,POINT(-122.6 45.7)
2018-03-09,4794,POINT(-95.7 35.5)
2018-03-10,2453,POINT(-98.0 49.0)
2018-03-10,1782,POINT(-105.1 37.3)
2018-03-10,3219,POINT(-67.5 29.0)
2018-03-10,4944,POINT(-75.6 38.3)
2018-03-10,887,POINT(-85.3 30.4)
2018-03-10,2880,POINT(-115.2 40.3)
2018-03-10,3210,POINT(-80.9 47.5)
2018-03-10,4154,POINT(-81.4 43.9)
2018-03-10,3757,POINT(-99.5 31.6)
2018-03-10,2846,POINT(-69.5 32.1)
2018-03-11,302,POINT(-115.0 26.7)
2018-03-11,1661,POINT(-109.0 31.9)
2018-03-11,4641,POINT(-121.2 27.2)
2018-03-11,4416,POINT(-77.3 37.0)
2018-03-11,546,POINT(-87.7 42.0)
2018-03-11,2696,POINT(-106.1 43.0)
2018-03-11,243,POINT(-115.2 26.4)
2018-03-11,2662,POINT(-122.6 33.2)
2018-03-11,2384,POINT(-115.0 31.9)
2018-03-11,2282,POINT(-97.8 27.5)
2018-03-12,976,POINT(-110.2 33.7)
2018-03-12,899,POINT(-109.5 32.2)
2018-03-12,3873,POINT(-72.5 40.2)
2018-03-12,3410,POINT(-94.1 46.2)
2018-03-12,44,POINT(-81.2 35.9)
2018-03-12,4552,POINT(-122.9 42.9)
2018-03-12,3533,POINT(-103.1 28.5)
2018-03-12,1773,POINT(-96.2 46.5)
2018-03-12,3301,POINT(-113.8 28.7)
2018-03-12,2498,POINT(-117.8 29.6)
2018-03-13,2710,POINT(-72.8 27.6)
2018-03-13,1568,POINT(-68.6 32.4)
2018-03-13,4700,POINT(-120.3 38.3)
2018-03-13,2286,POINT(-104.1 48.7)
2018-03-13,4016,POINT(-67.5 44.0)
2018-03-13,4449,POINT(-120.0 34.1)
2018-03-13,1113,POINT(-86.4 38.8)
2018-03-13,1429,POINT(-66.7 40.0)
2018-03-13,1488,POINT(-66.3 44.7)
2018-03-13,3924,POINT(-96.7 42.7)
2018-03-14,3752,POINT(-115.2 38.7)
2018-03-14,2966,POINT(-112.9 41.1)
2018-03-14,1392,POINT(-71.6 42.9)
2018-03-14,2584,POINT(-70.3 28.2)
2018-03-14,3394,POINT(-88.5 29.8)
2018-03-14,1579,POINT(-79.0 41.5)
2018-03-14,1904,POINT(-80.6 45.4)
2018-03-14,2253,POINT(-85.3 34.8)
2018-03-14,1876,POINT(-75.4 48.5)
2018-03-14,38,POINT(-83.9 30.2)
2018-03-15,715,POINT(-93.0 35.0)
2018-03-15,1030,POINT(-110.8 34.1)
2018-03-15,2073,POINT(-80.4 47.3)
2018-03-15,1456,POINT(-96.6 31.8)
2018-03-15,3674,POINT(-107.3 36.3)
2018-03-15,2997,POINT(-76.9 29.5)
2018-03-15,3612,POINT(-83.2 37.5)
2018-03-15,3695,POINT(-68.8 45.6)
2018-03-15,3378,POINT(-115.1 32.3)
2018-03-15,3591,POINT(-86.0 44.5)
2018-03-16,2772,POINT(-110.3 46.9)
2018-03-16,4047,POINT(-70.8 26.8)
2018-03-16,582,POINT(-119.0 43.2)
2018-03-16,4098,POINT(-85.6 31.1)
2018-03-16,624,POINT(-77.5 29.2)
2018-03-16,4060,POINT(-103.7 39.4)
2018-03-16,335,POINT(-67.8 41.9)
2018-03-16,3750,POINT(-74.0 34.5)
2018-03-16,368,POINT(-107.3 25.9)
2018-03-16,3787,POINT(-124.5 46.8)
2018-03-17,2381,POINT(-107.2 42.5)
2018-03-17,1731,POINT(-108.1 31.5)
2018-03-17,1359,POINT(-71.6 36.9)
2018-03-17,3706,POINT(-67.0 25.7)
2018-03-17,3906,POINT(-120.8 33.1)
2018-03-17,4270,POINT(-96.7 37.5)
2018-03-17,1606,POINT(-92.1 37.4)
2018-03-17,1637,POINT(-119.4 30.0)
2018-03-17,2512,POINT(-102.4 43.6)
2018-03-17,3818,POINT(-106.0 32.2)
2018-03-18,202,POINT(-92.8 38.9)
2018-03-18,2684,POINT(-85.3 31.5)
2018-03-18,3855,POINT(-82.8 35.2)
2018-03-18,2587,POINT(-116.8 30.0)
2018-03-18,101,POINT(-76.2 40.2)
2018-03-18,4244,POINT(-84.3 35.2)
2018-03-18,490,POINT(-71.7 25.4)
2018-03-18,2926,POINT(-98.0 25.7)
2018-03-18,4445,POINT(-71.4 36.3)
2018-03-18,1085,POINT(-73.1 29.4)
2018-03-19,2523,POINT(-98.7 39.0)
2018-03-19,808,POINT(-102.1 34.8)
2018-03-19,4580,POINT(-69.0 40.7)
2018-03-19,3959,POINT(-82.1 47.9)
2018-03-19,614,POINT(-69.3 37.7)
2018-03-19,2989,POINT(-77.2 43.9)
2018-03-19,4926,POINT(-88.4 43.1)
2018-03-19,607,POINT(-118.0 47.1)
2018-03-19,1542,POINT(-107.5 30.1)
2018-03-19,523,POINT(-66.9 44.9)
2018-03-20,1887,POINT(-105.8 46.7)
2018-03-20,3982,POINT(-119.4 34.4)
2018-03-20,3853,POINT(-82.5 32.5)
2018-03-20,1709,POINT(-81.0 47.8)
2018-03-20,1039,POINT(-107.9 40.1)
2018-03-20,4605,POINT(-107.1 34.1)
2018-03-20,726,POINT(-96.9 44.0)
2018-03-20,4096,POINT(-123.7 32.3)
2018-03-20,675,POINT(-77.6 29.2)
2018-03-20,2218,POINT(-106.0 38.1)
2018-03-21,1089,POINT(-73.8 38.6)
2018-03-21,237,POINT(-76.8 44.8)
2018-03-21,158,POINT(-85.3 36.0)
2018-03-21,1079,POINT(-105.5 44.6)
2018-03-21,4737,POINT(-94.0 32.5)
2018-03-21,1373,POINT(-98.3 38.8)
2018-03-21,4518,POINT(-104.7 30.0)
2018-03-21,1765,POINT(-74.1 34.3)
2018-03-21,529,POINT(-96.0 45.6)
2018-03-21,3554,POINT(-75.0 30.2)
2018-03-22,2332,POINT(-118.7 44.4)
2018-03-22,1112,POINT(-116.5 31.8)
2018-03-22,607,POINT(-66.4 25.8)
2018-03-22,3283,POINT(-89.7 27.6)
2018-03-22,4059,POINT(-94.4 42.9)
2018-03-22,2615,POINT(-93.6 31.3)
2018-03-22,2198,POINT(-112.1 40.7)
2018-03-22,4835,POINT(-81.9 41.8)
2018-03-22,598,POINT(-119.9 33.3)
2018-03-22,4482,POINT(-90.6 36.4)
2018-03-23,1417,POINT(-90.8 34.7)
2018-03-23,4856,POINT(-70.1 47.7)
2018-03-23,4732,POINT(-93.4 32.7)
2018-03-23,3400,POINT(-116.8 29.4)
2018-03-23,3450,POINT(-90.6 33.8)
2018-03-23,1639,POINT(-119.5 41.1)
2018-03-23,1004,POINT(-112.8 41.7)
2018-03-23,4808,POINT(-123.1 47.2)
2018-03-23,2069,POINT(-94.2 46.2)
2018-03-23,4582,POINT(-119.9 31.9)
2018-03-24,2996,POINT(-96.8 35.9)
2018-03-24,410,POINT(-69.0 42.9)
2018-03-24,2865,POINT(-81.8 47.0)
2018-03-24,2234,POINT(-120.4 33.1)
2018-03-24,3422,POINT(-111.5 35.7)
2018-03-24,66,POINT(-84.6 46.6)
2018-03-24,1885,POINT(-71.3 33.6)
2018-03-24,4553,POINT(-123.0 36.5)
2018-03-24,4308,POINT(-76.3 46.7)
2018-03-24,3778,POINT(-91.3 44.3)
2018-03-25,4843,POINT(-92.2 30.8)
2018-03-25,4307,POINT(-67.5 32.8)
2018-03-25,1363,POINT(-80.1 33.5)
2018-03-25,2420,POINT(-74.0 46.9)
2018-03-25,4997,POINT(-103.8 49.0)
2018-03-25,4321,POINT(-91.7 43.6)
2018-03-25,2612,POINT(-88.1 36.6)
2018-03-25,2944,POINT(-105.7 25.2)
2018-03-25,32,POINT(-90.8 41.7)
2018-03-25,2212,POINT(-110.8 34.3)
2018-03-26,1219,POINT(-116.4 40.2)
2018-03-26,2306,POINT(-102.6 39.6)
2018-03-26,758,POINT(-80.6 36.5)
2018-03-26,814,POINT(-70.0 47.7)
2018-03-26,143,POINT(-97.5 25.6)
2018-03-26,4426,POINT(-86.4 42.1)
2018-03-26,2447,POINT(-118.8 34.8)
2018-03-26,443,POINT(-70.7 42.1)
2018-03-26,4978,POINT(-90.9 41.2)
2018-03-26,3681,POINT(-78.2 25.2)
2018-03-27,3746,POINT(-77.3 31.8)
2018-03-27,4049,POINT(-109.6 29.5)
2018-03-27,2108,POINT(-93.2 29.0)
2018-03-27,2927,POINT(-67.4 42.5)
2018-03-27,262,POINT(-119.6 30.7)
2018-03-27,4844,POINT(-84.0 36.4)
2018-03-27,1139,POINT(-67.3 30.9)
2018-03-27,3274,POINT(-107.0 38.9)
2018-03-27,311,POINT(-73.3 42.3)
2018-03-27,1987,POINT(-69.0 32.9)
2018-03-28,2773,POINT(-80.2 39.5)
2018-03-28,4015,POINT(-111.1 44.8)
2018-03-28,3251,POINT(-105.0 27.3)
2018-03-28,3067,POINT(-122.9 42.1)
2018-03-28,560,POINT(-75.1 32.8)
2018-03-28,1597,POINT(-74.0 27.9)
2018-03-28,1832,POINT(-87.0 38.1)
2018-03-28,3227,POINT(-103.8 30.4)
2018-03-28,3506,POINT(-120.4 44.7)
2018-03-28,4419,POINT(-79.8 26.0)
2018-03-29,4289,POINT(-81.4 27.4)
2018-03-29,722,POINT(-70.2 37.5)
2018-03-29,2185,POINT(-81.2 39.1)
2018-03-29,4082,POINT(-75.3 42.5)
2018-03-29,3859,POINT(-80.2 31.2)
2018-03-29,2443,POINT(-87.2 45.2)
2018-03-29,3311,POINT(-99.4 47.9)
2018-03-29,280,POINT(-70.9 37.0)
2018-03-29,1804,POINT(-85.9 43.3)
2018-03-29,4916,POINT(-101.1 37.6)
2018-03-30,2472,POINT(-120.0 26.7)
2018-03-30,4303,POINT(-107.6 32.8)
2018-03-30,3404,POINT(-92.4 27.1)
2018-03-30,1089,POINT(-108.5 48.7)
2018-03-30,2888,POINT(-111.7 30.5)
2018-03-30,4733,POINT(-93.4 40.3)
2018-03-30,613,POINT(-114.8 31.8)
2018-03-30,1595,POINT(-77.0 40.7)
2018-03-30,3067,POINT(-95.9 30.0)
2018-03-30,3995,POINT(-90.6 43.8)
2018-03-31,4699,POINT(-116.2 27.7)
2018-03-31,1405,POINT(-105.5 46.5)
2018-03-31,3698,POINT(-100.4 45.2)
2018-03-31,609,POINT(-76.5 41.3)
2018-03-31,523,POINT(-78.8 26.6)
2018-03-31,1076,POINT(-111.6 30.0)
2018-03-31,2896,POINT(-88.0 45.6)
2018-03-31,2663,POINT(-110.4 27.9)
2018-03-31,4915,POINT(-65.7 28.7)
2018-03-31,1098,POINT(-67.9 38.1)
2018-04-01,4395,POINT(-91.2 31.6)
2018-04-01,4874,POINT(-83.1 30.3)
2018-04-01,2524,POINT(-76.9 38.8)
2018-04-01,3979,POINT(-81.7 33.9)
2018-04-01,3294,POINT(-83.0 28.4)
2018-04-01,4576,POINT(-67.5 37.8)
2018-04-01,2206,POINT(-89.2 34.3)
2018-04-01,4193,POINT(-86.8 42.6)
2018-04-01,799,POINT(-74.0 27.5)
2018-04-01,3485,POINT(-84.8 39.9)
2018-04-02,3163,POINT(-81.0 35.5)
2018-04-02,1674,POINT(-110.9 34.7)
2018-04-02,1319,POINT(-102.7 30.6)
2018-04-02,874,POINT(-116.2 25.7)
2018-04-02,3873,POINT(-94.7 45.3)
2018-04-02,3373,POINT(-97.7 32.8)
2018-04-02,3534,POINT(-65.2 41.3)
2018-04-02,3796,POINT(-88.3 47.7)
2018-04-02,33,POINT(-77.8 38.6)
2018-04-02,3013,POINT(-105.0 34.5)
2018-04-03,320,POINT(-75.1 31.4)
2018-04-03,1241,POINT(-88.1 47.4)
2018-04-03,3798,POINT(-83.2 41.4)
2018-04-03,2721,POINT(-107.3 41.0)
2018-04-03,4811,POINT(-92.1 35.2)
2018-04-03,431,POINT(-87.0 45.3)
2018-04-03,1783,POINT(-89.7 42.1)
2018-04-03,3578,POINT(-70.1 31.8)
2018-04-03,956,POINT(-71.1 39.4)
2018-04-03,1196,POINT(-66.7 35.3)
2018-04-04,1844,POINT(-85.0 25.2)
2018-04-04,1574,POINT(-66.7 44.4)
2018-04-04,4954,POINT(-75.1 27.9)
2018-04-04,1957,POINT(-108.8 37.2)
2018-04-04,1318,POINT(-99.4 33.1)
2018-04-04,2996,POINT(-110.7 33.2)
2018-04-04,396,POINT(-124.7 36.5)
2018-04-04,1171,POINT(-113.7 48.9)
2018-04-04,3268,POINT(-124.8 34.8)
2018-04-04,4821,POINT(-81.8 29.4)
2018-04-05,3943,POINT(-99.5 39.7)
2018-04-05,2857,POINT(-106.2 30.7)
2018-04-05,4531,POINT(-79.3 27.5)
2018-04-05,1449,POINT(-75.1 26.2)
2018-04-05,3452,POINT(-66.5 25.5)
2018-04-05,4490,POINT(-86.5 35.3)
2018-04-05,65,POINT(-97.3 35.2)
2018-04-05,3334,POINT(-106.7 29.5)
2018-04-05,115,POINT(-111.7 43.8)
2018-04-05,3211,POINT(-112.2 28.1)
2018-04-06,679,POINT(-100.4 47.0)
2018-04-06,4481,POINT(-65.5 39.1)
2018-04-06,752,POINT(-124.9 25.7)
2018-04-06,976,POINT(-113.2 48.1)
2018-04-06,317,POINT(-113.7 32.4)
2018-04-06,2148,POINT(-82.0 35.8)
2018-04-06,3474,POINT(-103.9 31.8)
2018-04-06,4907,POINT(-97.6 42.5)
2018-04-06,119,POINT(-116.1 36.7)
2018-04-06,3642,POINT(-100.7 28.2)
2018-04-07,4445,POINT(-118.8 27.5)
2018-04-07,1925,POINT(-93.0 42.4)
2018-04-07,4273,POINT(-119.1 30.7)
2018-04-07,566,POINT(-77.6 28.3)
2018-04-07,114,POINT(-91.0 37.0)
2018-04-07,2057,POINT(-81.6 44.3)
2018-04-07,155,POINT(-99.9 31.7)
2018-04-07,2773,POINT(-102.1 31.6)
2018-04-07,883,POINT(-119.1 45.0)
2018-04-07,308,POINT(-93.6 28.5)
2018-04-08,3248,POINT(-94.1 39.8)
2018-04-08,655,POINT(-96.9 47.9)
2018-04-08,4743,POINT(-80.6 45.2)
2018-04-08,3088,POINT(-75.0 26.5)
2018-04-08,2521,POINT(-80.0 32.7)
2018-04-08,793,POINT(-116.4 28.4)
2018-04-08,380,POINT(-87.7 47.8)
2018-04-08,496,POINT(-120.2 48.7)
2018-04-08,2047,POINT(-83.3 30.6)
2018-04-08,3206,POINT(-102.1 41.1)
2018-04-09,1370,POINT(-117.1 45.2)
2018-04-09,4297,POINT(-73.3 30.6)
2018-04-09,4835,POINT(-88.2 29.5)
2018-04-09,2271,POINT(-103.7 25.3)
2018-04-09,2631,POINT(-123.2 34.9)
2018-04-09,966,POINT(-92.8 46.6)
2018-04-09,390,POINT(-69.6 46.7)
2018-04-09,3659,POINT(-89.2 28.1)
2018-04-09,4903,POINT(-66.7 29.9)
2018-04-09,248,POINT(-116.8 34.8)
2018-04-10,1115,POINT(-90.9 43.7)
2018-04-10,1396,POINT(-77.1 39.7)
2018-04-10,2562,POINT(-93.5 37.3)
2018-04-10,2259,POINT(-119.5 39.2)
2018-04-10,1537,POINT(-90.0 27.3)
2018-04-10,1677,POINT(-88.3 36.5)
2018-04-10,4142,POINT(-81.3 48.8)
2018-04-10,2701,POINT(-79.3 27.1)
2018-04-10,3682,POINT(-78.8 37.5)
2018-04-10,2006,POINT(-85.2 32.1)
2018-04-11,1435,POINT(-112.1 38.0)
2018-04-11,2822,POINT(-100.7 38.8)
2018-04-11,3257,POINT(-78.4 38.9)
2018-04-11,2602,POINT(-67.8 45.5)
2018-04-11,1500,POINT(-120.3 34.4)
2018-04-11,1234,POINT(-92.9 37.4)
2018-04-11,2597,POINT(-106.2 25.3)
2018-04-11,3074,POINT(-111.5 43.9)
2018-04-11,842,POINT(-94.7 31.2)
2018-04-11,4702,POINT(-88.6 44.6)
2018-04-12,2450,POINT(-124.4 31.4)
2018-04-12,4805,POINT(-78.2 25.3)
2018-04-12,1656,POINT(-75.8 28.7)
2018-04-12,450,POINT(-67.1 48.7)
2018-04-12,1539,POINT(-114.2 32.7)
2018-04-12,2975,POINT(-89.3 27.6)
2018-04-12,2377,POINT(-99.4 27.9)
2018-04-12,3296,POINT(-104.9 32.4)
2018-04-12,4673,POINT(-91.1 25.9)
2018-04-12,4341,POINT(-78.1 37.3)
2018-04-13,1314,POINT(-123.6 30.1)
2018-04-13,3044,POINT(-66.8 37.5)
2018-04-13,3698,POINT(-76.4 28.4)
2018-04-13,3983,POINT(-79.9 35.3)
2018-04-13,1195,POINT(-79.4 39.4)
2018-04-13,3272,POINT(-101.7 26.5)
2018-04-13,2117,POINT(-79.9 34.6)
2018-04-13,1850,POINT(-101.8 32.3)
2018-04-13,4330,POINT(-71.1 30.8)
2018-04-13,2757,POINT(-114.4 39.5)
2018-04-14,4687,POINT(-107.5 39.1)
2018-04-14,4274,POINT(-91.9 40.1)
2018-04-14,3143,POINT(-105.8 28.8)
2018-04-14,3430,POINT(-99.5 31.9)
2018-04-14,1475,POINT(-95.5 30.0)
2018-04-14,4119,POINT(-73.6 38.0)
2018-04-14,2221,POINT(-93.6 36.1)
2018-04-14,2814,POINT(-103.3 32.9)
2018-04-14,1553,POINT(-110.1 43.9)
2018-04-14,1699,POINT(-100.5 27.3)
2018-04-15,1581,POINT(-94.1 48.4)
2018-04-15,4551,POINT(-80.2 27.8)
2018-04-15,3289,POINT(-117.7 43.6)
2018-04-15,3551,POINT(-111.7 33.8)
2018-04-15,4821,POINT(-102.2 45.8)
2018-04-15,3033,POINT(-103.4 26.8)
2018-04-15,828,POINT(-101.5 34.0)
2018-04-15,4531,POINT(-77.4 33.1)
2018-04-15,1134,POINT(-105.6 48.8)
2018-04-15,4955,POINT(-94.9 48.7)
2018-04-16,1139,POINT(-87.6 29.6)
2018-04-16,1712,POINT(-111.1 40.1)
2018-04-16,2011,POINT(-81.9 37.9)
2018-04-16,3888,POINT(-92.2 28.7)
2018-04-16,4382,POINT(-98.2 29.0)
2018-04-16,1816,POINT(-76.4 48.7)
2018-04-16,2957,POINT(-110.4 35.9)
2018-04-16,3219,POINT(-72.0 28.0)
2018-04-16,2162,POINT(-91.3 30.2)
2018-04-16,4651,POINT(-88.4 31.4)
2018-04-17,4215,POINT(-72.5 37.3)
2018-04-17,554,POINT(-75.9 33.1)
2018-04-17,2411,POINT(-88.9 35.9)
2018-04-17,4848,POINT(-79.8 29.0)
2018-04-17,2374,POINT(-99.0 32.8)
2018-04-17,1299,POINT(-92.2 26.7)
2018-04-17,3775,POINT(-121.3 46.4)
2018-04-17,1885,POINT(-119.6 29.8)
2018-04-17,4438,POINT(-75.2 43.2)
2018-04-17,4697,POINT(-121.4 33.4)
2018-04-18,792,POINT(-114.8 36.4)
2018-04-18,549,POINT(-77.3 32.0)
2018-04-18,2792,POINT(-124.9 41.7)
2018-04-18,2678,POINT(-108.1 45.3)
2018-04-18,4724,POINT(-90.0 31.9)
2018-04-18,3947,POINT(-89.3 30.8)
2018-04-18,2966,POINT(-78.4 41.4)
2018-04-18,3732,POINT(-94.6 29.7)
2018-04-18,3877,POINT(-94.4 40.4)
2018-04-18,1843,POINT(-81.5 27.3)
2018-04-19,2156,POINT(-95.1 39.9)
2018-04-19,2180,POINT(-88.5 37.3)
2018-04-19,3401,POINT(-71.1 27.7)
2018-04-19,1626,POINT(-100.9 40.6)
2018-04-19,4627,POINT(-101.9 35.7)
2018-04-19,926,POINT(-124.8 30.2)
2018-04-19,4822,POINT(-88.2 33.5)
2018-04-19,2766,POINT(-123.2 36.8)
2018-04-19,1946,POINT(-94.8 27.2)
2018-04-19,4052,POINT(-76.7 48.0)
2018-04-20,3101,POINT(-92.0 41.0)
2018-04-20,4665,POINT(-108.8 27.5)
2018-04-20,978,POINT(-77.8 44.7)
2018-04-20,3374,POINT(-108.8 32.7)
2018-04-20,3213,POINT(-81.0 39.3)
2018-04-20,899,POINT(-88.4 31.7)
2018-04-20,802,POINT(-114.8 42.6)
2018-04-20,3468,POINT(-70.7 42.4)
2018-04-20,991,POINT(-113.0 38.2)
2018-04-20,3541,POINT(-65.6 30.8)
2018-04-21,3539,POINT(-124.6 31.1)
2018-04-21,811,POINT(-109.2 34.2)
2018-04-21,52,POINT(-113.0 28.5)
2018-04-21,3359,POINT(-124.2 33.1)
2018-04-21,1787,POINT(-81.1 41.4)
2018-04-21,3211,POINT(-83.4 44.9)
2018-04-21,359,POINT(-77.5 33.0)
2018-04-21,1577,POINT(-109.6 30.6)
2018-04-21,1139,POINT(-98.3 45.0)
2018-04-21,2969,POINT(-85.5 46.4)
2018-04-22,3797,POINT(-98.6 34.8)
2018-04-22,1790,POINT(-83.2 25.6)
2018-04-22,593,POINT(-87.0 41.7)
2018-04-22,4537,POINT(-118.1 43.8)
2018-04-22,3387,POINT(-78.1 25.4)
2018-04-22,3411,POINT(-81.8 39.3)
2018-04-22,3195,POINT(-85.6 39.1)
2018-04-22,2204,POINT(-115.7 34.1)
2018-04-22,1172,POINT(-108.9 43.0)
2018-04-22,308,POINT(-101.4 35.3)
2018-04-23,3357,POINT(-108.2 41.2)
2018-04-23,1949,POINT(-111.3 37.4)
2018-04-23,798,POINT(-76.7 31.0)
2018-04-23,4955,POINT(-86.7 39.6)
2018-04-23,2899,POINT(-91.1 42.7)
2018-04-23,1387,POINT(-111.4 48.4)
2018-04-23,1959,POINT(-69.9 34.1)
2018-04-23,3282,POINT(-113.5 26.5)
2018-04-23,887,POINT(-77.3 48.7)
2018-04-23,3752,POINT(-67.0 40.0)
2018-04-24,1587,POINT(-81.4 47.7)
2018-04-24,3149,POINT(-65.4 27.5)
2018-04-24,2502,POINT(-85.9 33.2)
2018-04-24,2765,POINT(-112.0 28.2)
2018-04-24,1913,POINT(-112.8 45.1)
2018-04-24,1392,POINT(-105.5 46.1)
2018-04-24,4250,POINT(-124.6 37.0)
2018-04-24,2332,POINT(-84.1 29.5)
2018-04-24,2566,POINT(-108.9 28.1)
2018-04-24,1871,POINT(-76.1 39.1)
2018-04-25,1876,POINT(-103.4 37.2)
2018-04-25,4057,POINT(-96.2 41.7)
2018-04-25,3185,POINT(-67.1 32.3)
2018-04-25,1108,POINT(-110.5 34.7)
2018-04-25,1744,POINT(-81.7 25.5)
2018-04-25,4673,POINT(-79.7 39.6)
2018-04-25,3426,POINT(-111.7 35.2)
2018-04-25,4636,POINT(-94.9 47.1)
2018-04-25,690,POINT(-104.0 40.4)
2018-04-25,2080,POINT(-78.7 34.6)
2018-04-26,4834,POINT(-87.7 31.3)
2018-04-26,1739,POINT(-96.4 46.7)
2018-04-26,2201,POINT(-78.2 25.4)
2018-04-26,677,POINT(-110.9 32.8)
2018-04-26,1622,POINT(-79.8 47.6)
2018-04-26,690,POINT(-73.1 40.7)
2018-04-26,982,POINT(-72.3 37.8)
2018-04-26,2856,POINT(-78.0 29.9)
2018-04-26,2142,POINT(-100.5 45.0)
2018-04-26,2473,POINT(-66.1 29.9)
2018-04-27,2539,POINT(-102.2 31.0)
2018-04-27,2513,POINT(-86.7 29.6)
2018-04-27,4932,POINT(-115.3 28.8)
2018-04-27,4402,POINT(-66.2 47.9)
2018-04-27,3193,POINT(-82.8 39.4)
2018-04-27,4043,POINT(-79.8 40.3)
2018-04-27,3177,POINT(-121.1 47.9)
2018-04-27,3007,POINT(-79.2 30.5)
2018-04-27,3237,POINT(-78.5 25.1)
2018-04-27,2162,POINT(-84.7 39.4)
2018-04-28,1738,POINT(-107.5 37.2)
2018-04-28,2034,POINT(-95.6 36.5)
2018-04-28,339,POINT(-118.4 26.5)
2018-04-28,2496,POINT(-96.7 35.9)
2018-04-28,1165,POINT(-110.4 31.9)
2018-04-28,1900,POINT(-104.1 31.6)
2018-04-28,4487,POINT(-115.2 30.3)
2018-04-28,2195,POINT(-111.2 33.0)
2018-04-28,4948,POINT(-120.4 33.5)
2018-04-28,2327,POINT(-69.8 32.4)
2018-04-29,3631,POINT(-93.2 48.5)
2018-04-29,4501,POINT(-101.2 47.4)
2018-04-29,2521,POINT(-92.9 38.8)
2018-04-29,459,POINT(-87.3 48.5)
2018-04-29,1364,POINT(-69.7 48.8)
2018-04-29,1303,POINT(-114.3 33.5)
2018-04-29,2475,POINT(-107.3 35.7)
2018-04-29,3112,POINT(-66.5 48.0)
2018-04-29,1859,POINT(-102.7 39.6)
2018-04-29,3185,POINT(-123.6 30.1)
2018-04-30,4291,POINT(-116.1 41.5)
2018-04-30,3209,POINT(-123.4 29.9)
2018-04-30,1243,POINT(-65.6 33.1)
2018-04-30,1447,POINT(-108.3 30.5)
2018-04-30,3362,POINT(-69.6 30.9)
2018-04-30,4040,POINT(-65.2 25.1)
2018-04-30,262,POINT(-89.0 46.1)
2018-04-30,28,POINT(-123.0 32.1)
2018-04-30,2769,POINT(-120.1 27.1)
2018-04-30,232,POINT(-96.1 27.1)
2018-05-01,12,POINT(-100.6 38.3)
2018-05-01,1269,POINT(-88.6 48.8)
2018-05-01,4959,POINT(-98.7 28.5)
2018-05-01,4333,POINT(-69.0 27.4)
2018-05-01,4604,POINT(-92.9 35.5)
2018-05-01,2578,POINT(-83.4 38.5)
2018-05-01,1895,POINT(-71.2 32.1)
2018-05-01,1309,POINT(-116.2 32.3)
2018-05-01,2348,POINT(-111.2 35.2)
2018-05-01,1086,POINT(-118.6 32.5)
2018-05-02,3768,POINT(-116.6 47.0)
2018-05-02,3191,POINT(-94.2 26.0)
2018-05-02,4820,POINT(-105.7 30.6)
2018-05-02,957,POINT(-99.6 44.4)
2018-05-02,3748,POINT(-66.1 45.0)
2018-05-02,2741,POINT(-115.6 27.7)
2018-05-02,4017,POINT(-92.6 48.4)
2018-05-02,879,POINT(-119.1 41.6)
2018-05-02,103,POINT(-105.9 31.5)
2018-05-02,2997,POINT(-93.3 35.9)
2018-05-03,4665,POINT(-68.2 32.1)
2018-05-03,1785,POINT(-101.5 28.6)
2018-05-03,2270,POINT(-121.1 32.0)
2018-05-03,445,POINT(-101.7 38.9)
2018-05-03,4957,POINT(-116.3 44.8)
2018-05-03,4310,POINT(-111.2 33.7)
2018-05-03,3154,POINT(-87.9 33.3)
2018-05-03,3597,POINT(-121.0 36.2)
2018-05-03,86,POINT(-97.1 40.5)
2018-05-03,825,POINT(-88.4 43.0)
2018-05-04,777,POINT(-99.7 32.8)
2018-05-04,3695,POINT(-123.9 39.1)
2018-05-04,115,POINT(-65.9 34.3)
2018-05-04,3926,POINT(-103.0 42.2)
2018-05-04,2883,POINT(-78.3 29.0)
2018-05-04,3356,POINT(-105.5 31.2)
2018-05-04,3158,POINT(-96.5 35.2)
2018-05-04,3158,POINT(-101.7 46.3)
2018-05-04,1475,POINT(-104.4 38.8)
2018-05-04,2597,POINT(-123.7 48.2)
2018-05-05,254,POINT(-103.4 27.5)
2018-05-05,2635,POINT(-71.6 36.0)
2018-05-05,3859,POINT(-83.6 35.1)
2018-05-05,1415,POINT(-116.3 39.4)
2018-05-05,991,POINT(-89.5 44.5)
2018-05-05,3818,POINT(-71.5 45.2)
2018-05-05,151,POINT(-83.0 41.1)
2018-05-05,902,POINT(-116.1 40.4)
2018-05-05,2409,POINT(-72.9 47.8)
2018-05-05,4650,POINT(-106.9 34.2)
2018-05-06,2970,POINT(-97.8 45.0)
2018-05-06,2209,POINT(-93.4 47.1)
2018-05-06,1479,POINT(-74.0 36.8)
2018-05-06,2710,POINT(-69.1 42.5)
2018-05-06,3015,POINT(-69.2 34.0)
2018-05-06,4868,POINT(-124.5 28.8)
2018-05-06,3384,POINT(-69.7 39.1)
2018-05-06,4729,POINT(-121.7 29.7)
2018-05-06,665,POINT(-109.1 36.0)
2018-05-06,2778,POINT(-94.1 45.9)
2018-05-07,52,POINT(-96.2 27.1)
2018-05-07,2321,POINT(-88.7 25.7)
2018-05-07,1670,POINT(-96.2 39.6)
2018-05-07,4701,POINT(-68.9 32.9)
2018-05-07,2234,POINT(-110.6 35.0)
2018-05-07,2120,POINT(-108.6 34.7)
2018-05-07,967,POINT(-69.8 27.1)
2018-05-07,570,POINT(-120.4 25.1)
2018-05-07,1340,POINT(-88.4 46.6)
2018-05-07,1322,POINT(-84.1 30.2)
2018-05-08,1831,POINT(-94.7 35.2)
2018-05-08,3012,POINT(-83.3 48.3)
2018-05-08,3413,POINT(-114.6 44.8)
2018-05-08,4955,POINT(-73.8 27.6)
2018-05-08,2661,POINT(-116.6 37.2)
2018-05-08,1824,POINT(-101.0 42.5)
2018-05-08,1751,POINT(-120.5 41.8)
2018-05-08,4711,POINT(-92.3 43.3)
2018-05-08,3818,POINT(-84.8 36.0)
2018-05-08,2887,POINT(-68.5 29.2)
2018-05-09,3280,POINT(-80.6 36.2)
2018-05-09,4093,POINT(-92.5 40.5)
2018-05-09,755,POINT(-69.0 39.6)
2018-05-09,567,POINT(-96.3 26.7)
2018-05-09,3311,POINT(-91.3 26.6)
2018-05-09,951,POINT(-89.2 48.2)
2018-05-09,4033,POINT(-100.4 28.6)
2018-05-09,2306,POINT(-74.7 32.1)
2018-05-09,949,POINT(-113.9 43.4)
2018-05-09,1620,POINT(-91.7 34.8)
2018-05-10,1735,POINT(-81.7 29.4)
2018-05-10,994,POINT(-70.8 36.2)
2018-05-10,1597,POINT(-72.0 38.7)
2018-05-10,4031,POINT(-94.5 35.9)
2018-05-10,1346,POINT(-86.4 47.1)
2018-05-10,3147,POINT(-101.3 31.8)
2018-05-10,671,POINT(-96.9 40.9)
2018-05-10,42,POINT(-70.6 27.7)
2018-05-10,3424,POINT(-69.2 34.4)
2018-05-10,1166,POINT(-71.3 42.8)
2018-05-11,3136,POINT(-116.7 30.4)
2018-05-11,70,POINT(-74.0 39.2)
2018-05-11,3938,POINT(-68.1 28.7)
2018-05-11,1553,POINT(-103.3 27.5)
2018-05-11,281,POINT(-93.9 37.6)
2018-05-11,4086,POINT(-78.3 41.2)
2018-05-11,3398,POINT(-91.3 27.7)
2018-05-11,2762,POINT(-65.4 47.0)
2018-05-11,2719,POINT(-97.7 30.4)
2018-05-11,1164,POINT(-82.2 27.9)
2018-05-12,4415,POINT(-77.4 29.9)
2018-05-12,3863,POINT(-95.4 29.1)
2018-05-12,1755,POINT(-73.6 27.2)
2018-05-12,3442,POINT(-92.2 44.1)
2018-05-12,347,POINT(-100.3 36.9)
2018-05-12,19,POINT(-118.5 34.3)
2018-05-12,4154,POINT(-101.4 47.8)
2018-05-12,740,POINT(-81.0 33.9)
2018-05-12,4900,POINT(-69.7 29.0)
2018-05-12,1658,POINT(-109.9 31.6)
2018-05-13,4238,POINT(-103.7 30.7)
2018-05-13,3664,POINT(-115.8 37.0)
2018-05-13,2140,POINT(-83.6 32.0)
2018-05-13,4481,POINT(-67.4 37.4)
2018-05-13,2406,POINT(-86.5 41.1)
2018-05-13,4376,POINT(-88.0 43.7)
2018-05-13,1516,POINT(-91.8 42.0)
2018-05-13,2168,POINT(-119.7 29.9)
2018-05-13,2926,POINT(-81.2 27.8)
2018-05-13,4181,POINT(-88.9 38.0)
2018-05-14,3239,POINT(-85.3 29.8)
2018-05-14,3613,POINT(-71.1 27.0)
2018-05-14,1676,POINT(-78.0 37.7)
2018-05-14,4434,POINT(-78.1 32.8)
2018-05-14,4146,POINT(-69.4 43.1)
2018-05-14,2979,POINT(-65.6 32.5)
2018-05-14,2699,POINT(-90.1 48.5)
2018-05-14,2336,POINT(-118.5 43.2)
2018-05-14,2820,POINT(-97.5 26.4)
2018-05-14,2526,POINT(-77.7 37.2)
2018-05-15,3481,POINT(-123.3 38.5)
2018-05-15,22,POINT(-121.6 41.7)
2018-05-15,2980,POINT(-121.0 36.9)
2018-05-15,3631,POINT(-81.1 36.6)
2018-05-15,3693,POINT(-94.9 33.8)
2018-05-15,3483,POINT(-102.9 31.5)
2018-05-15,3132,POINT(-118.7 47.7)
2018-05-15,3474,POINT(-81.1 32.6)
2018-05-15,662,POINT(-105.7 26.5)
2018-05-15,630,POINT(-109.1 29.0)
2018-05-16,3800,POINT(-85.9 45.6)
2018-05-16,1655,POINT(-91.5 39.1)
2018-05-16,2253,POINT(-103.3 43.7)
2018-05-16,4522,POINT(-86.5 44.4)
2018-05-16,4769,POINT(-108.7 44.8)
2018-05-16,3501,POINT(-77.3 38.2)
2018-05-16,3721,POINT(-111.2 29.3)
2018-05-16,3698,POINT(-115.5 28.6)
2018-05-16,1389,POINT(-78.1 38.8)
2018-05-16,4253,POINT(-82.5 33.8)
2018-05-17,2055,POINT(-114.0 38.4)
2018-05-17,3058,POINT(-118.0 37.0)
2018-05-17,1398,POINT(-74.7 39.5)
2018-05-17,411,POINT(-78.4 25.8)
2018-05-17,2663,POINT(-105.4 25.8)
2018-05-17,4334,POINT(-85.5 42.3)
2018-05-17,3933,POINT(-117.6 29.6)
2018-05-17,277,POINT(-94.6 40.7)
2018-05-17,4231,POINT(-123.9 38.1)
2018-05-17,1735,POINT(-101.5 48.6)
2018-05-18,1122,POINT(-120.5 45.0)
2018-05-18,2685,POINT(-96.5 34.9)
2018-05-18,4794,POINT(-99.7 39.8)
2018-05-18,1290,POINT(-98.3 27.8)
2018-05-18,1242,POINT(-122.3 34.3)
2018-05-18,4386,POINT(-103.3 42.6)
2018-05-18,4548,POINT(-79.6 39.9)
2018-05-18,1873,POINT(-102.9 36.6)
2018-05-18,4942,POINT(-82.1 29.2)
2018-05-18,4494,POINT(-102.8 44.3)
2018-05-19,626,POINT(-99.6 31.6)
2018-05-19,156,POINT(-91.2 44.7)
2018-05-19,4626,POINT(-68.0 39.7)
2018-05-19,4735,POINT(-118.5 33.9)
2018-05-19,3687,POINT(-123.0 26.0)
2018-05-19,298,POINT(-88.5 30.6)
2018-05-19,1419,POINT(-68.1 46.3)
2018-05-19,23,POINT(-65.6 44.6)
2018-05-19,266,POINT(-96.0 38.8)
2018-05-19,1731,POINT(-96.9 36.2)
2018-05-20,1433,POINT(-86.3 40.5)
2018-05-20,4963,POINT(-91.7 36.2)
2018-05-20,3000,POINT(-87.0 40.5)
2018-05-20,1205,POINT(-72.6 32.4)
2018-05-20,4569,POINT(-80.2 45.1)
2018-05-20,4375,POINT(-95.2 41.8)
2018-05-20,1254,POINT(-97.3 32.9)
2018-05-20,3233,POINT(-86.6 44.9)
2018-05-20,3480,POINT(-97.7 36.7)
2018-05-20,4177,POINT(-97.5 29.2)
2018-05-21,3979,POINT(-124.0 26.9)
2018-05-21,1316,POINT(-114.6 41.8)
2018-05-21,2131,POINT(-95.7 45.8)
2018-05-21,2412,POINT(-75.6 44.4)
2018-05-21,506,POINT(-108.3 40.7)
2018-05-21,3409,POINT(-93.6 28.4)
2018-05-21,3616,POINT(-104.3 27.3)
2018-05-21,919,POINT(-118.7 33.3)
2018-05-21,382,POINT(-67.5 45.5)
2018-05-21,4467,POINT(-73.7 48.1)
2018-05-22,1354,POINT(-120.3 30.8)
2018-05-22,333,POINT(-81.8 43.3)
2018-05-22,2441,POINT(-104.1 38.8)
2018-05-22,4680,POINT(-65.3 25.8)
2018-05-22,4841,POINT(-106.9 38.0)
2018-05-22,2794,POINT(-110.7 44.3)
2018-05-22,2403,POINT(-90.9 31.6)
2018-05-22,3930,POINT(-74.9 46.5)
2018-05-22,1225,POINT(-113.4 30.7)
2018-05-22,1705,POINT(-82.4 26.8)
2018-05-23,1917,POINT(-121.3 28.8)
2018-05-23,4824,POINT(-69.9 45.1)
2018-05-23,790,POINT(-120.1 35.0)
2018-05-23,1029,POINT(-70.1 44.1)
2018-05-23,3275,POINT(-95.6 37.7)
2018-05-23,1413,POINT(-98.1 36.5)
2018-05-23,1436,POINT(-66.6 44.4)
2018-05-23,673,POINT(-65.6 35.2)
2018-05-23,2657,POINT(-86.0 44.2)
2018-05-23,20,POINT(-117.4 27.4)
2018-05-24,1048,POINT(-94.6 40.3)
2018-05-24,2835,POINT(-93.3 41.9)
2018-05-24,3013,POINT(-94.1 46.6)
2018-05-24,4690,POINT(-90.8 30.4)
2018-05-24,1085,POINT(-123.9 39.5)
2018-05-24,3098,POINT(-82.3 35.4)
2018-05-24,1799,POINT(-82.3 34.2)
2018-05-24,3046,POINT(-118.1 27.6)
2018-05-24,4848,POINT(-90.8 28.2)
2018-05-24,3663,POINT(-90.9 45.1)
2018-05-25,3185,POINT(-84.1 43.0)
2018-05-25,4309,POINT(-119.9 34.2)
2018-05-25,1086,POINT(-87.4 44.9)
2018-05-25,983,POINT(-108.2 26.9)
2018-05-25,1875,POINT(-94.6 40.0)
2018-05-25,3135,POINT(-78.6 45.8)
2018-05-25,1309,POINT(-82.7 45.1)
2018-05-25,3416,POINT(-117.9 33.9)
2018-05-25,1168,POINT(-89.5 42.9)
2018-05-25,3139,POINT(-66.9 35.3)
2018-05-26,114,POINT(-115.6 45.2)
2018-05-26,3577,POINT(-73.8 37.7)
2018-05-26,4358,POINT(-82.8 43.4)
2018-05-26,4400,POINT(-78.6 26.9)
2018-05-26,1191,POINT(-108.1 39.2)
2018-05-26,4654,POINT(-107.7 38.2)
2018-05-26,3148,POINT(-70.6 39.6)
2018-05-26,4404,POINT(-103.4 41.7)
2018-05-26,3544,POINT(-121.2 47.0)
2018-05-26,4206,POINT(-89.0 43.9)
2018-05-27,3137,POINT(-117.5 30.3)
2018-05-27,1784,POINT(-77.2 44.8)
2018-05-27,3824,POINT(-86.5 27.9)
2018-05-27,4979,POINT(-72.5 39.9)
2018-05-27,101,POINT(-77.9 46.2)
2018-05-27,456,POINT(-118.3 27.4)
2018-05-27,118,POINT(-102.1 45.4)
2018-05-27,4422,POINT(-78.5 44.2)
2018-05-27,3249,POINT(-100.0 37.1)
2018-05-27,4063,POINT(-66.7 32.4)
2018-05-28,4547,POINT(-80.9 34.7)
2018-05-28,1255,POINT(-124.1 48.2)
2018-05-28,2730,POINT(-72.2 29.8)
2018-05-28,287,POINT(-119.0 38.9)
2018-05-28,3066,POINT(-116.6 27.0)
2018-05-28,4674,POINT(-80.9 30.2)
2018-05-28,2932,POINT(-73.1 43.3)
2018-05-28,2523,POINT(-92.8 32.3)
2018-05-28,848,POINT(-107.7 48.7)
2018-05-28,2811,POINT(-103.9 37.0)
2018-05-29,39,POINT(-104.4 37.4)
2018-05-29,1267,POINT(-105.4 25.9)
2018-05-29,374,POINT(-110.4 48.0)
2018-05-29,1810,POINT(-88.5 29.2)
2018-05-29,914,POINT(-71.0 37.9)
2018-05-29,4803,POINT(-106.6 34.5)
2018-05-29,2188,POINT(-113.8 35.0)
2018-05-29,2860,POINT(-74.7 40.4)
2018-05-29,2846,POINT(-80.5 40.9)
2018-05-29,4456,POINT(-69.1 28.7)
2018-05-30,189,POINT(-115.1 37.0)
2018-05-30,3883,POINT(-116.3 44.0)
2018-05-30,3970,POINT(-92.5 35.6)
2018-05-30,1196,POINT(-88.1 29.0)
2018-05-30,3969,POINT(-96.2 32.5)
2018-05-30,783,POINT(-89.1 30.1)
2018-05-30,4615,POINT(-114.2 28.0)
2018-05-30,4470,POINT(-96.2 34.1)
2018-05-30,362,POINT(-85.5 38.0)
2018-05-30,4517,POINT(-99.0 26.7)
2018-05-31,4840,POINT(-84.2 39.5)
2018-05-31,3038,POINT(-97.9 48.8)
2018-05-31,127,POINT(-105.0 48.1)
2018-05-31,491,POINT(-106.8 44.9)
2018-05-31,4297,POINT(-100.3 31.4)
2018-05-31,2647,POINT(-123.6 25.5)
2018-05-31,116,POINT(-84.9 45.0)
2018-05-31,4487,POINT(-74.3 26.3)
2018-05-31,4888,POINT(-103.7 29.9)
2018-05-31,253,POINT(-122.2 38.1)
2018-06-01,2642,POINT(-65.8 29.3)
2018-06-01,4573,POINT(-109.2 45.0)
2018-06-01,875,POINT(-117.4 43.7)
2018-06-01,2991,POINT(-102.8 43.1)
2018-06-01,1571,POINT(-80.7 44.6)
2018-06-01,613,POINT(-107.4 30.3)
2018-06-01,3072,POINT(-90.5 42.5)
2018-06-01,4028,POINT(-100.1 33.5)
2018-06-01,2025,POINT(-117.9 41.0)
2018-06-01,1668,POINT(-105.2 27.9)
2018-06-02,3390,POINT(-81.5 41.9)
2018-06-02,3777,POINT(-88.3 48.3)
2018-06-02,3780,POINT(-117.8 26.0)
2018-06-02,1623,POINT(-115.2 27.3)
2018-06-02,4965,POINT(-86.6 28.0)
2018-06-02,1889,POINT(-76.2 35.3)
2018-06-02,4118,POINT(-104.0 32.0)
2018-06-02,2356,POINT(-89.3 44.4)
2018-06-02,1109,POINT(-114.8 36.4)
2018-06-02,1084,POINT(-106.3 36.6)
2018-06-03,796,POINT(-123.8 42.2)
2018-06-03,158,POINT(-78.9 33.7)
2018-06-03,1764,POINT(-100.9 33.5)
2018-06-03,2179,POINT(-76.0 43.2)
2018-06-03,3766,POINT(-82.5 43.7)
2018-06-03,1189,POINT(-75.3 25.3)
2018-06-03,3319,POINT(-107.9 28.5)
2018-06-03,2433,POINT(-113.9 30.1)
2018-06-03,4187,POINT(-66.7 33.4)
2018-06-03,4597,POINT(-82.0 32.0)
2018-06-04,934,POINT(-75.0 41.0)
2018-06-04,1613,POINT(-124.2 44.9)
2018-06-04,3062,POINT(-103.7 29.6)
2018-06-04,4228,POINT(-80.4 38.5)
2018-06-04,4813,POINT(-120.3 33.8)
2018-06-04,2387,POINT(-91.0 37.1)
2018-06-04,3490,POINT(-99.3 39.9)
2018-06-04,3192,POINT(-123.9 46.4)
2018-06-04,2827,POINT(-110.8 29.6)
2018-06-04,3170,POINT(-107.9 27.1)
2018-06-05,4815,POINT(-118.3 40.1)
2018-06-05,4899,POINT(-87.1 34.5)
2018-06-05,721,POINT(-110.5 28.9)
2018-06-05,2596,POINT(-108.3 27.8)
2018-06-05,2658,POINT(-71.1 38.4)
2018-06-05,1727,POINT(-97.0 32.2)
2018-06-05,4362,POINT(-101.5 48.9)
2018-06-05,880,POINT(-81.6 34.7)
2018-06-05,3584,POINT(-70.4 30.1)
2018-06-05,4914,POINT(-123.5 40.1)
2018-06-06,280,POINT(-98.1 30.9)
2018-06-06,1553,POINT(-88.4 36.9)
2018-06-06,559,POINT(-105.9 36.6)
2018-06-06,4673,POINT(-78.7 35.9)
2018-06-06,4024,POINT(-66.7 44.1)
2018-06-06,4464,POINT(-68.4 30.2)
2018-06-06,1722,POINT(-109.0 46.7)
2018-06-06,3250,POINT(-111.4 44.0)
2018-06-06,1372,POINT(-67.6 33.0)
2018-06-06,4903,POINT(-97.5 29.3)
2018-06-07,1294,POINT(-112.5 31.7)
2018-06-07,896,POINT(-82.6 33.0)
2018-06-07,2268,POINT(-107.9 38.4)
2018-06-07,4392,POINT(-109.0 26.1)
2018-06-07,1795,POINT(-72.2 46.9)
2018-06-07,4848,POINT(-115.3 27.4)
2018-06-07,3553,POINT(-121.1 31.7)
2018-06-07,305,POINT(-108.8 27.6)
2018-06-07,2063,POINT(-88.6 31.2)
2018-06-07,2607,POINT(-117.6 45.1)
2018-06-08,690,POINT(-96.7 39.8)
2018-06-08,4900,POINT(-87.4 30.5)
2018-06-08,4308,POINT(-74.1 45.9)
2018-06-08,334,POINT(-111.2 44.2)
2018-06-08,2301,POINT(-76.0 43.1)
2018-06-08,4432,POINT(-110.9 45.3)
2018-06-08,996,POINT(-84.4 39.9)
2018-06-08,3128,POINT(-99.2 37.0)
2018-06-08,770,POINT(-118.1 34.0)
2018-06-08,3703,POINT(-82.1 30.4)
2018-06-09,1046,POINT(-111.9 38.4)
2018-06-09,916,POINT(-114.4 46.3)
2018-06-09,374,POINT(-103.5 39.3)
2018-06-09,3423,POINT(-85.8 47.1)
2018-06-09,1079,POINT(-111.0 33.6)
2018-06-09,4379,POINT(-114.0 41.7)
2018-06-09,2265,POINT(-124.4 40.6)
2018-06-09,3696,POINT(-96.7 41.1)
2018-06-09,4229,POINT(-99.3 40.5)
2018-06-09,3091,POINT(-111.0 30.3)
2018-06-10,3268,POINT(-121.8 28.4)
2018-06-10,2117,POINT(-99.2 48.5)
2018-06-10,2943,POINT(-77.7 26.1)
2018-06-10,2839,POINT(-82.1 36.2)
2018-06-10,451,POINT(-73.4 35.2)
2018-06-10,1569,POINT(-124.4 33.6)
2018-06-10,1751,POINT(-67.0 43.8)
2018-06-10,635,POINT(-104.5 42.9)
2018-06-10,3873,POINT(-65.6 46.7)
2018-06-10,1700,POINT(-109.8 34.5)
2018-06-11,2791,POINT(-96.7 38.5)
2018-06-11,100,POINT(-103.8 46.4)
2018-06-11,3016,POINT(-103.7 48.9)
2018-06-11,4312,POINT(-74.5 48.3)
2018-06-11,1098,POINT(-80.2 42.2)
2018-06-11,4621,POINT(-65.5 28.4)
2018-06-11,1190,POINT(-88.2 25.6)
2018-06-11,1911,POINT(-97.2 44.8)
2018-06-11,4500,POINT(-119.6 45.2)
2018-06-11,196,POINT(-65.2 42.9)
2018-06-12,1607,POINT(-91.9 31.7)
2018-06-12,3418,POINT(-83.0 40.4)
2018-06-12,3757,POINT(-100.6 32.6)
2018-06-12,2680,POINT(-92.1 35.8)
2018-06-12,4835,POINT(-68.4 34.2)
2018-06-12,249,POINT(-115.0 46.9)
2018-06-12,2590,POINT(-107.5 30.6)
2018-06-12,4246,POINT(-115.9 38.9)
2018-06-12,148,POINT(-77.5 33.7)
2018-06-12,2516,POINT(-121.3 40.9)
2018-06-13,4175,POINT(-120.1 38.5)
2018-06-13,4490,POINT(-107.1 47.2)
2018-06-13,4735,POINT(-94.1 27.4)
2018-06-13,2255,POINT(-100.6 30.3)
2018-06-13,4310,POINT(-122.3 43.4)
2018-06-13,1759,POINT(-67.6 33.9)
2018-06-13,577,POINT(-67.8 29.0)
2018-06-13,4910,POINT(-108.2 37.1)
2018-06-13,891,POINT(-81.1 40.7)
2018-06-13,649,POINT(-90.3 26.1)
2018-06-14,3971,POINT(-110.8 32.0)
2018-06-14,4430,POINT(-109.3 44.4)
2018-06-14,4547,POINT(-95.5 37.5)
2018-06-14,4909,POINT(-99.8 25.8)
2018-06-14,2345,POINT(-107.5 31.8)
2018-06-14,4331,POINT(-76.5 40.3)
2018-06-14,2995,POINT(-96.1 29.8)
2018-06-14,569,POINT(-85.7 44.9)
2018-06-14,723,POINT(-113.6 41.2)
2018-06-14,4603,POINT(-93.0 36.3)
2018-06-15,3998,POINT(-105.9 47.0)
2018-06-15,266,POINT(-93.4 34.4)
2018-06-15,586,POINT(-78.2 30.6)
2018-06-15,47,POINT(-78.9 40.9)
2018-06-15,2082,POINT(-103.7 38.8)
2018-06-15,4515,POINT(-83.3 33.0)
2018-06-15,470,POINT(-68.5 33.2)
2018-06-15,1450,POINT(-87.5 34.6)
2018-06-15,4488,POINT(-116.1 32.0)
2018-06-15,1842,POINT(-84.2 42.0)
2018-06-16,4674,POINT(-118.7 40.6)
2018-06-16,3409,POINT(-72.7 35.6)
2018-06-16,442,POINT(-94.0 34.5)
2018-06-16,4161,POINT(-101.9 33.8)
2018-06-16,1761,POINT(-121.6 31.8)
2018-06-16,2057,POINT(-102.2 27.1)
2018-06-16,2850,POINT(-70.8 31.4)
2018-06-16,266,POINT(-123.7 32.7)
2018-06-16,681,POINT(-96.5 38.1)
2018-06-16,499,POINT(-69.1 43.6)
2018-06-17,3724,POINT(-101.3 34.5)
2018-06-17,2106,POINT(-99.3 47.7)
2018-06-17,1692,POINT(-90.3 44.9)
2018-06-17,4421,POINT(-97.2 48.6)
2018-06-17,2470,POINT(-114.9 46.0)
2018-06-17,4539,POINT(-123.9 39.8)
2018-06-17,3922,POINT(-88.4 39.4)
2018-06-17,1985,POINT(-69.8 28.1)
2018-06-17,3226,POINT(-118.6 42.3)
2018-06-17,1399,POINT(-112.3 39.4)
2018-06-18,4525,POINT(-102.8 37.2)
2018-06-18,3866,POINT(-76.5 41.6)
2018-06-18,1594,POINT(-108.8 35.7)
2018-06-18,4949,POINT(-72.1 37.6)
2018-06-18,2973,POINT(-121.7 34.6)
2018-06-18,4539,POINT(-68.5 42.2)
2018-06-18,986,POINT(-91.4 46.0)
2018-06-18,3374,POINT(-85.5 45.2)
2018-06-18,55,POINT(-102.9 43.9)
2018-06-18,1203,POINT(-78.1 25.3)
2018-06-19,3352,POINT(-115.0 46.9)
2018-06-19,4522,POINT(-122.1 31.6)
2018-06-19,4953,POINT(-101.3 46.3)
2018-06-19,256,POINT(-73.8 29.7)
2018-06-19,3229,POINT(-79.7 35.6)
2018-06-19,4335,POINT(-94.0 43.0)
2018-06-19,801,POINT(-90.7 40.4)
2018-06-19,646,POINT(-117.2 35.0)
2018-06-19,3785,POINT(-74.6 41.3)
2018-06-19,2431,POINT(-77.8 38.2)
2018-06-20,4843,POINT(-85.6 31.6)
2018-06-20,1098,POINT(-97.0 40.5)
2018-06-20,4193,POINT(-67.1 29.9)
2018-06-20,3169,POINT(-72.3 41.7)
2018-06-20,722,POINT(-86.3 25.1)
2018-06-20,4706,POINT(-102.7 38.2)
2018-06-20,3654,POINT(-87.9 34.6)
2018-06-20,3900,POINT(-90.5 32.3)
2018-06-20,2596,POINT(-101.3 37.4)
2018-06-20,4319,POINT(-106.6 40.5)
2018-06-21,2118,POINT(-100.6 48.2)
2018-06-21,4803,POINT(-90.6 45.0)
2018-06-21,3624,POINT(-99.3 42.2)
2018-06-21,1252,POINT(-109.2 36.5)
2018-06-21,2069,POINT(-79.3 34.4)
2018-06-21,3496,POINT(-93.1 25.8)
2018-06-21,4342,POINT(-120.9 33.6)
2018-06-21,3820,POINT(-102.9 45.4)
2018-06-21,3910,POINT(-71.9 34.2)
2018-06-21,2615,POINT(-79.7 36.1)
2018-06-22,4752,POINT(-105.6 31.5)
2018-06-22,3044,POINT(-68.7 31.6)
2018-06-22,4578,POINT(-120.4 26.5)
2018-06-22,4217,POINT(-67.3 39.7)
2018-06-22,4061,POINT(-110.3 35.8)
2018-06-22,3373,POINT(-124.5 39.5)
2018-06-22,4031,POINT(-99.0 38.1)
2018-06-22,1855,POINT(-103.5 44.2)
2018-06-22,392,POINT(-92.7 43.0)
2018-06-22,4122,POINT(-77.2 43.5)
2018-06-23,4598,POINT(-74.5 37.0)
2018-06-23,3820,POINT(-100.9 33.5)
2018-06-23,1906,POINT(-99.2 47.4)
2018-06-23,1519,POINT(-116.1 26.3)
2018-06-23,4222,POINT(-122.1 28.7)
2018-06-23,1588,POINT(-86.5 35.1)
2018-06-23,889,POINT(-121.1 39.7)
2018-06-23,2172,POINT(-81.0 25.2)
2018-06-23,1582,POINT(-92.7 42.3)
2018-06-23,1658,POINT(-113.1 38.4)
2018-06-24,4749,POINT(-92.6 36.6)
2018-06-24,1369,POINT(-114.0 35.2)
2018-06-24,4441,POINT(-98.7 37.5)
2018-06-24,2979,POINT(-77.0 28.9)
2018-06-24,3970,POINT(-97.3 27.6)
2018-06-24,3821,POINT(-116.1 32.0)
2018-06-24,4252,POINT(-81.6 42.0)
2018-06-24,4227,POINT(-113.8 39.1)
2018-06-24,90,POINT(-80.7 36.5)
2018-06-24,2742,POINT(-96.2 38.7)
2018-06-25,2719,POINT(-97.8 38.4)
2018-06-25,2432,POINT(-73.9 32.4)
2018-06-25,3651,POINT(-82.5 27.3)
2018-06-25,4609,POINT(-123.0 46.5)
2018-06-25,677,POINT(-107.2 39.4)
2018-06-25,2506,POINT(-72.7 41.7)
2018-06-25,3509,POINT(-123.9 36.1)
2018-06-25,3508,POINT(-92.3 43.2)
2018-06-25,1454,POINT(-81.3 39.0)
2018-06-25,1355,POINT(-87.7 26.3)
2018-06-26,1199,POINT(-79.4 46.4)
2018-06-26,468,POINT(-81.5 32.3)
2018-06-26,1222,POINT(-83.5 28.3)
2018-06-26,4569,POINT(-75.7 27.1)
2018-06-26,921,POINT(-86.3 42.3)
2018-06-26,1035,POINT(-100.9 41.9)
2018-06-26,2421,POINT(-96.7 41.8)
2018-06-26,81,POINT(-82.0 47.0)
2018-06-26,2695,POINT(-72.4 33.4)
2018-06-26,1203,POINT(-108.7 38.5)
2018-06-27,1858,POINT(-104.5 39.9)
2018-06-27,2394,POINT(-69.2 48.5)
2018-06-27,2032,POINT(-90.3 32.5)
2018-06-27,3751,POINT(-114.3 48.0)
2018-06-27,4758,POINT(-85.2 28.6)
2018-06-27,1308,POINT(-65.6 43.3)
2018-06-27,4112,POINT(-75.6 40.2)
2018-06-27,914,POINT(-80.3 44.6)
2018-06-27,3036,POINT(-112.5 25.7)
2018-06-27,2038,POINT(-72.4 26.9)
2018-06-28,4721,POINT(-93.5 26.7)
2018-06-28,2630,POINT(-71.6 39.2)
2018-06-28,2656,POINT(-105.2 39.5)
2018-06-28,4875,POINT(-121.3 46.7)
2018-06-28,2299,POINT(-96.4 36.2)
2018-06-28,3882,POINT(-108.8 26.6)
2018-06-28,1495,POINT(-82.1 30.0)
2018-06-28,3161,POINT(-67.6 25.2)
2018-06-28,1450,POINT(-83.5 43.6)
2018-06-28,775,POINT(-71.8 44.6)
2018-06-29,4489,POINT(-97.8 49.0)
2018-06-29,2448,POINT(-78.7 34.9)
2018-06-29,4102,POINT(-74.4 25.5)
2018-06-29,4793,POINT(-82.3 30.6)
2018-06-29,1159,POINT(-94.5 39.1)
2018-06-29,3575,POINT(-87.4 48.1)
2018-06-29,4152,POINT(-83.0 27.5)
2018-06-29,1982,POINT(-109.8 27.9)
2018-06-29,2676,POINT(-76.4 41.8)
2018-06-29,473,POINT(-68.0 41.0)
2018-06-30,4228,POINT(-97.1 31.0)
2018-06-30,2191,POINT(-82.9 44.5)
2018-06-30,1652,POINT(-80.8 28.1)
2018-06-30,3898,POINT(-85.3 47.2)
2018-06-30,850,POINT(-92.2 29.8)
2018-06-30,2664,POINT(-72.1 27.0)
2018-06-30,4128,POINT(-98.1 33.1)
2018-06-30,575,POINT(-121.3 29.5)
2018-06-30,974,POINT(-74.3 37.6)
2018-06-30,2292,POINT(-84.6 41.5)
2018-07-01,1005,POINT(-74.0 36.8)
2018-07-01,1197,POINT(-116.7 40.9)
2018-07-01,4931,POINT(-123.2 33.8)
2018-07-01,4321,POINT(-68.9 25.7)
2018-07-01,3264,POINT(-116.1 48.4)
2018-07-01,666,POINT(-76.4 44.7)
2018-07-01,2992,POINT(-75.6 26.8)
2018-07-01,1123,POINT(-82.5 35.8)
2018-07-01,4416,POINT(-117.1 40.2)
2018-07-01,566,POINT(-85.0 29.6)
2018-07-02,3029,POINT(-71.7 38.9)
2018-07-02,2314,POINT(-99.5 37.8)
2018-07-02,2590,POINT(-100.2 30.0)
2018-07-02,61,POINT(-98.4 28.4)
2018-07-02,1371,POINT(-120.1 43.2)
2018-07-02,1204,POINT(-71.5 32.7)
2018-07-02,4029,POINT(-72.8 30.9)
2018-07-02,3148,POINT(-65.1 42.7)
2018-07-02,1658,POINT(-89.9 42.7)
2018-07-02,681,POINT(-79.9 31.6)
2018-07-03,787,POINT(-112.8 45.9)
2018-07-03,4937,POINT(-84.9 41.5)
2018-07-03,2289,POINT(-86.0 33.3)
2018-07-03,3032,POINT(-70.9 35.3)
2018-07-03,1870,POINT(-75.2 42.4)
2018-07-03,3149,POINT(-68.7 30.1)
2018-07-03,1084,POINT(-72.9 36.3)
2018-07-03,1726,POINT(-72.9 40.7)
2018-07-03,1293,POINT(-121.2 37.9)
2018-07-03,4696,POINT(-74.2 39.6)
2018-07-04,1996,POINT(-88.6 38.1)
2018-07-04,2643,POINT(-102.2 29.8)
2018-07-04,1011,POINT(-121.6 34.8)
2018-07-04,1056,POINT(-84.3 37.8)
2018-07-04,2186,POINT(-105.3 43.7)
2018-07-04,2348,POINT(-96.9 40.7)
2018-07-04,1865,POINT(-84.1 35.2)
2018-07-04,510,POINT(-70.3 48.4)
2018-07-04,2243,POINT(-75.5 27.6)
2018-07-04,4584,POINT(-98.0 30.0)
2018-07-05,2549,POINT(-101.7 33.2)
2018-07-05,4618,POINT(-110.6 30.5)
2018-07-05,3724,POINT(-102.7 40.0)
2018-07-05,2342,POINT(-118.3 25.9)
2018-07-05,610,POINT(-66.7 29.3)
2018-07-05,4294,POINT(-90.6 32.0)
2018-07-05,998,POINT(-117.3 41.4)
2018-07-05,1891,POINT(-103.8 46.0)
2018-07-05,4493,POINT(-92.2 44.2)
2018-07-05,1764,POINT(-93.0 29.4)
2018-07-06,2474,POINT(-122.9 38.6)
2018-07-06,2233,POINT(-67.9 25.7)
2018-07-06,4492,POINT(-108.5 32.5)
2018-07-06,1504,POINT(-124.0 44.3)
2018-07-06,862,POINT(-120.4 36.0)
2018-07-06,461,POINT(-90.2 28.6)
2018-07-06,2334,POINT(-116.7 35.5)
2018-07-06,1768,POINT(-122.5 29.8)
2018-07-06,4318,POINT(-102.2 34.4)
2018-07-06,3363,POINT(-87.6 36.7)
2018-07-07,4146,POINT(-118.3 33.4)
2018-07-07,4705,POINT(-106.2 47.5)
2018-07-07,3348,POINT(-99.9 38.5)
2018-07-07,2598,POINT(-115.4 45.2)
2018-07-07,1792,POINT(-94.6 43.3)
2018-07-07,3530,POINT(-119.9 40.9)
2018-07-07,1789,POINT(-122.2 36.9)
2018-07-07,3142,POINT(-93.8 25.1)
2018-07-07,3583,POINT(-110.1 39.7)
2018-07-07,3228,POINT(-119.3 33.5)
2018-07-08,3767,POINT(-99.6 27.8)
2018-07-08,4026,POINT(-70.1 35.7)
2018-07-08,2847,POINT(-81.5 42.7)
2018-07-08,2391,POINT(-76.1 48.1)
2018-07-08,4249,POINT(-72.7 34.0)
2018-07-08,3946,POINT(-66.6 38.0)
2018-07-08,4438,POINT(-79.2 45.4)
2018-07-08,1429,POINT(-88.5 33.0)
2018-07-08,4160,POINT(-103.1 28.4)
2018-07-08,1340,POINT(-114.1 31.8)
2018-07-09,2927,POINT(-83.8 46.6)
2018-07-09,1456,POINT(-65.3 28.8)
2018-07-09,1450,POINT(-97.0 32.9)
2018-07-09,3754,POINT(-81.6 36.2)
2018-07-09,2854,POINT(-95.3 45.3)
2018-07-09,4185,POINT(-99.1 47.5)
2018-07-09,874,POINT(-100.4 35.2)
2018-07-09,481,POINT(-94.7 47.4)
2018-07-09,1512,POINT(-103.0 28.9)
2018-07-09,4694,POINT(-80.1 28.8)
2018-07-10,1420,POINT(-72.5 47.8)
2018-07-10,3780,POINT(-72.0 37.2)
2018-07-10,1915,POINT(-111.3 29.5)
2018-07-10,4669,POINT(-71.2 36.7)
2018-07-10,4011,POINT(-104.5 43.8)
2018-07-10,3514,POINT(-106.4 44.8)
2018-07-10,3493,POINT(-81.4 45.7)
2018-07-10,4572,POINT(-106.7 38.7)
2018-07-10,608,POINT(-121.8 45.8)
2018-07-10,1001,POINT(-102.6 37.2)
2018-07-11,1942,POINT(-81.7 39.6)
2018-07-11,2794,POINT(-105.4 43.2)
2018-07-11,3051,POINT(-87.2 35.2)
2018-07-11,76,POINT(-85.4 26.8)
2018-07-11,3408,POINT(-81.0 33.4)
2018-07-11,2760,POINT(-71.2 40.0)
2018-07-11,479,POINT(-99.0 29.6)
2018-07-11,1734,POINT(-115.0 28.6)
2018-07-11,3995,POINT(-105.9 32.0)
2018-07-11,1641,POINT(-99.1 25.8)
2018-07-12,784,POINT(-82.2 42.8)
2018-07-12,3022,POINT(-124.2 31.2)
2018-07-12,2513,POINT(-106.1 28.0)
2018-07-12,1496,POINT(-78.2 41.8)
2018-07-12,4029,POINT(-84.7 45.2)
2018-07-12,4237,POINT(-81.1 25.5)
2018-07-12,939,POINT(-76.3 30.6)
2018-07-12,3022,POINT(-78.0 47.7)
2018-07-12,1515,POINT(-84.1 34.2)
2018-07-12,4739,POINT(-98.6 47.5)
2018-07-13,2954,POINT(-66.0 31.6)
2018-07-13,2829,POINT(-90.9 30.2)
2018-07-13,1194,POINT(-112.8 30.1)
2018-07-13,298,POINT(-107.4 27.0)
2018-07-13,1821,POINT(-83.4 46.5)
2018-07-13,537,POINT(-69.5 48.5)
2018-07-13,926,POINT(-114.3 47.9)
2018-07-13,1718,POINT(-120.1 45.4)
2018-07-13,3584,POINT(-72.1 45.3)
2018-07-13,3329,POINT(-70.1 40.9)
2018-07-14,1416,POINT(-108.4 44.8)
2018-07-14,1251,POINT(-102.4 30.0)
2018-07-14,3143,POINT(-85.4 34.3)
2018-07-14,808,POINT(-105.2 40.4)
2018-07-14,1533,POINT(-72.4 46.0)
2018-07-14,4117,POINT(-118.5 40.9)
2018-07-14,4938,POINT(-122.7 45.1)
2018-07-14,2898,POINT(-112.5 36.4)
2018-07-14,2700,POINT(-107.8 42.2)
2018-07-14,4101,POINT(-118.2 48.5)
2018-07-15,1251,POINT(-121.1 28.7)
2018-07-15,700,POINT(-79.7 47.2)
2018-07-15,537,POINT(-115.1 37.5)
2018-07-15,1505,POINT(-70.2 40.4)
2018-07-15,3835,POINT(-102.9 46.1)
2018-07-15,2903,POINT(-84.8 34.8)
2018-07-15,902,POINT(-111.5 35.0)
2018-07-15,396,POINT(-110.6 37.7)
2018-07-15,1259,POINT(-90.5 25.5)
2018-07-15,2538,POINT(-91.4 36.9)
2018-07-16,4513,POINT(-78.9 32.0)
2018-07-16,3538,POINT(-79.5 47.3)
2018-07-16,907,POINT(-84.8 27.1)
2018-07-16,720,POINT(-98.1 36.0)
2018-07-16,3705,POINT(-71.6 47.7)
2018-07-16,2696,POINT(-87.6 46.6)
2018-07-16,4522,POINT(-65.6 41.8)
2018-07-16,425,POINT(-75.8 39.1)
2018-07-16,1481,POINT(-122.3 31.7)
2018-07-16,4190,POINT(-105.8 33.8)
2018-07-17,4272,POINT(-90.7 27.2)
2018-07-17,2441,POINT(-81.7 43.9)
2018-07-17,2525,POINT(-92.0 32.8)
2018-07-17,1105,POINT(-77.8 41.0)
2018-07-17,819,POINT(-108.0 33.6)
2018-07-17,3054,POINT(-114.0 36.1)
2018-07-17,1002,POINT(-121.8 38.3)
2018-07-17,1291,POINT(-90.6 44.2)
2018-07-17,4380,POINT(-83.7 30.1)
2018-07-17,1783,POINT(-105.4 34.6)
2018-07-18,3571,POINT(-88.2 28.1)
2018-07-18,3826,POINT(-121.9 26.8)
2018-07-18,1766,POINT(-119.0 39.5)
2018-07-18,2383,POINT(-82.9 29.5)
2018-07-18,2586,POINT(-102.9 26.4)
2018-07-18,901,POINT(-84.7 46.5)
2018-07-18,4194,POINT(-75.1 37.8)
2018-07-18,717,POINT(-73.8 28.2)
2018-07-18,2407,POINT(-114.7 26.3)
2018-07-18,4492,POINT(-95.8 27.9)
2018-07-19,2144,POINT(-81.0 36.3)
2018-07-19,2364,POINT(-78.6 41.0)
2018-07-19,4545,POINT(-77.9 40.4)
2018-07-19,986,POINT(-111.3 28.5)
2018-07-19,744,POINT(-113.4 40.2)
2018-07-19,2478,POINT(-89.6 34.7)
2018-07-19,2550,POINT(-80.5 36.2)
2018-07-19,642,POINT(-105.9 44.2)
2018-07-19,4278,POINT(-118.7 33.0)
2018-07-19,4109,POINT(-82.0 28.5)
2018-07-20,2911,POINT(-107.0 46.0)
2018-07-20,1673,POINT(-115.0 30.1)
2018-07-20,2025,POINT(-116.1 32.1)
2018-07-20,3191,POINT(-106.1 42.0)
2018-07-20,4073,POINT(-89.4 41.4)
2018-07-20,2640,POINT(-103.5 44.2)
2018-07-20,3882,POINT(-123.8 29.4)
2018-07-20,1064,POINT(-119.2 33.5)
2018-07-20,390,POINT(-107.6 28.0)
2018-07-20,3092,POINT(-85.4 38.0)
2018-07-21,2401,POINT(-119.1 32.0)
2018-07-21,1602,POINT(-91.4 41.5)
2018-07-21,4271,POINT(-117.8 25.0)
2018-07-21,2757,POINT(-112.3 26.4)
2018-07-21,2399,POINT(-114.7 35.4)
2018-07-21,3563,POINT(-121.0 48.0)
2018-07-21,3037,POINT(-84.7 46.4)
2018-07-21,1217,POINT(-97.2 48.9)
2018-07-21,3863,POINT(-75.1 35.0)
2018-07-21,554,POINT(-119.1 26.1)
2018-07-22,3091,POINT(-116.3 32.3)
2018-07-22,3673,POINT(-106.6 41.2)
2018-07-22,2249,POINT(-79.0 28.2)
2018-07-22,2377,POINT(-106.7 32.2)
2018-07-22,3783,POINT(-100.5 26.3)
2018-07-22,2637,POINT(-106.9 36.4)
2018-07-22,3941,POINT(-120.2 30.0)
2018-07-22,2484,POINT(-68.6 27.2)
2018-07-22,3140,POINT(-92.1 34.9)
2018-07-22,3517,POINT(-77.7 33.4)
2018-07-23,106,POINT(-85.5 37.9)
2018-07-23,3868,POINT(-94.1 43.0)
2018-07-23,2718,POINT(-119.6 27.7)
2018-07-23,3346,POINT(-86.4 44.0)
2018-07-23,466,POINT(-115.7 25.6)
2018-07-23,4378,POINT(-100.1 35.6)
2018-07-23,2997,POINT(-87.3 39.1)
2018-07-23,4098,POINT(-78.1 48.0)
2018-07-23,3894,POINT(-83.9 38.8)
2018-07-23,1041,POINT(-84.7 28.8)
2018-07-24,217,POINT(-116.1 37.4)
2018-07-24,1947,POINT(-104.2 34.5)
2018-07-24,1156,POINT(-122.4 36.5)
2018-07-24,4309,POINT(-81.8 29.7)
2018-07-24,2574,POINT(-67.8 37.0)
2018-07-24,452,POINT(-109.2 28.6)
2018-07-24,4794,POINT(-119.7 42.9)
2018-07-24,842,POINT(-96.5 39.3)
2018-07-24,1471,POINT(-73.6 26.9)
2018-07-24,3526,POINT(-91.9 46.4)
2018-07-25,1169,POINT(-122.2 39.8)
2018-07-25,396,POINT(-66.5 32.6)
2018-07-25,2051,POINT(-75.3 26.1)
2018-07-25,2563,POINT(-117.1 40.2)
2018-07-25,1728,POINT(-69.7 34.0)
2018-07-25,4785,POINT(-98.0 46.8)
2018-07-25,4060,POINT(-102.7 25.8)
2018-07-25,3419,POINT(-97.3 25.9)
2018-07-25,699,POINT(-74.9 47.8)
2018-07-25,1179,POINT(-85.4 48.2)
2018-07-26,4998,POINT(-121.4 25.7)
2018-07-26,962,POINT(-67.5 42.2)
2018-07-26,4889,POINT(-116.1 30.3)
2018-07-26,4600,POINT(-80.3 41.8)
2018-07-26,3506,POINT(-86.8 45.8)
2018-07-26,3927,POINT(-113.7 27.4)
2018-07-26,4852,POINT(-114.8 30.7)
2018-07-26,2494,POINT(-72.8 25.6)
2018-07-26,1864,POINT(-99.8 26.1)
2018-07-26,3449,POINT(-85.7 25.7)
2018-07-27,3241,POINT(-94.8 44.2)
2018-07-27,2607,POINT(-81.4 32.2)
2018-07-27,3993,POINT(-96.2 36.8)
2018-07-27,2201,POINT(-107.8 43.9)
2018-07-27,2645,POINT(-103.2 36.9)
2018-07-27,666,POINT(-73.5 35.3)
2018-07-27,3822,POINT(-96.9 25.3)
2018-07-27,3350,POINT(-112.2 38.6)
2018-07-27,3921,POINT(-68.9 28.0)
2018-07-27,1806,POINT(-77.2 43.4)
2018-07-28,4373,POINT(-121.7 31.2)
2018-07-28,1772,POINT(-65.1 41.2)
2018-07-28,4482,POINT(-83.3 40.5)
2018-07-28,3295,POINT(-115.4 39.8)
2018-07-28,1595,POINT(-110.8 31.4)
2018-07-28,3573,POINT(-83.5 31.4)
2018-07-28,2450,POINT(-78.2 45.7)
2018-07-28,4594,POINT(-110.7 25.3)
2018-07-28,4827,POINT(-109.6 29.4)
2018-07-28,3110,POINT(-106.6 39.6)
2018-07-29,3254,POINT(-89.1 44.6)
2018-07-29,1050,POINT(-114.7 33.6)
2018-07-29,3137,POINT(-118.7 40.7)
2018-07-29,2283,POINT(-84.3 38.4)
2018-07-29,3639,POINT(-78.3 26.5)
2018-07-29,2124,POINT(-94.9 39.9)
2018-07-29,1687,POINT(-103.2 44.5)
2018-07-29,3104,POINT(-99.1 48.8)
2018-07-29,1008,POINT(-101.7 25.7)
2018-07-29,2294,POINT(-67.4 40.8)
2018-07-30,1599,POINT(-78.9 34.9)
2018-07-30,1171,POINT(-112.5 25.2)
2018-07-30,2530,POINT(-101.9 39.7)
2018-07-30,3865,POINT(-92.4 27.9)
2018-07-30,4658,POINT(-88.2 34.1)
2018-07-30,704,POINT(-96.9 31.3)
2018-07-30,4422,POINT(-76.4 33.7)
2018-07-30,4873,POINT(-78.9 36.8)
2018-07-30,3808,POINT(-94.7 33.6)
2018-07-30,3693,POINT(-73.7 38.3)
2018-07-31,1981,POINT(-79.9 30.7)
2018-07-31,1513,POINT(-78.3 40.2)
2018-07-31,3259,POINT(-67.6 45.5)
2018-07-31,4228,POINT(-109.0 30.4)
2018-07-31,3252,POINT(-108.9 37.2)
2018-07-31,1878,POINT(-71.7 40.6)
2018-07-31,1681,POINT(-78.7 38.6)
2018-07-31,1092,POINT(-69.4 33.8)
2018-07-31,1738,POINT(-121.2 40.4)
2018-07-31,3861,POINT(-87.3 25.7)
2018-08-01,2152,POINT(-116.3 33.9)
2018-08-01,1158,POINT(-94.8 37.8)
2018-08-01,263,POINT(-115.7 25.5)
2018-08-01,4112,POINT(-117.3 37.2)
2018-08-01,3552,POINT(-124.3 40.7)
2018-08-01,2785,POINT(-87.2 43.2)
2018-08-01,4647,POINT(-103.5 27.7)
2018-08-01,3343,POINT(-118.7 48.8)
2018-08-01,4194,POINT(-105.6 39.5)
2018-08-01,3289,POINT(-114.9 33.7)
2018-08-02,4318,POINT(-68.5 31.0)
2018-08-02,2891,POINT(-105.8 38.7)
2018-08-02,275,POINT(-105.0 46.2)
2018-08-02,2350,POINT(-74.6 37.5)
2018-08-02,3158,POINT(-86.1 40.9)
2018-08-02,3369,POINT(-82.4 33.6)
2018-08-02,1014,POINT(-86.8 34.3)
2018-08-02,2104,POINT(-68.2 31.9)
2018-08-02,4727,POINT(-112.6 41.9)
2018-08-02,3281,POINT(-65.7 33.6)
2018-08-03,4532,POINT(-75.1 29.6)
2018-08-03,219,POINT(-89.7 33.9)
2018-08-03,897,POINT(-85.3 45.5)
2018-08-03,163,POINT(-86.1 42.7)
2018-08-03,3603,POINT(-121.5 33.0)
2018-08-03,424,POINT(-111.9 46.8)
2018-08-03,3434,POINT(-67.3 26.8)
2018-08-03,1294,POINT(-92.9 26.2)
2018-08-03,3158,POINT(-102.3 28.1)
2018-08-03,778,POINT(-79.3 27.8)
2018-08-04,992,POINT(-93.5 27.1)
2018-08-04,3212,POINT(-124.2 40.9)
2018-08-04,4684,POINT(-80.8 39.4)
2018-08-04,3536,POINT(-81.1 40.5)
2018-08-04,2797,POINT(-115.1 41.5)
2018-08-04,2220,POINT(-67.6 43.2)
2018-08-04,1048,POINT(-111.6 30.0)
2018-08-04,3942,POINT(-97.5 39.9)
2018-08-04,551,POINT(-118.1 38.9)
2018-08-04,368,POINT(-88.8 47.6)
2018-08-05,859,POINT(-102.5 30.6)
2018-08-05,4532,POINT(-103.8 26.4)
2018-08-05,2554,POINT(-75.4 40.7)
2018-08-05,4591,POINT(-124.4 42.8)
2018-08-05,1841,POINT(-77.1 31.8)
2018-08-05,1482,POINT(-90.7 38.7)
2018-08-05,1446,POINT(-65.8 26.4)
2018-08-05,339,POINT(-89.6 48.0)
2018-08-05,4364,POINT(-121.7 27.6)
2018-08-05,4248,POINT(-122.0 26.6)
2018-08-06,4018,POINT(-72.0 26.1)
2018-08-06,4732,POINT(-74.5 35.3)
2018-08-06,1398,POINT(-104.2 27.3)
2018-08-06,4195,POINT(-87.9 42.9)
2018-08-06,729,POINT(-95.6 46.6)
2018-08-06,3245,POINT(-67.0 31.2)
2018-08-06,4586,POINT(-68.0 40.1)
2018-08-06,2141,POINT(-66.0 26.0)
2018-08-06,1110,POINT(-73.0 34.3)
2018-08-06,682,POINT(-70.4 32.0)
2018-08-07,526,POINT(-112.0 30.5)
2018-08-07,2542,POINT(-75.1 40.5)
2018-08-07,3680,POINT(-82.5 28.1)
2018-08-07,791,POINT(-67.2 45.7)
2018-08-07,3533,POINT(-90.7 41.0)
2018-08-07,3568,POINT(-119.9 42.1)
2018-08-07,2396,POINT(-89.2 47.4)
2018-08-07,4792,POINT(-83.8 47.6)
2018-08-07,1599,POINT(-111.8 38.2)
2018-08-07,1511,POINT(-101.4 36.9)
2018-08-08,3804,POINT(-89.1 33.0)
2018-08-08,4328,POINT(-102.6 42.2)
2018-08-08,3090,POINT(-102.5 37.9)
2018-08-08,1086,POINT(-117.0 47.4)
2018-08-08,1110,POINT(-68.6 30.7)
2018-08-08,512,POINT(-80.0 32.4)
2018-08-08,1349,POINT(-124.9 32.6)
2018-08-08,3895,POINT(-79.1 44.3)
2018-08-08,633,POINT(-80.6 27.4)
2018-08-08,1896,POINT(-124.4 35.9)
2018-08-09,3360,POINT(-102.8 35.3)
2018-08-09,1060,POINT(-88.6 26.8)
2018-08-09,3782,POINT(-97.8 34.9)
2018-08-09,3926,POINT(-78.3 37.3)
2018-08-09,4028,POINT(-99.5 26.6)
2018-08-09,1339,POINT(-115.8 37.2)
2018-08-09,4124,POINT(-66.4 48.0)
2018-08-09,3377,POINT(-110.5 48.5)
2018-08-09,3961,POINT(-81.9 37.8)
2018-08-09,2507,POINT(-116.4 37.4)
2018-08-10,1583,POINT(-105.3 31.9)
2018-08-10,2644,POINT(-98.5 48.9)
2018-08-10,2778,POINT(-113.5 31.6)
2018-08-10,1221,POINT(-98.0 35.9)
2018-08-10,785,POINT(-115.6 25.1)
2018-08-10,1170,POINT(-91.5 33.4)
2018-08-10,2393,POINT(-85.2 26.7)
2018-08-10,2664,POINT(-121.3 42.9)
2018-08-10,3550,POINT(-72.7 38.5)
2018-08-10,4707,POINT(-113.9 38.7)
2018-08-11,4645,POINT(-111.5 31.9)
2018-08-11,1105,POINT(-85.3 44.6)
2018-08-11,33,POINT(-96.9 25.1)
2018-08-11,4729,POINT(-95.0 33.0)
2018-08-11,3566,POINT(-117.3 40.8)
2018-08-11,1089,POINT(-76.7 46.8)
2018-08-11,4328,POINT(-88.0 30.6)
2018-08-11,188,POINT(-116.9 38.0)
2018-08-11,2857,POINT(-102.6 37.9)
2018-08-11,1970,POINT(-76.4 46.0)
2018-08-12,1483,POINT(-90.9 26.2)
2018-08-12,4898,POINT(-118.5 35.2)
2018-08-12,4989,POINT(-102.6 29.4)
2018-08-12,1222,POINT(-110.4 25.5)
2018-08-12,819,POINT(-94.0 28.5)
2018-08-12,429,POINT(-74.4 48.4)
2018-08-12,3669,POINT(-98.8 30.2)
2018-08-12,3826,POINT(-99.0 47.4)
2018-08-12,1288,POINT(-70.7 29.9)
2018-08-12,2533,POINT(-90.4 47.4)
2018-08-13,1450,POINT(-91.0 40.7)
2018-08-13,1350,POINT(-109.3 27.7)
2018-08-13,2231,POINT(-88.5 39.0)
2018-08-13,2402,POINT(-90.4 32.6)
2018-08-13,1371,POINT(-101.2 34.2)
2018-08-13,601,POINT(-65.6 35.6)
2018-08-13,536,POINT(-72.1 35.1)
2018-08-13,2513,POINT(-80.0 40.9)
2018-08-13,1302,POINT(-92.8 43.4)
2018-08-13,1664,POINT(-97.3 32.9)
2018-08-14,4916,POINT(-113.9 47.2)
2018-08-14,197,POINT(-106.7 47.5)
2018-08-14,2768,POINT(-78.6 26.0)
2018-08-14,538,POINT(-97.8 25.4)
2018-08-14,443,POINT(-72.1 35.2)
2018-08-14,3522,POINT(-116.1 39.2)
2018-08-14,1814,POINT(-94.5 31.7)
2018-08-14,312,POINT(-86.2 31.2)
2018-08-14,4192,POINT(-94.0 41.3)
2018-08-14,447,POINT(-71.6 39.4)
2018-08-15,2598,POINT(-65.6 29.0)
2018-08-15,842,POINT(-118.0 46.2)
2018-08-15,806,POINT(-117.2 41.3)
2018-08-15,569,POINT(-117.2 33.7)
2018-08-15,3598,POINT(-84.1 41.4)
2018-08-15,771,POINT(-102.6 27.7)
2018-08-15,3584,POINT(-81.0 36.2)
2018-08-15,3795,POINT(-100.7 29.1)
2018-08-15,2524,POINT(-87.3 26.0)
2018-08-15,694,POINT(-78.8 33.1)
2018-08-16,4243,POINT(-92.1 28.6)
2018-08-16,587,POINT(-92.6 40.2)
2018-08-16,4815,POINT(-119.7 41.2)
2018-08-16,237,POINT(-100.4 28.6)
2018-08-16,2338,POINT(-92.3 25.6)
2018-08-16,2741,POINT(-97.3 44.0)
2018-08-16,837,POINT(-71.0 25.0)
2018-08-16,440,POINT(-70.6 33.3)
2018-08-16,1073,POINT(-75.7 36.9)
2018-08-16,1719,POINT(-102.5 44.6)
2018-08-17,1244,POINT(-82.0 45.1)
2018-08-17,311,POINT(-101.3 42.4)
2018-08-17,1430,POINT(-111.0 30.9)
2018-08-17,4638,POINT(-104.4 42.3)
2018-08-17,778,POINT(-120.7 30.9)
2018-08-17,1414,POINT(-105.1 30.2)
2018-08-17,453,POINT(-97.4 38.1)
2018-08-17,3114,POINT(-67.7 41.3)
2018-08-17,4365,POINT(-106.2 26.3)
2018-08-17,3315,POINT(-70.9 26.4)
2018-08-18,1548,POINT(-111.3 43.8)
2018-08-18,3940,POINT(-113.5 45.6)
2018-08-18,1341,POINT(-93.9 39.5)
2018-08-18,79,POINT(-84.6 35.3)
2018-08-18,3445,POINT(-122.3 45.3)
2018-08-18,490,POINT(-111.7 42.5)
2018-08-18,4104,POINT(-97.7 38.9)
2018-08-18,3506,POINT(-105.1 32.7)
2018-08-18,2803,POINT(-82.2 29.8)
2018-08-18,2902,POINT(-94.3 35.0)
2018-08-19,1208,POINT(-115.4 31.9)
2018-08-19,2382,POINT(-71.3 33.1)
2018-08-19,1902,POINT(-107.4 37.4)
2018-08-19,1893,POINT(-81.1 29.1)
2018-08-19,807,POINT(-78.2 44.3)
2018-08-19,27,POINT(-67.2 28.5)
2018-08-19,53,POINT(-95.1 36.5)
2018-08-19,164,POINT(-88.0 42.9)
2018-08-19,4972,POINT(-104.9 36.6)
2018-08-19,3458,POINT(-84.3 33.7)
2018-08-20,4848,POINT(-97.2 36.4)
2018-08-20,4090,POINT(-98.7 45.4)
2018-08-20,1435,POINT(-73.7 48.8)
2018-08-20,4330,POINT(-122.0 40.1)
2018-08-20,4322,POINT(-72.1 44.0)
2018-08-20,3649,POINT(-73.9 25.3)
2018-08-20,4136,POINT(-94.6 46.1)
2018-08-20,1902,POINT(-95.6 47.9)
2018-08-20,907,POINT(-103.3 38.8)
2018-08-20,3434,POINT(-65.3 43.1)
2018-08-21,4550,POINT(-118.3 37.3)
2018-08-21,1268,POINT(-89.6 31.9)
2018-08-21,2025,POINT(-84.1 45.5)
2018-08-21,4843,POINT(-68.9 39.3)
2018-08-21,1712,POINT(-78.2 38.9)
2018-08-21,883,POINT(-86.4 40.8)
2018-08-21,575,POINT(-118.0 45.5)
2018-08-21,2028,POINT(-102.6 42.6)
2018-08-21,1895,POINT(-116.7 30.1)
2018-08-21,2133,POINT(-72.1 36.2)
2018-08-22,4652,POINT(-80.0 48.5)
2018-08-22,2324,POINT(-79.5 38.3)
2018-08-22,4422,POINT(-85.9 47.5)
2018-08-22,3893,POINT(-94.6 44.5)
2018-08-22,3202,POINT(-116.0 41.0)
2018-08-22,1869,POINT(-105.2 33.4)
2018-08-22,34,POINT(-116.8 32.3)
2018-08-22,3513,POINT(-81.5 40.4)
2018-08-22,4265,POINT(-115.4 35.4)
2018-08-22,1147,POINT(-82.9 44.2)
2018-08-23,1199,POINT(-83.5 43.3)
2018-08-23,4808,POINT(-97.4 32.5)
2018-08-23,4106,POINT(-116.9 41.9)
2018-08-23,3167,POINT(-106.1 36.9)
2018-08-23,2377,POINT(-105.8 32.8)
2018-08-23,4487,POINT(-83.0 34.9)
2018-08-23,1751,POINT(-118.2 46.5)
2018-08-23,3698,POINT(-75.3 33.6)
2018-08-23,3756,POINT(-79.3 31.9)
2018-08-23,907,POINT(-113.8 33.4)
2018-08-24,4033,POINT(-81.9 30.2)
2018-08-24,726,POINT(-84.9 38.1)
2018-08-24,3977,POINT(-80.1 28.5)
2018-08-24,4031,POINT(-113.7 44.6)
2018-08-24,3225,POINT(-115.5 30.4)
2018-08-24,400,POINT(-110.8 39.4)
2018-08-24,3894,POINT(-103.0 28.0)
2018-08-24,1709,POINT(-77.4 48.5)
2018-08-24,3047,POINT(-80.7 35.9)
2018-08-24,242,POINT(-69.5 44.7)
2018-08-25,1936,POINT(-121.5 43.4)
2018-08-25,3141,POINT(-124.3 42.1)
2018-08-25,3316,POINT(-83.1 44.9)
2018-08-25,2734,POINT(-108.2 27.4)
2018-08-25,4811,POINT(-105.0 41.3)
2018-08-25,243,POINT(-92.2 31.4)
2018-08-25,1401,POINT(-118.9 43.9)
2018-08-25,2902,POINT(-86.4 48.0)
2018-08-25,1265,POINT(-105.5 46.6)
2018-08-25,2548,POINT(-87.0 27.8)
2018-08-26,3700,POINT(-75.0 33.9)
2018-08-26,899,POINT(-114.7 33.7)
2018-08-26,4697,POINT(-69.1 27.9)
2018-08-26,755,POINT(-93.2 27.4)
2018-08-26,1729,POINT(-69.6 34.2)
2018-08-26,437,POINT(-112.5 48.8)
2018-08-26,741,POINT(-88.7 38.7)
2018-08-26,809,POINT(-100.8 39.9)
2018-08-26,4307,POINT(-78.5 36.3)
2018-08-26,845,POINT(-88.6 40.9)
2018-08-27,144,POINT(-95.3 48.0)
2018-08-27,2548,POINT(-70.2 39.1)
2018-08-27,3728,POINT(-102.4 26.6)
2018-08-27,50,POINT(-111.8 36.8)
2018-08-27,3377,POINT(-88.5 48.8)
2018-08-27,2425,POINT(-87.6 34.3)
2018-08-27,2050,POINT(-98.7 39.3)
2018-08-27,4349,POINT(-95.8 27.6)
2018-08-27,2959,POINT(-67.4 28.4)
2018-08-27,4271,POINT(-81.0 46.0)
2018-08-28,3476,POINT(-118.4 32.2)
2018-08-28,3098,POINT(-112.3 32.3)
2018-08-28,4833,POINT(-66.5 34.3)
2018-08-28,1125,POINT(-81.4 48.2)
2018-08-28,4588,POINT(-70.1 27.0)
2018-08-28,2600,POINT(-106.8 44.7)
2018-08-28,3583,POINT(-80.5 33.2)
2018-08-28,2988,POINT(-82.2 45.4)
2018-08-28,2457,POINT(-107.3 48.8)
2018-08-28,1240,POINT(-92.0 33.4)
2018-08-29,2676,POINT(-87.4 28.1)
2018-08-29,4985,POINT(-96.1 28.5)
2018-08-29,4935,POINT(-75.4 43.2)
2018-08-29,4864,POINT(-75.0 28.5)
2018-08-29,4268,POINT(-74.0 31.3)
2018-08-29,2604,POINT(-76.8 29.9)
2018-08-29,3440,POINT(-95.7 33.5)
2018-08-29,2927,POINT(-102.1 26.8)
2018-08-29,2962,POINT(-75.1 45.6)
2018-08-29,2005,POINT(-95.6 45.6)
2018-08-30,3901,POINT(-110.2 34.9)
2018-08-30,316,POINT(-94.6 39.7)
2018-08-30,1372,POINT(-116.5 40.4)
2018-08-30,2112,POINT(-83.5 43.0)
2018-08-30,3040,POINT(-104.8 37.5)
2018-08-30,342,POINT(-109.4 37.2)
2018-08-30,2762,POINT(-67.6 40.2)
2018-08-30,252,POINT(-78.4 41.9)
2018-08-30,1894,POINT(-77.8 33.3)
2018-08-30,1442,POINT(-87.6 32.9)
2018-08-31,2560,POINT(-74.6 31.5)
2018-08-31,312,POINT(-79.5 38.2)
2018-08-31,4340,POINT(-89.1 33.6)
2018-08-31,3119,POINT(-67.3 38.0)
2018-08-31,2196,POINT(-113.5 34.7)
2018-08-31,4300,POINT(-68.4 45.1)
2018-08-31,1560,POINT(-100.9 26.8)
2018-08-31,1802,POINT(-93.3 38.7)
2018-08-31,656,POINT(-117.6 38.8)
2018-08-31,4666,POINT(-92.6 34.2)
2018-09-01,722,POINT(-88.3 35.1)
2018-09-01,4518,POINT(-65.1 44.2)
2018-09-01,547,POINT(-66.5 31.7)
2018-09-01,244,POINT(-67.0 45.9)
2018-09-01,2406,POINT(-104.1 46.5)
2018-09-01,1514,POINT(-65.5 40.6)
2018-09-01,1384,POINT(-97.7 43.5)
2018-09-01,4521,POINT(-73.9 39.7)
2018-09-01,1919,POINT(-112.0 37.6)
2018-09-01,925,POINT(-94.7 48.2)
2018-09-02,3968,POINT(-67.0 31.8)
2018-09-02,90,POINT(-68.2 28.7)
2018-09-02,2093,POINT(-84.0 31.9)
2018-09-02,2698,POINT(-77.1 39.8)
2018-09-02,1700,POINT(-114.4 29.4)
2018-09-02,766,POINT(-81.7 46.8)
2018-09-02,2680,POINT(-87.9 34.9)
2018-09-02,3761,POINT(-119.5 45.4)
2018-09-02,3562,POINT(-118.2 31.0)
2018-09-02,477,POINT(-118.5 32.5)
2018-09-03,1504,POINT(-81.5 26.4)
2018-09-03,1029,POINT(-116.5 31.2)
2018-09-03,911,POINT(-96.9 36.8)
2018-09-03,682,POINT(-103.6 47.7)
2018-09-03,448,POINT(-92.0 34.3)
2018-09-03,4232,POINT(-82.6 40.4)
2018-09-03,2086,POINT(-83.9 35.3)
2018-09-03,454,POINT(-94.1 26.1)
2018-09-03,975,POINT(-97.1 37.1)
2018-09-03,3800,POINT(-101.1 26.6)
2018-09-04,473,POINT(-73.3 46.2)
2018-09-04,2208,POINT(-105.1 43.1)
2018-09-04,2297,POINT(-109.4 34.1)
2018-09-04,3775,POINT(-80.4 40.4)
2018-09-04,3186,POINT(-103.4 27.7)
2018-09-04,4018,POINT(-74.2 41.9)
2018-09-04,3514,POINT(-105.3 44.7)
2018-09-04,922,POINT(-82.9 44.7)
2018-09-04,506,POINT(-122.3 31.8)
2018-09-04,1473,POINT(-101.9 31.3)
2018-09-05,4263,POINT(-104.4 37.5)
2018-09-05,4277,POINT(-76.0 48.2)
2018-09-05,503,POINT(-67.0 47.1)
2018-09-05,1436,POINT(-97.3 33.6)
2018-09-05,1702,POINT(-75.5 43.7)
2018-09-05,1803,POINT(-83.0 47.1)
2018-09-05,2733,POINT(-67.0 31.3)
2018-09-05,668,POINT(-76.3 44.9)
2018-09-05,4771,POINT(-120.4 31.4)
2018-09-05,4472,POINT(-82.2 33.2)
2018-09-06,559,POINT(-92.9 29.8)
2018-09-06,652,POINT(-124.0 37.2)
2018-09-06,4360,POINT(-109.9 45.2)
2018-09-06,217,POINT(-69.7 37.7)
2018-09-06,2507,POINT(-69.4 28.0)
2018-09-06,4200,POINT(-77.1 31.0)
2018-09-06,1893,POINT(-66.1 38.5)
2018-09-06,2896,POINT(-76.6 39.0)
2018-09-06,487,POINT(-124.4 38.8)
2018-09-06,771,POINT(-107.7 26.8)
2018-09-07,199,POINT(-123.2 43.1)
2018-09-07,765,POINT(-119.4 46.8)
2018-09-07,1456,POINT(-111.9 37.3)
2018-09-07,4941,POINT(-94.8 42.3)
2018-09-07,1673,POINT(-74.1 46.9)
2018-09-07,1845,POINT(-73.3 40.4)
2018-09-07,4238,POINT(-88.0 41.2)
2018-09-07,4160,POINT(-69.3 42.3)
2018-09-07,4070,POINT(-95.0 31.3)
2018-09-07,4615,POINT(-71.7 39.0)
2018-09-08,4775,POINT(-97.8 45.2)
2018-09-08,3622,POINT(-108.4 32.1)
2018-09-08,1699,POINT(-70.0 46.5)
2018-09-08,1326,POINT(-101.7 39.9)
2018-09-08,4839,POINT(-94.8 35.2)
2018-09-08,3196,POINT(-105.3 40.0)
2018-09-08,4030,POINT(-85.2 34.6)
2018-09-08,4364,POINT(-65.3 45.1)
2018-09-08,1155,POINT(-123.5 36.6)
2018-09-08,4404,POINT(-71.0 46.6)
2018-09-09,570,POINT(-124.8 37.2)
2018-09-09,1922,POINT(-103.1 40.8)
2018-09-09,1874,POINT(-114.9 48.9)
2018-09-09,306,POINT(-79.6 28.5)
2018-09-09,2419,POINT(-122.0 42.7)
2018-09-09,2646,POINT(-91.8 28.3)
2018-09-09,1471,POINT(-107.3 45.1)
2018-09-09,4302,POINT(-117.0 39.3)
2018-09-09,2278,POINT(-78.7 47.5)
2018-09-09,1004,POINT(-112.0 45.8)
2018-09-10,17,POINT(-111.6 26.8)
2018-09-10,2601,POINT(-108.5 28.3)
2018-09-10,2525,POINT(-89.8 39.4)
2018-09-10,4425,POINT(-85.4 37.4)
2018-09-10,1427,POINT(-123.9 29.0)
2018-09-10,2326,POINT(-110.5 28.1)
2018-09-10,3942,POINT(-99.1 38.5)
2018-09-10,1297,POINT(-105.1 26.2)
2018-09-10,2854,POINT(-71.9 46.0)
2018-09-10,1128,POINT(-77.7 44.4)
2018-09-11,562,POINT(-87.4 43.8)
2018-09-11,670,POINT(-104.7 25.4)
2018-09-11,725,POINT(-83.0 26.1)
2018-09-11,3595,POINT(-74.4 38.2)
2018-09-11,3771,POINT(-89.3 48.9)
2018-09-11,2539,POINT(-77.9 33.2)
2018-09-11,3980,POINT(-80.1 33.3)
2018-09-11,3417,POINT(-90.7 28.2)
2018-09-11,1468,POINT(-106.3 41.2)
2018-09-11,3277,POINT(-80.3 40.5)
2018-09-12,864,POINT(-112.6 27.4)
2018-09-12,4770,POINT(-78.2 36.2)
2018-09-12,3547,POINT(-76.7 41.0)
2018-09-12,1907,POINT(-75.7 36.8)
2018-09-12,282,POINT(-96.6 41.2)
2018-09-12,4097,POINT(-113.5 44.6)
2018-09-12,1282,POINT(-119.0 41.5)
2018-09-12,4384,POINT(-80.4 39.8)
2018-09-12,4029,POINT(-71.8 45.5)
2018-09-12,825,POINT(-85.9 46.6)
2018-09-13,4381,POINT(-116.4 34.3)
2018-09-13,932,POINT(-68.9 29.2)
2018-09-13,4747,POINT(-65.7 44.6)
2018-09-13,4610,POINT(-99.0 30.1)
2018-09-13,4877,POINT(-89.3 47.3)
2018-09-13,1274,POINT(-78.4 25.5)
2018-09-13,3734,POINT(-80.8 47.1)
2018-09-13,2797,POINT(-66.9 39.1)
2018-09-13,2732,POINT(-118.1 43.6)
2018-09-13,4233,POINT(-90.2 34.6)
2018-09-14,2560,POINT(-83.5 48.8)
2018-09-14,2959,POINT(-71.6 30.5)
2018-09-14,1683,POINT(-72.6 31.3)
2018-09-14,4597,POINT(-66.3 26.2)
2018-09-14,3102,POINT(-94.3 47.6)
2018-09-14,2848,POINT(-75.2 35.9)
2018-09-14,1676,POINT(-99.4 41.2)
2018-09-14,4521,POINT(-99.7 41.5)
2018-09-14,2205,POINT(-109.8 46.0)
2018-09-14,1394,POINT(-75.9 41.0)
2018-09-15,4413,POINT(-65.9 38.5)
2018-09-15,3964,POINT(-109.6 42.0)
2018-09-15,2909,POINT(-121.6 43.0)
2018-09-15,70,POINT(-76.1 29.5)
2018-09-15,3957,POINT(-87.8 27.6)
2018-09-15,2300,POINT(-67.4 26.8)
2018-09-15,482,POINT(-109.9 34.0)
2018-09-15,968,POINT(-120.7 37.0)
2018-09-15,542,POINT(-95.5 39.8)
2018-09-15,503,POINT(-119.9 48.0)
2018-09-16,91,POINT(-109.3 32.9)
2018-09-16,4984,POINT(-117.4 43.3)
2018-09-16,2980,POINT(-111.6 37.8)
2018-09-16,21,POINT(-118.6 30.3)
2018-09-16,4554,POINT(-67.8 39.8)
2018-09-16,771,POINT(-108.3 48.2)
2018-09-16,3195,POINT(-98.4 28.0)
2018-09-16,35,POINT(-71.1 37.2)
2018-09-16,1816,POINT(-84.4 26.2)
2018-09-16,4167,POINT(-87.9 32.7)
2018-09-17,4334,POINT(-82.7 39.9)
2018-09-17,4712,POINT(-75.3 45.2)
2018-09-17,3669,POINT(-72.3 42.5)
2018-09-17,1535,POINT(-86.4 36.1)
2018-09-17,770,POINT(-71.6 46.8)
2018-09-17,604,POINT(-92.9 32.3)
2018-09-17,1065,POINT(-108.4 43.1)
2018-09-17,1864,POINT(-72.2 36.4)
2018-09-17,3093,POINT(-92.5 46.6)
2018-09-17,3926,POINT(-70.6 44.1)
2018-09-18,3685,POINT(-122.6 46.6)
2018-09-18,2058,POINT(-101.1 30.1)
2018-09-18,1468,POINT(-68.1 41.0)
2018-09-18,1229,POINT(-110.0 42.7)
2018-09-18,4238,POINT(-68.5 42.8)
2018-09-18,4191,POINT(-67.8 37.1)
2018-09-18,1509,POINT(-72.1 25.3)
2018-09-18,1840,POINT(-91.2 31.3)
2018-09-18,3405,POINT(-86.2 32.8)
2018-09-18,1213,POINT(-72.8 45.4)
2018-09-19,4280,POINT(-78.4 45.2)
2018-09-19,2820,POINT(-87.2 27.5)
2018-09-19,3102,POINT(-66.1 47.8)
2018-09-19,3054,POINT(-83.9 29.4)
2018-09-19,4683,POINT(-66.5 34.9)
2018-09-19,3524,POINT(-121.6 30.2)
2018-09-19,1808,POINT(-116.7 45.6)
2018-09-19,2585,POINT(-97.9 43.0)
2018-09-19,154,POINT(-101.9 33.5)
2018-09-19,4867,POINT(-78.0 41.4)
2018-09-20,3936,POINT(-115.4 29.4)
2018-09-20,1387,POINT(-66.4 34.2)
2018-09-20,3156,POINT(-106.1 34.1)
2018-09-20,1835,POINT(-99.3 30.7)
2018-09-20,803,POINT(-108.5 46.0)
2018-09-20,1611,POINT(-90.2 41.3)
2018-09-20,4424,POINT(-121.5 31.7)
2018-09-20,1120,POINT(-116.0 30.8)
2018-09-20,4063,POINT(-80.3 25.4)
2018-09-20,4803,POINT(-113.8 33.3)
2018-09-21,3947,POINT(-110.9 37.6)
2018-09-21,3973,POINT(-77.4 31.7)
2018-09-21,4952,POINT(-119.4 41.8)
2018-09-21,792,POINT(-98.8 34.9)
2018-09-21,1126,POINT(-123.6 32.6)
2018-09-21,1760,POINT(-104.2 47.5)
2018-09-21,2586,POINT(-83.1 31.3)
2018-09-21,4037,POINT(-119.6 34.6)
2018-09-21,3346,POINT(-71.7 34.2)
2018-09-21,4397,POINT(-70.4 30.8)
2018-09-22,1497,POINT(-118.7 30.2)
2018-09-22,3885,POINT(-65.6 32.3)
2018-09-22,3641,POINT(-107.1 45.7)
2018-09-22,4202,POINT(-120.0 43.4)
2018-09-22,3968,POINT(-124.7 41.3)
2018-09-22,3407,POINT(-100.5 36.0)
2018-09-22,83,POINT(-87.2 37.2)
2018-09-22,1369,POINT(-105.1 31.4)
2018-09-22,1101,POINT(-74.8 26.8)
2018-09-22,4863,POINT(-82.0 32.9)
2018-09-23,1951,POINT(-104.0 36.9)
2018-09-23,3158,POINT(-80.9 26.4)
2018-09-23,4313,POINT(-68.6 27.1)
2018-09-23,1254,POINT(-119.4 31.3)
2018-09-23,1295,POINT(-106.6 33.8)
2018-09-23,4515,POINT(-97.2 34.4)
2018-09-23,3046,POINT(-95.1 27.8)
2018-09-23,780,POINT(-92.5 30.4)
2018-09-23,1853,POINT(-107.0 31.3)
2018-09-23,83,POINT(-85.0 26.6)
2018-09-24,1670,POINT(-86.3 32.8)
2018-09-24,4359,POINT(-90.3 26.7)
2018-09-24,829,POINT(-118.2 41.9)
2018-09-24,3828,POINT(-96.4 34.3)
2018-09-24,341,POINT(-103.6 32.8)
2018-09-24,1431,POINT(-95.5 28.0)
2018-09-24,3665,POINT(-69.7 30.4)
2018-09-24,4941,POINT(-96.2 30.6)
2018-09-24,1701,POINT(-124.2 48.6)
2018-09-24,4560,POINT(-98.7 45.0)
2018-09-25,4418,POINT(-75.8 25.4)
2018-09-25,237,POINT(-78.2 39.8)
2018-09-25,2891,POINT(-94.2 31.1)
2018-09-25,4963,POINT(-110.0 27.5)
2018-09-25,2875,POINT(-97.1 41.9)
2018-09-25,2585,POINT(-91.2 28.2)
2018-09-25,4532,POINT(-65.0 35.6)
2018-09-25,474,POINT(-86.3 40.2)
2018-09-25,287,POINT(-83.3 38.3)
2018-09-25,4124,POINT(-95.5 48.5)
2018-09-26,75,POINT(-103.7 43.9)
2018-09-26,4272,POINT(-76.2 43.6)
2018-09-26,412,POINT(-95.3 33.5)
2018-09-26,3993,POINT(-65.3 25.2)
2018-09-26,4514,POINT(-97.6 42.6)
2018-09-26,3488,POINT(-120.9 49.0)
2018-09-26,3454,POINT(-84.0 34.7)
2018-09-26,4702,POINT(-122.2 48.7)
2018-09-26,4429,POINT(-110.0 28.4)
2018-09-26,3049,POINT(-103.8 32.1)
2018-09-27,1447,POINT(-80.6 29.1)
2018-09-27,438,POINT(-95.3 36.4)
2018-09-27,2692,POINT(-123.3 44.1)
2018-09-27,2787,POINT(-88.0 33.2)
2018-09-27,3388,POINT(-100.3 46.7)
2018-09-27,402,POINT(-69.7 38.1)
2018-09-27,4551,POINT(-95.0 36.2)
2018-09-27,351,POINT(-82.5 43.9)
2018-09-27,142,POINT(-111.9 27.4)
2018-09-27,274,POINT(-79.3 43.6)
2018-09-28,4198,POINT(-81.7 30.8)
2018-09-28,1695,POINT(-70.8 31.7)
2018-09-28,1444,POINT(-123.0 39.4)
2018-09-28,1670,POINT(-98.1 46.6)
2018-09-28,3827,POINT(-84.3 38.9)
2018-09-28,2364,POINT(-119.3 40.6)
2018-09-28,275,POINT(-100.4 43.6)
2018-09-28,4751,POINT(-68.5 31.2)
2018-09-28,1146,POINT(-98.8 44.9)
2018-09-28,4559,POINT(-65.9 35.0)
2018-09-29,4936,POINT(-121.6 29.2)
2018-09-29,1400,POINT(-81.9 33.4)
2018-09-29,1122,POINT(-90.1 30.9)
2018-09-29,2244,POINT(-95.0 30.5)
2018-09-29,2876,POINT(-66.7 31.8)
2018-09-29,3078,POINT(-117.2 29.3)
2018-09-29,2189,POINT(-71.2 41.0)
2018-09-29,4977,POINT(-83.5 38.9)
2018-09-29,644,POINT(-109.5 40.6)
2018-09-29,3641,POINT(-70.9 33.2)
2018-09-30,1409,POINT(-99.2 43.5)
2018-09-30,4796,POINT(-76.1 28.1)
2018-09-30,2749,POINT(-101.7 38.7)
2018-09-30,3180,POINT(-73.9 31.6)
2018-09-30,1875,POINT(-86.8 37.7)
2018-09-30,1965,POINT(-116.5 32.8)
2018-09-30,4687,POINT(-86.0 44.0)
2018-09-30,2228,POINT(-113.5 46.4)
2018-09-30,1399,POINT(-100.3 42.8)
2018-09-30,4889,POINT(-114.8 29.2)
2018-10-01,3140,POINT(-123.7 31.6)
2018-10-01,4286,POINT(-112.3 47.1)
2018-10-01,4124,POINT(-92.8 35.5)
2018-10-01,1259,POINT(-96.1 47.6)
2018-10-01,3176,POINT(-94.9 34.4)
2018-10-01,1255,POINT(-110.1 47.8)
2018-10-01,63,POINT(-83.9 47.2)
2018-10-01,2920,POINT(-82.7 40.9)
2018-10-01,2406,POINT(-103.5 25.2)
2018-10-01,452,POINT(-72.1 34.6)
2018-10-02,4685,POINT(-86.4 46.9)
2018-10-02,3621,POINT(-82.2 46.2)
2018-10-02,4387,POINT(-108.4 29.5)
2018-10-02,2417,POINT(-125.0 34.6)
2018-10-02,832,POINT(-73.1 45.1)
2018-10-02,3712,POINT(-75.7 38.9)
2018-10-02,2949,POINT(-117.6 45.3)
2018-10-02,4746,POINT(-102.6 44.8)
2018-10-02,1041,POINT(-85.3 46.8)
2018-10-02,2026,POINT(-85.9 27.8)
2018-10-03,572,POINT(-73.4 28.5)
2018-10-03,2548,POINT(-116.6 27.0)
2018-10-03,350,POINT(-99.2 47.4)
2018-10-03,4577,POINT(-119.2 36.4)
2018-10-03,3785,POINT(-101.6 26.5)
2018-10-03,2306,POINT(-124.1 32.7)
2018-10-03,244,POINT(-71.1 33.4)
2018-10-03,1126,POINT(-93.4 44.4)
2018-10-03,1918,POINT(-74.0 42.7)
2018-10-03,1427,POINT(-121.4 41.5)
2018-10-04,4929,POINT(-111.4 25.5)
2018-10-04,1301,POINT(-109.4 46.9)
2018-10-04,3498,POINT(-101.8 30.2)
2018-10-04,4737,POINT(-76.8 40.1)
2018-10-04,3664,POINT(-101.8 26.5)
2018-10-04,538,POINT(-112.7 27.0)
2018-10-04,3334,POINT(-121.1 25.2)
2018-10-04,1990,POINT(-120.2 38.6)
2018-10-04,2949,POINT(-79.4 40.1)
2018-10-04,1339,POINT(-98.3 26.2)
2018-10-05,1243,POINT(-81.4 32.0)
2018-10-05,1763,POINT(-84.1 45.4)
2018-10-05,2810,POINT(-116.9 27.4)
2018-10-05,2943,POINT(-116.4 30.2)
2018-10-05,2769,POINT(-79.7 35.2)
2018-10-05,2785,POINT(-81.7 45.2)
2018-10-05,3497,POINT(-102.3 31.1)
2018-10-05,3860,POINT(-120.4 48.9)
2018-10-05,2537,POINT(-124.3 33.5)
2018-10-05,900,POINT(-107.7 34.3)
2018-10-06,2075,POINT(-124.4 27.9)
2018-10-06,1198,POINT(-111.2 41.3)
2018-10-06,4307,POINT(-99.8 30.8)
2018-10-06,750,POINT(-117.7 40.1)
2018-10-06,1379,POINT(-118.7 30.4)
2018-10-06,1399,POINT(-71.2 34.3)
2018-10-06,2010,POINT(-89.9 45.6)
2018-10-06,1481,POINT(-68.9 42.7)
2018-10-06,1546,POINT(-104.3 28.7)
2018-10-06,328,POINT(-84.4 39.6)
2018-10-07,2274,POINT(-112.7 40.1)
2018-10-07,1904,POINT(-87.9 27.2)
2018-10-07,3721,POINT(-117.2 36.2)
2018-10-07,4829,POINT(-124.9 31.3)
2018-10-07,2832,POINT(-69.1 36.2)
2018-10-07,4518,POINT(-91.7 43.6)
2018-10-07,1285,POINT(-69.4 28.8)
2018-10-07,3093,POINT(-105.0 28.0)
2018-10-07,410,POINT(-105.3 31.5)
2018-10-07,733,POINT(-101.0 47.9)
2018-10-08,2339,POINT(-82.6 42.9)
2018-10-08,1145,POINT(-91.1 25.5)
2018-10-08,2780,POINT(-69.5 34.6)
2018-10-08,4856,POINT(-123.5 31.2)
2018-10-08,277,POINT(-82.5 40.3)
2018-10-08,579,POINT(-105.2 36.0)
2018-10-08,2566,POINT(-114.2 48.1)
2018-10-08,1983,POINT(-94.4 30.3)
2018-10-08,555,POINT(-94.7 39.1)
2018-10-08,2832,POINT(-116.8 41.8)
2018-10-09,4470,POINT(-112.9 44.8)
2018-10-09,4652,POINT(-100.5 34.8)
2018-10-09,280,POINT(-100.5 41.5)
2018-10-09,748,POINT(-105.9 32.3)
2018-10-09,1267,POINT(-116.1 35.5)
2018-10-09,68,POINT(-124.7 46.5)
2018-10-09,4191,POINT(-66.8 47.8)
2018-10-09,4868,POINT(-68.4 42.3)
2018-10-09,399,POINT(-96.0 34.0)
2018-10-09,728,POINT(-65.3 44.7)
2018-10-10,4254,POINT(-84.6 25.6)
2018-10-10,4688,POINT(-120.9 27.5)
2018-10-10,130,POINT(-117.9 40.9)
2018-10-10,2662,POINT(-70.0 32.0)
2018-10-10,2313,POINT(-87.2 47.8)
2018-10-10,4871,POINT(-74.4 35.5)
2018-10-10,2921,POINT(-71.1 35.3)
2018-10-10,809,POINT(-98.1 41.3)
2018-10-10,3390,POINT(-122.1 43.4)
2018-10-10,2116,POINT(-113.7 36.4)
2018-10-11,1119,POINT(-121.0 30.1)
2018-10-11,1260,POINT(-113.7 43.6)
2018-10-11,2650,POINT(-100.4 32.7)
2018-10-11,1659,POINT(-117.9 29.2)
2018-10-11,1355,POINT(-115.0 40.2)
2018-10-11,2966,POINT(-98.3 27.2)
2018-10-11,2456,POINT(-104.6 48.3)
2018-10-11,3374,POINT(-96.9 40.2)
2018-10-11,494,POINT(-99.2 48.7)
2018-10-11,812,POINT(-86.3 33.1)
2018-10-12,1725,POINT(-68.8 48.3)
2018-10-12,1925,POINT(-118.5 28.5)
2018-10-12,3493,POINT(-119.0 26.0)
2018-10-12,1767,POINT(-73.8 25.8)
2018-10-12,1819,POINT(-94.6 36.2)
2018-10-12,3017,POINT(-79.0 27.0)
2018-10-12,3235,POINT(-112.1 37.3)
2018-10-12,3505,POINT(-75.3 32.9)
2018-10-12,2330,POINT(-69.6 33.1)
2018-10-12,1680,POINT(-86.9 40.3)
2018-10-13,4625,POINT(-118.6 28.9)
2018-10-13,1161,POINT(-71.3 43.4)
2018-10-13,4757,POINT(-77.5 39.0)
2018-10-13,2233,POINT(-79.9 47.0)
2018-10-13,2677,POINT(-122.8 33.8)
2018-10-13,220,POINT(-77.1 48.6)
2018-10-13,2504,POINT(-116.7 38.8)
2018-10-13,4691,POINT(-111.7 48.4)
2018-10-13,4272,POINT(-90.4 25.6)
2018-10-13,2517,POINT(-109.1 42.5)
2018-10-14,2973,POINT(-85.3 44.6)
2018-10-14,3438,POINT(-88.5 26.3)
2018-10-14,3385,POINT(-118.5 38.9)
2018-10-14,3965,POINT(-85.6 44.2)
2018-10-14,3715,POINT(-69.6 38.5)
2018-10-14,3415,POINT(-115.3 26.5)
2018-10-14,4048,POINT(-89.2 41.6)
2018-10-14,1062,POINT(-104.5 26.5)
2018-10-14,723,POINT(-97.4 44.6)
2018-10-14,2898,POINT(-107.8 26.0)
2018-10-15,697,POINT(-103.8 28.3)
2018-10-15,339,POINT(-123.3 31.6)
2018-10-15,1756,POINT(-66.1 40.2)
2018-10-15,1217,POINT(-87.5 48.4)
2018-10-15,2152,POINT(-95.0 27.8)
2018-10-15,794,POINT(-102.0 28.4)
2018-10-15,2706,POINT(-92.6 33.9)
2018-10-15,3830,POINT(-102.2 45.1)
2018-10-15,3728,POINT(-103.4 36.2)
2018-10-15,2703,POINT(-97.2 32.7)
2018-10-16,635,POINT(-108.4 38.5)
2018-10-16,4244,POINT(-114.2 31.3)
2018-10-16,3718,POINT(-91.6 34.6)
2018-10-16,771,POINT(-74.4 33.0)
2018-10-16,3989,POINT(-115.8 44.3)
2018-10-16,3539,POINT(-123.0 47.2)
2018-10-16,1565,POINT(-110.2 43.2)
2018-10-16,3643,POINT(-66.2 35.5)
2018-10-16,685,POINT(-75.3 37.1)
2018-10-16,4197,POINT(-89.2 28.0)
2018-10-17,46,POINT(-69.2 42.9)
2018-10-17,3846,POINT(-98.3 39.3)
2018-10-17,1797,POINT(-66.0 46.7)
2018-10-17,2737,POINT(-107.2 29.8)
2018-10-17,3890,POINT(-110.6 43.2)
2018-10-17,1904,POINT(-86.7 41.4)
2018-10-17,146,POINT(-102.3 31.4)
2018-10-17,3086,POINT(-87.4 41.0)
2018-10-17,3893,POINT(-106.7 47.2)
2018-10-17,671,POINT(-87.9 47.0)
2018-10-18,1820,POINT(-108.5 42.3)
2018-10-18,424,POINT(-121.9 26.2)
2018-10-18,352,POINT(-70.3 45.9)
2018-10-18,2739,POINT(-72.0 40.8)
2018-10-18,3460,POINT(-66.8 32.5)
2018-10-18,3675,POINT(-82.0 29.5)
2018-10-18,3747,POINT(-84.0 27.8)
2018-10-18,3907,POINT(-91.5 26.2)
2018-10-18,4251,POINT(-117.4 43.1)
2018-10-18,4428,POINT(-113.6 30.7)
2018-10-19,2179,POINT(-107.6 25.6)
2018-10-19,1888,POINT(-71.6 34.5)
2018-10-19,3980,POINT(-114.6 36.6)
2018-10-19,4706,POINT(-69.6 29.1)
2018-10-19,4580,POINT(-93.6 26.1)
2018-10-19,2627,POINT(-82.1 29.5)
2018-10-19,1525,POINT(-118.4 41.3)
2018-10-19,584,POINT(-108.9 27.0)
2018-10-19,4452,POINT(-67.5 38.3)
2018-10-19,2877,POINT(-109.0 28.5)
2018-10-20,3554,POINT(-107.2 29.7)
2018-10-20,4487,POINT(-113.1 34.4)
2018-10-20,81,POINT(-117.3 27.4)
2018-10-20,2578,POINT(-111.0 29.2)
2018-10-20,3447,POINT(-86.5 33.4)
2018-10-20,2990,POINT(-97.7 32.9)
2018-10-20,1127,POINT(-91.8 43.0)
2018-10-20,2396,POINT(-117.7 26.8)
2018-10-20,3518,POINT(-76.9 45.7)
2018-10-20,1369,POINT(-78.0 44.6)
2018-10-21,4769,POINT(-123.7 43.4)
2018-10-21,1525,POINT(-102.0 32.4)
2018-10-21,49,POINT(-120.9 44.7)
2018-10-21,1392,POINT(-77.5 29.4)
2018-10-21,2040,POINT(-80.8 28.0)
2018-10-21,2631,POINT(-70.9 26.1)
2018-10-21,1910,POINT(-110.8 47.5)
2018-10-21,2227,POINT(-97.6 32.4)
2018-10-21,4806,POINT(-113.9 47.0)
2018-10-21,4616,POINT(-102.7 31.5)
2018-10-22,1293,POINT(-93.7 46.8)
2018-10-22,593,POINT(-121.8 46.7)
2018-10-22,468,POINT(-82.1 47.2)
2018-10-22,2275,POINT(-92.4 36.9)
2018-10-22,2676,POINT(-75.3 45.8)
2018-10-22,825,POINT(-108.7 47.8)
2018-10-22,2521,POINT(-70.8 32.8)
2018-10-22,256,POINT(-65.1 35.1)
2018-10-22,4835,POINT(-69.8 42.3)
2018-10-22,426,POINT(-78.3 32.2)
2018-10-23,4473,POINT(-76.3 43.1)
2018-10-23,3727,POINT(-90.6 26.8)
2018-10-23,117,POINT(-113.6 37.6)
2018-10-23,2641,POINT(-84.4 27.9)
2018-10-23,848,POINT(-82.2 32.0)
2018-10-23,4523,POINT(-65.9 31.2)
2018-10-23,4926,POINT(-92.5 45.1)
2018-10-23,1431,POINT(-108.7 29.6)
2018-10-23,4788,POINT(-84.0 44.4)
2018-10-23,3922,POINT(-66.2 44.1)
2018-10-24,265,POINT(-114.4 37.0)
2018-10-24,2837,POINT(-105.4 30.6)
2018-10-24,847,POINT(-92.5 30.4)
2018-10-24,2972,POINT(-114.8 36.2)
2018-10-24,2292,POINT(-123.7 25.2)
2018-10-24,562,POINT(-104.8 37.8)
2018-10-24,190,POINT(-73.1 47.9)
2018-10-24,4262,POINT(-122.4 28.7)
2018-10-24,1487,POINT(-99.3 38.8)
2018-10-24,580,POINT(-79.3 48.1)
2018-10-25,4962,POINT(-67.8 45.7)
2018-10-25,1737,POINT(-65.9 45.4)
2018-10-25,601,POINT(-99.7 44.7)
2018-10-25,4526,POINT(-68.0 32.4)
2018-10-25,2270,POINT(-122.9 46.4)
2018-10-25,2957,POINT(-80.2 47.6)
2018-10-25,357,POINT(-86.4 36.9)
2018-10-25,175,POINT(-110.0 33.5)
2018-10-25,4453,POINT(-94.6 34.9)
2018-10-25,2906,POINT(-117.2 33.0)
2018-10-26,4503,POINT(-72.7 30.1)
2018-10-26,592,POINT(-103.5 39.8)
2018-10-26,3516,POINT(-87.4 38.5)
2018-10-26,4413,POINT(-115.5 36.1)
2018-10-26,3048,POINT(-112.6 27.3)
2018-10-26,2855,POINT(-65.5 44.1)
2018-10-26,2776,POINT(-79.8 29.2)
2018-10-26,4204,POINT(-67.3 27.7)
2018-10-26,1275,POINT(-107.2 40.0)
2018-10-26,4263,POINT(-115.1 34.6)
2018-10-27,4659,POINT(-94.8 26.4)
2018-10-27,4756,POINT(-95.3 33.5)
2018-10-27,2977,POINT(-114.5 43.5)
2018-10-27,2284,POINT(-81.0 39.8)
2018-10-27,2480,POINT(-103.3 33.7)
2018-10-27,2300,POINT(-113.8 29.6)
2018-10-27,2587,POINT(-105.1 40.2)
2018-10-27,3670,POINT(-91.2 46.3)
2018-10-27,1078,POINT(-81.4 40.5)
2018-10-27,2746,POINT(-96.1 44.5)
2018-10-28,4839,POINT(-93.5 37.5)
2018-10-28,1960,POINT(-116.7 42.2)
2018-10-28,101,POINT(-70.1 46.5)
2018-10-28,3103,POINT(-69.3 43.6)
2018-10-28,2229,POINT(-84.0 46.8)
2018-10-28,1397,POINT(-123.9 35.3)
2018-10-28,4284,POINT(-92.8 46.7)
2018-10-28,2295,POINT(-87.2 39.9)
2018-10-28,3216,POINT(-65.3 45.9)
2018-10-28,2934,POINT(-65.2 25.9)
2018-10-29,289,POINT(-73.5 40.8)
2018-10-29,1628,POINT(-121.2 45.4)
2018-10-29,2797,POINT(-67.8 29.2)
2018-10-29,380,POINT(-88.2 40.9)
2018-10-29,3193,POINT(-76.9 44.8)
2018-10-29,3844,POINT(-100.6 31.9)
2018-10-29,1713,POINT(-105.8 34.7)
2018-10-29,2278,POINT(-97.2 38.7)
2018-10-29,313,POINT(-116.2 37.5)
2018-10-29,3784,POINT(-103.6 25.9)
2018-10-30,1358,POINT(-73.5 27.4)
2018-10-30,2432,POINT(-122.7 27.4)
2018-10-30,3638,POINT(-115.9 31.3)
2018-10-30,2438,POINT(-117.5 30.9)
2018-10-30,3043,POINT(-100.8 42.8)
2018-10-30,678,POINT(-65.2 38.7)
2018-10-30,509,POINT(-114.6 43.3)
2018-10-30,1424,POINT(-116.3 26.7)
2018-10-30,539,POINT(-70.1 36.6)
2018-10-30,3631,POINT(-72.1 32.8)
2018-10-31,3466,POINT(-123.1 45.4)
2018-10-31,764,POINT(-79.9 42.0)
2018-10-31,2357,POINT(-85.7 45.9)
2018-10-31,4920,POINT(-78.9 26.1)
2018-10-31,736,POINT(-95.3 42.3)
2018-10-31,4836,POINT(-65.5 38.0)
2018-10-31,4933,POINT(-122.4 44.8)
2018-10-31,2659,POINT(-110.9 37.2)
2018-10-31,2056,POINT(-101.2 38.0)
2018-10-31,2825,POINT(-98.0 26.2)
2018-11-01,884,POINT(-69.7 41.0)
2018-11-01,3289,POINT(-91.4 31.6)
2018-11-01,2994,POINT(-122.3 25.5)
2018-11-01,2188,POINT(-100.5 26.6)
2018-11-01,3817,POINT(-100.0 48.0)
2018-11-01,617,POINT(-67.1 33.3)
2018-11-01,644,POINT(-89.0 45.8)
2018-11-01,4589,POINT(-86.9 48.0)
2018-11-01,2737,POINT(-82.2 47.6)
2018-11-01,1084,POINT(-78.8 46.2)
2018-11-02,1924,POINT(-86.9 46.5)
2018-11-02,598,POINT(-110.8 31.9)
2018-11-02,3241,POINT(-72.6 28.6)
2018-11-02,2314,POINT(-81.1 40.3)
2018-11-02,3848,POINT(-80.5 36.7)
2018-11-02,1983,POINT(-65.2 27.4)
2018-11-02,2065,POINT(-76.8 41.3)
2018-11-02,3490,POINT(-75.3 38.5)
2018-11-02,2089,POINT(-67.9 45.7)
2018-11-02,3062,POINT(-115.9 39.6)
2018-11-03,4492,POINT(-95.1 38.8)
2018-11-03,1261,POINT(-90.2 35.6)
2018-11-03,3805,POINT(-105.2 36.1)
2018-11-03,3832,POINT(-74.6 47.9)
2018-11-03,4312,POINT(-79.3 28.3)
2018-11-03,3399,POINT(-81.7 35.7)
2018-11-03,1790,POINT(-65.2 40.7)
2018-11-03,2614,POINT(-109.4 35.4)
2018-11-03,3698,POINT(-80.9 31.8)
2018-11-03,4898,POINT(-91.9 31.9)
2018-11-04,1734,POINT(-106.2 30.6)
2018-11-04,2794,POINT(-115.4 33.3)
2018-11-04,3729,POINT(-71.2 45.9)
2018-11-04,1687,POINT(-89.3 37.1)
2018-11-04,458,POINT(-75.5 30.8)
2018-11-04,4697,POINT(-92.3 34.2)
2018-11-04,91,POINT(-111.8 27.5)
2018-11-04,1416,POINT(-104.7 46.7)
2018-11-04,1490,POINT(-102.1 34.8)
2018-11-04,1089,POINT(-66.6 48.5)
2018-11-05,3608,POINT(-124.7 33.3)
2018-11-05,4524,POINT(-65.9 45.1)
2018-11-05,4193,POINT(-66.2 31.2)
2018-11-05,3690,POINT(-65.2 26.8)
2018-11-05,2713,POINT(-96.4 25.8)
2018-11-05,4320,POINT(-67.2 39.5)
2018-11-05,3766,POINT(-101.3 32.5)
2018-11-05,1768,POINT(-123.4 35.6)
2018-11-05,2609,POINT(-111.5 44.6)
2018-11-05,2560,POINT(-68.3 31.0)
2018-11-06,3863,POINT(-124.2 32.4)
2018-11-06,2756,POINT(-92.2 45.3)
2018-11-06,2302,POINT(-120.5 36.8)
2018-11-06,1511,POINT(-107.8 44.9)
2018-11-06,4414,POINT(-119.7 34.0)
2018-11-06,240,POINT(-73.4 34.6)
2018-11-06,4260,POINT(-89.5 29.0)
2018-11-06,1208,POINT(-70.9 47.0)
2018-11-06,124,POINT(-83.7 46.5)
2018-11-06,1423,POINT(-66.7 48.6)
2018-11-07,4416,POINT(-94.4 34.7)
2018-11-07,1002,POINT(-86.7 44.6)
2018-11-07,2357,POINT(-90.4 35.0)
2018-11-07,1051,POINT(-95.9 35.9)
2018-11-07,21,POINT(-74.2 44.9)
2018-11-07,3686,POINT(-86.3 29.3)
2018-11-07,4835,POINT(-76.9 30.3)
2018-11-07,3075,POINT(-77.8 32.6)
2018-11-07,2046,POINT(-113.5 43.9)
2018-11-07,3056,POINT(-86.0 33.9)
2018-11-08,2360,POINT(-113.0 33.6)
2018-11-08,550,POINT(-90.0 49.0)
2018-11-08,2870,POINT(-84.4 34.2)
2018-11-08,86,POINT(-65.2 30.9)
2018-11-08,3077,POINT(-123.2 40.0)
2018-11-08,33,POINT(-119.5 44.2)
2018-11-08,685,POINT(-120.4 26.7)
2018-11-08,2404,POINT(-101.1 39.9)
2018-11-08,4277,POINT(-75.7 25.9)
2018-11-08,3408,POINT(-74.4 37.6)
2018-11-09,2769,POINT(-80.8 31.2)
2018-11-09,498,POINT(-71.2 32.4)
2018-11-09,1495,POINT(-105.6 36.2)
2018-11-09,3669,POINT(-119.7 47.3)
2018-11-09,3245,POINT(-121.5 42.1)
2018-11-09,2429,POINT(-73.9 47.5)
2018-11-09,3505,POINT(-81.2 40.8)
2018-11-09,766,POINT(-83.1 25.2)
2018-11-09,2534,POINT(-104.6 31.4)
2018-11-09,4260,POINT(-102.2 46.7)
2018-11-10,266,POINT(-67.5 40.4)
2018-11-10,1789,POINT(-121.2 48.6)
2018-11-10,4779,POINT(-78.6 28.7)
2018-11-10,2125,POINT(-106.4 32.1)
2018-11-10,3358,POINT(-122.7 33.7)
2018-11-10,4778,POINT(-80.4 32.8)
2018-11-10,1482,POINT(-105.1 31.0)
2018-11-10,268,POINT(-81.7 35.6)
2018-11-10,4085,POINT(-82.5 40.4)
2018-11-10,316,POINT(-92.9 32.5)
2018-11-11,1128,POINT(-78.4 26.9)
2018-11-11,3027,POINT(-90.1 42.0)
2018-11-11,4351,POINT(-107.8 36.0)
2018-11-11,2790,POINT(-81.0 38.4)
2018-11-11,1668,POINT(-89.7 35.9)
2018-11-11,196,POINT(-124.2 46.4)
2018-11-11,1807,POINT(-70.9 38.4)
2018-11-11,934,POINT(-92.3 47.2)
2018-11-11,794,POINT(-72.9 37.3)
2018-11-11,3454,POINT(-72.0 32.0)
2018-11-12,3206,POINT(-98.3 33.5)
2018-11-12,1370,POINT(-94.5 37.5)
2018-11-12,350,POINT(-100.1 37.7)
2018-11-12,572,POINT(-98.0 41.5)
2018-11-12,4756,POINT(-71.3 30.4)
2018-11-12,3009,POINT(-77.7 40.8)
2018-11-12,1203,POINT(-117.4 43.7)
2018-11-12,3120,POINT(-88.4 41.2)
2018-11-12,78,POINT(-65.2 36.6)
2018-11-12,2438,POINT(-89.3 48.8)
2018-11-13,3608,POINT(-77.8 34.7)
2018-11-13,2382,POINT(-78.9 27.6)
2018-11-13,4566,POINT(-104.0 44.7)
2018-11-13,853,POINT(-102.7 30.1)
2018-11-13,583,POINT(-81.6 42.1)
2018-11-13,4224,POINT(-95.0 29.3)
2018-11-13,2606,POINT(-90.8 25.4)
2018-11-13,4751,POINT(-82.2 28.8)
2018-11-13,1488,POINT(-78.3 34.0)
2018-11-13,2083,POINT(-108.7 27.6)
2018-11-14,1523,POINT(-116.2 29.7)
2018-11-14,978,POINT(-107.5 43.4)
2018-11-14,2206,POINT(-94.5 43.5)
2018-11-14,1521,POINT(-104.5 44.6)
2018-11-14,664,POINT(-90.9 45.2)
2018-11-14,3002,POINT(-121.8 35.1)
2018-11-14,4660,POINT(-94.4 45.8)
2018-11-14,4530,POINT(-102.9 37.6)
2018-11-14,302,POINT(-92.9 36.3)
2018-11-14,2611,POINT(-99.6 42.2)
2018-11-15,4536,POINT(-107.9 30.1)
2018-11-15,4422,POINT(-70.8 43.9)
2018-11-15,4503,POINT(-113.9 35.3)
2018-11-15,1598,POINT(-84.1 28.1)
2018-11-15,605,POINT(-69.5 27.9)
2018-11-15,2603,POINT(-92.7 29.0)
2018-11-15,2133,POINT(-72.4 46.4)
2018-11-15,1953,POINT(-117.5 48.8)
2018-11-15,925,POINT(-95.4 33.6)
2018-11-15,3879,POINT(-97.6 32.0)
2018-11-16,2804,POINT(-124.5 30.3)
2018-11-16,3088,POINT(-98.4 44.8)
2018-11-16,985,POINT(-102.9 30.0)
2018-11-16,1085,POINT(-84.8 47.2)
2018-11-16,2999,POINT(-68.7 41.0)
2018-11-16,3477,POINT(-119.9 46.5)
2018-11-16,1461,POINT(-105.4 38.3)
2018-11-16,3833,POINT(-98.4 41.6)
2018-11-16,3942,POINT(-97.7 39.9)
2018-11-16,2038,POINT(-78.5 44.9)
2018-11-17,372,POINT(-98.4 45.1)
2018-11-17,2439,POINT(-123.4 39.2)
2018-11-17,3642,POINT(-82.4 40.2)
2018-11-17,2328,POINT(-71.9 47.1)
2018-11-17,3095,POINT(-94.2 47.3)
2018-11-17,2355,POINT(-90.1 40.9)
2018-11-17,3608,POINT(-115.2 25.2)
2018-11-17,4339,POINT(-111.8 27.5)
2018-11-17,1741,POINT(-110.9 45.6)
2018-11-17,36,POINT(-99.2 27.0)
2018-11-18,102,POINT(-69.3 30.1)
2018-11-18,2674,POINT(-93.7 30.5)
2018-11-18,318,POINT(-113.5 39.4)
2018-11-18,61,POINT(-109.0 38.8)
2018-11-18,328,POINT(-102.0 31.9)
2018-11-18,2002,POINT(-87.6 30.0)
2018-11-18,4286,POINT(-98.6 43.3)
2018-11-18,3901,POINT(-101.5 47.5)
2018-11-18,4752,POINT(-91.1 26.3)
2018-11-18,3966,POINT(-110.5 28.2)
2018-11-19,2702,POINT(-120.3 40.4)
2018-11-19,3028,POINT(-123.5 44.3)
2018-11-19,2034,POINT(-109.9 44.0)
2018-11-19,4441,POINT(-119.5 42.3)
2018-11-19,1535,POINT(-104.8 46.3)
2018-11-19,1288,POINT(-78.6 30.2)
2018-11-19,523,POINT(-82.0 27.6)
2018-11-19,4347,POINT(-88.3 39.8)
2018-11-19,1743,POINT(-73.8 44.7)
2018-11-19,3380,POINT(-108.1 39.0)
2018-11-20,3931,POINT(-71.9 48.1)
2018-11-20,2510,POINT(-101.0 44.1)
2018-11-20,3474,POINT(-100.9 41.8)
2018-11-20,2269,POINT(-100.7 26.4)
2018-11-20,4773,POINT(-119.1 27.6)
2018-11-20,4699,POINT(-66.5 43.8)
2018-11-20,2669,POINT(-116.7 29.8)
2018-11-20,265,POINT(-104.5 25.7)
2018-11-20,1512,POINT(-105.8 46.9)
2018-11-20,4666,POINT(-120.5 46.4)
2018-11-21,2120,POINT(-115.9 30.2)
2018-11-21,416,POINT(-122.3 43.7)
2018-11-21,2859,POINT(-107.5 26.2)
2018-11-21,3186,POINT(-73.0 31.8)
2018-11-21,1870,POINT(-104.6 40.0)
2018-11-21,4364,POINT(-117.6 43.3)
2018-11-21,732,POINT(-86.3 25.2)
2018-11-21,1292,POINT(-65.2 32.8)
2018-11-21,623,POINT(-111.1 30.1)
2018-11-21,3341,POINT(-108.2 49.0)
2018-11-22,3126,POINT(-66.7 41.1)
2018-11-22,1988,POINT(-114.3 34.7)
2018-11-22,822,POINT(-94.3 26.8)
2018-11-22,1796,POINT(-110.6 39.4)
2018-11-22,340,POINT(-69.1 40.4)
2018-11-22,2222,POINT(-66.1 44.6)
2018-11-22,1226,POINT(-76.1 31.9)
2018-11-22,4492,POINT(-106.1 48.6)
2018-11-22,3347,POINT(-100.8 35.5)
2018-11-22,2385,POINT(-110.5 32.1)
2018-11-23,1250,POINT(-71.6 33.4)
2018-11-23,329,POINT(-70.1 37.5)
2018-11-23,4504,POINT(-99.9 47.5)
2018-11-23,1924,POINT(-85.6 42.6)
2018-11-23,4210,POINT(-115.1 38.9)
2018-11-23,4801,POINT(-98.9 28.9)
2018-11-23,339,POINT(-87.1 28.6)
2018-11-23,669,POINT(-101.9 37.1)
2018-11-23,3698,POINT(-103.5 42.5)
2018-11-23,3128,POINT(-124.9 43.0)
2018-11-24,4926,POINT(-76.7 30.4)
2018-11-24,1982,POINT(-71.6 27.4)
2018-11-24,1803,POINT(-66.8 34.2)
2018-11-24,3228,POINT(-81.8 47.0)
2018-11-24,4567,POINT(-92.1 38.1)
2018-11-24,2543,POINT(-108.8 32.7)
2018-11-24,2467,POINT(-65.0 32.8)
2018-11-24,3110,POINT(-89.6 28.2)
2018-11-24,4376,POINT(-84.1 36.4)
2018-11-24,2743,POINT(-84.1 44.0)
2018-11-25,4490,POINT(-74.3 48.2)
2018-11-25,4165,POINT(-124.4 37.0)
2018-11-25,229,POINT(-111.8 29.0)
2018-11-25,2828,POINT(-85.1 41.4)
2018-11-25,1916,POINT(-71.3 43.2)
2018-11-25,2621,POINT(-83.9 26.7)
2018-11-25,2603,POINT(-100.2 45.4)
2018-11-25,105,POINT(-103.3 44.9)
2018-11-25,998,POINT(-80.7 36.3)
2018-11-25,1122,POINT(-80.5 38.5)
2018-11-26,2288,POINT(-88.6 42.1)
2018-11-26,255,POINT(-107.5 41.2)
2018-11-26,2168,POINT(-69.5 25.4)
2018-11-26,4339,POINT(-91.9 27.9)
2018-11-26,3359,POINT(-77.6 28.9)
2018-11-26,2735,POINT(-112.1 43.1)
2018-11-26,4087,POINT(-104.4 35.6)
2018-11-26,4908,POINT(-72.5 38.1)
2018-11-26,2676,POINT(-122.0 43.5)
2018-11-26,3209,POINT(-94.3 33.2)
2018-11-27,2764,POINT(-96.1 43.0)
2018-11-27,1427,POINT(-79.9 35.6)
2018-11-27,664,POINT(-108.1 34.1)
2018-11-27,2452,POINT(-111.9 33.0)
2018-11-27,120,POINT(-69.4 48.2)
2018-11-27,99,POINT(-90.7 43.5)
2018-11-27,772,POINT(-118.7 25.5)
2018-11-27,3182,POINT(-113.4 48.0)
2018-11-27,2189,POINT(-65.1 43.6)
2018-11-27,2514,POINT(-113.3 28.6)
2018-11-28,1474,POINT(-88.4 26.8)
2018-11-28,107,POINT(-99.8 32.4)
2018-11-28,302,POINT(-71.9 40.0)
2018-11-28,1849,POINT(-79.7 39.8)
2018-11-28,1744,POINT(-89.2 31.6)
2018-11-28,2629,POINT(-124.4 35.7)
2018-11-28,4757,POINT(-72.2 30.1)
2018-11-28,2206,POINT(-98.3 26.2)
2018-11-28,3476,POINT(-69.1 37.4)
2018-11-28,1916,POINT(-95.3 33.3)
2018-11-29,1731,POINT(-83.3 38.0)
2018-11-29,3701,POINT(-120.8 47.7)
2018-11-29,1826,POINT(-80.3 28.4)
2018-11-29,262,POINT(-104.7 25.0)
2018-11-29,4237,POINT(-103.9 26.8)
2018-11-29,3529,POINT(-117.9 36.1)
2018-11-29,1917,POINT(-116.2 42.0)
2018-11-29,1920,POINT(-113.9 38.9)
2018-11-29,2531,POINT(-105.3 36.9)
2018-11-29,3859,POINT(-71.5 33.5)
2018-11-30,1068,POINT(-102.9 32.4)
2018-11-30,3548,POINT(-81.5 34.0)
2018-11-30,2332,POINT(-120.0 39.7)
2018-11-30,196,POINT(-89.5 29.0)
2018-11-30,958,POINT(-96.1 43.5)
2018-11-30,2300,POINT(-66.3 38.8)
2018-11-30,4369,POINT(-74.2 31.5)
2018-11-30,4627,POINT(-97.7 37.0)
2018-11-30,4888,POINT(-78.5 48.1)
2018-11-30,4640,POINT(-113.4 25.5)
2018-12-01,219,POINT(-91.3 29.8)
2018-12-01,2103,POINT(-120.5 35.8)
2018-12-01,3548,POINT(-104.1 40.3)
2018-12-01,1573,POINT(-111.4 30.1)
2018-12-01,35,POINT(-81.9 47.4)
2018-12-01,184,POINT(-95.6 40.4)
2018-12-01,1344,POINT(-79.9 46.1)
2018-12-01,331,POINT(-94.1 32.9)
2018-12-01,4160,POINT(-119.8 44.9)
2018-12-01,4057,POINT(-80.9 34.1)
2018-12-02,3237,POINT(-75.0 31.1)
2018-12-02,1882,POINT(-70.8 46.9)
2018-12-02,2077,POINT(-90.7 27.2)
2018-12-02,342,POINT(-79.8 47.6)
2018-12-02,3001,POINT(-79.9 36.0)
2018-12-02,920,POINT(-115.7 48.8)
2018-12-02,4506,POINT(-115.1 38.0)
2018-12-02,959,POINT(-120.7 43.2)
2018-12-02,2085,POINT(-105.8 25.2)
2018-12-02,2524,POINT(-96.6 36.9)
2018-12-03,3341,POINT(-65.1 42.7)
2018-12-03,3039,POINT(-99.1 43.8)
2018-12-03,110,POINT(-81.4 28.8)
2018-12-03,4656,POINT(-83.4 35.1)
2018-12-03,2410,POINT(-112.7 35.1)
2018-12-03,3381,POINT(-121.5 27.5)
2018-12-03,2353,POINT(-92.2 35.6)
2018-12-03,362,POINT(-83.0 44.4)
2018-12-03,2965,POINT(-65.1 32.2)
2018-12-03,1028,POINT(-103.5 35.4)
2018-12-04,1189,POINT(-71.2 48.1)
2018-12-04,3546,POINT(-102.1 25.8)
2018-12-04,3660,POINT(-83.6 39.2)
2018-12-04,2512,POINT(-89.1 42.8)
2018-12-04,3829,POINT(-121.8 43.3)
2018-12-04,989,POINT(-120.3 42.2)
2018-12-04,4844,POINT(-123.8 42.4)
2018-12-04,986,POINT(-102.7 26.4)
2018-12-04,1381,POINT(-80.3 37.8)
2018-12-04,2290,POINT(-114.6 43.8)
2018-12-05,4586,POINT(-88.6 27.3)
2018-12-05,117,POINT(-107.7 25.3)
2018-12-05,982,POINT(-77.2 44.5)
2018-12-05,1636,POINT(-77.1 42.1)
2018-12-05,713,POINT(-78.5 34.9)
2018-12-05,884,POINT(-93.5 47.6)
2018-12-05,3819,POINT(-107.9 43.4)
2018-12-05,2421,POINT(-76.4 48.2)
2018-12-05,2117,POINT(-113.8 47.3)
2018-12-05,3563,POINT(-107.6 36.6)
2018-12-06,1283,POINT(-114.0 43.1)
2018-12-06,569,POINT(-84.5 41.1)
2018-12-06,126,POINT(-83.8 44.5)
2018-12-06,4979,POINT(-85.8 43.9)
2018-12-06,3056,POINT(-100.1 28.7)
2018-12-06,53,POINT(-119.0 30.6)
2018-12-06,518,POINT(-70.3 31.4)
2018-12-06,3449,POINT(-94.5 44.6)
2018-12-06,3938,POINT(-100.6 44.5)
2018-12-06,4954,POINT(-89.7 36.9)
2018-12-07,926,POINT(-113.4 38.9)
2018-12-07,2955,POINT(-117.0 44.8)
2018-12-07,808,POINT(-100.7 32.5)
2018-12-07,4981,POINT(-111.4 26.2)
2018-12-07,1770,POINT(-110.3 36.6)
2018-12-07,2343,POINT(-71.4 46.9)
2018-12-07,3285,POINT(-93.2 44.0)
2018-12-07,828,POINT(-96.0 33.8)
2018-12-07,2178,POINT(-83.6 26.6)
2018-12-07,3745,POINT(-67.9 40.3)
2018-12-08,3075,POINT(-118.3 45.0)
2018-12-08,3269,POINT(-75.0 41.0)
2018-12-08,916,POINT(-90.0 35.2)
2018-12-08,4118,POINT(-116.2 28.0)
2018-12-08,612,POINT(-107.2 46.9)
2018-12-08,4305,POINT(-96.1 31.6)
2018-12-08,2643,POINT(-83.5 30.4)
2018-12-08,1801,POINT(-110.4 44.6)
2018-12-08,3537,POINT(-92.9 48.5)
2018-12-08,4553,POINT(-83.9 40.8)
2018-12-09,1821,POINT(-98.1 40.0)
2018-12-09,3921,POINT(-73.2 32.7)
2018-12-09,850,POINT(-72.8 25.5)
2018-12-09,3152,POINT(-96.8 29.6)
2018-12-09,4695,POINT(-66.6 39.0)
2018-12-09,2100,POINT(-120.5 28.6)
2018-12-09,4625,POINT(-124.8 46.2)
2018-12-09,1046,POINT(-102.2 29.5)
2018-12-09,734,POINT(-88.9 37.5)
2018-12-09,997,POINT(-87.2 37.3)
2018-12-10,812,POINT(-96.4 39.5)
2018-12-10,2592,POINT(-117.5 32.9)
2018-12-10,3847,POINT(-114.8 46.0)
2018-12-10,536,POINT(-73.9 35.7)
2018-12-10,1675,POINT(-72.9 41.8)
2018-12-10,1148,POINT(-84.6 40.3)
2018-12-10,469,POINT(-85.1 27.8)
2018-12-10,2562,POINT(-89.1 39.9)
2018-12-10,4430,POINT(-112.8 38.2)
2018-12-10,4684,POINT(-99.3 46.6)
2018-12-11,2818,POINT(-83.2 46.1)
2018-12-11,2908,POINT(-92.8 28.6)
2018-12-11,3253,POINT(-123.9 27.0)
2018-12-11,4078,POINT(-67.8 32.1)
2018-12-11,2341,POINT(-74.3 48.7)
2018-12-11,4580,POINT(-109.4 25.5)
2018-12-11,3695,POINT(-88.0 41.1)
2018-12-11,641,POINT(-69.6 39.6)
2018-12-11,4808,POINT(-119.2 40.5)
2018-12-11,2466,POINT(-94.8 30.2)
2018-12-12,991,POINT(-97.6 30.4)
2018-12-12,4664,POINT(-100.4 35.3)
2018-12-12,4327,POINT(-74.9 27.3)
2018-12-12,1566,POINT(-102.2 26.8)
2018-12-12,2215,POINT(-121.2 27.1)
2018-12-12,4453,POINT(-121.0 38.8)
2018-12-12,4994,POINT(-122.4 34.5)
2018-12-12,3965,POINT(-100.5 32.0)
2018-12-12,931,POINT(-81.9 32.6)
2018-12-12,414,POINT(-112.8 30.0)
2018-12-13,4782,POINT(-86.2 34.9)
2018-12-13,4694,POINT(-83.8 29.9)
2018-12-13,1630,POINT(-109.7 41.8)
2018-12-13,2962,POINT(-89.0 28.0)
2018-12-13,3128,POINT(-83.9 47.8)
2018-12-13,1604,POINT(-97.0 27.2)
2018-12-13,575,POINT(-104.8 47.6)
2018-12-13,4809,POINT(-87.9 45.0)
2018-12-13,2878,POINT(-66.3 41.3)
2018-12-13,867,POINT(-99.4 46.9)
2018-12-14,1294,POINT(-101.5 28.3)
2018-12-14,594,POINT(-97.1 29.2)
2018-12-14,4337,POINT(-120.4 31.1)
2018-12-14,1255,POINT(-91.8 30.9)
2018-12-14,61,POINT(-105.3 32.5)
2018-12-14,2173,POINT(-117.7 38.8)
2018-12-14,547,POINT(-97.0 25.7)
2018-12-14,550,POINT(-124.8 34.2)
2018-12-14,824,POINT(-100.9 30.9)
2018-12-14,1425,POINT(-118.7 39.6)
2018-12-15,2848,POINT(-123.5 48.6)
2018-12-15,1662,POINT(-75.5 37.4)
2018-12-15,2675,POINT(-70.0 35.2)
2018-12-15,4524,POINT(-112.5 33.8)
2018-12-15,4072,POINT(-92.6 43.8)
2018-12-15,2366,POINT(-108.3 26.7)
2018-12-15,3820,POINT(-95.4 48.0)
2018-12-15,873,POINT(-98.8 35.0)
2018-12-15,195,POINT(-108.9 32.5)
2018-12-15,4366,POINT(-83.0 48.4)
2018-12-16,1561,POINT(-117.4 47.5)
2018-12-16,2217,POINT(-121.8 40.4)
2018-12-16,771,POINT(-78.9 25.4)
2018-12-16,4329,POINT(-85.0 43.0)
2018-12-16,1289,POINT(-95.1 33.1)
2018-12-16,4285,POINT(-96.9 34.3)
2018-12-16,4737,POINT(-95.2 28.8)
2018-12-16,3704,POINT(-98.8 37.6)
2018-12-16,3291,POINT(-101.4 42.9)
2018-12-16,1546,POINT(-95.0 31.6)
2018-12-17,3174,POINT(-93.3 47.5)
2018-12-17,2780,POINT(-83.5 29.7)
2018-12-17,1973,POINT(-82.3 26.6)
2018-12-17,3855,POINT(-102.3 40.5)
2018-12-17,3445,POINT(-100.2 45.4)
2018-12-17,4720,POINT(-102.6 47.9)
2018-12-17,571,POINT(-92.8 43.4)
2018-12-17,2431,POINT(-97.8 29.8)
2018-12-17,4727,POINT(-71.6 48.5)
2018-12-17,2145,POINT(-83.2 47.1)
2018-12-18,2071,POINT(-71.1 28.9)
2018-12-18,2190,POINT(-82.5 38.4)
2018-12-18,1970,POINT(-66.7 38.3)
2018-12-18,3889,POINT(-86.9 35.6)
2018-12-18,3289,POINT(-67.2 48.6)
2018-12-18,3894,POINT(-115.5 26.4)
2018-12-18,3280,POINT(-121.9 40.1)
2018-12-18,4697,POINT(-90.3 29.9)
2018-12-18,592,POINT(-66.0 37.7)
2018-12-18,1623,POINT(-99.9 43.7)
2018-12-19,1111,POINT(-112.3 30.9)
2018-12-19,298,POINT(-93.7 34.4)
2018-12-19,3869,POINT(-86.1 47.8)
2018-12-19,3070,POINT(-106.1 43.3)
2018-12-19,2936,POINT(-82.1 38.7)
2018-12-19,4112,POINT(-66.5 30.3)
2018-12-19,1193,POINT(-71.2 35.2)
2018-12-19,4345,POINT(-107.5 43.6)
2018-12-19,1456,POINT(-105.4 44.7)
2018-12-19,1759,POINT(-102.7 30.9)
2018-12-20,1913,POINT(-101.3 40.9)
2018-12-20,3185,POINT(-119.0 27.3)
2018-12-20,1087,POINT(-79.3 25.6)
2018-12-20,2387,POINT(-103.1 38.2)
2018-12-20,857,POINT(-72.2 30.4)
2018-12-20,2886,POINT(-69.4 26.9)
2018-12-20,1249,POINT(-123.5 42.5)
2018-12-20,1342,POINT(-65.7 37.0)
2018-12-20,3516,POINT(-82.4 44.1)
2018-12-20,2389,POINT(-93.8 40.9)
2018-12-21,4801,POINT(-101.6 42.5)
2018-12-21,4132,POINT(-93.9 32.4)
2018-12-21,3247,POINT(-105.5 31.3)
2018-12-21,2375,POINT(-87.6 39.4)
2018-12-21,2422,POINT(-119.4 29.8)
2018-12-21,3184,POINT(-87.7 44.6)
2018-12-21,382,POINT(-108.5 37.6)
2018-12-21,1959,POINT(-123.9 30.4)
2018-12-21,254,POINT(-91.8 40.0)
2018-12-21,1850,POINT(-90.3 47.7)
2018-12-22,3437,POINT(-99.4 27.0)
2018-12-22,134,POINT(-120.7 27.6)
2018-12-22,4642,POINT(-71.4 45.3)
2018-12-22,2763,POINT(-88.3 27.6)
2018-12-22,1929,POINT(-118.1 25.9)
2018-12-22,1645,POINT(-94.3 33.4)
2018-12-22,1435,POINT(-95.2 36.2)
2018-12-22,1550,POINT(-121.4 38.7)
2018-12-22,540,POINT(-88.6 37.2)
2018-12-22,4359,POINT(-76.5 46.9)
2018-12-23,3113,POINT(-80.1 43.4)
2018-12-23,4766,POINT(-112.8 48.6)
2018-12-23,1811,POINT(-73.3 36.4)
2018-12-23,1046,POINT(-104.4 27.0)
2018-12-23,3738,POINT(-68.2 47.9)
2018-12-23,4021,POINT(-120.7 25.1)
2018-12-23,3473,POINT(-95.8 43.6)
2018-12-23,1152,POINT(-89.2 25.8)
2018-12-23,1765,POINT(-110.1 43.3)
2018-12-23,4850,POINT(-78.7 47.5)
2018-12-24,1639,POINT(-87.4 34.3)
2018-12-24,772,POINT(-123.9 30.8)
2018-12-24,4899,POINT(-88.5 30.4)
2018-12-24,4849,POINT(-95.5 36.8)
2018-12-24,3967,POINT(-113.2 29.1)
2018-12-24,567,POINT(-65.3 41.2)
2018-12-24,4631,POINT(-71.2 33.8)
2018-12-24,849,POINT(-107.4 32.8)
2018-12-24,12,POINT(-92.5 36.1)
2018-12-24,1061,POINT(-106.0 38.0)
2018-12-25,1414,POINT(-78.5 28.4)
2018-12-25,166,POINT(-69.2 42.0)
2018-12-25,1947,POINT(-103.5 46.2)
2018-12-25,520,POINT(-76.7 31.7)
2018-12-25,3414,POINT(-95.1 29.3)
2018-12-25,4792,POINT(-101.2 43.3)
2018-12-25,1147,POINT(-68.7 29.4)
2018-12-25,3924,POINT(-94.4 26.0)
2018-12-25,3331,POINT(-97.0 39.9)
2018-12-25,4676,POINT(-84.7 30.8)
2018-12-26,724,POINT(-109.3 29.1)
2018-12-26,2296,POINT(-105.5 48.6)
2018-12-26,2664,POINT(-69.1 32.0)
2018-12-26,1000,POINT(-84.3 46.7)
2018-12-26,4439,POINT(-75.4 29.3)
2018-12-26,2170,POINT(-108.7 44.7)
2018-12-26,4467,POINT(-92.4 37.0)
2018-12-26,2154,POINT(-66.7 26.9)
2018-12-26,2073,POINT(-105.9 42.6)
2018-12-26,2613,POINT(-115.4 46.4)
2018-12-27,1987,POINT(-94.3 28.9)
2018-12-27,385,POINT(-101.7 42.4)
2018-12-27,751,POINT(-115.4 35.7)
2018-12-27,4495,POINT(-71.7 43.1)
2018-12-27,2677,POINT(-65.6 42.1)
2018-12-27,1250,POINT(-90.9 25.6)
2018-12-27,3480,POINT(-78.5 29.3)
2018-12-27,4929,POINT(-73.5 36.3)
2018-12-27,2377,POINT(-82.9 47.4)
2018-12-27,2253,POINT(-122.4 33.2)
2018-12-28,3559,POINT(-115.5 40.1)
2018-12-28,427,POINT(-120.7 25.3)
2018-12-28,616,POINT(-124.4 42.1)
2018-12-28,577,POINT(-106.6 39.5)
2018-12-28,553,POINT(-101.5 42.2)
2018-12-28,893,POINT(-110.5 46.7)
2018-12-28,4808,POINT(-121.1 28.5)
2018-12-28,1233,POINT(-93.2 31.3)
2018-12-28,2903,POINT(-108.6 48.9)
2018-12-28,2078,POINT(-77.2 28.8)
2018-12-29,3719,POINT(-124.5 42.3)
2018-12-29,1796,POINT(-74.4 42.4)
2018-12-29,1467,POINT(-67.7 41.4)
2018-12-29,1924,POINT(-82.0 30.5)
2018-12-29,87,POINT(-81.0 30.2)
2018-12-29,3623,POINT(-69.0 41.0)
2018-12-29,1318,POINT(-112.5 29.5)
2018-12-29,657,POINT(-65.3 40.9)
2018-12-29,2197,POINT(-78.6 36.8)
2018-12-29,562,POINT(-81.4 34.3)
2018-12-30,291,POINT(-103.3 32.2)
2018-12-30,1291,POINT(-92.3 47.7)
2018-12-30,1856,POINT(-85.8 37.2)
2018-12-30,2497,POINT(-87.8 38.5)
2018-12-30,2803,POINT(-82.7 47.8)
2018-12-30,3721,POINT(-120.1 40.7)
2018-12-30,4209,POINT(-103.7 48.0)
2018-12-30,4871,POINT(-99.0 27.6)
2018-12-30,2786,POINT(-109.4 45.3)
2018-12-30,1606,POINT(-114.6 33.0)
2018-12-31,489,POINT(-116.7 44.5)
2018-12-31,3322,POINT(-103.0 45.5)
2018-12-31,3228,POINT(-95.4 31.5)
2018-12-31,1973,POINT(-121.2 34.8)
2018-12-31,2152,POINT(-68.2 42.4)
2018-12-31,3908,POINT(-79.1 27.4)
2018-12-31,2082,POINT(-81.1 43.1)
2018-12-31,1305,POINT(-114.6 27.7)
2018-12-31,948,POINT(-88.8 46.9)
2018-12-31,771,POINT(-93.2 31.6)
