Company,Valuation,Date Joined,Industry,City,Country/Region,Continent,Year Founded,Funding,Select Investors,Ellipsis
Company_0,$103B,01/01/11,Internet software & services,London,Hong Kong,Europe,1953.0,$336M,"Sequoia Capital, SoftBank, Accel",
Company_1,$93B,01/04/11,"Supply chain, logistics, & delivery",Stockholm,Hong Kong,Asia,1993.0,$633M,"Sequoia Capital, SoftBank, Accel",
Company_2,$15B,01/08/11,E-commerce & direct-to-consumer,Stockholm,Canada,North America,1977.0,$284M,"Sequoia Capital, SoftBank, Accel",
Company_3,$107B,01/12/11,E-commerce & direct-to-consumer,Paris,United Kingdom,Europe,1939.0,$567M,"Sequoia Capital, SoftBank, Accel",
Company_4,$72B,01/16/11,Internet software & services,Beijing,France,North America,1972.0,$853M,"Sequoia Capital, SoftBank, Accel",
Company_5,$21B,01/20/11,Artificial intelligence,Shenzhen,Canada,Asia,1993.0,$462M,"Sequoia Capital, SoftBank, Accel",
Company_6,$103B,01/23/11,Fintech,Shenzhen,United Kingdom,North America,1948.0,$382M,"Sequoia Capital, SoftBank, Accel",
Company_7,$122B,01/27/11,"Supply chain, logistics, & delivery",Stockholm,Germany,Europe,1966.0,$652M,"Sequoia Capital, SoftBank, Accel",
Company_8,$75B,01/31/11,Fintech,Paris,France,North America,1953.0,$435M,"Sequoia Capital, SoftBank, Accel",
Company_9,$88B,02/04/11,Fintech,Paris,Hong Kong,Europe,2004.0,$261M,"Sequoia Capital, SoftBank, Accel",
Company_10,$117B,02/08/11,E-commerce & direct-to-consumer,Paris,Bahamas,Europe,1956.0,$259M,"Sequoia Capital, SoftBank, Accel",
Company_11,$100B,02/12/11,E-commerce & direct-to-consumer,London,Sweden,Asia,1949.0,$573M,"Sequoia Capital, SoftBank, Accel",
Company_12,$104B,02/15/11,Artificial intelligence,San Francisco,Hong Kong,North America,1996.0,$700M,"Sequoia Capital, SoftBank, Accel",
Company_13,$152B,02/19/11,Fintech,London,Australia,Europe,1942.0,$421M,"Sequoia Capital, SoftBank, Accel",
Company_14,$131B,02/23/11,Fintech,New York,India,Asia,1967.0,$111M,"Sequoia Capital, SoftBank, Accel",
Company_15,$150B,02/27/11,Internet software & services,New York,Australia,North America,2014.0,$523M,"Sequoia Capital, SoftBank, Accel",
Company_16,$53B,03/03/11,E-commerce & direct-to-consumer,San Francisco,Hong Kong,Asia,2018.0,$172M,"Sequoia Capital, SoftBank, Accel",
Company_17,$2B,03/07/11,Fintech,Stockholm,France,Asia,1950.0,$687M,"Sequoia Capital, SoftBank, Accel",
Company_18,$88B,03/10/11,Mobile & telecommunications,San Francisco,Bahamas,Europe,1973.0,$300M,"Sequoia Capital, SoftBank, Accel",
Company_19,$158B,03/14/11,Artificial intelligence,Shenzhen,Sweden,Europe,1997.0,$621M,"Sequoia Capital, SoftBank, Accel",
Company_20,$38B,03/18/11,Mobile & telecommunications,New York,Bahamas,North America,1976.0,$604M,"Sequoia Capital, SoftBank, Accel",
Company_21,$130B,03/22/11,Mobile & telecommunications,Beijing,Canada,Asia,2017.0,$837M,"Sequoia Capital, SoftBank, Accel",
Company_22,$21B,03/26/11,"Supply chain, logistics, & delivery",Beijing,Sweden,North America,1921.0,$787M,"Sequoia Capital, SoftBank, Accel",
Company_23,$161B,03/30/11,"Supply chain, logistics, & delivery",Stockholm,Hong Kong,Asia,1998.0,$887M,"Sequoia Capital, SoftBank, Accel",
Company_24,$58B,04/02/11,Artificial intelligence,Shenzhen,Canada,Europe,1987.0,$138M,"Sequoia Capital, SoftBank, Accel",
Company_25,$22B,04/06/11,Mobile & telecommunications,London,United Kingdom,Europe,2003.0,$159M,"Sequoia Capital, SoftBank, Accel",
Company_26,$89B,04/10/11,Fintech,Shenzhen,France,Europe,1928.0,$677M,"Sequoia Capital, SoftBank, Accel",
Company_27,$49B,04/14/11,E-commerce & direct-to-consumer,Beijing,Singapore,Europe,2001.0,$420M,"Sequoia Capital, SoftBank, Accel",
Company_28,$59B,04/18/11,Artificial intelligence,Beijing,United Kingdom,North America,1943.0,$534M,"Sequoia Capital, SoftBank, Accel",
Company_29,$170B,04/22/11,Internet software & services,New York,China,North America,1986.0,$735M,"Sequoia Capital, SoftBank, Accel",
Company_30,$15B,04/25/11,Mobile & telecommunications,Shenzhen,Bahamas,Europe,1979.0,$775M,"Sequoia Capital, SoftBank, Accel",
Company_31,$175B,04/29/11,Artificial intelligence,Shenzhen,Singapore,North America,1947.0,$507M,"Sequoia Capital, SoftBank, Accel",
Company_32,$51B,05/03/11,Hardware,Beijing,Canada,Europe,1937.0,$485M,"Sequoia Capital, SoftBank, Accel",
Company_33,$108B,05/07/11,Hardware,London,Germany,Europe,1961.0,$770M,"Sequoia Capital, SoftBank, Accel",
Company_34,$55B,05/11/11,"Supply chain, logistics, & delivery",Stockholm,United Kingdom,North America,1984.0,$668M,"Sequoia Capital, SoftBank, Accel",
Company_35,$64B,05/14/11,E-commerce & direct-to-consumer,Paris,China,Asia,1992.0,$177M,"Sequoia Capital, SoftBank, Accel",
Bitmain,$12B,05/18/11,Fintech,Stockholm,United States,Asia,1979.0,$293M,"Sequoia Capital, SoftBank, Accel",Ellipsis
Company_37,$51B,05/22/11,E-commerce & direct-to-consumer,Shenzhen,Singapore,Europe,1961.0,$384M,"Sequoia Capital, SoftBank, Accel",
Company_38,$135B,05/26/11,E-commerce & direct-to-consumer,Stockholm,Australia,Europe,1943.0,$626M,"Sequoia Capital, SoftBank, Accel",
Company_39,$21B,05/30/11,E-commerce & direct-to-consumer,Beijing,Sweden,Europe,1938.0,$623M,"Sequoia Capital, SoftBank, Accel",
Company_40,$73B,06/03/11,E-commerce & direct-to-consumer,Beijing,China,Europe,1966.0,$712M,"Sequoia Capital, SoftBank, Accel",
Company_41,$167B,06/06/11,Internet software & services,Shenzhen,France,Asia,2001.0,$255M,"Sequoia Capital, SoftBank, Accel",
Company_42,$18B,06/10/11,Internet software & services,Shenzhen,Singapore,North America,2005.0,$439M,"Sequoia Capital, SoftBank, Accel",
Company_43,$132B,06/14/11,"Supply chain, logistics, & delivery",Paris,United Kingdom,Asia,1942.0,$224M,"Sequoia Capital, SoftBank, Accel",
Company_44,$89B,06/18/11,Artificial intelligence,Paris,France,Europe,1929.0,$379M,"Sequoia Capital, SoftBank, Accel",
Company_45,$60B,06/22/11,Hardware,New York,Australia,North America,2016.0,$721M,"Sequoia Capital, SoftBank, Accel",
Company_46,$14B,06/26/11,E-commerce & direct-to-consumer,Shenzhen,Germany,Europe,1973.0,$757M,"Sequoia Capital, SoftBank, Accel",
Company_47,$9B,06/29/11,"Supply chain, logistics, & delivery",London,Bahamas,North America,1946.0,$827M,"Sequoia Capital, SoftBank, Accel",
Company_48,$90B,07/03/11,Artificial intelligence,Stockholm,Bahamas,Europe,1987.0,$773M,"Sequoia Capital, SoftBank, Accel",
Company_49,$53B,07/07/11,Hardware,Shenzhen,Hong Kong,Europe,1981.0,$227M,"Sequoia Capital, SoftBank, Accel",
Company_50,$130B,07/11/11,Mobile & telecommunications,San Francisco,France,Europe,1977.0,$413M,"Sequoia Capital, SoftBank, Accel",
Company_51,$84B,07/15/11,Fintech,New York,Canada,Asia,1923.0,$431M,"Sequoia Capital, SoftBank, Accel",
Company_52,$92B,07/19/11,Internet software & services,San Francisco,Germany,Europe,1969.0,$249M,"Sequoia Capital, SoftBank, Accel",
Company_53,$111B,07/22/11,Mobile & telecommunications,Beijing,Bahamas,Europe,1939.0,$553M,"Sequoia Capital, SoftBank, Accel",
Company_54,$172B,07/26/11,Hardware,Paris,Germany,Asia,1930.0,$135M,"Sequoia Capital, SoftBank, Accel",
Company_55,$8B,07/30/11,Mobile & telecommunications,Stockholm,China,North America,1968.0,$784M,"Sequoia Capital, SoftBank, Accel",
Company_56,$175B,08/03/11,Fintech,Shenzhen,Germany,Asia,1922.0,$519M,"Sequoia Capital, SoftBank, Accel",
Company_57,$35B,08/07/11,"Supply chain, logistics, & delivery",San Francisco,India,Asia,1960.0,$121M,"Sequoia Capital, SoftBank, Accel",
Company_58,$81B,08/11/11,Hardware,Stockholm,Australia,Asia,2002.0,$305M,"Sequoia Capital, SoftBank, Accel",
Company_59,$164B,08/14/11,Mobile & telecommunications,Beijing,Bahamas,Asia,1956.0,$738M,"Sequoia Capital, SoftBank, Accel",
Company_60,$50B,08/18/11,Internet software & services,Paris,Germany,Europe,1943.0,$455M,"Sequoia Capital, SoftBank, Accel",
Company_61,$104B,08/22/11,Internet software & services,London,France,Asia,1932.0,$539M,"Sequoia Capital, SoftBank, Accel",
Company_62,$132B,08/26/11,Artificial intelligence,New York,United States,North America,1993.0,$828M,"Sequoia Capital, SoftBank, Accel",
Company_63,$2B,08/30/11,Mobile & telecommunications,,India,Europe,1950.0,$195M,"Sequoia Capital, SoftBank, Accel",
Company_64,$134B,09/02/11,E-commerce & direct-to-consumer,Stockholm,India,North America,1929.0,$263M,"Sequoia Capital, SoftBank, Accel",
Company_65,$54B,09/06/11,Mobile & telecommunications,London,Canada,Europe,1979.0,$247M,"Sequoia Capital, SoftBank, Accel",
Company_66,$106B,09/10/11,"Supply chain, logistics, & delivery",Stockholm,Germany,North America,1936.0,$629M,"Sequoia Capital, SoftBank, Accel",
Company_67,$4B,09/14/11,Hardware,Beijing,Hong Kong,Europe,1945.0,$393M,"Sequoia Capital, SoftBank, Accel",
Company_68,$54B,09/18/11,Hardware,Beijing,Canada,Europe,1973.0,$294M,"Sequoia Capital, SoftBank, Accel",
Company_69,$146B,09/22/11,"Supply chain, logistics, & delivery",London,Canada,Europe,1972.0,$762M,"Sequoia Capital, SoftBank, Accel",
Company_70,$44B,09/25/11,Mobile & telecommunications,New York,United States,Europe,2000.0,$579M,"Sequoia Capital, SoftBank, Accel",
Company_71,$162B,09/29/11,"Supply chain, logistics, & delivery",Shenzhen,China,Asia,2005.0,$222M,"Sequoia Capital, SoftBank, Accel",
Company_72,$14B,10/03/11,Fintech,San Francisco,Germany,Asia,1993.0,$499M,"Sequoia Capital, SoftBank, Accel",
Company_73,$95B,10/07/11,"Supply chain, logistics, & delivery",Shenzhen,United Kingdom,Asia,1939.0,$798M,"Sequoia Capital, SoftBank, Accel",
Company_74,$48B,10/11/11,Internet software & services,Stockholm,Bahamas,Europe,1962.0,$551M,"Sequoia Capital, SoftBank, Accel",
Company_75,$15B,10/15/11,"Supply chain, logistics, & delivery",San Francisco,Canada,North America,1923.0,$760M,"Sequoia Capital, SoftBank, Accel",
Company_76,$40B,10/18/11,Hardware,London,Australia,North America,2005.0,$203M,"Sequoia Capital, SoftBank, Accel",
Company_77,$82B,10/22/11,Internet software & services,London,Sweden,Asia,1959.0,$854M,"Sequoia Capital, SoftBank, Accel",
Company_78,$111B,10/26/11,Hardware,New York,Australia,North America,1977.0,$561M,"Sequoia Capital, SoftBank, Accel",
Company_79,$53B,10/30/11,Artificial intelligence,San Francisco,United States,Asia,2007.0,$842M,"Sequoia Capital, SoftBank, Accel",
Company_80,$24B,11/03/11,E-commerce & direct-to-consumer,Beijing,United States,Europe,1972.0,$817M,"Sequoia Capital, SoftBank, Accel",
Company_81,$154B,11/07/11,Hardware,San Francisco,France,North America,1992.0,$809M,"Sequoia Capital, SoftBank, Accel",
Company_82,$124B,11/10/11,Internet software & services,Stockholm,China,North America,1940.0,$495M,"Sequoia Capital, SoftBank, Accel",
Company_83,$41B,11/14/11,Artificial intelligence,Beijing,Hong Kong,North America,2001.0,$436M,"Sequoia Capital, SoftBank, Accel",
Company_84,$157B,11/18/11,Hardware,Paris,Bahamas,North America,1983.0,$698M,"Sequoia Capital, SoftBank, Accel",
Company_85,$15B,11/22/11,Fintech,Paris,Singapore,North America,1982.0,$241M,"Sequoia Capital, SoftBank, Accel",
Company_86,$45B,11/26/11,"Supply chain, logistics, & delivery",Paris,Canada,Asia,1989.0,$416M,"Sequoia Capital, SoftBank, Accel",
Company_87,$65B,11/30/11,E-commerce & direct-to-consumer,London,Australia,Asia,1922.0,$810M,"Sequoia Capital, SoftBank, Accel",
Company_88,$89B,12/03/11,Hardware,San Francisco,Sweden,Asia,1983.0,$657M,"Sequoia Capital, SoftBank, Accel",
Company_89,$71B,12/07/11,Artificial intelligence,Paris,United States,Europe,1933.0,$899M,"Sequoia Capital, SoftBank, Accel",
Company_90,$9B,12/11/11,Fintech,Shenzhen,United States,Europe,1994.0,$626M,"Sequoia Capital, SoftBank, Accel",
Company_91,$88B,12/15/11,Mobile & telecommunications,New York,China,Europe,1940.0,$655M,"Sequoia Capital, SoftBank, Accel",
Company_92,$129B,12/19/11,Artificial intelligence,Shenzhen,Sweden,Europe,2004.0,$500M,"Sequoia Capital, SoftBank, Accel",
Company_93,$136B,12/22/11,"Supply chain, logistics, & delivery",Paris,Sweden,Asia,1965.0,$780M,"Sequoia Capital, SoftBank, Accel",
Company_94,$63B,12/26/11,Artificial intelligence,New York,China,Asia,1999.0,$409M,"Sequoia Capital, SoftBank, Accel",
Company_95,$139B,12/30/11,Fintech,Stockholm,United States,Asia,2011.0,$594M,"Sequoia Capital, SoftBank, Accel",
Company_96,$81B,01/03/12,Artificial intelligence,Shenzhen,Bahamas,North America,1964.0,$655M,"Sequoia Capital, SoftBank, Accel",
Company_97,$136B,01/07/12,Fintech,San Francisco,Germany,North America,1932.0,$709M,"Sequoia Capital, SoftBank, Accel",
Company_98,$163B,01/11/12,Hardware,San Francisco,Germany,Europe,1968.0,$872M,"Sequoia Capital, SoftBank, Accel",
Company_99,$163B,01/14/12,Fintech,Shenzhen,China,Europe,1938.0,$208M,"Sequoia Capital, SoftBank, Accel",
Company_100,$33B,01/18/12,Fintech,Paris,Sweden,Europe,1968.0,$894M,"Sequoia Capital, SoftBank, Accel",
Company_101,$123B,01/22/12,E-commerce & direct-to-consumer,San Francisco,Canada,Europe,1951.0,$471M,"Sequoia Capital, SoftBank, Accel",
Company_102,$5B,01/26/12,Fintech,Stockholm,China,Asia,1977.0,$715M,"Sequoia Capital, SoftBank, Accel",
Company_103,$41B,01/30/12,Fintech,Beijing,Bahamas,North America,1961.0,$867M,"Sequoia Capital, SoftBank, Accel",
Company_104,$28B,02/03/12,Mobile & telecommunications,Paris,China,North America,1997.0,$305M,"Sequoia Capital, SoftBank, Accel",
Company_105,$135B,02/06/12,Hardware,Stockholm,India,Asia,1930.0,$142M,"Sequoia Capital, SoftBank, Accel",
Company_106,$72B,02/10/12,"Supply chain, logistics, & delivery",New York,Australia,North America,1958.0,$344M,"Sequoia Capital, SoftBank, Accel",
Company_107,$12B,02/14/12,E-commerce & direct-to-consumer,Stockholm,Sweden,North America,1938.0,$386M,"Sequoia Capital, SoftBank, Accel",
Company_108,$162B,02/18/12,Mobile & telecommunications,Paris,Hong Kong,Asia,2012.0,$454M,"Sequoia Capital, SoftBank, Accel",
Company_109,$33B,02/22/12,Internet software & services,New York,France,Europe,1956.0,$884M,"Sequoia Capital, SoftBank, Accel",
Company_110,$48B,02/26/12,Hardware,Paris,France,Europe,1921.0,$575M,"Sequoia Capital, SoftBank, Accel",
Company_111,$151B,02/29/12,Hardware,San Francisco,Sweden,Europe,1946.0,$182M,"Sequoia Capital, SoftBank, Accel",
Company_112,$62B,03/04/12,Internet software & services,Beijing,Hong Kong,North America,1974.0,$209M,"Sequoia Capital, SoftBank, Accel",
Company_113,$37B,03/08/12,"Supply chain, logistics, & delivery",Paris,Singapore,Asia,2008.0,$289M,"Sequoia Capital, SoftBank, Accel",
Company_114,$99B,03/12/12,Fintech,Paris,Bahamas,Europe,2012.0,$899M,"Sequoia Capital, SoftBank, Accel",
Company_115,$172B,03/16/12,Mobile & telecommunications,San Francisco,India,Europe,1931.0,$350M,"Sequoia Capital, SoftBank, Accel",
Company_116,$104B,03/20/12,Artificial intelligence,London,India,North America,1995.0,$823M,"Sequoia Capital, SoftBank, Accel",
Company_117,$35B,03/23/12,E-commerce & direct-to-consumer,San Francisco,United States,Asia,1984.0,$390M,"Sequoia Capital, SoftBank, Accel",
Company_118,$101B,03/27/12,Artificial intelligence,New York,Australia,Europe,1955.0,$744M,"Sequoia Capital, SoftBank, Accel",
Company_119,$175B,03/31/12,Internet software & services,San Francisco,Germany,Asia,1967.0,$300M,"Sequoia Capital, SoftBank, Accel",
Company_120,$131B,04/04/12,Hardware,San Francisco,United Kingdom,Asia,2020.0,$896M,"Sequoia Capital, SoftBank, Accel",
Company_121,$1B,04/08/12,"Supply chain, logistics, & delivery",Beijing,Bahamas,North America,1984.0,$425M,"Sequoia Capital, SoftBank, Accel",
Company_122,$5B,04/11/12,Hardware,San Francisco,United Kingdom,Europe,1954.0,$610M,"Sequoia Capital, SoftBank, Accel",
Company_123,$142B,04/15/12,E-commerce & direct-to-consumer,Paris,United Kingdom,Europe,1972.0,$508M,"Sequoia Capital, SoftBank, Accel",
Company_124,$103B,04/19/12,Hardware,Beijing,Sweden,Europe,1944.0,$706M,"Sequoia Capital, SoftBank, Accel",
Company_125,$27B,04/23/12,Hardware,Shenzhen,France,Europe,1993.0,$889M,"Sequoia Capital, SoftBank, Accel",
Company_126,$137B,04/27/12,E-commerce & direct-to-consumer,London,France,Europe,1990.0,$607M,"Sequoia Capital, SoftBank, Accel",
Company_127,$15B,05/01/12,Mobile & telecommunications,Beijing,Germany,Asia,1958.0,$830M,"Sequoia Capital, SoftBank, Accel",
Company_128,$90B,05/04/12,Mobile & telecommunications,New York,Sweden,North America,1961.0,$700M,"Sequoia Capital, SoftBank, Accel",
Company_129,$42B,05/08/12,E-commerce & direct-to-consumer,Shenzhen,United Kingdom,Asia,1940.0,$171M,"Sequoia Capital, SoftBank, Accel",
Company_130,$124B,05/12/12,"Supply chain, logistics, & delivery",Beijing,Hong Kong,Europe,1938.0,$346M,"Sequoia Capital, SoftBank, Accel",
Company_131,$179B,05/16/12,Internet software & services,Beijing,Singapore,Europe,1926.0,$740M,"Sequoia Capital, SoftBank, Accel",
Company_132,$63B,05/20/12,Hardware,London,Canada,Asia,1947.0,$823M,"Sequoia Capital, SoftBank, Accel",
Company_133,$96B,05/24/12,"Supply chain, logistics, & delivery",Paris,France,Asia,1958.0,$707M,"Sequoia Capital, SoftBank, Accel",
Company_134,$52B,05/27/12,Hardware,New York,Bahamas,Asia,2008.0,$686M,"Sequoia Capital, SoftBank, Accel",
Company_135,$96B,05/31/12,Internet software & services,Stockholm,Hong Kong,North America,1948.0,$665M,"Sequoia Capital, SoftBank, Accel",
Company_136,$132B,06/04/12,Mobile & telecommunications,Stockholm,Bahamas,North America,1999.0,$443M,"Sequoia Capital, SoftBank, Accel",
Company_137,$151B,06/08/12,"Supply chain, logistics, & delivery",Beijing,United States,Asia,2002.0,$153M,"Sequoia Capital, SoftBank, Accel",
Company_138,$143B,06/12/12,Fintech,San Francisco,China,Asia,1973.0,$829M,"Sequoia Capital, SoftBank, Accel",
Company_139,$171B,06/16/12,Fintech,New York,Canada,Asia,1934.0,$627M,"Sequoia Capital, SoftBank, Accel",
Company_140,$29B,06/19/12,Fintech,Shenzhen,France,Asia,1964.0,$710M,"Sequoia Capital, SoftBank, Accel",
Company_141,$36B,06/23/12,Mobile & telecommunications,San Francisco,India,Asia,1980.0,$631M,"Sequoia Capital, SoftBank, Accel",
Company_142,$13B,06/27/12,Mobile & telecommunications,San Francisco,France,Europe,1925.0,$657M,"Sequoia Capital, SoftBank, Accel",
Company_143,$160B,07/01/12,Internet software & services,New York,Hong Kong,North America,1998.0,$292M,"Sequoia Capital, SoftBank, Accel",
Company_144,$71B,07/05/12,Hardware,Paris,United States,Europe,1963.0,$157M,"Sequoia Capital, SoftBank, Accel",
Company_145,$86B,07/09/12,Internet software & services,Beijing,Bahamas,Asia,1977.0,$536M,"Sequoia Capital, SoftBank, Accel",
Company_146,$28B,07/12/12,Internet software & services,Beijing,United Kingdom,Asia,1974.0,$210M,"Sequoia Capital, SoftBank, Accel",
Company_147,$66B,07/16/12,Mobile & telecommunications,Beijing,India,Europe,1966.0,$228M,"Sequoia Capital, SoftBank, Accel",
Company_148,$170B,07/20/12,Fintech,Beijing,Sweden,Asia,1945.0,$805M,"Sequoia Capital, SoftBank, Accel",
Company_149,$45B,07/24/12,Artificial intelligence,Stockholm,Australia,North America,1971.0,$425M,"Sequoia Capital, SoftBank, Accel",
Company_150,$62B,07/28/12,Hardware,Beijing,United Kingdom,North America,2005.0,$107M,"Sequoia Capital, SoftBank, Accel",
Company_151,$134B,07/31/12,Mobile & telecommunications,Stockholm,Australia,Asia,2006.0,$128M,"Sequoia Capital, SoftBank, Accel",
Company_152,$28B,08/04/12,Fintech,Stockholm,Canada,Asia,1991.0,$211M,"Sequoia Capital, SoftBank, Accel",
Company_153,$28B,08/08/12,"Supply chain, logistics, & delivery",Paris,Singapore,Europe,1953.0,$772M,"Sequoia Capital, SoftBank, Accel",
Company_154,$108B,08/12/12,Artificial intelligence,Beijing,China,North America,1969.0,$230M,"Sequoia Capital, SoftBank, Accel",
Company_155,$44B,08/16/12,Artificial intelligence,London,Singapore,Asia,2002.0,$287M,"Sequoia Capital, SoftBank, Accel",
Company_156,$84B,08/20/12,Mobile & telecommunications,Shenzhen,India,Asia,1955.0,$774M,"Sequoia Capital, SoftBank, Accel",
Company_157,$30B,08/23/12,E-commerce & direct-to-consumer,San Francisco,Germany,Europe,1999.0,$808M,"Sequoia Capital, SoftBank, Accel",
Company_158,$75B,08/27/12,Hardware,Stockholm,India,Europe,2013.0,$574M,"Sequoia Capital, SoftBank, Accel",
Company_159,$128B,08/31/12,Artificial intelligence,New York,Singapore,Europe,1975.0,$463M,"Sequoia Capital, SoftBank, Accel",
Company_160,$92B,09/04/12,Mobile & telecommunications,New York,France,Europe,1926.0,$303M,"Sequoia Capital, SoftBank, Accel",
Company_161,$129B,09/08/12,Mobile & telecommunications,Shenzhen,Hong Kong,Asia,1997.0,$311M,"Sequoia Capital, SoftBank, Accel",
Company_162,$121B,09/12/12,Fintech,New York,Bahamas,North America,2013.0,$720M,"Sequoia Capital, SoftBank, Accel",
Company_163,$27B,09/15/12,"Supply chain, logistics, & delivery",London,France,Europe,2012.0,$375M,"Sequoia Capital, SoftBank, Accel",
Company_164,$121B,09/19/12,E-commerce & direct-to-consumer,New York,France,Europe,1938.0,$172M,"Sequoia Capital, SoftBank, Accel",
Company_165,$116B,09/23/12,Hardware,San Francisco,Hong Kong,Asia,2021.0,$778M,"Sequoia Capital, SoftBank, Accel",
Company_166,$3B,09/27/12,Internet software & services,San Francisco,Hong Kong,Asia,1971.0,$871M,"Sequoia Capital, SoftBank, Accel",
Company_167,$103B,10/01/12,"Supply chain, logistics, & delivery",Stockholm,Canada,Asia,1930.0,$342M,"Sequoia Capital, SoftBank, Accel",
Company_168,$155B,10/05/12,"Supply chain, logistics, & delivery",Beijing,United Kingdom,Asia,1967.0,$886M,"Sequoia Capital, SoftBank, Accel",
Company_169,$137B,10/08/12,Fintech,Paris,Germany,North America,1935.0,$201M,"Sequoia Capital, SoftBank, Accel",
Company_170,$62B,10/12/12,Artificial intelligence,London,Germany,Asia,1982.0,$784M,"Sequoia Capital, SoftBank, Accel",
Company_171,$165B,10/16/12,Artificial intelligence,Stockholm,France,Asia,1960.0,$270M,"Sequoia Capital, SoftBank, Accel",
Company_172,$51B,10/20/12,Fintech,London,Australia,Europe,2012.0,$752M,"Sequoia Capital, SoftBank, Accel",
Company_173,$172B,10/24/12,Mobile & telecommunications,Beijing,Canada,Asia,1947.0,$287M,"Sequoia Capital, SoftBank, Accel",
Company_174,$152B,10/28/12,Artificial intelligence,New York,France,Asia,1937.0,$540M,"Sequoia Capital, SoftBank, Accel",
Company_175,$59B,10/31/12,E-commerce & direct-to-consumer,New York,China,Europe,1929.0,$185M,"Sequoia Capital, SoftBank, Accel",
Company_176,$118B,11/04/12,Hardware,Paris,Bahamas,Europe,2016.0,$575M,"Sequoia Capital, SoftBank, Accel",
Company_177,$160B,11/08/12,"Supply chain, logistics, & delivery",Beijing,Hong Kong,North America,1968.0,$151M,"Sequoia Capital, SoftBank, Accel",
Company_178,$96B,11/12/12,"Supply chain, logistics, & delivery",Stockholm,United Kingdom,Europe,1989.0,$210M,"Sequoia Capital, SoftBank, Accel",
Company_179,$113B,11/16/12,E-commerce & direct-to-consumer,Paris,Sweden,Europe,1976.0,$142M,"Sequoia Capital, SoftBank, Accel",
Company_180,$62B,11/19/12,Artificial intelligence,Beijing,Hong Kong,North America,1952.0,$310M,"Sequoia Capital, SoftBank, Accel",
Company_181,$52B,11/23/12,"Supply chain, logistics, & delivery",Shenzhen,China,Asia,1938.0,$299M,"Sequoia Capital, SoftBank, Accel",
Company_182,$12B,11/27/12,Internet software & services,San Francisco,Australia,Europe,1968.0,$851M,"Sequoia Capital, SoftBank, Accel",
Company_183,$39B,12/01/12,Hardware,Paris,India,North America,2020.0,$726M,"Sequoia Capital, SoftBank, Accel",
Company_184,$130B,12/05/12,Hardware,Paris,India,Asia,2006.0,$125M,"Sequoia Capital, SoftBank, Accel",
Company_185,$131B,12/09/12,"Supply chain, logistics, & delivery",Stockholm,Singapore,Europe,1928.0,$398M,"Sequoia Capital, SoftBank, Accel",
Company_186,$113B,12/12/12,Fintech,London,China,Europe,1950.0,$176M,"Sequoia Capital, SoftBank, Accel",
Company_187,$101B,12/16/12,"Supply chain, logistics, & delivery",Shenzhen,Singapore,Asia,1970.0,$236M,"Sequoia Capital, SoftBank, Accel",
Company_188,$113B,12/20/12,Fintech,Stockholm,France,Europe,1933.0,$119M,"Sequoia Capital, SoftBank, Accel",
Company_189,$81B,12/24/12,"Supply chain, logistics, & delivery",Beijing,Sweden,Europe,2019.0,$539M,"Sequoia Capital, SoftBank, Accel",
Company_190,$113B,12/28/12,Internet software & services,Beijing,United States,Asia,2002.0,$310M,"Sequoia Capital, SoftBank, Accel",
Company_191,$2B,01/01/13,Mobile & telecommunications,Beijing,Hong Kong,North America,1921.0,$851M,"Sequoia Capital, SoftBank, Accel",
Company_192,$130B,01/04/13,Hardware,Beijing,United States,Europe,1955.0,$650M,"Sequoia Capital, SoftBank, Accel",
Company_193,$54B,01/08/13,"Supply chain, logistics, & delivery",London,Australia,North America,1958.0,$534M,"Sequoia Capital, SoftBank, Accel",
Company_194,$87B,01/12/13,Internet software & services,Shenzhen,France,Europe,1990.0,$879M,"Sequoia Capital, SoftBank, Accel",
Company_195,$129B,01/16/13,Fintech,New York,Germany,Europe,1958.0,$306M,"Sequoia Capital, SoftBank, Accel",
Company_196,$147B,01/20/13,Fintech,San Francisco,Hong Kong,Asia,1974.0,$538M,"Sequoia Capital, SoftBank, Accel",
Company_197,$126B,01/24/13,Hardware,London,Singapore,Asia,1941.0,$878M,"Sequoia Capital, SoftBank, Accel",
Company_198,$130B,01/27/13,E-commerce & direct-to-consumer,London,Germany,North America,1929.0,$765M,"Sequoia Capital, SoftBank, Accel",
Company_199,$53B,01/31/13,"Supply chain, logistics, & delivery",New York,United Kingdom,Asia,1982.0,$141M,"Sequoia Capital, SoftBank, Accel",
Company_200,$172B,02/04/13,Artificial intelligence,New York,Sweden,Europe,1926.0,$510M,"Sequoia Capital, SoftBank, Accel",
Company_201,$160B,02/08/13,Fintech,San Francisco,Sweden,Europe,2011.0,$622M,"Sequoia Capital, SoftBank, Accel",
Company_202,$160B,02/12/13,Mobile & telecommunications,San Francisco,India,North America,2012.0,$709M,"Sequoia Capital, SoftBank, Accel",
Company_203,$68B,02/16/13,Mobile & telecommunications,New York,Canada,Asia,1974.0,$526M,"Sequoia Capital, SoftBank, Accel",
Company_204,$123B,02/19/13,Fintech,Beijing,Hong Kong,Europe,1978.0,$374M,"Sequoia Capital, SoftBank, Accel",
Company_205,$145B,02/23/13,E-commerce & direct-to-consumer,London,Singapore,Asia,1928.0,$547M,"Sequoia Capital, SoftBank, Accel",
Company_206,$38B,02/27/13,E-commerce & direct-to-consumer,Stockholm,Australia,Europe,1957.0,$841M,"Sequoia Capital, SoftBank, Accel",
Company_207,$24B,03/03/13,Internet software & services,San Francisco,United States,Europe,1946.0,$468M,"Sequoia Capital, SoftBank, Accel",
Company_208,$69B,03/07/13,Mobile & telecommunications,San Francisco,Australia,Asia,1967.0,$319M,"Sequoia Capital, SoftBank, Accel",
Company_209,$116B,03/10/13,Internet software & services,New York,Germany,Europe,1954.0,$676M,"Sequoia Capital, SoftBank, Accel",
Company_210,$98B,03/14/13,Mobile & telecommunications,Shenzhen,Germany,Europe,1931.0,$331M,"Sequoia Capital, SoftBank, Accel",
Company_211,$139B,03/18/13,"Supply chain, logistics, & delivery",Stockholm,China,Asia,2014.0,$427M,"Sequoia Capital, SoftBank, Accel",
Company_212,$144B,03/22/13,"Supply chain, logistics, & delivery",Stockholm,United Kingdom,North America,1954.0,$542M,"Sequoia Capital, SoftBank, Accel",
Company_213,$97B,03/26/13,Artificial intelligence,San Francisco,Hong Kong,Asia,2019.0,$151M,"Sequoia Capital, SoftBank, Accel",
Company_214,$124B,03/30/13,"Supply chain, logistics, & delivery",Beijing,Sweden,Asia,1944.0,$475M,"Sequoia Capital, SoftBank, Accel",
Company_215,$70B,04/02/13,Artificial intelligence,Shenzhen,Bahamas,North America,2004.0,$362M,"Sequoia Capital, SoftBank, Accel",
Company_216,$93B,04/06/13,"Supply chain, logistics, & delivery",Stockholm,Singapore,Europe,1922.0,$366M,"Sequoia Capital, SoftBank, Accel",
Company_217,$3B,04/10/13,Hardware,San Francisco,Australia,North America,2013.0,$458M,"Sequoia Capital, SoftBank, Accel",
Company_218,$148B,04/14/13,"Supply chain, logistics, & delivery",Stockholm,Singapore,Europe,2000.0,$416M,"Sequoia Capital, SoftBank, Accel",
Company_219,$164B,04/18/13,Internet software & services,Paris,Germany,Europe,1982.0,$423M,"Sequoia Capital, SoftBank, Accel",
Company_220,$147B,04/22/13,Fintech,Shenzhen,Canada,Europe,1956.0,$765M,"Sequoia Capital, SoftBank, Accel",
Company_221,$90B,04/25/13,Internet software & services,Shenzhen,India,Asia,2006.0,$751M,"Sequoia Capital, SoftBank, Accel",
Company_222,$147B,04/29/13,Fintech,Paris,United States,Asia,2005.0,$662M,"Sequoia Capital, SoftBank, Accel",
Company_223,$148B,05/03/13,E-commerce & direct-to-consumer,London,United Kingdom,Asia,1940.0,$728M,"Sequoia Capital, SoftBank, Accel",
Company_224,$96B,05/07/13,Internet software & services,Paris,Canada,North America,1920.0,$520M,"Sequoia Capital, SoftBank, Accel",
Company_225,$52B,05/11/13,E-commerce & direct-to-consumer,New York,United Kingdom,North America,1949.0,$145M,"Sequoia Capital, SoftBank, Accel",
Company_226,$161B,05/15/13,Artificial intelligence,New York,China,Europe,1929.0,$699M,"Sequoia Capital, SoftBank, Accel",
Company_227,$168B,05/18/13,Artificial intelligence,San Francisco,Bahamas,North America,2010.0,$819M,"Sequoia Capital, SoftBank, Accel",
Company_228,$128B,05/22/13,Hardware,Shenzhen,Germany,Asia,1964.0,$368M,"Sequoia Capital, SoftBank, Accel",
Company_229,$39B,05/26/13,"Supply chain, logistics, & delivery",London,India,Europe,2014.0,$700M,"Sequoia Capital, SoftBank, Accel",
Company_230,$82B,05/30/13,Internet software & services,London,Hong Kong,Europe,1980.0,$480M,"Sequoia Capital, SoftBank, Accel",
Company_231,$104B,06/03/13,E-commerce & direct-to-consumer,Stockholm,Canada,Europe,1987.0,$217M,"Sequoia Capital, SoftBank, Accel",
Company_232,$129B,06/07/13,Fintech,Stockholm,United Kingdom,Asia,1982.0,$665M,"Sequoia Capital, SoftBank, Accel",
Company_233,$11B,06/10/13,Artificial intelligence,Paris,Sweden,Asia,2020.0,$215M,"Sequoia Capital, SoftBank, Accel",
Company_234,$178B,06/14/13,"Supply chain, logistics, & delivery",London,China,North America,1928.0,$729M,"Sequoia Capital, SoftBank, Accel",
Company_235,$151B,06/18/13,Artificial intelligence,Paris,Sweden,Europe,1958.0,$359M,"Sequoia Capital, SoftBank, Accel",
Company_236,$159B,06/22/13,Fintech,Paris,India,Asia,1942.0,$174M,"Sequoia Capital, SoftBank, Accel",
Company_237,$42B,06/26/13,"Supply chain, logistics, & delivery",Stockholm,Hong Kong,North America,2017.0,$579M,"Sequoia Capital, SoftBank, Accel",
Company_238,$99B,06/29/13,"Supply chain, logistics, & delivery",Shenzhen,Hong Kong,North America,1962.0,$404M,"Sequoia Capital, SoftBank, Accel",
Company_239,$7B,07/03/13,E-commerce & direct-to-consumer,Paris,Canada,Asia,1978.0,$106M,"Sequoia Capital, SoftBank, Accel",
Company_240,$144B,07/07/13,E-commerce & direct-to-consumer,Beijing,Singapore,Europe,1980.0,$465M,"Sequoia Capital, SoftBank, Accel",
Company_241,$90B,07/11/13,Internet software & services,Shenzhen,China,Europe,2005.0,$733M,"Sequoia Capital, SoftBank, Accel",
Company_242,$112B,07/15/13,Internet software & services,London,Hong Kong,Europe,1935.0,$622M,"Sequoia Capital, SoftBank, Accel",
Company_243,$60B,07/19/13,Mobile & telecommunications,London,Hong Kong,Asia,1983.0,$447M,"Sequoia Capital, SoftBank, Accel",
Company_244,$113B,07/22/13,Mobile & telecommunications,Paris,Canada,Asia,2013.0,$537M,"Sequoia Capital, SoftBank, Accel",
Company_245,$2B,07/26/13,Hardware,Shenzhen,Germany,Europe,2013.0,$314M,"Sequoia Capital, SoftBank, Accel",
Company_246,$129B,07/30/13,Artificial intelligence,Stockholm,France,North America,1975.0,$528M,"Sequoia Capital, SoftBank, Accel",
Company_247,$48B,08/03/13,Internet software & services,Stockholm,China,Asia,1973.0,$890M,"Sequoia Capital, SoftBank, Accel",
Company_248,$140B,08/07/13,E-commerce & direct-to-consumer,New York,Sweden,North America,1971.0,$597M,"Sequoia Capital, SoftBank, Accel",
Company_249,$37B,08/11/13,Fintech,London,India,North America,1974.0,$639M,"Sequoia Capital, SoftBank, Accel",
Company_250,$160B,08/14/13,E-commerce & direct-to-consumer,San Francisco,Hong Kong,North America,2016.0,$846M,"Sequoia Capital, SoftBank, Accel",
Company_251,$9B,08/18/13,Artificial intelligence,New York,Hong Kong,Europe,1927.0,$466M,"Sequoia Capital, SoftBank, Accel",
Company_252,$99B,08/22/13,Mobile & telecommunications,Stockholm,Bahamas,Europe,1940.0,$412M,"Sequoia Capital, SoftBank, Accel",
Company_253,$147B,08/26/13,E-commerce & direct-to-consumer,Shenzhen,Germany,Europe,1931.0,$637M,"Sequoia Capital, SoftBank, Accel",
Company_254,$48B,08/30/13,Hardware,Stockholm,Hong Kong,North America,2007.0,$153M,"Sequoia Capital, SoftBank, Accel",
Company_255,$131B,09/03/13,Artificial intelligence,Shenzhen,France,Asia,1966.0,$640M,"Sequoia Capital, SoftBank, Accel",
Company_256,$148B,09/06/13,Mobile & telecommunications,New York,Bahamas,Asia,1936.0,$566M,"Sequoia Capital, SoftBank, Accel",
Company_257,$152B,09/10/13,Fintech,London,United States,North America,1994.0,$263M,"Sequoia Capital, SoftBank, Accel",
Company_258,$54B,09/14/13,Mobile & telecommunications,Stockholm,Germany,North America,1958.0,$881M,"Sequoia Capital, SoftBank, Accel",
Company_259,$120B,09/18/13,"Supply chain, logistics, & delivery",Paris,India,Europe,1935.0,$433M,"Sequoia Capital, SoftBank, Accel",
Company_260,$161B,09/22/13,Hardware,Shenzhen,United Kingdom,North America,1933.0,$646M,"Sequoia Capital, SoftBank, Accel",
Company_261,$152B,09/26/13,Artificial intelligence,London,China,North America,1933.0,$897M,"Sequoia Capital, SoftBank, Accel",
Company_262,$116B,09/29/13,Fintech,San Francisco,Canada,North America,1997.0,$447M,"Sequoia Capital, SoftBank, Accel",
Company_263,$75B,10/03/13,Hardware,Shenzhen,India,Europe,1981.0,$372M,"Sequoia Capital, SoftBank, Accel",
Company_264,$113B,10/07/13,Mobile & telecommunications,New York,China,Asia,1957.0,$819M,"Sequoia Capital, SoftBank, Accel",
Company_265,$164B,10/11/13,Hardware,San Francisco,Bahamas,Europe,1931.0,$849M,"Sequoia Capital, SoftBank, Accel",
Company_266,$166B,10/15/13,Artificial intelligence,San Francisco,Singapore,North America,1999.0,$513M,"Sequoia Capital, SoftBank, Accel",
Company_267,$104B,10/18/13,Internet software & services,Beijing,Canada,Europe,1950.0,$599M,"Sequoia Capital, SoftBank, Accel",
Company_268,$84B,10/22/13,Hardware,Stockholm,Australia,Europe,1927.0,$192M,"Sequoia Capital, SoftBank, Accel",
Company_269,$112B,10/26/13,"Supply chain, logistics, & delivery",Shenzhen,Sweden,Asia,1958.0,$784M,"Sequoia Capital, SoftBank, Accel",
Company_270,$99B,10/30/13,Hardware,San Francisco,United States,Europe,1938.0,$178M,"Sequoia Capital, SoftBank, Accel",
Company_271,$153B,11/03/13,Mobile & telecommunications,Beijing,Germany,Asia,2008.0,$721M,"Sequoia Capital, SoftBank, Accel",
Company_272,$93B,11/07/13,Mobile & telecommunications,New York,Hong Kong,Europe,2009.0,$316M,"Sequoia Capital, SoftBank, Accel",
Company_273,$146B,11/10/13,Fintech,London,Singapore,Asia,2003.0,$457M,"Sequoia Capital, SoftBank, Accel",
Company_274,$128B,11/14/13,Mobile & telecommunications,Paris,Singapore,Asia,2000.0,$717M,"Sequoia Capital, SoftBank, Accel",
Company_275,$110B,11/18/13,E-commerce & direct-to-consumer,Paris,India,North America,1995.0,$606M,"Sequoia Capital, SoftBank, Accel",
Company_276,$82B,11/22/13,Artificial intelligence,Shenzhen,United States,Asia,1998.0,$658M,"Sequoia Capital, SoftBank, Accel",
Company_277,$54B,11/26/13,Artificial intelligence,San Francisco,United Kingdom,Asia,1991.0,$280M,"Sequoia Capital, SoftBank, Accel",
Company_278,$163B,11/30/13,Internet software & services,Paris,China,Asia,1981.0,$675M,"Sequoia Capital, SoftBank, Accel",
Company_279,$169B,12/03/13,Internet software & services,Stockholm,China,Europe,1994.0,$345M,"Sequoia Capital, SoftBank, Accel",
Company_280,$161B,12/07/13,Artificial intelligence,Paris,India,Europe,1962.0,$343M,"Sequoia Capital, SoftBank, Accel",
Company_281,$68B,12/11/13,"Supply chain, logistics, & delivery",Paris,France,Europe,1956.0,$605M,"Sequoia Capital, SoftBank, Accel",
Company_282,$33B,12/15/13,Internet software & services,Paris,France,North America,2001.0,$521M,"Sequoia Capital, SoftBank, Accel",
Company_283,$142B,12/19/13,Fintech,Beijing,Hong Kong,Europe,1978.0,$419M,"Sequoia Capital, SoftBank, Accel",
Company_284,$21B,12/23/13,Mobile & telecommunications,San Francisco,Australia,Europe,1989.0,$186M,"Sequoia Capital, SoftBank, Accel",
Company_285,$48B,12/26/13,Artificial intelligence,Stockholm,Sweden,Europe,2017.0,$316M,"Sequoia Capital, SoftBank, Accel",
Company_286,$148B,12/30/13,Internet software & services,San Francisco,Canada,Europe,1966.0,$589M,"Sequoia Capital, SoftBank, Accel",
Company_287,$128B,01/03/14,Artificial intelligence,Shenzhen,United Kingdom,Europe,1936.0,$618M,"Sequoia Capital, SoftBank, Accel",
Company_288,$136B,01/07/14,E-commerce & direct-to-consumer,Shenzhen,Hong Kong,North America,1934.0,$377M,"Sequoia Capital, SoftBank, Accel",
Company_289,$135B,01/11/14,Hardware,Shenzhen,United States,Europe,1973.0,$821M,"Sequoia Capital, SoftBank, Accel",
Company_290,$145B,01/15/14,Mobile & telecommunications,New York,France,Asia,1957.0,$268M,"Sequoia Capital, SoftBank, Accel",
Company_291,$128B,01/18/14,Artificial intelligence,Paris,Australia,Europe,1986.0,$429M,"Sequoia Capital, SoftBank, Accel",
Company_292,$33B,01/22/14,Hardware,New York,Australia,Europe,1977.0,$749M,"Sequoia Capital, SoftBank, Accel",
Company_293,$176B,01/26/14,Internet software & services,Beijing,India,North America,2007.0,$540M,"Sequoia Capital, SoftBank, Accel",
Company_294,$115B,01/30/14,Hardware,Shenzhen,United Kingdom,Asia,2014.0,$490M,"Sequoia Capital, SoftBank, Accel",
Company_295,$119B,02/03/14,Mobile & telecommunications,Stockholm,Bahamas,Europe,1980.0,$595M,"Sequoia Capital, SoftBank, Accel",
Company_296,$22B,02/06/14,Artificial intelligence,San Francisco,Canada,Asia,1931.0,$480M,"Sequoia Capital, SoftBank, Accel",
Company_297,$158B,02/10/14,E-commerce & direct-to-consumer,Paris,Sweden,North America,1999.0,$405M,"Sequoia Capital, SoftBank, Accel",
Company_298,$38B,02/14/14,"Supply chain, logistics, & delivery",London,Germany,Asia,2019.0,$841M,"Sequoia Capital, SoftBank, Accel",
Company_299,$109B,02/18/14,Internet software & services,Stockholm,India,Europe,1924.0,$772M,"Sequoia Capital, SoftBank, Accel",
Company_300,$51B,02/22/14,Artificial intelligence,Paris,Canada,North America,2001.0,$612M,"Sequoia Capital, SoftBank, Accel",
Company_301,$8B,02/26/14,Mobile & telecommunications,New York,Germany,Asia,1995.0,$847M,"Sequoia Capital, SoftBank, Accel",
Company_302,$27B,03/01/14,Internet software & services,New York,Germany,Europe,1978.0,$287M,"Sequoia Capital, SoftBank, Accel",
Company_303,$27B,03/05/14,Fintech,Stockholm,United Kingdom,North America,2008.0,$615M,"Sequoia Capital, SoftBank, Accel",
Company_304,$21B,03/09/14,Hardware,New York,United Kingdom,Asia,1932.0,$743M,"Sequoia Capital, SoftBank, Accel",
Company_305,$30B,03/13/14,"Supply chain, logistics, & delivery",Shenzhen,Hong Kong,Europe,2013.0,$526M,"Sequoia Capital, SoftBank, Accel",
Company_306,$97B,03/17/14,Mobile & telecommunications,Beijing,United States,Asia,1972.0,$601M,"Sequoia Capital, SoftBank, Accel",
Company_307,$28B,03/21/14,Fintech,San Francisco,Australia,Europe,1922.0,$829M,"Sequoia Capital, SoftBank, Accel",
Company_308,$111B,03/24/14,Artificial intelligence,Beijing,Canada,Europe,1957.0,$359M,"Sequoia Capital, SoftBank, Accel",
Company_309,$61B,03/28/14,E-commerce & direct-to-consumer,Paris,India,Asia,1990.0,$612M,"Sequoia Capital, SoftBank, Accel",
Company_310,$48B,04/01/14,Internet software & services,San Francisco,Hong Kong,Europe,1943.0,$170M,"Sequoia Capital, SoftBank, Accel",
Company_311,$147B,04/05/14,Hardware,San Francisco,China,Europe,1995.0,$577M,"Sequoia Capital, SoftBank, Accel",
Company_312,$4B,04/09/14,Internet software & services,Beijing,India,North America,1950.0,$277M,"Sequoia Capital, SoftBank, Accel",
Company_313,$35B,04/13/14,"Supply chain, logistics, & delivery",Stockholm,United States,Europe,1977.0,$556M,"Sequoia Capital, SoftBank, Accel",
Company_314,$49B,04/16/14,Artificial intelligence,San Francisco,Sweden,Asia,2020.0,$288M,"Sequoia Capital, SoftBank, Accel",
Company_315,$17B,04/20/14,Internet software & services,Beijing,Singapore,Asia,1981.0,$390M,"Sequoia Capital, SoftBank, Accel",
Company_316,$172B,04/24/14,Hardware,,Singapore,North America,1956.0,$619M,"Sequoia Capital, SoftBank, Accel",
Company_317,$158B,04/28/14,Artificial intelligence,London,Australia,North America,2010.0,$864M,"Sequoia Capital, SoftBank, Accel",
Company_318,$46B,05/02/14,Internet software & services,Stockholm,Singapore,Europe,1971.0,$391M,"Sequoia Capital, SoftBank, Accel",
Company_319,$117B,05/06/14,E-commerce & direct-to-consumer,Shenzhen,Singapore,Europe,2012.0,$855M,"Sequoia Capital, SoftBank, Accel",
Company_320,$6B,05/09/14,Mobile & telecommunications,San Francisco,China,Europe,1985.0,$734M,"Sequoia Capital, SoftBank, Accel",
Company_321,$99B,05/13/14,Artificial intelligence,London,France,Europe,1946.0,$382M,"Sequoia Capital, SoftBank, Accel",
Company_322,$124B,05/17/14,Mobile & telecommunications,Shenzhen,Sweden,Europe,1921.0,$643M,"Sequoia Capital, SoftBank, Accel",
Company_323,$37B,05/21/14,Artificial intelligence,Shenzhen,United Kingdom,Europe,2016.0,$476M,"Sequoia Capital, SoftBank, Accel",
Company_324,$24B,05/25/14,E-commerce & direct-to-consumer,Paris,Germany,Europe,1998.0,$757M,"Sequoia Capital, SoftBank, Accel",
Company_325,$93B,05/28/14,Mobile & telecommunications,San Francisco,France,North America,1940.0,$255M,"Sequoia Capital, SoftBank, Accel",
Company_326,$46B,06/01/14,Fintech,Beijing,India,North America,2014.0,$607M,"Sequoia Capital, SoftBank, Accel",
Company_327,$95B,06/05/14,Hardware,San Francisco,India,North America,1956.0,$512M,"Sequoia Capital, SoftBank, Accel",
Company_328,$99B,06/09/14,Fintech,London,Singapore,Asia,1990.0,$627M,"Sequoia Capital, SoftBank, Accel",
Company_329,$116B,06/13/14,Internet software & services,Shenzhen,United Kingdom,Europe,1990.0,$454M,"Sequoia Capital, SoftBank, Accel",
Company_330,$160B,06/17/14,E-commerce & direct-to-consumer,San Francisco,United States,Europe,1980.0,$658M,"Sequoia Capital, SoftBank, Accel",
Company_331,$161B,06/20/14,Fintech,Beijing,Canada,Europe,1975.0,$862M,"Sequoia Capital, SoftBank, Accel",
Company_332,$67B,06/24/14,Artificial intelligence,Paris,France,North America,1924.0,$286M,"Sequoia Capital, SoftBank, Accel",
Company_333,$128B,06/28/14,Internet software & services,San Francisco,France,North America,1996.0,$130M,"Sequoia Capital, SoftBank, Accel",
Company_334,$18B,07/02/14,Internet software & services,Stockholm,Bahamas,Europe,1950.0,$359M,"Sequoia Capital, SoftBank, Accel",
Company_335,$25B,07/06/14,Fintech,Paris,Sweden,Europe,2017.0,$520M,"Sequoia Capital, SoftBank, Accel",
Company_336,$54B,07/10/14,Fintech,Beijing,Australia,Europe,1928.0,$628M,"Sequoia Capital, SoftBank, Accel",
Company_337,$58B,07/13/14,E-commerce & direct-to-consumer,London,Sweden,Europe,1921.0,$650M,"Sequoia Capital, SoftBank, Accel",
Company_338,$67B,07/17/14,Hardware,Shenzhen,Canada,Europe,1977.0,$403M,"Sequoia Capital, SoftBank, Accel",
Company_339,$104B,07/21/14,Fintech,San Francisco,India,Europe,1994.0,$138M,"Sequoia Capital, SoftBank, Accel",
Company_340,$174B,07/25/14,"Supply chain, logistics, & delivery",Beijing,India,Asia,1967.0,$588M,"Sequoia Capital, SoftBank, Accel",
Company_341,$24B,07/29/14,Fintech,Paris,India,Asia,1977.0,$743M,"Sequoia Capital, SoftBank, Accel",
Company_342,$114B,08/02/14,Mobile & telecommunications,Stockholm,Bahamas,Europe,1949.0,$641M,"Sequoia Capital, SoftBank, Accel",
Company_343,$32B,08/05/14,Artificial intelligence,Beijing,India,Europe,2011.0,$769M,"Sequoia Capital, SoftBank, Accel",
Company_344,$175B,08/09/14,"Supply chain, logistics, & delivery",New York,Canada,Asia,1987.0,$377M,"Sequoia Capital, SoftBank, Accel",
Company_345,$86B,08/13/14,"Supply chain, logistics, & delivery",Stockholm,Hong Kong,Asia,1980.0,$302M,"Sequoia Capital, SoftBank, Accel",
Company_346,$151B,08/17/14,Mobile & telecommunications,Paris,United Kingdom,Europe,1970.0,$165M,"Sequoia Capital, SoftBank, Accel",
Company_347,$127B,08/21/14,Mobile & telecommunications,London,Australia,Asia,2007.0,$207M,"Sequoia Capital, SoftBank, Accel",
Company_348,$155B,08/25/14,Internet software & services,Shenzhen,Canada,Europe,1959.0,$367M,"Sequoia Capital, SoftBank, Accel",
Company_349,$130B,08/28/14,Hardware,Paris,Singapore,North America,1949.0,$321M,"Sequoia Capital, SoftBank, Accel",
Company_350,$17B,09/01/14,Artificial intelligence,London,Hong Kong,Europe,2003.0,$629M,"Sequoia Capital, SoftBank, Accel",
Company_351,$104B,09/05/14,E-commerce & direct-to-consumer,San Francisco,Australia,Europe,2002.0,$189M,"Sequoia Capital, SoftBank, Accel",
Company_352,$161B,09/09/14,"Supply chain, logistics, & delivery",Beijing,Canada,North America,2021.0,$792M,"Sequoia Capital, SoftBank, Accel",
Company_353,$137B,09/13/14,E-commerce & direct-to-consumer,New York,Hong Kong,Asia,1940.0,$354M,"Sequoia Capital, SoftBank, Accel",
Company_354,$43B,09/16/14,Fintech,Stockholm,India,Europe,1922.0,$554M,"Sequoia Capital, SoftBank, Accel",
Company_355,$176B,09/20/14,Fintech,Stockholm,United Kingdom,North America,1931.0,$352M,"Sequoia Capital, SoftBank, Accel",
Company_356,$39B,09/24/14,E-commerce & direct-to-consumer,Beijing,France,Asia,1963.0,$356M,"Sequoia Capital, SoftBank, Accel",
Company_357,$170B,09/28/14,Fintech,New York,Sweden,Asia,1960.0,$482M,"Sequoia Capital, SoftBank, Accel",
Company_358,$26B,10/02/14,Hardware,Beijing,Germany,North America,1967.0,$541M,"Sequoia Capital, SoftBank, Accel",
Company_359,$99B,10/06/14,Mobile & telecommunications,San Francisco,United Kingdom,Asia,1938.0,$698M,"Sequoia Capital, SoftBank, Accel",
Company_360,$50B,10/09/14,Fintech,London,France,Europe,1995.0,$189M,"Sequoia Capital, SoftBank, Accel",
Company_361,$153B,10/13/14,Internet software & services,Paris,United States,Europe,1999.0,$848M,"Sequoia Capital, SoftBank, Accel",
Company_362,$152B,10/17/14,Fintech,Stockholm,Canada,Europe,1972.0,$489M,"Sequoia Capital, SoftBank, Accel",
Company_363,$13B,10/21/14,Artificial intelligence,San Francisco,United States,Europe,1954.0,$681M,"Sequoia Capital, SoftBank, Accel",
Company_364,$60B,10/25/14,Hardware,London,France,Europe,2015.0,$143M,"Sequoia Capital, SoftBank, Accel",
Company_365,$135B,10/29/14,Artificial intelligence,San Francisco,United Kingdom,Europe,1919.0,$811M,"Sequoia Capital, SoftBank, Accel",
Company_366,$57B,11/01/14,Artificial intelligence,New York,Canada,Europe,1933.0,$763M,"Sequoia Capital, SoftBank, Accel",
Company_367,$36B,11/05/14,Internet software & services,Stockholm,Singapore,Europe,1995.0,$697M,"Sequoia Capital, SoftBank, Accel",
Company_368,$173B,11/09/14,Hardware,Paris,Germany,Europe,1935.0,$118M,"Sequoia Capital, SoftBank, Accel",
Company_369,$20B,11/13/14,Hardware,Beijing,India,North America,1942.0,$200M,"Sequoia Capital, SoftBank, Accel",
Company_370,$65B,11/17/14,Hardware,Beijing,Canada,Asia,1976.0,$706M,"Sequoia Capital, SoftBank, Accel",
Company_371,$8B,11/21/14,Hardware,London,Singapore,Europe,1990.0,$865M,"Sequoia Capital, SoftBank, Accel",
Company_372,$144B,11/24/14,Hardware,Paris,Canada,North America,2009.0,$456M,"Sequoia Capital, SoftBank, Accel",
Company_373,$142B,11/28/14,Internet software & services,Shenzhen,United Kingdom,North America,1941.0,$641M,"Sequoia Capital, SoftBank, Accel",
Company_374,$115B,12/02/14,Fintech,New York,Singapore,Asia,1964.0,$860M,"Sequoia Capital, SoftBank, Accel",
Company_375,$143B,12/06/14,Artificial intelligence,London,United Kingdom,Asia,1990.0,$132M,"Sequoia Capital, SoftBank, Accel",
Company_376,$92B,12/10/14,Hardware,Shenzhen,Hong Kong,North America,1926.0,$328M,"Sequoia Capital, SoftBank, Accel",
Company_377,$98B,12/14/14,"Supply chain, logistics, & delivery",San Francisco,France,North America,1977.0,$623M,"Sequoia Capital, SoftBank, Accel",
Company_378,$66B,12/17/14,Fintech,New York,China,Asia,2008.0,$729M,"Sequoia Capital, SoftBank, Accel",
Company_379,$32B,12/21/14,Fintech,San Francisco,Canada,North America,1977.0,$254M,"Sequoia Capital, SoftBank, Accel",
Company_380,$86B,12/25/14,Artificial intelligence,Paris,Sweden,Europe,1931.0,$522M,"Sequoia Capital, SoftBank, Accel",
Company_381,$51B,12/29/14,Internet software & services,Stockholm,Canada,North America,1957.0,$345M,"Sequoia Capital, SoftBank, Accel",
Company_382,$153B,01/02/15,E-commerce & direct-to-consumer,New York,France,North America,2019.0,$504M,"Sequoia Capital, SoftBank, Accel",
Company_383,$63B,01/05/15,E-commerce & direct-to-consumer,Shenzhen,Australia,Europe,1946.0,$858M,"Sequoia Capital, SoftBank, Accel",
Company_384,$125B,01/09/15,Fintech,Stockholm,United States,Europe,2007.0,$640M,"Sequoia Capital, SoftBank, Accel",
Company_385,$150B,01/13/15,Mobile & telecommunications,Beijing,Hong Kong,North America,1979.0,$260M,"Sequoia Capital, SoftBank, Accel",
Company_386,$58B,01/17/15,Mobile & telecommunications,Shenzhen,India,Asia,1934.0,$846M,"Sequoia Capital, SoftBank, Accel",
Company_387,$58B,01/21/15,Artificial intelligence,London,Singapore,Europe,1920.0,$801M,"Sequoia Capital, SoftBank, Accel",
Company_388,$86B,01/25/15,E-commerce & direct-to-consumer,Beijing,China,Europe,2000.0,$216M,"Sequoia Capital, SoftBank, Accel",
Company_389,$49B,01/28/15,Fintech,Beijing,Germany,Europe,1935.0,$370M,"Sequoia Capital, SoftBank, Accel",
Company_390,$170B,02/01/15,Internet software & services,London,Germany,North America,1948.0,$869M,"Sequoia Capital, SoftBank, Accel",
Company_391,$70B,02/05/15,E-commerce & direct-to-consumer,New York,Germany,North America,2021.0,$791M,"Sequoia Capital, SoftBank, Accel",
Company_392,$15B,02/09/15,Fintech,Beijing,United Kingdom,North America,1931.0,$586M,"Sequoia Capital, SoftBank, Accel",
Company_393,$54B,02/13/15,Fintech,Paris,Germany,Asia,2014.0,$271M,"Sequoia Capital, SoftBank, Accel",
Company_394,$101B,02/17/15,Hardware,Shenzhen,India,Europe,2011.0,$373M,"Sequoia Capital, SoftBank, Accel",
Company_395,$8B,02/20/15,Internet software & services,Stockholm,Hong Kong,North America,2012.0,$358M,"Sequoia Capital, SoftBank, Accel",
Company_396,$53B,02/24/15,Hardware,Beijing,United States,North America,2000.0,$234M,"Sequoia Capital, SoftBank, Accel",
Company_397,$60B,02/28/15,Artificial intelligence,Shenzhen,Germany,Europe,1931.0,$782M,"Sequoia Capital, SoftBank, Accel",
Company_398,$108B,03/04/15,Hardware,San Francisco,Canada,Asia,1961.0,$821M,"Sequoia Capital, SoftBank, Accel",
Company_399,$5B,03/08/15,"Supply chain, logistics, & delivery",Shenzhen,Canada,Europe,2003.0,$847M,"Sequoia Capital, SoftBank, Accel",
Company_400,$103B,03/12/15,Hardware,Stockholm,United Kingdom,Europe,2012.0,$521M,"Sequoia Capital, SoftBank, Accel",
Company_401,$6B,03/15/15,"Supply chain, logistics, & delivery",Shenzhen,India,Asia,1939.0,$520M,"Sequoia Capital, SoftBank, Accel",
Company_402,$109B,03/19/15,E-commerce & direct-to-consumer,London,United States,Europe,1973.0,$285M,"Sequoia Capital, SoftBank, Accel",
Company_403,$116B,03/23/15,Mobile & telecommunications,Stockholm,China,North America,1999.0,$463M,"Sequoia Capital, SoftBank, Accel",
Company_404,$94B,03/27/15,Fintech,New York,France,Europe,1958.0,$706M,"Sequoia Capital, SoftBank, Accel",
Company_405,$47B,03/31/15,"Supply chain, logistics, & delivery",San Francisco,United States,North America,2001.0,$477M,"Sequoia Capital, SoftBank, Accel",
Company_406,$99B,04/04/15,Internet software & services,London,France,Europe,1933.0,$622M,"Sequoia Capital, SoftBank, Accel",
Company_407,$55B,04/07/15,Hardware,New York,Australia,North America,1991.0,$679M,"Sequoia Capital, SoftBank, Accel",
Company_408,$168B,04/11/15,"Supply chain, logistics, & delivery",Shenzhen,France,North America,1970.0,$821M,"Sequoia Capital, SoftBank, Accel",
Company_409,$52B,04/15/15,Internet software & services,Stockholm,Hong Kong,Asia,1992.0,$295M,"Sequoia Capital, SoftBank, Accel",
Company_410,$144B,04/19/15,Mobile & telecommunications,San Francisco,Sweden,Asia,2013.0,$197M,"Sequoia Capital, SoftBank, Accel",
Company_411,$13B,04/23/15,Mobile & telecommunications,London,Hong Kong,North America,1971.0,$704M,"Sequoia Capital, SoftBank, Accel",
Company_412,$114B,04/26/15,Hardware,New York,Canada,North America,2005.0,$121M,"Sequoia Capital, SoftBank, Accel",
Company_413,$124B,04/30/15,Artificial intelligence,New York,India,Europe,1970.0,$549M,"Sequoia Capital, SoftBank, Accel",
Company_414,$106B,05/04/15,Hardware,San Francisco,Bahamas,Europe,1948.0,$271M,"Sequoia Capital, SoftBank, Accel",
Company_415,$158B,05/08/15,E-commerce & direct-to-consumer,Paris,United Kingdom,Europe,1951.0,$482M,"Sequoia Capital, SoftBank, Accel",
Company_416,$147B,05/12/15,"Supply chain, logistics, & delivery",Shenzhen,Sweden,Europe,1975.0,$233M,"Sequoia Capital, SoftBank, Accel",
Company_417,$145B,05/16/15,Fintech,San Francisco,France,Europe,1970.0,$525M,"Sequoia Capital, SoftBank, Accel",
Company_418,$120B,05/19/15,Artificial intelligence,New York,Germany,Asia,1927.0,$124M,"Sequoia Capital, SoftBank, Accel",
Company_419,$63B,05/23/15,Hardware,Beijing,India,North America,1972.0,$602M,"Sequoia Capital, SoftBank, Accel",
Company_420,$19B,05/27/15,Internet software & services,London,Sweden,North America,1919.0,$284M,"Sequoia Capital, SoftBank, Accel",
Company_421,$92B,05/31/15,Artificial intelligence,San Francisco,United Kingdom,Asia,1962.0,$184M,"Sequoia Capital, SoftBank, Accel",
Company_422,$58B,06/04/15,"Supply chain, logistics, & delivery",Paris,Canada,Europe,2017.0,$666M,"Sequoia Capital, SoftBank, Accel",
Company_423,$90B,06/08/15,Artificial intelligence,New York,India,North America,1993.0,$862M,"Sequoia Capital, SoftBank, Accel",
Company_424,$117B,06/11/15,"Supply chain, logistics, & delivery",Shenzhen,United Kingdom,North America,2016.0,$243M,"Sequoia Capital, SoftBank, Accel",
Company_425,$62B,06/15/15,Hardware,New York,Australia,Asia,1998.0,$778M,"Sequoia Capital, SoftBank, Accel",
Company_426,$23B,06/19/15,"Supply chain, logistics, & delivery",Shenzhen,Australia,North America,1927.0,$511M,"Sequoia Capital, SoftBank, Accel",
Company_427,$127B,06/23/15,Artificial intelligence,San Francisco,Hong Kong,Europe,1950.0,$323M,"Sequoia Capital, SoftBank, Accel",
Company_428,$137B,06/27/15,Internet software & services,Shenzhen,Hong Kong,Europe,1933.0,$319M,"Sequoia Capital, SoftBank, Accel",
Company_429,$140B,07/01/15,Mobile & telecommunications,Stockholm,United Kingdom,Asia,1930.0,$278M,"Sequoia Capital, SoftBank, Accel",
Company_430,$129B,07/04/15,Artificial intelligence,Stockholm,Sweden,North America,2015.0,$730M,"Sequoia Capital, SoftBank, Accel",
Company_431,$58B,07/08/15,"Supply chain, logistics, & delivery",Stockholm,Hong Kong,Asia,1996.0,$532M,"Sequoia Capital, SoftBank, Accel",
Company_432,$122B,07/12/15,Mobile & telecommunications,Paris,India,Asia,1975.0,$364M,"Sequoia Capital, SoftBank, Accel",
Company_433,$1B,07/16/15,"Supply chain, logistics, & delivery",Paris,Sweden,Europe,1926.0,$528M,"Sequoia Capital, SoftBank, Accel",
Company_434,$34B,07/20/15,Internet software & services,Beijing,Hong Kong,Asia,1990.0,$761M,"Sequoia Capital, SoftBank, Accel",
Company_435,$96B,07/24/15,"Supply chain, logistics, & delivery",Paris,China,Europe,1945.0,$515M,"Sequoia Capital, SoftBank, Accel",
Company_436,$126B,07/27/15,Hardware,San Francisco,France,North America,1980.0,$552M,"Sequoia Capital, SoftBank, Accel",
Company_437,$118B,07/31/15,Fintech,New York,China,North America,1930.0,$826M,"Sequoia Capital, SoftBank, Accel",
Company_438,$48B,08/04/15,Artificial intelligence,New York,Singapore,Asia,1983.0,$296M,"Sequoia Capital, SoftBank, Accel",
Company_439,$89B,08/08/15,Fintech,Beijing,Australia,Europe,1960.0,$653M,"Sequoia Capital, SoftBank, Accel",
Company_440,$117B,08/12/15,"Supply chain, logistics, & delivery",Paris,Canada,Europe,1980.0,$152M,"Sequoia Capital, SoftBank, Accel",
Company_441,$129B,08/15/15,Internet software & services,Shenzhen,United States,Europe,1929.0,$579M,"Sequoia Capital, SoftBank, Accel",
Company_442,$16B,08/19/15,Artificial intelligence,Beijing,France,Asia,2021.0,$542M,"Sequoia Capital, SoftBank, Accel",
Company_443,$69B,08/23/15,"Supply chain, logistics, & delivery",Shenzhen,Australia,Asia,1961.0,$429M,"Sequoia Capital, SoftBank, Accel",
Company_444,$22B,08/27/15,Mobile & telecommunications,Shenzhen,Sweden,Europe,2013.0,$350M,"Sequoia Capital, SoftBank, Accel",
Company_445,$93B,08/31/15,E-commerce & direct-to-consumer,London,Sweden,North America,1935.0,$882M,"Sequoia Capital, SoftBank, Accel",
Company_446,$76B,09/04/15,"Supply chain, logistics, & delivery",New York,Sweden,North America,2015.0,$222M,"Sequoia Capital, SoftBank, Accel",
Company_447,$154B,09/07/15,Fintech,Stockholm,Canada,North America,1950.0,$486M,"Sequoia Capital, SoftBank, Accel",
Company_448,$144B,09/11/15,Artificial intelligence,Paris,China,Europe,2011.0,$438M,"Sequoia Capital, SoftBank, Accel",
Company_449,$179B,09/15/15,Fintech,Shenzhen,United States,Asia,2003.0,$877M,"Sequoia Capital, SoftBank, Accel",
Company_450,$86B,09/19/15,Artificial intelligence,London,Hong Kong,Europe,2003.0,$447M,"Sequoia Capital, SoftBank, Accel",
Company_451,$29B,09/23/15,"Supply chain, logistics, & delivery",New York,Sweden,North America,1958.0,$128M,"Sequoia Capital, SoftBank, Accel",
Company_452,$69B,09/27/15,Hardware,Stockholm,Bahamas,Europe,1941.0,$134M,"Sequoia Capital, SoftBank, Accel",
Company_453,$47B,09/30/15,Mobile & telecommunications,Shenzhen,Singapore,Asia,1974.0,$617M,"Sequoia Capital, SoftBank, Accel",
Company_454,$94B,10/04/15,"Supply chain, logistics, & delivery",Shenzhen,France,Europe,1924.0,$495M,"Sequoia Capital, SoftBank, Accel",
Company_455,$144B,10/08/15,Fintech,Beijing,India,Europe,2004.0,$722M,"Sequoia Capital, SoftBank, Accel",
Company_456,$176B,10/12/15,E-commerce & direct-to-consumer,Beijing,Hong Kong,Asia,1968.0,$393M,"Sequoia Capital, SoftBank, Accel",
Company_457,$85B,10/16/15,E-commerce & direct-to-consumer,New York,Bahamas,Asia,2020.0,$688M,"Sequoia Capital, SoftBank, Accel",
Company_458,$39B,10/20/15,Internet software & services,Stockholm,United States,Asia,1955.0,$448M,"Sequoia Capital, SoftBank, Accel",
Company_459,$100B,10/23/15,Artificial intelligence,Shenzhen,Canada,Asia,1982.0,$246M,"Sequoia Capital, SoftBank, Accel",
Company_460,$33B,10/27/15,Fintech,New York,United States,Asia,1972.0,$166M,"Sequoia Capital, SoftBank, Accel",
Company_461,$101B,10/31/15,Internet software & services,,India,North America,1990.0,$619M,"Sequoia Capital, SoftBank, Accel",
Company_462,$23B,11/04/15,Fintech,San Francisco,France,North America,1967.0,$221M,"Sequoia Capital, SoftBank, Accel",
Company_463,$10B,11/08/15,Artificial intelligence,Paris,India,Europe,2017.0,$439M,"Sequoia Capital, SoftBank, Accel",
Company_464,$69B,11/12/15,"Supply chain, logistics, & delivery",Beijing,United Kingdom,Europe,1929.0,$274M,"Sequoia Capital, SoftBank, Accel",
Company_465,$100B,11/15/15,"Supply chain, logistics, & delivery",Stockholm,France,Asia,2006.0,$790M,"Sequoia Capital, SoftBank, Accel",
Company_466,$34B,11/19/15,E-commerce & direct-to-consumer,Shenzhen,United States,Europe,1967.0,$696M,"Sequoia Capital, SoftBank, Accel",
Company_467,$138B,11/23/15,"Supply chain, logistics, & delivery",New York,Sweden,Asia,1939.0,$550M,"Sequoia Capital, SoftBank, Accel",
Company_468,$147B,11/27/15,"Supply chain, logistics, & delivery",Shenzhen,United States,Europe,1984.0,$656M,"Sequoia Capital, SoftBank, Accel",
Company_469,$96B,12/01/15,Hardware,San Francisco,United States,Europe,1981.0,$235M,"Sequoia Capital, SoftBank, Accel",
Company_470,$1B,12/04/15,E-commerce & direct-to-consumer,Stockholm,France,Asia,2001.0,$115M,"Sequoia Capital, SoftBank, Accel",
Company_471,$69B,12/08/15,Internet software & services,New York,Singapore,North America,2021.0,$432M,"Sequoia Capital, SoftBank, Accel",
Company_472,$4B,12/12/15,Mobile & telecommunications,Shenzhen,United Kingdom,Europe,1946.0,$294M,"Sequoia Capital, SoftBank, Accel",
Company_473,$16B,12/16/15,Hardware,Beijing,Hong Kong,Europe,1935.0,$595M,"Sequoia Capital, SoftBank, Accel",
Company_474,$24B,12/20/15,Internet software & services,Paris,United States,Europe,1924.0,$108M,"Sequoia Capital, SoftBank, Accel",
Company_475,$80B,12/24/15,Artificial intelligence,San Francisco,Bahamas,Europe,1937.0,$433M,"Sequoia Capital, SoftBank, Accel",
Company_476,$2B,12/27/15,Hardware,Stockholm,Australia,Europe,1974.0,$432M,"Sequoia Capital, SoftBank, Accel",
Company_477,$128B,12/31/15,Internet software & services,San Francisco,Germany,Asia,2020.0,$426M,"Sequoia Capital, SoftBank, Accel",
Company_478,$160B,01/04/16,Artificial intelligence,Beijing,Germany,Asia,1946.0,$114M,"Sequoia Capital, SoftBank, Accel",
Company_479,$84B,01/08/16,E-commerce & direct-to-consumer,Stockholm,United States,Europe,1984.0,$713M,"Sequoia Capital, SoftBank, Accel",
Company_480,$152B,01/12/16,Mobile & telecommunications,San Francisco,Bahamas,Asia,1956.0,$325M,"Sequoia Capital, SoftBank, Accel",
Company_481,$140B,01/16/16,Artificial intelligence,London,Singapore,Asia,1955.0,$524M,"Sequoia Capital, SoftBank, Accel",
Company_482,$178B,01/19/16,"Supply chain, logistics, & delivery",Beijing,Sweden,Asia,1986.0,$889M,"Sequoia Capital, SoftBank, Accel",
Company_483,$163B,01/23/16,Fintech,Beijing,Canada,Europe,2004.0,$507M,"Sequoia Capital, SoftBank, Accel",
Company_484,$124B,01/27/16,Artificial intelligence,Beijing,Canada,Europe,2008.0,$212M,"Sequoia Capital, SoftBank, Accel",
Company_485,$33B,01/31/16,Artificial intelligence,London,France,Asia,1967.0,$527M,"Sequoia Capital, SoftBank, Accel",
Company_486,$161B,02/04/16,Mobile & telecommunications,London,Germany,North America,1961.0,$100M,"Sequoia Capital, SoftBank, Accel",
Company_487,$179B,02/08/16,Fintech,Shenzhen,United States,North America,1954.0,$365M,"Sequoia Capital, SoftBank, Accel",
Company_488,$171B,02/11/16,"Supply chain, logistics, & delivery",New York,Canada,Asia,1976.0,$590M,"Sequoia Capital, SoftBank, Accel",
Company_489,$101B,02/15/16,Internet software & services,Paris,United States,Europe,1931.0,$307M,"Sequoia Capital, SoftBank, Accel",
Company_490,$12B,02/19/16,Internet software & services,San Francisco,France,Asia,1970.0,$721M,"Sequoia Capital, SoftBank, Accel",
Company_491,$67B,02/23/16,Artificial intelligence,Shenzhen,Germany,Europe,1976.0,$811M,"Sequoia Capital, SoftBank, Accel",
Company_492,$65B,02/27/16,Fintech,San Francisco,India,Asia,1950.0,$468M,"Sequoia Capital, SoftBank, Accel",
Company_493,$161B,03/02/16,Fintech,Paris,Singapore,Asia,1999.0,$405M,"Sequoia Capital, SoftBank, Accel",
Company_494,$168B,03/05/16,"Supply chain, logistics, & delivery",New York,Australia,North America,2018.0,$111M,"Sequoia Capital, SoftBank, Accel",
Company_495,$74B,03/09/16,Mobile & telecommunications,London,Australia,Europe,1978.0,$444M,"Sequoia Capital, SoftBank, Accel",
Company_496,$43B,03/13/16,E-commerce & direct-to-consumer,New York,Canada,North America,2001.0,$564M,"Sequoia Capital, SoftBank, Accel",
Company_497,$44B,03/17/16,Internet software & services,London,Australia,Europe,1976.0,$799M,"Sequoia Capital, SoftBank, Accel",
Company_498,$29B,03/21/16,Mobile & telecommunications,Paris,Singapore,North America,2017.0,$765M,"Sequoia Capital, SoftBank, Accel",
Company_499,$141B,03/24/16,Hardware,New York,India,Asia,1974.0,$593M,"Sequoia Capital, SoftBank, Accel",
Company_500,$12B,03/28/16,Internet software & services,Shenzhen,Singapore,Europe,1946.0,$467M,"Sequoia Capital, SoftBank, Accel",
Company_501,$95B,04/01/16,Mobile & telecommunications,Stockholm,United States,Europe,1919.0,$519M,"Sequoia Capital, SoftBank, Accel",
Company_502,$46B,04/05/16,Internet software & services,Shenzhen,France,Europe,1960.0,$890M,"Sequoia Capital, SoftBank, Accel",
Company_503,$130B,04/09/16,E-commerce & direct-to-consumer,San Francisco,Hong Kong,Asia,2000.0,$270M,"Sequoia Capital, SoftBank, Accel",
Company_504,$35B,04/13/16,Hardware,Shenzhen,India,North America,1966.0,$233M,"Sequoia Capital, SoftBank, Accel",
Company_505,$81B,04/16/16,E-commerce & direct-to-consumer,Paris,Hong Kong,Asia,1958.0,$526M,"Sequoia Capital, SoftBank, Accel",
Company_506,$90B,04/20/16,"Supply chain, logistics, & delivery",Beijing,France,North America,2015.0,$124M,"Sequoia Capital, SoftBank, Accel",
Company_507,$8B,04/24/16,Hardware,San Francisco,France,Asia,1981.0,$629M,"Sequoia Capital, SoftBank, Accel",
Company_508,$93B,04/28/16,Artificial intelligence,New York,Germany,Europe,1994.0,$289M,"Sequoia Capital, SoftBank, Accel",
Company_509,$154B,05/02/16,Mobile & telecommunications,San Francisco,Hong Kong,Europe,1990.0,$240M,"Sequoia Capital, SoftBank, Accel",
Company_510,$90B,05/06/16,Hardware,Stockholm,United States,Asia,2006.0,$654M,"Sequoia Capital, SoftBank, Accel",
Company_511,$162B,05/09/16,"Supply chain, logistics, & delivery",London,Bahamas,Asia,1998.0,$895M,"Sequoia Capital, SoftBank, Accel",
Company_512,$115B,05/13/16,"Supply chain, logistics, & delivery",,Australia,Europe,1922.0,$757M,"Sequoia Capital, SoftBank, Accel",
Company_513,$105B,05/17/16,E-commerce & direct-to-consumer,San Francisco,Hong Kong,Europe,1956.0,$414M,"Sequoia Capital, SoftBank, Accel",
Company_514,$135B,05/21/16,Internet software & services,New York,Bahamas,North America,1945.0,$543M,"Sequoia Capital, SoftBank, Accel",
Company_515,$58B,05/25/16,Hardware,New York,Germany,Europe,1927.0,$418M,"Sequoia Capital, SoftBank, Accel",
Company_516,$114B,05/29/16,Mobile & telecommunications,New York,France,Europe,1934.0,$540M,"Sequoia Capital, SoftBank, Accel",
Company_517,$75B,06/01/16,Hardware,London,Canada,Europe,1974.0,$191M,"Sequoia Capital, SoftBank, Accel",
Company_518,$157B,06/05/16,Fintech,Paris,Singapore,Europe,1994.0,$278M,"Sequoia Capital, SoftBank, Accel",
Company_519,$120B,06/09/16,Internet software & services,Shenzhen,Australia,Europe,1949.0,$155M,"Sequoia Capital, SoftBank, Accel",
Company_520,$164B,06/13/16,Mobile & telecommunications,New York,Australia,Asia,2006.0,$254M,"Sequoia Capital, SoftBank, Accel",
Company_521,$21B,06/17/16,Mobile & telecommunications,Beijing,United States,Europe,1932.0,$771M,"Sequoia Capital, SoftBank, Accel",
Company_522,$164B,06/21/16,Artificial intelligence,Paris,United Kingdom,Europe,1943.0,$210M,"Sequoia Capital, SoftBank, Accel",
Company_523,$138B,06/24/16,E-commerce & direct-to-consumer,Stockholm,China,Europe,1952.0,$236M,"Sequoia Capital, SoftBank, Accel",
Company_524,$101B,06/28/16,Artificial intelligence,London,China,Europe,1985.0,$331M,"Sequoia Capital, SoftBank, Accel",
Company_525,$152B,07/02/16,Mobile & telecommunications,San Francisco,China,Asia,1942.0,$567M,"Sequoia Capital, SoftBank, Accel",
Company_526,$177B,07/06/16,Internet software & services,London,United Kingdom,North America,1991.0,$831M,"Sequoia Capital, SoftBank, Accel",
Company_527,$99B,07/10/16,Hardware,San Francisco,United States,North America,1944.0,$580M,"Sequoia Capital, SoftBank, Accel",
Company_528,$36B,07/13/16,Hardware,London,United Kingdom,North America,1938.0,$167M,"Sequoia Capital, SoftBank, Accel",
Company_529,$96B,07/17/16,Internet software & services,San Francisco,China,Europe,1982.0,$348M,"Sequoia Capital, SoftBank, Accel",
Company_530,$152B,07/21/16,Mobile & telecommunications,New York,Germany,North America,1928.0,$422M,"Sequoia Capital, SoftBank, Accel",
Company_531,$151B,07/25/16,"Supply chain, logistics, & delivery",Shenzhen,India,North America,2001.0,$617M,"Sequoia Capital, SoftBank, Accel",
Company_532,$37B,07/29/16,Hardware,,Hong Kong,North America,1985.0,$891M,"Sequoia Capital, SoftBank, Accel",
Company_533,$12B,08/02/16,"Supply chain, logistics, & delivery",San Francisco,France,Asia,1942.0,$531M,"Sequoia Capital, SoftBank, Accel",
Company_534,$113B,08/05/16,Hardware,Beijing,United Kingdom,Europe,1923.0,$586M,"Sequoia Capital, SoftBank, Accel",
Company_535,$13B,08/09/16,Hardware,San Francisco,United States,North America,1985.0,$705M,"Sequoia Capital, SoftBank, Accel",
Company_536,$23B,08/13/16,E-commerce & direct-to-consumer,Beijing,United States,Europe,1976.0,$528M,"Sequoia Capital, SoftBank, Accel",
Company_537,$99B,08/17/16,E-commerce & direct-to-consumer,Stockholm,Hong Kong,Asia,1945.0,$368M,"Sequoia Capital, SoftBank, Accel",
Company_538,$105B,08/21/16,Fintech,New York,Bahamas,North America,1998.0,$808M,"Sequoia Capital, SoftBank, Accel",
Company_539,$30B,08/25/16,Artificial intelligence,Beijing,India,Europe,1933.0,$636M,"Sequoia Capital, SoftBank, Accel",
Company_540,$17B,08/28/16,Internet software & services,Shenzhen,Canada,Asia,1953.0,$247M,"Sequoia Capital, SoftBank, Accel",
Company_541,$113B,09/01/16,Internet software & services,Paris,Australia,North America,1994.0,$217M,"Sequoia Capital, SoftBank, Accel",
Company_542,$62B,09/05/16,Internet software & services,New York,China,Europe,1971.0,$466M,"Sequoia Capital, SoftBank, Accel",
Company_543,$84B,09/09/16,Fintech,Beijing,Canada,North America,1962.0,$165M,"Sequoia Capital, SoftBank, Accel",
Company_544,$112B,09/13/16,E-commerce & direct-to-consumer,New York,Bahamas,North America,1944.0,$469M,"Sequoia Capital, SoftBank, Accel",
Company_545,$86B,09/17/16,Mobile & telecommunications,New York,China,Asia,1965.0,$274M,"Sequoia Capital, SoftBank, Accel",
Company_546,$141B,09/20/16,"Supply chain, logistics, & delivery",New York,India,North America,1952.0,$687M,"Sequoia Capital, SoftBank, Accel",
Company_547,$19B,09/24/16,"Supply chain, logistics, & delivery",Stockholm,Singapore,Asia,2005.0,$594M,"Sequoia Capital, SoftBank, Accel",
Company_548,$177B,09/28/16,Mobile & telecommunications,Shenzhen,Bahamas,Europe,2013.0,$213M,"Sequoia Capital, SoftBank, Accel",
Company_549,$100B,10/02/16,Fintech,London,China,Asia,1968.0,$210M,"Sequoia Capital, SoftBank, Accel",
Company_550,$140B,10/06/16,Mobile & telecommunications,London,India,Asia,2002.0,$860M,"Sequoia Capital, SoftBank, Accel",
Company_551,$147B,10/10/16,Internet software & services,Beijing,Sweden,North America,1930.0,$538M,"Sequoia Capital, SoftBank, Accel",
Company_552,$76B,10/13/16,Artificial intelligence,New York,Canada,Asia,2005.0,$814M,"Sequoia Capital, SoftBank, Accel",
Company_553,$9B,10/17/16,Hardware,Beijing,Canada,North America,1922.0,$246M,"Sequoia Capital, SoftBank, Accel",
Company_554,$28B,10/21/16,"Supply chain, logistics, & delivery",Stockholm,Australia,Asia,2005.0,$134M,"Sequoia Capital, SoftBank, Accel",
Company_555,$128B,10/25/16,E-commerce & direct-to-consumer,Stockholm,Hong Kong,Asia,1966.0,$408M,"Sequoia Capital, SoftBank, Accel",
Company_556,$52B,10/29/16,E-commerce & direct-to-consumer,San Francisco,India,Asia,1973.0,$637M,"Sequoia Capital, SoftBank, Accel",
Company_557,$83B,11/01/16,Fintech,Stockholm,United Kingdom,Europe,1919.0,$849M,"Sequoia Capital, SoftBank, Accel",
Company_558,$111B,11/05/16,E-commerce & direct-to-consumer,San Francisco,Sweden,North America,2007.0,$113M,"Sequoia Capital, SoftBank, Accel",
Company_559,$144B,11/09/16,Internet software & services,Shenzhen,Singapore,Europe,1984.0,$473M,"Sequoia Capital, SoftBank, Accel",
Company_560,$117B,11/13/16,"Supply chain, logistics, & delivery",Beijing,Germany,Europe,1948.0,$656M,"Sequoia Capital, SoftBank, Accel",
Company_561,$69B,11/17/16,Mobile & telecommunications,Paris,China,North America,1921.0,$527M,"Sequoia Capital, SoftBank, Accel",
Company_562,$99B,11/21/16,Internet software & services,Shenzhen,Sweden,Asia,1939.0,$827M,"Sequoia Capital, SoftBank, Accel",
Company_563,$140B,11/24/16,Fintech,Stockholm,India,Europe,2007.0,$332M,"Sequoia Capital, SoftBank, Accel",
Company_564,$25B,11/28/16,Internet software & services,Shenzhen,France,Europe,2002.0,$804M,"Sequoia Capital, SoftBank, Accel",
Company_565,$123B,12/02/16,Mobile & telecommunications,Shenzhen,China,Asia,1967.0,$662M,"Sequoia Capital, SoftBank, Accel",
Company_566,$53B,12/06/16,Artificial intelligence,Shenzhen,United States,Europe,2004.0,$825M,"Sequoia Capital, SoftBank, Accel",
Company_567,$151B,12/10/16,Fintech,Stockholm,Canada,Europe,2003.0,$762M,"Sequoia Capital, SoftBank, Accel",
Company_568,$144B,12/14/16,Artificial intelligence,Paris,Hong Kong,Asia,1980.0,$539M,"Sequoia Capital, SoftBank, Accel",
Company_569,$57B,12/17/16,Hardware,New York,India,North America,2015.0,$601M,"Sequoia Capital, SoftBank, Accel",
Company_570,$39B,12/21/16,Artificial intelligence,Shenzhen,Singapore,Europe,1956.0,$374M,"Sequoia Capital, SoftBank, Accel",
Company_571,$109B,12/25/16,Hardware,San Francisco,United States,Europe,1933.0,$175M,"Sequoia Capital, SoftBank, Accel",
Company_572,$42B,12/29/16,Hardware,Stockholm,Australia,Asia,1970.0,$538M,"Sequoia Capital, SoftBank, Accel",
Company_573,$167B,01/02/17,Artificial intelligence,Shenzhen,Bahamas,Asia,1997.0,$831M,"Sequoia Capital, SoftBank, Accel",
Company_574,$142B,01/06/17,Fintech,Paris,Germany,Europe,1964.0,$798M,"Sequoia Capital, SoftBank, Accel",
Company_575,$122B,01/09/17,Mobile & telecommunications,New York,Germany,Asia,1943.0,$388M,"Sequoia Capital, SoftBank, Accel",
Company_576,$133B,01/13/17,Internet software & services,Stockholm,United States,Asia,1939.0,$639M,"Sequoia Capital, SoftBank, Accel",
Company_577,$163B,01/17/17,Internet software & services,London,Canada,Europe,2006.0,$791M,"Sequoia Capital, SoftBank, Accel",
Company_578,$75B,01/21/17,Mobile & telecommunications,New York,Australia,Asia,1923.0,$352M,"Sequoia Capital, SoftBank, Accel",
Company_579,$146B,01/25/17,"Supply chain, logistics, & delivery",San Francisco,France,Europe,1988.0,$225M,"Sequoia Capital, SoftBank, Accel",
Company_580,$76B,01/29/17,"Supply chain, logistics, & delivery",Shenzhen,Canada,Asia,1965.0,$276M,"Sequoia Capital, SoftBank, Accel",
Company_581,$9B,02/01/17,Hardware,Paris,Sweden,Europe,2005.0,$136M,"Sequoia Capital, SoftBank, Accel",
Company_582,$74B,02/05/17,Hardware,London,Hong Kong,Asia,1986.0,$509M,"Sequoia Capital, SoftBank, Accel",
Company_583,$145B,02/09/17,Fintech,Paris,Germany,North America,2009.0,$710M,"Sequoia Capital, SoftBank, Accel",
Company_584,$7B,02/13/17,E-commerce & direct-to-consumer,London,Sweden,North America,1936.0,$709M,"Sequoia Capital, SoftBank, Accel",
Company_585,$174B,02/17/17,Artificial intelligence,Stockholm,Singapore,North America,1939.0,$226M,"Sequoia Capital, SoftBank, Accel",
Company_586,$141B,02/20/17,Hardware,London,China,Europe,2010.0,$582M,"Sequoia Capital, SoftBank, Accel",
Company_587,$168B,02/24/17,Internet software & services,San Francisco,United Kingdom,North America,2017.0,$267M,"Sequoia Capital, SoftBank, Accel",
Company_588,$170B,02/28/17,Fintech,San Francisco,India,Asia,2004.0,$691M,"Sequoia Capital, SoftBank, Accel",
Company_589,$137B,03/04/17,Artificial intelligence,Beijing,Australia,Europe,1941.0,$393M,"Sequoia Capital, SoftBank, Accel",
Company_590,$178B,03/08/17,Fintech,San Francisco,Canada,Asia,1982.0,$737M,"Sequoia Capital, SoftBank, Accel",
Company_591,$27B,03/12/17,Artificial intelligence,New York,Germany,Asia,1985.0,$442M,"Sequoia Capital, SoftBank, Accel",
Company_592,$122B,03/15/17,Artificial intelligence,London,Sweden,Asia,1958.0,$409M,"Sequoia Capital, SoftBank, Accel",
Company_593,$5B,03/19/17,Mobile & telecommunications,San Francisco,Bahamas,Europe,1928.0,$761M,"Sequoia Capital, SoftBank, Accel",
Company_594,$29B,03/23/17,Hardware,Stockholm,Hong Kong,North America,2007.0,$627M,"Sequoia Capital, SoftBank, Accel",
Company_595,$165B,03/27/17,Fintech,Paris,Hong Kong,Asia,1970.0,$639M,"Sequoia Capital, SoftBank, Accel",
Company_596,$166B,03/31/17,Fintech,,China,North America,1990.0,$518M,"Sequoia Capital, SoftBank, Accel",
Company_597,$83B,04/04/17,Mobile & telecommunications,Beijing,India,North America,1993.0,$543M,"Sequoia Capital, SoftBank, Accel",
Company_598,$136B,04/07/17,Internet software & services,Paris,India,North America,1979.0,$784M,"Sequoia Capital, SoftBank, Accel",
Company_599,$109B,04/11/17,Internet software & services,London,Hong Kong,Europe,1982.0,$657M,"Sequoia Capital, SoftBank, Accel",
Company_600,$65B,04/15/17,"Supply chain, logistics, & delivery",Beijing,Hong Kong,Asia,1923.0,$335M,"Sequoia Capital, SoftBank, Accel",
Company_601,$86B,04/19/17,Hardware,London,Canada,Europe,1971.0,$538M,"Sequoia Capital, SoftBank, Accel",
Company_602,$145B,04/23/17,Hardware,Stockholm,Australia,Asia,1973.0,$313M,"Sequoia Capital, SoftBank, Accel",
Company_603,$71B,04/27/17,E-commerce & direct-to-consumer,Beijing,France,Europe,1955.0,$184M,"Sequoia Capital, SoftBank, Accel",
Company_604,$45B,04/30/17,Mobile & telecommunications,Shenzhen,Singapore,Asia,1974.0,$893M,"Sequoia Capital, SoftBank, Accel",
Company_605,$132B,05/04/17,Internet software & services,New York,Bahamas,Europe,1977.0,$843M,"Sequoia Capital, SoftBank, Accel",
Company_606,$36B,05/08/17,Artificial intelligence,New York,Singapore,Europe,2020.0,$184M,"Sequoia Capital, SoftBank, Accel",
Company_607,$70B,05/12/17,Fintech,London,Canada,Europe,2011.0,$588M,"Sequoia Capital, SoftBank, Accel",
Company_608,$159B,05/16/17,Hardware,Paris,Sweden,Asia,1987.0,$164M,"Sequoia Capital, SoftBank, Accel",
Company_609,$19B,05/20/17,Fintech,Shenzhen,United Kingdom,North America,1991.0,$745M,"Sequoia Capital, SoftBank, Accel",
Company_610,$108B,05/23/17,Fintech,Beijing,Hong Kong,Asia,1977.0,$762M,"Sequoia Capital, SoftBank, Accel",
Company_611,$167B,05/27/17,E-commerce & direct-to-consumer,Shenzhen,United States,North America,1920.0,$726M,"Sequoia Capital, SoftBank, Accel",
Company_612,$91B,05/31/17,Internet software & services,Shenzhen,France,North America,1983.0,$163M,"Sequoia Capital, SoftBank, Accel",
Company_613,$90B,06/04/17,Hardware,Paris,Australia,Europe,1978.0,$442M,"Sequoia Capital, SoftBank, Accel",
Company_614,$19B,06/08/17,Fintech,Beijing,China,Europe,1969.0,$451M,"Sequoia Capital, SoftBank, Accel",
Company_615,$39B,06/11/17,Hardware,Stockholm,France,North America,1948.0,$257M,"Sequoia Capital, SoftBank, Accel",
Company_616,$126B,06/15/17,Artificial intelligence,Paris,Hong Kong,North America,1929.0,$688M,"Sequoia Capital, SoftBank, Accel",
Company_617,$173B,06/19/17,E-commerce & direct-to-consumer,Shenzhen,Germany,Europe,2010.0,$590M,"Sequoia Capital, SoftBank, Accel",
Company_618,$141B,06/23/17,Artificial intelligence,Shenzhen,Australia,Asia,1994.0,$757M,"Sequoia Capital, SoftBank, Accel",
Company_619,$126B,06/27/17,Hardware,Stockholm,United Kingdom,North America,1957.0,$562M,"Sequoia Capital, SoftBank, Accel",
Company_620,$58B,07/01/17,"Supply chain, logistics, & delivery",Shenzhen,Germany,North America,2008.0,$324M,"Sequoia Capital, SoftBank, Accel",
Company_621,$148B,07/04/17,Hardware,Shenzhen,France,Europe,1995.0,$412M,"Sequoia Capital, SoftBank, Accel",
Company_622,$61B,07/08/17,Internet software & services,Shenzhen,United States,North America,1990.0,$714M,"Sequoia Capital, SoftBank, Accel",
Company_623,$127B,07/12/17,Fintech,New York,United States,North America,1981.0,$565M,"Sequoia Capital, SoftBank, Accel",
Company_624,$105B,07/16/17,Fintech,Paris,United Kingdom,Europe,1982.0,$187M,"Sequoia Capital, SoftBank, Accel",
Company_625,$167B,07/20/17,Artificial intelligence,San Francisco,India,Europe,1979.0,$402M,"Sequoia Capital, SoftBank, Accel",
Company_626,$1B,07/24/17,E-commerce & direct-to-consumer,Paris,Bahamas,North America,1972.0,$779M,"Sequoia Capital, SoftBank, Accel",
Company_627,$131B,07/27/17,"Supply chain, logistics, & delivery",Stockholm,Hong Kong,North America,2010.0,$534M,"Sequoia Capital, SoftBank, Accel",
Company_628,$92B,07/31/17,Mobile & telecommunications,Shenzhen,China,Asia,2012.0,$781M,"Sequoia Capital, SoftBank, Accel",
Company_629,$113B,08/04/17,Fintech,Paris,Hong Kong,Asia,1991.0,$234M,"Sequoia Capital, SoftBank, Accel",
Company_630,$153B,08/08/17,Internet software & services,New York,India,Europe,2021.0,$149M,"Sequoia Capital, SoftBank, Accel",
Company_631,$56B,08/12/17,Artificial intelligence,Stockholm,Singapore,Asia,2013.0,$531M,"Sequoia Capital, SoftBank, Accel",
Company_632,$161B,08/16/17,Artificial intelligence,London,Singapore,Asia,1976.0,$439M,"Sequoia Capital, SoftBank, Accel",
Company_633,$166B,08/19/17,Mobile & telecommunications,Paris,Singapore,Europe,2003.0,$446M,"Sequoia Capital, SoftBank, Accel",
Company_634,$117B,08/23/17,Internet software & services,London,United States,Asia,1974.0,$745M,"Sequoia Capital, SoftBank, Accel",
Company_635,$134B,08/27/17,E-commerce & direct-to-consumer,Shenzhen,United States,Europe,1952.0,$446M,"Sequoia Capital, SoftBank, Accel",
Company_636,$58B,08/31/17,Internet software & services,New York,Sweden,North America,1949.0,$748M,"Sequoia Capital, SoftBank, Accel",
Company_637,$44B,09/04/17,E-commerce & direct-to-consumer,,Germany,Asia,1970.0,$344M,"Sequoia Capital, SoftBank, Accel",
Company_638,$173B,09/08/17,Internet software & services,Paris,France,Europe,2007.0,$208M,"Sequoia Capital, SoftBank, Accel",
Company_639,$160B,09/11/17,Internet software & services,Stockholm,China,Asia,1994.0,$898M,"Sequoia Capital, SoftBank, Accel",
Company_640,$173B,09/15/17,Hardware,Stockholm,United Kingdom,North America,1919.0,$632M,"Sequoia Capital, SoftBank, Accel",
Company_641,$61B,09/19/17,Artificial intelligence,New York,France,Asia,1973.0,$189M,"Sequoia Capital, SoftBank, Accel",
Company_642,$47B,09/23/17,Internet software & services,Stockholm,Hong Kong,North America,1940.0,$395M,"Sequoia Capital, SoftBank, Accel",
Company_643,$149B,09/27/17,Mobile & telecommunications,New York,Sweden,Asia,1958.0,$211M,"Sequoia Capital, SoftBank, Accel",
Company_644,$80B,09/30/17,Internet software & services,Paris,United States,Europe,2019.0,$688M,"Sequoia Capital, SoftBank, Accel",
Company_645,$118B,10/04/17,Fintech,San Francisco,United Kingdom,Asia,1919.0,$276M,"Sequoia Capital, SoftBank, Accel",
Company_646,$164B,10/08/17,Artificial intelligence,New York,United States,North America,1983.0,$442M,"Sequoia Capital, SoftBank, Accel",
Company_647,$147B,10/12/17,Fintech,London,China,Asia,1981.0,$759M,"Sequoia Capital, SoftBank, Accel",
Company_648,$20B,10/16/17,Artificial intelligence,Stockholm,Germany,North America,1972.0,$200M,"Sequoia Capital, SoftBank, Accel",
Company_649,$146B,10/20/17,Fintech,New York,France,North America,1960.0,$857M,"Sequoia Capital, SoftBank, Accel",
Company_650,$47B,10/23/17,Internet software & services,New York,France,North America,1939.0,$728M,"Sequoia Capital, SoftBank, Accel",
Company_651,$49B,10/27/17,Internet software & services,Paris,Singapore,Asia,1997.0,$703M,"Sequoia Capital, SoftBank, Accel",
Company_652,$14B,10/31/17,Hardware,Stockholm,India,Europe,1999.0,$500M,"Sequoia Capital, SoftBank, Accel",
Company_653,$143B,11/04/17,Mobile & telecommunications,San Francisco,Singapore,Europe,1940.0,$127M,"Sequoia Capital, SoftBank, Accel",
Company_654,$159B,11/08/17,Fintech,Paris,United Kingdom,Europe,1956.0,$636M,"Sequoia Capital, SoftBank, Accel",
Company_655,$1B,11/12/17,E-commerce & direct-to-consumer,San Francisco,Bahamas,North America,2017.0,$157M,"Sequoia Capital, SoftBank, Accel",
Company_656,$117B,11/15/17,Hardware,Paris,Singapore,Europe,1998.0,$597M,"Sequoia Capital, SoftBank, Accel",
Company_657,$54B,11/19/17,Fintech,Stockholm,Sweden,Europe,1926.0,$396M,"Sequoia Capital, SoftBank, Accel",
Company_658,$118B,11/23/17,Fintech,Beijing,Singapore,Europe,1980.0,$233M,"Sequoia Capital, SoftBank, Accel",
Company_659,$3B,11/27/17,Hardware,Stockholm,Singapore,North America,1965.0,$430M,"Sequoia Capital, SoftBank, Accel",
Company_660,$144B,12/01/17,Internet software & services,Stockholm,Bahamas,North America,1935.0,$348M,"Sequoia Capital, SoftBank, Accel",
Company_661,$12B,12/05/17,Fintech,San Francisco,India,Europe,1935.0,$649M,"Sequoia Capital, SoftBank, Accel",
Company_662,$74B,12/08/17,Internet software & services,San Francisco,China,Asia,2008.0,$174M,"Sequoia Capital, SoftBank, Accel",
Company_663,$16B,12/12/17,Hardware,Stockholm,Sweden,Asia,1931.0,$753M,"Sequoia Capital, SoftBank, Accel",
Company_664,$102B,12/16/17,Internet software & services,Stockholm,Singapore,Europe,1935.0,$267M,"Sequoia Capital, SoftBank, Accel",
Company_665,$152B,12/20/17,Artificial intelligence,Stockholm,Germany,Asia,1956.0,$870M,"Sequoia Capital, SoftBank, Accel",
Company_666,$156B,12/24/17,E-commerce & direct-to-consumer,San Francisco,Bahamas,Asia,1999.0,$602M,"Sequoia Capital, SoftBank, Accel",
Company_667,$117B,12/28/17,"Supply chain, logistics, & delivery",Stockholm,Germany,Asia,1996.0,$454M,"Sequoia Capital, SoftBank, Accel",
Company_668,$8B,12/31/17,Fintech,Stockholm,Bahamas,North America,1963.0,$324M,"Sequoia Capital, SoftBank, Accel",
Company_669,$122B,01/04/18,Mobile & telecommunications,Shenzhen,Germany,North America,1924.0,$763M,"Sequoia Capital, SoftBank, Accel",
Company_670,$92B,01/08/18,E-commerce & direct-to-consumer,Beijing,Bahamas,Asia,1953.0,$630M,"Sequoia Capital, SoftBank, Accel",
Company_671,$164B,01/12/18,"Supply chain, logistics, & delivery",London,Hong Kong,Asia,1932.0,$245M,"Sequoia Capital, SoftBank, Accel",
Company_672,$90B,01/16/18,Internet software & services,Beijing,Germany,Europe,1990.0,$340M,"Sequoia Capital, SoftBank, Accel",
Company_673,$136B,01/19/18,Fintech,Shenzhen,India,North America,1979.0,$443M,"Sequoia Capital, SoftBank, Accel",
Company_674,$60B,01/23/18,Internet software & services,London,Australia,Asia,1933.0,$848M,"Sequoia Capital, SoftBank, Accel",
Company_675,$178B,01/27/18,Artificial intelligence,Paris,Sweden,Europe,1972.0,$134M,"Sequoia Capital, SoftBank, Accel",
Company_676,$28B,01/31/18,Hardware,Stockholm,United Kingdom,Asia,1945.0,$801M,"Sequoia Capital, SoftBank, Accel",
Company_677,$101B,02/04/18,Fintech,Shenzhen,China,Europe,1931.0,$100M,"Sequoia Capital, SoftBank, Accel",
Company_678,$41B,02/08/18,"Supply chain, logistics, & delivery",Paris,Hong Kong,Asia,1949.0,$252M,"Sequoia Capital, SoftBank, Accel",
Company_679,$155B,02/11/18,"Supply chain, logistics, & delivery",Stockholm,Canada,Europe,1953.0,$528M,"Sequoia Capital, SoftBank, Accel",
Company_680,$145B,02/15/18,Artificial intelligence,San Francisco,United States,Asia,1978.0,$607M,"Sequoia Capital, SoftBank, Accel",
Company_681,$161B,02/19/18,Artificial intelligence,New York,Singapore,North America,1924.0,$225M,"Sequoia Capital, SoftBank, Accel",
Company_682,$157B,02/23/18,Fintech,Shenzhen,United Kingdom,Europe,1987.0,$590M,"Sequoia Capital, SoftBank, Accel",
Company_683,$141B,02/27/18,Internet software & services,San Francisco,United States,North America,2004.0,$581M,"Sequoia Capital, SoftBank, Accel",
Company_684,$46B,03/03/18,Mobile & telecommunications,Shenzhen,Sweden,Europe,1976.0,$444M,"Sequoia Capital, SoftBank, Accel",
Company_685,$35B,03/06/18,"Supply chain, logistics, & delivery",Shenzhen,United Kingdom,Europe,1967.0,$837M,"Sequoia Capital, SoftBank, Accel",
Company_686,$134B,03/10/18,"Supply chain, logistics, & delivery",San Francisco,Germany,Asia,1941.0,$320M,"Sequoia Capital, SoftBank, Accel",
Company_687,$82B,03/14/18,Artificial intelligence,London,Germany,Europe,2007.0,$822M,"Sequoia Capital, SoftBank, Accel",
Company_688,$115B,03/18/18,E-commerce & direct-to-consumer,Beijing,Canada,Asia,1952.0,$124M,"Sequoia Capital, SoftBank, Accel",
Company_689,$47B,03/22/18,Artificial intelligence,Stockholm,United States,North America,1944.0,$627M,"Sequoia Capital, SoftBank, Accel",
Company_690,$153B,03/26/18,Mobile & telecommunications,Shenzhen,China,North America,1965.0,$281M,"Sequoia Capital, SoftBank, Accel",
Company_691,$10B,03/29/18,Internet software & services,Stockholm,Sweden,North America,1923.0,$598M,"Sequoia Capital, SoftBank, Accel",
Company_692,$56B,04/02/18,Internet software & services,New York,Germany,Europe,2008.0,$740M,"Sequoia Capital, SoftBank, Accel",
Company_693,$30B,04/06/18,E-commerce & direct-to-consumer,San Francisco,Singapore,Asia,1938.0,$141M,"Sequoia Capital, SoftBank, Accel",
Company_694,$109B,04/10/18,"Supply chain, logistics, & delivery",Stockholm,Australia,North America,1924.0,$580M,"Sequoia Capital, SoftBank, Accel",
Company_695,$5B,04/14/18,Artificial intelligence,San Francisco,India,Europe,1988.0,$847M,"Sequoia Capital, SoftBank, Accel",
Company_696,$119B,04/18/18,Internet software & services,Stockholm,India,North America,1977.0,$538M,"Sequoia Capital, SoftBank, Accel",
Company_697,$33B,04/21/18,Mobile & telecommunications,Beijing,Bahamas,Asia,1982.0,$501M,"Sequoia Capital, SoftBank, Accel",
Company_698,$118B,04/25/18,Fintech,Beijing,China,Asia,1936.0,$645M,"Sequoia Capital, SoftBank, Accel",
Company_699,$65B,04/29/18,Hardware,Beijing,India,North America,1922.0,$444M,"Sequoia Capital, SoftBank, Accel",
Company_700,$146B,05/03/18,Hardware,Beijing,Bahamas,Europe,1935.0,$144M,"Sequoia Capital, SoftBank, Accel",
Company_701,$177B,05/07/18,Hardware,Beijing,United States,Europe,1932.0,$745M,"Sequoia Capital, SoftBank, Accel",
Company_702,$11B,05/10/18,"Supply chain, logistics, & delivery",Beijing,Germany,North America,1996.0,$120M,"Sequoia Capital, SoftBank, Accel",
Company_703,$85B,05/14/18,Artificial intelligence,San Francisco,Hong Kong,Asia,1931.0,$733M,"Sequoia Capital, SoftBank, Accel",
Company_704,$26B,05/18/18,E-commerce & direct-to-consumer,Shenzhen,Germany,Europe,1925.0,$169M,"Sequoia Capital, SoftBank, Accel",
Company_705,$63B,05/22/18,Internet software & services,Stockholm,Hong Kong,Asia,1962.0,$147M,"Sequoia Capital, SoftBank, Accel",
Company_706,$86B,05/26/18,Fintech,Beijing,Singapore,Europe,1933.0,$590M,"Sequoia Capital, SoftBank, Accel",
Company_707,$59B,05/30/18,Mobile & telecommunications,San Francisco,Australia,Asia,1937.0,$650M,"Sequoia Capital, SoftBank, Accel",
Company_708,$27B,06/02/18,Fintech,San Francisco,United Kingdom,North America,1981.0,$386M,"Sequoia Capital, SoftBank, Accel",
Company_709,$177B,06/06/18,Mobile & telecommunications,San Francisco,India,Asia,1953.0,$109M,"Sequoia Capital, SoftBank, Accel",
Company_710,$161B,06/10/18,"Supply chain, logistics, & delivery",Shenzhen,United States,Asia,1999.0,$641M,"Sequoia Capital, SoftBank, Accel",
Company_711,$98B,06/14/18,Artificial intelligence,Stockholm,Hong Kong,Asia,1953.0,$855M,"Sequoia Capital, SoftBank, Accel",
Company_712,$105B,06/18/18,Hardware,Shenzhen,France,Europe,1937.0,$373M,"Sequoia Capital, SoftBank, Accel",
Company_713,$99B,06/22/18,Artificial intelligence,London,India,North America,1938.0,$699M,"Sequoia Capital, SoftBank, Accel",
Company_714,$129B,06/25/18,"Supply chain, logistics, & delivery",Paris,China,Europe,2018.0,$855M,"Sequoia Capital, SoftBank, Accel",
Company_715,$149B,06/29/18,E-commerce & direct-to-consumer,San Francisco,Singapore,Europe,1953.0,$480M,"Sequoia Capital, SoftBank, Accel",
Company_716,$55B,07/03/18,E-commerce & direct-to-consumer,London,United Kingdom,Asia,1950.0,$428M,"Sequoia Capital, SoftBank, Accel",
Company_717,$6B,07/07/18,"Supply chain, logistics, & delivery",New York,India,Asia,1966.0,$578M,"Sequoia Capital, SoftBank, Accel",
Company_718,$95B,07/11/18,Mobile & telecommunications,Beijing,United States,Asia,1962.0,$114M,"Sequoia Capital, SoftBank, Accel",
Company_719,$133B,07/15/18,Internet software & services,Paris,India,Europe,1942.0,$615M,"Sequoia Capital, SoftBank, Accel",
Company_720,$102B,07/18/18,Internet software & services,Beijing,Hong Kong,Asia,1979.0,$290M,"Sequoia Capital, SoftBank, Accel",
Company_721,$3B,07/22/18,Mobile & telecommunications,Shenzhen,China,Asia,1935.0,$267M,"Sequoia Capital, SoftBank, Accel",
Company_722,$23B,07/26/18,E-commerce & direct-to-consumer,Paris,France,Asia,1989.0,$620M,"Sequoia Capital, SoftBank, Accel",
Company_723,$53B,07/30/18,E-commerce & direct-to-consumer,Stockholm,Sweden,Europe,1968.0,$720M,"Sequoia Capital, SoftBank, Accel",
Company_724,$165B,08/03/18,E-commerce & direct-to-consumer,London,Canada,Asia,1983.0,$236M,"Sequoia Capital, SoftBank, Accel",
Company_725,$83B,08/07/18,Artificial intelligence,Stockholm,France,North America,2017.0,$253M,"Sequoia Capital, SoftBank, Accel",
Company_726,$145B,08/10/18,E-commerce & direct-to-consumer,Shenzhen,Bahamas,North America,1950.0,$487M,"Sequoia Capital, SoftBank, Accel",
Company_727,$85B,08/14/18,Fintech,Beijing,India,Europe,1954.0,$308M,"Sequoia Capital, SoftBank, Accel",
Company_728,$78B,08/18/18,Hardware,Paris,Germany,Europe,1931.0,$371M,"Sequoia Capital, SoftBank, Accel",
Company_729,$110B,08/22/18,E-commerce & direct-to-consumer,Stockholm,Australia,Europe,1988.0,$242M,"Sequoia Capital, SoftBank, Accel",
Company_730,$1B,08/26/18,Mobile & telecommunications,Stockholm,Germany,Asia,1976.0,$710M,"Sequoia Capital, SoftBank, Accel",
Company_731,$51B,08/29/18,Hardware,Beijing,France,Europe,1932.0,$168M,"Sequoia Capital, SoftBank, Accel",
Company_732,$173B,09/02/18,Artificial intelligence,Paris,Hong Kong,Europe,1955.0,$346M,"Sequoia Capital, SoftBank, Accel",
Company_733,$4B,09/06/18,Mobile & telecommunications,London,Germany,Europe,1997.0,$360M,"Sequoia Capital, SoftBank, Accel",
Company_734,$113B,09/10/18,Hardware,Beijing,United States,Asia,1986.0,$887M,"Sequoia Capital, SoftBank, Accel",
Company_735,$32B,09/14/18,Mobile & telecommunications,Stockholm,Germany,North America,1958.0,$178M,"Sequoia Capital, SoftBank, Accel",
Company_736,$34B,09/18/18,Artificial intelligence,London,United Kingdom,Europe,1977.0,$757M,"Sequoia Capital, SoftBank, Accel",
Company_737,$92B,09/21/18,Fintech,,Sweden,Asia,1998.0,$722M,"Sequoia Capital, SoftBank, Accel",
Company_738,$95B,09/25/18,Artificial intelligence,Beijing,India,Europe,2010.0,$869M,"Sequoia Capital, SoftBank, Accel",
Company_739,$72B,09/29/18,Artificial intelligence,Stockholm,Singapore,Asia,1934.0,$704M,"Sequoia Capital, SoftBank, Accel",
Company_740,$39B,10/03/18,Mobile & telecommunications,Shenzhen,Germany,North America,1980.0,$624M,"Sequoia Capital, SoftBank, Accel",
Company_741,$154B,10/07/18,"Supply chain, logistics, & delivery",Stockholm,China,North America,1922.0,$871M,"Sequoia Capital, SoftBank, Accel",
Company_742,$162B,10/11/18,Internet software & services,San Francisco,Singapore,Europe,1963.0,$720M,"Sequoia Capital, SoftBank, Accel",
Company_743,$118B,10/14/18,E-commerce & direct-to-consumer,Paris,Sweden,Europe,2008.0,$429M,"Sequoia Capital, SoftBank, Accel",
Company_744,$3B,10/18/18,E-commerce & direct-to-consumer,New York,Hong Kong,Europe,1946.0,$288M,"Sequoia Capital, SoftBank, Accel",
Company_745,$123B,10/22/18,Fintech,Shenzhen,Sweden,Europe,2014.0,$194M,"Sequoia Capital, SoftBank, Accel",
Company_746,$50B,10/26/18,Fintech,London,Germany,North America,1984.0,$716M,"Sequoia Capital, SoftBank, Accel",
Company_747,$12B,10/30/18,E-commerce & direct-to-consumer,Shenzhen,Sweden,North America,1949.0,$107M,"Sequoia Capital, SoftBank, Accel",
Company_748,$54B,11/03/18,Internet software & services,Paris,Singapore,Asia,1921.0,$166M,"Sequoia Capital, SoftBank, Accel",
Company_749,$133B,11/06/18,E-commerce & direct-to-consumer,London,Australia,Europe,1926.0,$595M,"Sequoia Capital, SoftBank, Accel",
Company_750,$57B,11/10/18,"Supply chain, logistics, & delivery",Paris,Hong Kong,Asia,1942.0,$290M,"Sequoia Capital, SoftBank, Accel",
Company_751,$145B,11/14/18,Internet software & services,London,Germany,Europe,1933.0,$465M,"Sequoia Capital, SoftBank, Accel",
Company_752,$112B,11/18/18,Fintech,Shenzhen,United States,Asia,1961.0,$867M,"Sequoia Capital, SoftBank, Accel",
Company_753,$47B,11/22/18,Hardware,London,France,Europe,1949.0,$620M,"Sequoia Capital, SoftBank, Accel",
Company_754,$151B,11/26/18,Mobile & telecommunications,,United Kingdom,Asia,1991.0,$216M,"Sequoia Capital, SoftBank, Accel",
Company_755,$85B,11/29/18,"Supply chain, logistics, & delivery",San Francisco,Canada,Asia,2021.0,$366M,"Sequoia Capital, SoftBank, Accel",
Company_756,$142B,12/03/18,"Supply chain, logistics, & delivery",Stockholm,Bahamas,Europe,1963.0,$710M,"Sequoia Capital, SoftBank, Accel",
Company_757,$66B,12/07/18,Fintech,Stockholm,Hong Kong,Europe,1984.0,$584M,"Sequoia Capital, SoftBank, Accel",
Company_758,$75B,12/11/18,Fintech,New York,Sweden,North America,1926.0,$608M,"Sequoia Capital, SoftBank, Accel",
Company_759,$179B,12/15/18,Artificial intelligence,New York,United States,Europe,1989.0,$397M,"Sequoia Capital, SoftBank, Accel",
Company_760,$103B,12/18/18,"Supply chain, logistics, & delivery",San Francisco,India,Asia,2021.0,$263M,"Sequoia Capital, SoftBank, Accel",
Company_761,$166B,12/22/18,Artificial intelligence,New York,India,Asia,1975.0,$475M,"Sequoia Capital, SoftBank, Accel",
Company_762,$38B,12/26/18,Artificial intelligence,,Bahamas,Asia,1998.0,$752M,"Sequoia Capital, SoftBank, Accel",
Company_763,$50B,12/30/18,Mobile & telecommunications,,Hong Kong,Europe,2017.0,$367M,"Sequoia Capital, SoftBank, Accel",
Company_764,$98B,01/03/19,Artificial intelligence,Beijing,Hong Kong,North America,1948.0,$648M,"Sequoia Capital, SoftBank, Accel",
Company_765,$82B,01/07/19,Internet software & services,Paris,United Kingdom,Europe,1992.0,$173M,"Sequoia Capital, SoftBank, Accel",
Company_766,$30B,01/10/19,E-commerce & direct-to-consumer,Beijing,Sweden,North America,2020.0,$607M,"Sequoia Capital, SoftBank, Accel",
Company_767,$79B,01/14/19,Hardware,Beijing,Australia,Europe,1936.0,$172M,"Sequoia Capital, SoftBank, Accel",
Company_768,$91B,01/18/19,Fintech,San Francisco,Bahamas,North America,1987.0,$407M,"Sequoia Capital, SoftBank, Accel",
Company_769,$179B,01/22/19,Internet software & services,Paris,United Kingdom,Europe,2011.0,$298M,"Sequoia Capital, SoftBank, Accel",
Company_770,$52B,01/26/19,Hardware,San Francisco,Sweden,Europe,1957.0,$229M,"Sequoia Capital, SoftBank, Accel",
Company_771,$166B,01/30/19,"Supply chain, logistics, & delivery",London,Singapore,North America,1978.0,$857M,"Sequoia Capital, SoftBank, Accel",
Company_772,$79B,02/02/19,"Supply chain, logistics, & delivery",Beijing,United States,Europe,2016.0,$671M,"Sequoia Capital, SoftBank, Accel",
Company_773,$30B,02/06/19,"Supply chain, logistics, & delivery",Shenzhen,France,Europe,1961.0,$890M,"Sequoia Capital, SoftBank, Accel",
Company_774,$106B,02/10/19,Internet software & services,New York,Australia,Europe,1963.0,$714M,"Sequoia Capital, SoftBank, Accel",
Company_775,$51B,02/14/19,Internet software & services,Shenzhen,Singapore,Europe,1941.0,$586M,"Sequoia Capital, SoftBank, Accel",
Company_776,$81B,02/18/19,Fintech,New York,Singapore,North America,1987.0,$250M,"Sequoia Capital, SoftBank, Accel",
Company_777,$133B,02/22/19,E-commerce & direct-to-consumer,Beijing,Canada,North America,2012.0,$768M,"Sequoia Capital, SoftBank, Accel",
Company_778,$29B,02/25/19,Artificial intelligence,Beijing,India,North America,1924.0,$305M,"Sequoia Capital, SoftBank, Accel",
Company_779,$132B,03/01/19,"Supply chain, logistics, & delivery",Beijing,China,North America,1974.0,$278M,"Sequoia Capital, SoftBank, Accel",
Company_780,$138B,03/05/19,Mobile & telecommunications,San Francisco,United States,Europe,1922.0,$296M,"Sequoia Capital, SoftBank, Accel",
Company_781,$145B,03/09/19,E-commerce & direct-to-consumer,Paris,India,North America,2011.0,$834M,"Sequoia Capital, SoftBank, Accel",
Company_782,$74B,03/13/19,Mobile & telecommunications,New York,Germany,North America,1941.0,$188M,"Sequoia Capital, SoftBank, Accel",
Company_783,$17B,03/17/19,Fintech,Paris,Singapore,Europe,1924.0,$898M,"Sequoia Capital, SoftBank, Accel",
Company_784,$84B,03/20/19,Fintech,San Francisco,China,North America,1950.0,$533M,"Sequoia Capital, SoftBank, Accel",
Company_785,$69B,03/24/19,Fintech,San Francisco,Hong Kong,Europe,1936.0,$887M,"Sequoia Capital, SoftBank, Accel",
Company_786,$34B,03/28/19,Hardware,Stockholm,India,Asia,1933.0,$847M,"Sequoia Capital, SoftBank, Accel",
Company_787,$6B,04/01/19,Mobile & telecommunications,Shenzhen,United Kingdom,Asia,1958.0,$282M,"Sequoia Capital, SoftBank, Accel",
Company_788,$53B,04/05/19,E-commerce & direct-to-consumer,Shenzhen,Australia,Europe,2014.0,$308M,"Sequoia Capital, SoftBank, Accel",
Company_789,$126B,04/08/19,E-commerce & direct-to-consumer,London,India,Europe,1991.0,$592M,"Sequoia Capital, SoftBank, Accel",
Company_790,$43B,04/12/19,Internet software & services,San Francisco,Canada,North America,2019.0,$229M,"Sequoia Capital, SoftBank, Accel",
Company_791,$115B,04/16/19,Internet software & services,New York,France,Europe,1992.0,$764M,"Sequoia Capital, SoftBank, Accel",
Company_792,$111B,04/20/19,"Supply chain, logistics, & delivery",Stockholm,United Kingdom,Europe,2002.0,$112M,"Sequoia Capital, SoftBank, Accel",
Company_793,$151B,04/24/19,Internet software & services,Stockholm,United States,North America,1924.0,$733M,"Sequoia Capital, SoftBank, Accel",
Company_794,$80B,04/28/19,Fintech,Paris,United States,Europe,1981.0,$831M,"Sequoia Capital, SoftBank, Accel",
Company_795,$95B,05/01/19,E-commerce & direct-to-consumer,Shenzhen,United States,North America,1985.0,$205M,"Sequoia Capital, SoftBank, Accel",
Company_796,$118B,05/05/19,Mobile & telecommunications,San Francisco,United States,Asia,1929.0,$474M,"Sequoia Capital, SoftBank, Accel",
Company_797,$144B,05/09/19,Fintech,London,France,Europe,1961.0,$681M,"Sequoia Capital, SoftBank, Accel",
Company_798,$8B,05/13/19,Hardware,San Francisco,India,Asia,1935.0,$806M,"Sequoia Capital, SoftBank, Accel",
Company_799,$132B,05/17/19,Internet software & services,Paris,Sweden,North America,2014.0,$797M,"Sequoia Capital, SoftBank, Accel",
Company_800,$104B,05/21/19,Fintech,,India,Europe,1922.0,$198M,"Sequoia Capital, SoftBank, Accel",
Company_801,$132B,05/24/19,Fintech,San Francisco,Singapore,North America,1981.0,$693M,"Sequoia Capital, SoftBank, Accel",
Company_802,$25B,05/28/19,Hardware,Paris,Germany,Europe,1986.0,$686M,"Sequoia Capital, SoftBank, Accel",
Company_803,$96B,06/01/19,Artificial intelligence,Beijing,Australia,Europe,1999.0,$291M,"Sequoia Capital, SoftBank, Accel",
Company_804,$155B,06/05/19,E-commerce & direct-to-consumer,Beijing,China,Europe,1959.0,$424M,"Sequoia Capital, SoftBank, Accel",
Company_805,$93B,06/09/19,Mobile & telecommunications,London,Sweden,Europe,2001.0,$825M,"Sequoia Capital, SoftBank, Accel",
Company_806,$160B,06/13/19,"Supply chain, logistics, & delivery",New York,Sweden,North America,1923.0,$566M,"Sequoia Capital, SoftBank, Accel",
Company_807,$178B,06/16/19,Artificial intelligence,Shenzhen,Singapore,Europe,1950.0,$466M,"Sequoia Capital, SoftBank, Accel",
Company_808,$61B,06/20/19,Internet software & services,San Francisco,India,Europe,2004.0,$417M,,
Company_809,$122B,06/24/19,Fintech,Beijing,Sweden,Europe,1988.0,$243M,"Sequoia Capital, SoftBank, Accel",
Company_810,$51B,06/28/19,Hardware,San Francisco,Bahamas,Asia,1953.0,$483M,"Sequoia Capital, SoftBank, Accel",
Company_811,$147B,07/02/19,Hardware,New York,Bahamas,Europe,1940.0,$315M,"Sequoia Capital, SoftBank, Accel",
Company_812,$21B,07/06/19,E-commerce & direct-to-consumer,Shenzhen,Germany,Europe,1983.0,$460M,"Sequoia Capital, SoftBank, Accel",
Company_813,$5B,07/09/19,Artificial intelligence,New York,Hong Kong,Asia,2002.0,$423M,"Sequoia Capital, SoftBank, Accel",
Company_814,$92B,07/13/19,"Supply chain, logistics, & delivery",Shenzhen,China,Asia,1940.0,$114M,"Sequoia Capital, SoftBank, Accel",
Company_815,$170B,07/17/19,E-commerce & direct-to-consumer,Stockholm,Canada,Europe,1929.0,$316M,"Sequoia Capital, SoftBank, Accel",
Company_816,$61B,07/21/19,Fintech,Shenzhen,France,Europe,1995.0,$591M,"Sequoia Capital, SoftBank, Accel",
Company_817,$22B,07/25/19,E-commerce & direct-to-consumer,London,India,North America,1921.0,$646M,"Sequoia Capital, SoftBank, Accel",
Company_818,$149B,07/28/19,Mobile & telecommunications,New York,France,North America,1927.0,$282M,"Sequoia Capital, SoftBank, Accel",
Company_819,$70B,08/01/19,Hardware,Beijing,Canada,Asia,1978.0,$369M,"Sequoia Capital, SoftBank, Accel",
Company_820,$1B,08/05/19,Hardware,Stockholm,India,North America,1994.0,$566M,"Sequoia Capital, SoftBank, Accel",
Company_821,$133B,08/09/19,Internet software & services,London,India,Asia,2005.0,$711M,"Sequoia Capital, SoftBank, Accel",
Company_822,$12B,08/13/19,Internet software & services,San Francisco,China,North America,1932.0,$618M,"Sequoia Capital, SoftBank, Accel",
Company_823,$90B,08/17/19,"Supply chain, logistics, & delivery",New York,France,North America,2015.0,$641M,"Sequoia Capital, SoftBank, Accel",
Company_824,$46B,08/20/19,Fintech,Paris,Bahamas,Asia,1936.0,$566M,"Sequoia Capital, SoftBank, Accel",
Company_825,$34B,08/24/19,Mobile & telecommunications,Paris,United States,Asia,1991.0,$404M,"Sequoia Capital, SoftBank, Accel",
Company_826,$177B,08/28/19,Artificial intelligence,Beijing,France,Europe,1941.0,$243M,"Sequoia Capital, SoftBank, Accel",
Company_827,$78B,09/01/19,E-commerce & direct-to-consumer,Shenzhen,Australia,Asia,1992.0,$210M,"Sequoia Capital, SoftBank, Accel",
Company_828,$45B,09/05/19,"Supply chain, logistics, & delivery",Beijing,Australia,North America,2001.0,$331M,"Sequoia Capital, SoftBank, Accel",
Company_829,$155B,09/09/19,Fintech,Paris,India,North America,1965.0,$790M,"Sequoia Capital, SoftBank, Accel",
Company_830,$73B,09/12/19,Internet software & services,San Francisco,United States,Asia,1987.0,$683M,"Sequoia Capital, SoftBank, Accel",
Company_831,$26B,09/16/19,E-commerce & direct-to-consumer,Stockholm,United Kingdom,Asia,1965.0,$821M,"Sequoia Capital, SoftBank, Accel",
Company_832,$47B,09/20/19,Internet software & services,Stockholm,Canada,Europe,2005.0,$831M,"Sequoia Capital, SoftBank, Accel",
Company_833,$121B,09/24/19,E-commerce & direct-to-consumer,New York,Germany,Europe,1948.0,$691M,"Sequoia Capital, SoftBank, Accel",
Company_834,$56B,09/28/19,Artificial intelligence,Stockholm,United States,Europe,1943.0,$599M,"Sequoia Capital, SoftBank, Accel",
Company_835,$94B,10/02/19,Fintech,New York,Germany,Asia,1946.0,$694M,"Sequoia Capital, SoftBank, Accel",
Company_836,$107B,10/05/19,E-commerce & direct-to-consumer,New York,France,Europe,2016.0,$653M,"Sequoia Capital, SoftBank, Accel",
Company_837,$63B,10/09/19,Mobile & telecommunications,New York,France,Asia,1943.0,$372M,"Sequoia Capital, SoftBank, Accel",
Company_838,$48B,10/13/19,"Supply chain, logistics, & delivery",Paris,Germany,Europe,1992.0,$802M,"Sequoia Capital, SoftBank, Accel",
Company_839,$61B,10/17/19,Hardware,Paris,Hong Kong,Europe,1996.0,$272M,"Sequoia Capital, SoftBank, Accel",
Company_840,$81B,10/21/19,Mobile & telecommunications,Shenzhen,Canada,Asia,1976.0,$106M,"Sequoia Capital, SoftBank, Accel",
Company_841,$26B,10/25/19,Mobile & telecommunications,London,United States,North America,2012.0,$254M,"Sequoia Capital, SoftBank, Accel",
Company_842,$36B,10/28/19,"Supply chain, logistics, & delivery",New York,United Kingdom,North America,1959.0,$621M,"Sequoia Capital, SoftBank, Accel",
Company_843,$1B,11/01/19,Hardware,New York,India,North America,1943.0,$645M,"Sequoia Capital, SoftBank, Accel",
Company_844,$8B,11/05/19,Mobile & telecommunications,London,China,Asia,1996.0,$647M,"Sequoia Capital, SoftBank, Accel",
Company_845,$113B,11/09/19,E-commerce & direct-to-consumer,Beijing,France,Asia,2017.0,$617M,"Sequoia Capital, SoftBank, Accel",
Company_846,$99B,11/13/19,E-commerce & direct-to-consumer,New York,Australia,North America,1966.0,$314M,"Sequoia Capital, SoftBank, Accel",
Company_847,$47B,11/16/19,E-commerce & direct-to-consumer,Shenzhen,Canada,Europe,2016.0,$233M,"Sequoia Capital, SoftBank, Accel",
Company_848,$127B,11/20/19,Hardware,Stockholm,China,North America,1928.0,$384M,"Sequoia Capital, SoftBank, Accel",
Company_849,$56B,11/24/19,Mobile & telecommunications,Stockholm,United Kingdom,North America,2017.0,$225M,"Sequoia Capital, SoftBank, Accel",
Company_850,$14B,11/28/19,Hardware,San Francisco,Sweden,Asia,1993.0,$538M,"Sequoia Capital, SoftBank, Accel",
Company_851,$28B,12/02/19,E-commerce & direct-to-consumer,San Francisco,Singapore,Asia,1929.0,$785M,"Sequoia Capital, SoftBank, Accel",
Company_852,$78B,12/06/19,"Supply chain, logistics, & delivery",Stockholm,India,Asia,2003.0,$251M,"Sequoia Capital, SoftBank, Accel",
Company_853,$130B,12/09/19,Mobile & telecommunications,Stockholm,France,Europe,1939.0,$430M,"Sequoia Capital, SoftBank, Accel",
Company_854,$109B,12/13/19,Mobile & telecommunications,Paris,India,North America,2004.0,$637M,"Sequoia Capital, SoftBank, Accel",
Company_855,$154B,12/17/19,Internet software & services,Shenzhen,Hong Kong,Asia,1963.0,$482M,"Sequoia Capital, SoftBank, Accel",
Company_856,$14B,12/21/19,Internet software & services,London,China,North America,1925.0,$214M,"Sequoia Capital, SoftBank, Accel",
Company_857,$56B,12/25/19,Artificial intelligence,San Francisco,India,Europe,1999.0,$581M,"Sequoia Capital, SoftBank, Accel",
Company_858,$115B,12/29/19,Fintech,Paris,Singapore,Europe,1982.0,$383M,"Sequoia Capital, SoftBank, Accel",
Company_859,$7B,01/01/20,Internet software & services,Paris,Sweden,Europe,1982.0,$174M,"Sequoia Capital, SoftBank, Accel",
Company_860,$3B,01/05/20,Hardware,London,China,North America,1920.0,$265M,"Sequoia Capital, SoftBank, Accel",
Company_861,$111B,01/09/20,Internet software & services,Paris,France,North America,1994.0,$288M,"Sequoia Capital, SoftBank, Accel",
Company_862,$151B,01/13/20,Artificial intelligence,Shenzhen,United States,Europe,1960.0,$177M,"Sequoia Capital, SoftBank, Accel",
Company_863,$107B,01/17/20,Mobile & telecommunications,Stockholm,Australia,Europe,2000.0,$701M,"Sequoia Capital, SoftBank, Accel",
Company_864,$18B,01/21/20,Artificial intelligence,New York,China,North America,1972.0,$787M,"Sequoia Capital, SoftBank, Accel",
Company_865,$38B,01/24/20,Mobile & telecommunications,London,Bahamas,North America,1993.0,$120M,"Sequoia Capital, SoftBank, Accel",
Company_866,$115B,01/28/20,"Supply chain, logistics, & delivery",Stockholm,Hong Kong,Asia,1934.0,$665M,"Sequoia Capital, SoftBank, Accel",
Company_867,$15B,02/01/20,"Supply chain, logistics, & delivery",Stockholm,Sweden,Europe,1936.0,$283M,"Sequoia Capital, SoftBank, Accel",
Company_868,$119B,02/05/20,Mobile & telecommunications,Beijing,Hong Kong,North America,2017.0,$321M,"Sequoia Capital, SoftBank, Accel",
Company_869,$28B,02/09/20,Fintech,London,China,North America,1977.0,$427M,"Sequoia Capital, SoftBank, Accel",
Company_870,$39B,02/13/20,Internet software & services,Paris,China,Europe,2008.0,$278M,"Sequoia Capital, SoftBank, Accel",
Company_871,$17B,02/16/20,Hardware,New York,Bahamas,Europe,1934.0,$887M,"Sequoia Capital, SoftBank, Accel",
Company_872,$86B,02/20/20,Hardware,London,France,North America,1924.0,$211M,"Sequoia Capital, SoftBank, Accel",
Company_873,$126B,02/24/20,E-commerce & direct-to-consumer,Paris,Hong Kong,North America,1975.0,$835M,"Sequoia Capital, SoftBank, Accel",
Company_874,$44B,02/28/20,Mobile & telecommunications,Stockholm,China,North America,1965.0,$825M,"Sequoia Capital, SoftBank, Accel",
Company_875,$25B,03/03/20,Hardware,New York,Australia,Asia,1966.0,$158M,"Sequoia Capital, SoftBank, Accel",
Company_876,$145B,03/06/20,Fintech,Paris,India,North America,1960.0,$426M,"Sequoia Capital, SoftBank, Accel",
Company_877,$13B,03/10/20,Mobile & telecommunications,Shenzhen,France,Asia,1994.0,$720M,"Sequoia Capital, SoftBank, Accel",
Company_878,$25B,03/14/20,Fintech,Paris,Australia,Asia,1978.0,$768M,"Sequoia Capital, SoftBank, Accel",
Company_879,$68B,03/18/20,Hardware,Beijing,France,Europe,1995.0,$290M,"Sequoia Capital, SoftBank, Accel",
Company_880,$138B,03/22/20,Hardware,Stockholm,Australia,Asia,1922.0,$299M,"Sequoia Capital, SoftBank, Accel",
Company_881,$67B,03/26/20,E-commerce & direct-to-consumer,Paris,Singapore,North America,2021.0,$411M,"Sequoia Capital, SoftBank, Accel",
Company_882,$109B,03/29/20,Hardware,San Francisco,Sweden,Asia,1920.0,$807M,"Sequoia Capital, SoftBank, Accel",
Company_883,$146B,04/02/20,Mobile & telecommunications,San Francisco,Australia,North America,2008.0,$134M,"Sequoia Capital, SoftBank, Accel",
Company_884,$111B,04/06/20,"Supply chain, logistics, & delivery",Beijing,Germany,Europe,1977.0,$478M,"Sequoia Capital, SoftBank, Accel",
Company_885,$111B,04/10/20,Mobile & telecommunications,Shenzhen,Australia,Asia,1945.0,$486M,"Sequoia Capital, SoftBank, Accel",
Company_886,$34B,04/14/20,Mobile & telecommunications,Stockholm,United States,North America,1945.0,$857M,"Sequoia Capital, SoftBank, Accel",
Company_887,$111B,04/18/20,E-commerce & direct-to-consumer,London,United States,Europe,1997.0,$336M,"Sequoia Capital, SoftBank, Accel",
Company_888,$8B,04/21/20,E-commerce & direct-to-consumer,Beijing,Canada,Europe,1990.0,$715M,"Sequoia Capital, SoftBank, Accel",
Company_889,$168B,04/25/20,Hardware,Shenzhen,Germany,North America,1925.0,$618M,"Sequoia Capital, SoftBank, Accel",
Company_890,$113B,04/29/20,Artificial intelligence,London,Germany,North America,1981.0,$382M,"Sequoia Capital, SoftBank, Accel",
Company_891,$83B,05/03/20,Artificial intelligence,San Francisco,India,Europe,1964.0,$100M,"Sequoia Capital, SoftBank, Accel",
Company_892,$42B,05/07/20,E-commerce & direct-to-consumer,San Francisco,Germany,North America,1981.0,$830M,"Sequoia Capital, SoftBank, Accel",
Company_893,$169B,05/11/20,Hardware,London,India,Asia,1930.0,$563M,"Sequoia Capital, SoftBank, Accel",
Company_894,$101B,05/14/20,Artificial intelligence,Beijing,Canada,Asia,1931.0,$329M,"Sequoia Capital, SoftBank, Accel",
Company_895,$6B,05/18/20,Hardware,San Francisco,Canada,Asia,1961.0,$271M,"Sequoia Capital, SoftBank, Accel",
Company_896,$26B,05/22/20,Hardware,Stockholm,Sweden,Europe,1935.0,$186M,"Sequoia Capital, SoftBank, Accel",
Company_897,$64B,05/26/20,Hardware,New York,United States,North America,1981.0,$652M,"Sequoia Capital, SoftBank, Accel",
Company_898,$59B,05/30/20,Internet software & services,Paris,Australia,Europe,1999.0,$222M,"Sequoia Capital, SoftBank, Accel",
Company_899,$109B,06/03/20,Mobile & telecommunications,London,Australia,Asia,1954.0,$397M,"Sequoia Capital, SoftBank, Accel",
Company_900,$121B,06/06/20,Hardware,London,Bahamas,Asia,2003.0,$789M,"Sequoia Capital, SoftBank, Accel",
Company_901,$33B,06/10/20,Internet software & services,San Francisco,Bahamas,Asia,1926.0,$674M,"Sequoia Capital, SoftBank, Accel",
Company_902,$150B,06/14/20,E-commerce & direct-to-consumer,Beijing,United Kingdom,North America,1987.0,$583M,"Sequoia Capital, SoftBank, Accel",
Company_903,$21B,06/18/20,Artificial intelligence,Stockholm,France,Asia,2008.0,$264M,"Sequoia Capital, SoftBank, Accel",
Company_904,$70B,06/22/20,Mobile & telecommunications,Beijing,Sweden,Asia,1998.0,$798M,"Sequoia Capital, SoftBank, Accel",
Company_905,$112B,06/25/20,"Supply chain, logistics, & delivery",Shenzhen,United Kingdom,Europe,1954.0,$482M,"Sequoia Capital, SoftBank, Accel",
Company_906,$4B,06/29/20,Artificial intelligence,Shenzhen,United Kingdom,North America,1946.0,$308M,"Sequoia Capital, SoftBank, Accel",
Company_907,$94B,07/03/20,Mobile & telecommunications,,China,Europe,2011.0,$838M,"Sequoia Capital, SoftBank, Accel",
Company_908,$75B,07/07/20,"Supply chain, logistics, & delivery",San Francisco,China,Asia,1965.0,$531M,"Sequoia Capital, SoftBank, Accel",
Company_909,$62B,07/11/20,Artificial intelligence,San Francisco,Hong Kong,Asia,1994.0,$488M,"Sequoia Capital, SoftBank, Accel",
Company_910,$94B,07/15/20,Mobile & telecommunications,San Francisco,United Kingdom,Asia,2019.0,$659M,"Sequoia Capital, SoftBank, Accel",
Company_911,$95B,07/18/20,Artificial intelligence,,Germany,Europe,1948.0,$323M,"Sequoia Capital, SoftBank, Accel",
Company_912,$152B,07/22/20,Artificial intelligence,Shenzhen,France,Europe,1941.0,$102M,"Sequoia Capital, SoftBank, Accel",
Company_913,$55B,07/26/20,"Supply chain, logistics, & delivery",Beijing,Sweden,Europe,1934.0,$471M,"Sequoia Capital, SoftBank, Accel",
Company_914,$137B,07/30/20,Artificial intelligence,New York,United Kingdom,Asia,1932.0,$786M,"Sequoia Capital, SoftBank, Accel",
Company_915,$131B,08/03/20,Artificial intelligence,New York,Singapore,North America,1992.0,$545M,"Sequoia Capital, SoftBank, Accel",
Company_916,$31B,08/07/20,"Supply chain, logistics, & delivery",Beijing,Australia,Europe,1989.0,$710M,"Sequoia Capital, SoftBank, Accel",
Company_917,$40B,08/10/20,E-commerce & direct-to-consumer,San Francisco,France,Europe,1970.0,$215M,"Sequoia Capital, SoftBank, Accel",
Company_918,$36B,08/14/20,Hardware,Stockholm,China,Asia,1955.0,$369M,"Sequoia Capital, SoftBank, Accel",
Company_919,$152B,08/18/20,Fintech,Beijing,Hong Kong,Europe,1947.0,$546M,"Sequoia Capital, SoftBank, Accel",
Company_920,$6B,08/22/20,Internet software & services,Shenzhen,Australia,North America,1985.0,$467M,"Sequoia Capital, SoftBank, Accel",
Company_921,$66B,08/26/20,Fintech,London,China,North America,1933.0,$352M,"Sequoia Capital, SoftBank, Accel",
Company_922,$75B,08/30/20,Fintech,London,China,Asia,2018.0,$416M,"Sequoia Capital, SoftBank, Accel",
Company_923,$4B,09/02/20,Mobile & telecommunications,Paris,France,Asia,1965.0,$514M,"Sequoia Capital, SoftBank, Accel",
Company_924,$79B,09/06/20,Hardware,Paris,China,Europe,1964.0,$194M,"Sequoia Capital, SoftBank, Accel",
Company_925,$134B,09/10/20,Mobile & telecommunications,New York,Singapore,Europe,1970.0,$884M,"Sequoia Capital, SoftBank, Accel",
Company_926,$118B,09/14/20,Hardware,London,Canada,Asia,1937.0,$123M,"Sequoia Capital, SoftBank, Accel",
Company_927,$113B,09/18/20,"Supply chain, logistics, & delivery",Stockholm,Hong Kong,North America,1995.0,$727M,"Sequoia Capital, SoftBank, Accel",
Company_928,$94B,09/22/20,"Supply chain, logistics, & delivery",San Francisco,United States,Asia,1939.0,$762M,"Sequoia Capital, SoftBank, Accel",
Company_929,$179B,09/25/20,Hardware,Shenzhen,Canada,Asia,1982.0,$149M,"Sequoia Capital, SoftBank, Accel",
Company_930,$62B,09/29/20,Artificial intelligence,Paris,United States,Asia,1955.0,$601M,"Sequoia Capital, SoftBank, Accel",
Company_931,$79B,10/03/20,E-commerce & direct-to-consumer,Stockholm,Bahamas,Europe,1945.0,$817M,"Sequoia Capital, SoftBank, Accel",
Company_932,$136B,10/07/20,Artificial intelligence,Shenzhen,Bahamas,Europe,1973.0,$597M,"Sequoia Capital, SoftBank, Accel",
Company_933,$26B,10/11/20,E-commerce & direct-to-consumer,Shenzhen,China,Asia,1947.0,$434M,"Sequoia Capital, SoftBank, Accel",
Company_934,$179B,10/14/20,Mobile & telecommunications,San Francisco,Sweden,Europe,1938.0,$178M,"Sequoia Capital, SoftBank, Accel",
Company_935,$173B,10/18/20,E-commerce & direct-to-consumer,New York,Sweden,Europe,1943.0,$681M,"Sequoia Capital, SoftBank, Accel",
Company_936,$44B,10/22/20,Mobile & telecommunications,London,United States,Asia,1988.0,$126M,"Sequoia Capital, SoftBank, Accel",
Company_937,$133B,10/26/20,"Supply chain, logistics, & delivery",San Francisco,Australia,Asia,1981.0,$370M,"Sequoia Capital, SoftBank, Accel",
Company_938,$70B,10/30/20,Fintech,Stockholm,France,Europe,1954.0,$661M,"Sequoia Capital, SoftBank, Accel",
Company_939,$154B,11/03/20,"Supply chain, logistics, & delivery",New York,China,Asia,1920.0,$346M,"Sequoia Capital, SoftBank, Accel",
Company_940,$118B,11/06/20,"Supply chain, logistics, & delivery",Stockholm,France,North America,1940.0,$875M,"Sequoia Capital, SoftBank, Accel",
Company_941,$68B,11/10/20,Fintech,New York,Canada,Asia,2014.0,$690M,"Sequoia Capital, SoftBank, Accel",
Company_942,$19B,11/14/20,E-commerce & direct-to-consumer,Paris,Sweden,Asia,1934.0,$486M,"Sequoia Capital, SoftBank, Accel",
Company_943,$20B,11/18/20,E-commerce & direct-to-consumer,Stockholm,Germany,Asia,1936.0,$801M,"Sequoia Capital, SoftBank, Accel",
Company_944,$113B,11/22/20,Mobile & telecommunications,San Francisco,Hong Kong,Asia,1987.0,$658M,"Sequoia Capital, SoftBank, Accel",
Company_945,$140B,11/26/20,Artificial intelligence,New York,Canada,North America,1972.0,$460M,"Sequoia Capital, SoftBank, Accel",
Company_946,$47B,11/29/20,Mobile & telecommunications,New York,Hong Kong,North America,2018.0,$587M,"Sequoia Capital, SoftBank, Accel",
Company_947,$1B,12/03/20,Artificial intelligence,Shenzhen,Singapore,Asia,1948.0,$451M,"Sequoia Capital, SoftBank, Accel",
Company_948,$90B,12/07/20,"Supply chain, logistics, & delivery",Shenzhen,Canada,Asia,1963.0,$800M,"Sequoia Capital, SoftBank, Accel",
Company_949,$142B,12/11/20,Fintech,Beijing,United States,Asia,1937.0,$355M,"Sequoia Capital, SoftBank, Accel",
Company_950,$64B,12/15/20,"Supply chain, logistics, & delivery",Stockholm,Singapore,Europe,2005.0,$321M,"Sequoia Capital, SoftBank, Accel",
Company_951,$38B,12/19/20,Hardware,Shenzhen,India,North America,1952.0,$852M,"Sequoia Capital, SoftBank, Accel",
Company_952,$37B,12/22/20,E-commerce & direct-to-consumer,Beijing,Canada,Europe,1931.0,$880M,"Sequoia Capital, SoftBank, Accel",
Company_953,$126B,12/26/20,Artificial intelligence,Paris,Singapore,Europe,1961.0,$100M,"Sequoia Capital, SoftBank, Accel",
Company_954,$139B,12/30/20,Mobile & telecommunications,Paris,China,North America,1980.0,$645M,"Sequoia Capital, SoftBank, Accel",
Company_955,$100B,01/03/21,Fintech,Shenzhen,Hong Kong,North America,2011.0,$545M,"Sequoia Capital, SoftBank, Accel",
Company_956,$77B,01/07/21,Artificial intelligence,Stockholm,United Kingdom,North America,2018.0,$178M,"Sequoia Capital, SoftBank, Accel",
Company_957,$3B,01/11/21,Mobile & telecommunications,New York,United Kingdom,Europe,1940.0,$335M,"Sequoia Capital, SoftBank, Accel",
Company_958,$161B,01/14/21,E-commerce & direct-to-consumer,London,China,Europe,1970.0,$433M,"Sequoia Capital, SoftBank, Accel",
Company_959,$134B,01/18/21,"Supply chain, logistics, & delivery",Stockholm,India,North America,1970.0,$448M,"Sequoia Capital, SoftBank, Accel",
Company_960,$178B,01/22/21,E-commerce & direct-to-consumer,San Francisco,India,Europe,1954.0,$197M,"Sequoia Capital, SoftBank, Accel",
Company_961,$10B,01/26/21,Internet software & services,Paris,United States,North America,1991.0,$181M,"Sequoia Capital, SoftBank, Accel",
Company_962,$5B,01/30/21,Hardware,Shenzhen,Sweden,Asia,2021.0,$601M,"Sequoia Capital, SoftBank, Accel",
Company_963,$151B,02/02/21,Internet software & services,Shenzhen,France,Europe,1937.0,$576M,"Sequoia Capital, SoftBank, Accel",
Company_964,$138B,02/06/21,Fintech,New York,Hong Kong,Asia,1956.0,$803M,"Sequoia Capital, SoftBank, Accel",
Company_965,$172B,02/10/21,Artificial intelligence,San Francisco,India,Asia,1988.0,$864M,"Sequoia Capital, SoftBank, Accel",
Company_966,$130B,02/14/21,Fintech,New York,Germany,Asia,1997.0,$649M,"Sequoia Capital, SoftBank, Accel",
Company_967,$13B,02/18/21,"Supply chain, logistics, & delivery",San Francisco,United States,Europe,1975.0,$113M,"Sequoia Capital, SoftBank, Accel",
Company_968,$168B,02/22/21,Mobile & telecommunications,London,Bahamas,Asia,1938.0,$491M,"Sequoia Capital, SoftBank, Accel",
Company_969,$130B,02/25/21,E-commerce & direct-to-consumer,Paris,Australia,North America,1927.0,$446M,"Sequoia Capital, SoftBank, Accel",
Company_970,$84B,03/01/21,Internet software & services,Shenzhen,Bahamas,Asia,1950.0,$409M,"Sequoia Capital, SoftBank, Accel",
Company_971,$65B,03/05/21,Internet software & services,Shenzhen,United States,Europe,1922.0,$485M,"Sequoia Capital, SoftBank, Accel",
Company_972,$63B,03/09/21,"Supply chain, logistics, & delivery",,Hong Kong,North America,1968.0,$308M,"Sequoia Capital, SoftBank, Accel",
Company_973,$101B,03/13/21,Internet software & services,Beijing,Singapore,North America,2000.0,$456M,"Sequoia Capital, SoftBank, Accel",
Company_974,$73B,03/17/21,"Supply chain, logistics, & delivery",Paris,Canada,Europe,1923.0,$700M,"Sequoia Capital, SoftBank, Accel",
Company_975,$17B,03/20/21,Fintech,New York,France,Asia,1938.0,$667M,"Sequoia Capital, SoftBank, Accel",
Company_976,$9B,03/24/21,E-commerce & direct-to-consumer,London,Australia,Europe,2005.0,$193M,"Sequoia Capital, SoftBank, Accel",
Company_977,$143B,03/28/21,Artificial intelligence,New York,Bahamas,North America,1993.0,$192M,"Sequoia Capital, SoftBank, Accel",
Company_978,$152B,04/01/21,Mobile & telecommunications,Stockholm,Australia,Europe,1955.0,$439M,"Sequoia Capital, SoftBank, Accel",
Company_979,$38B,04/05/21,Artificial intelligence,Shenzhen,Germany,North America,1940.0,$696M,"Sequoia Capital, SoftBank, Accel",
Company_980,$163B,04/09/21,Fintech,New York,Germany,Europe,1976.0,$544M,"Sequoia Capital, SoftBank, Accel",
Company_981,$94B,04/12/21,Mobile & telecommunications,San Francisco,Singapore,Europe,1986.0,$856M,"Sequoia Capital, SoftBank, Accel",
Company_982,$95B,04/16/21,Internet software & services,New York,Germany,Europe,2011.0,$121M,"Sequoia Capital, SoftBank, Accel",
Company_983,$49B,04/20/21,Hardware,Stockholm,United States,North America,1962.0,$390M,"Sequoia Capital, SoftBank, Accel",
Company_984,$69B,04/24/21,Fintech,Paris,France,Asia,1952.0,$584M,"Sequoia Capital, SoftBank, Accel",
Company_985,$62B,04/28/21,Fintech,Shenzhen,Hong Kong,North America,1995.0,$883M,"Sequoia Capital, SoftBank, Accel",
Company_986,$178B,05/02/21,E-commerce & direct-to-consumer,London,Singapore,Asia,1960.0,$405M,"Sequoia Capital, SoftBank, Accel",
Company_987,$78B,05/05/21,Artificial intelligence,Stockholm,United States,Europe,1927.0,$733M,"Sequoia Capital, SoftBank, Accel",
Company_988,$117B,05/09/21,Fintech,Shenzhen,United Kingdom,Europe,2013.0,$227M,"Sequoia Capital, SoftBank, Accel",
Company_989,$120B,05/13/21,Fintech,New York,Canada,Europe,1925.0,$724M,"Sequoia Capital, SoftBank, Accel",
Company_990,$137B,05/17/21,Internet software & services,Paris,Canada,Asia,1986.0,$372M,"Sequoia Capital, SoftBank, Accel",
Company_991,$162B,05/21/21,Internet software & services,Beijing,Germany,North America,1937.0,$541M,"Sequoia Capital, SoftBank, Accel",
Company_992,$76B,05/24/21,Mobile & telecommunications,Paris,United Kingdom,Europe,2012.0,$602M,"Sequoia Capital, SoftBank, Accel",
Company_993,$35B,05/28/21,"Supply chain, logistics, & delivery",Beijing,India,Asia,1949.0,$229M,"Sequoia Capital, SoftBank, Accel",
Company_994,$1B,06/01/21,"Supply chain, logistics, & delivery",San Francisco,India,Asia,1953.0,$231M,"Sequoia Capital, SoftBank, Accel",
Company_995,$40B,06/05/21,Hardware,Paris,Hong Kong,Asia,1975.0,$696M,"Sequoia Capital, SoftBank, Accel",
Company_996,$64B,06/09/21,"Supply chain, logistics, & delivery",Shenzhen,Germany,North America,2003.0,$581M,"Sequoia Capital, SoftBank, Accel",
Company_997,$150B,06/13/21,E-commerce & direct-to-consumer,Beijing,Bahamas,Asia,1979.0,$489M,"Sequoia Capital, SoftBank, Accel",
Company_998,$60B,06/16/21,Hardware,London,United States,Asia,1949.0,$692M,"Sequoia Capital, SoftBank, Accel",
Company_999,$64B,06/20/21,Mobile & telecommunications,Shenzhen,Germany,North America,2001.0,$424M,"Sequoia Capital, SoftBank, Accel",
Company_1000,$93B,06/24/21,Internet software & services,London,Sweden,North America,2013.0,$168M,"Sequoia Capital, SoftBank, Accel",
Company_1001,$72B,06/28/21,"Supply chain, logistics, & delivery",Paris,Australia,Asia,1971.0,$759M,"Sequoia Capital, SoftBank, Accel",
Company_1002,$11B,07/02/21,Artificial intelligence,London,Hong Kong,Asia,1950.0,$547M,"Sequoia Capital, SoftBank, Accel",
Company_1003,$105B,07/06/21,Internet software & services,Beijing,Canada,Asia,1984.0,$627M,"Sequoia Capital, SoftBank, Accel",
Company_1004,$14B,07/09/21,E-commerce & direct-to-consumer,Shenzhen,India,Asia,1977.0,$716M,"Sequoia Capital, SoftBank, Accel",
Company_1005,$60B,07/13/21,Internet software & services,New York,China,North America,1928.0,$264M,"Sequoia Capital, SoftBank, Accel",
Company_1006,$30B,07/17/21,E-commerce & direct-to-consumer,Stockholm,India,Europe,1920.0,$587M,"Sequoia Capital, SoftBank, Accel",
Company_1007,$35B,07/21/21,E-commerce & direct-to-consumer,Beijing,Hong Kong,Asia,1984.0,$812M,"Sequoia Capital, SoftBank, Accel",
Company_1008,$165B,07/25/21,E-commerce & direct-to-consumer,Beijing,Canada,North America,1978.0,$808M,"Sequoia Capital, SoftBank, Accel",
Company_1009,$5B,07/29/21,Mobile & telecommunications,New York,Hong Kong,Europe,2006.0,$525M,"Sequoia Capital, SoftBank, Accel",
Company_1010,$83B,08/01/21,E-commerce & direct-to-consumer,Shenzhen,Australia,North America,1935.0,$796M,"Sequoia Capital, SoftBank, Accel",
Company_1011,$123B,08/05/21,E-commerce & direct-to-consumer,Shenzhen,Canada,Asia,2014.0,$364M,"Sequoia Capital, SoftBank, Accel",
Company_1012,$78B,08/09/21,Artificial intelligence,Paris,China,Europe,1934.0,$711M,"Sequoia Capital, SoftBank, Accel",
Company_1013,$154B,08/13/21,Hardware,London,Germany,Asia,1934.0,$441M,"Sequoia Capital, SoftBank, Accel",
Company_1014,$62B,08/17/21,Fintech,Paris,United Kingdom,North America,1964.0,$825M,"Sequoia Capital, SoftBank, Accel",
Company_1015,$132B,08/21/21,Hardware,New York,China,Asia,1957.0,$377M,"Sequoia Capital, SoftBank, Accel",
Company_1016,$89B,08/24/21,E-commerce & direct-to-consumer,Paris,Canada,Europe,1949.0,$773M,"Sequoia Capital, SoftBank, Accel",
Company_1017,$42B,08/28/21,Artificial intelligence,New York,Canada,North America,2006.0,$538M,"Sequoia Capital, SoftBank, Accel",
Company_1018,$89B,09/01/21,Internet software & services,,Sweden,Asia,1919.0,$256M,"Sequoia Capital, SoftBank, Accel",
Company_1019,$146B,09/05/21,Artificial intelligence,London,Singapore,Europe,1929.0,$521M,"Sequoia Capital, SoftBank, Accel",
Company_1020,$40B,09/09/21,E-commerce & direct-to-consumer,Paris,Sweden,Europe,2003.0,$350M,"Sequoia Capital, SoftBank, Accel",
Company_1021,$72B,09/12/21,Artificial intelligence,Beijing,France,Europe,1922.0,$708M,"Sequoia Capital, SoftBank, Accel",
Company_1022,$39B,09/16/21,"Supply chain, logistics, & delivery",San Francisco,Sweden,North America,1989.0,$629M,"Sequoia Capital, SoftBank, Accel",
Company_1023,$104B,09/20/21,Artificial intelligence,Stockholm,United States,Europe,1944.0,$426M,"Sequoia Capital, SoftBank, Accel",
Company_1024,$14B,09/24/21,E-commerce & direct-to-consumer,Beijing,United Kingdom,Europe,1968.0,$196M,"Sequoia Capital, SoftBank, Accel",
Company_1025,$32B,09/28/21,Mobile & telecommunications,Shenzhen,Australia,Europe,1930.0,$612M,"Sequoia Capital, SoftBank, Accel",
Company_1026,$179B,10/02/21,"Supply chain, logistics, & delivery",Stockholm,China,Europe,2013.0,$315M,"Sequoia Capital, SoftBank, Accel",
Company_1027,$125B,10/05/21,Artificial intelligence,San Francisco,Canada,Europe,1999.0,$231M,"Sequoia Capital, SoftBank, Accel",
Company_1028,$166B,10/09/21,Fintech,San Francisco,France,Europe,2015.0,$359M,"Sequoia Capital, SoftBank, Accel",
Company_1029,$97B,10/13/21,Fintech,London,France,Europe,1993.0,$224M,"Sequoia Capital, SoftBank, Accel",
Company_1030,$23B,10/17/21,Artificial intelligence,Stockholm,Australia,Europe,2010.0,$181M,"Sequoia Capital, SoftBank, Accel",
Company_1031,$63B,10/21/21,Mobile & telecommunications,London,United Kingdom,North America,2014.0,$382M,"Sequoia Capital, SoftBank, Accel",
Company_1032,$143B,10/25/21,Internet software & services,Beijing,China,Europe,1983.0,$782M,"Sequoia Capital, SoftBank, Accel",
Company_1033,$153B,10/28/21,E-commerce & direct-to-consumer,New York,India,Europe,1965.0,$158M,"Sequoia Capital, SoftBank, Accel",
Company_1034,$145B,11/01/21,Fintech,New York,Hong Kong,Asia,2010.0,$643M,"Sequoia Capital, SoftBank, Accel",
Company_1035,$53B,11/05/21,Internet software & services,New York,Sweden,North America,1971.0,$260M,"Sequoia Capital, SoftBank, Accel",
Company_1036,$104B,11/09/21,Artificial intelligence,Stockholm,Hong Kong,Asia,1989.0,$383M,"Sequoia Capital, SoftBank, Accel",
Company_1037,$104B,11/13/21,Internet software & services,New York,Hong Kong,Europe,1920.0,$205M,"Sequoia Capital, SoftBank, Accel",
Company_1038,$179B,11/17/21,"Supply chain, logistics, & delivery",Beijing,Germany,North America,1942.0,$204M,"Sequoia Capital, SoftBank, Accel",
Company_1039,$39B,11/20/21,Hardware,London,Hong Kong,Europe,1922.0,$538M,"Sequoia Capital, SoftBank, Accel",
Company_1040,$179B,11/24/21,Fintech,Stockholm,France,Europe,1937.0,$327M,"Sequoia Capital, SoftBank, Accel",
Company_1041,$134B,11/28/21,Artificial intelligence,London,Sweden,Europe,1944.0,$799M,"Sequoia Capital, SoftBank, Accel",
Company_1042,$67B,12/02/21,E-commerce & direct-to-consumer,Stockholm,Sweden,Europe,1993.0,$681M,"Sequoia Capital, SoftBank, Accel",
Company_1043,$135B,12/06/21,Mobile & telecommunications,London,United States,Asia,1958.0,$417M,"Sequoia Capital, SoftBank, Accel",
Company_1044,$179B,12/10/21,"Supply chain, logistics, & delivery",San Francisco,United Kingdom,Europe,1968.0,$563M,"Sequoia Capital, SoftBank, Accel",
Company_1045,$42B,12/13/21,Artificial intelligence,London,Germany,Asia,1961.0,$698M,"Sequoia Capital, SoftBank, Accel",
Company_1046,$15B,12/17/21,E-commerce & direct-to-consumer,New York,Hong Kong,Europe,1993.0,$571M,"Sequoia Capital, SoftBank, Accel",
Company_1047,$111B,12/21/21,Mobile & telecommunications,San Francisco,Singapore,Asia,1985.0,$155M,"Sequoia Capital, SoftBank, Accel",
Company_1048,$157B,12/25/21,Mobile & telecommunications,London,India,Europe,1930.0,$724M,"Sequoia Capital, SoftBank, Accel",
Company_1049,$33B,12/29/21,Artificial intelligence,Stockholm,Canada,North America,1985.0,$112M,"Sequoia Capital, SoftBank, Accel",
Company_1050,$155B,01/01/22,"Supply chain, logistics, & delivery",Stockholm,United States,Europe,1945.0,$539M,"Sequoia Capital, SoftBank, Accel",
Company_1051,$164B,01/05/22,Internet software & services,Stockholm,Sweden,Asia,1972.0,$117M,"Sequoia Capital, SoftBank, Accel",
Company_1052,$157B,01/09/22,Internet software & services,Shenzhen,Sweden,Europe,1984.0,$793M,"Sequoia Capital, SoftBank, Accel",
Company_1053,$38B,01/13/22,Mobile & telecommunications,Beijing,Bahamas,Europe,1967.0,$212M,"Sequoia Capital, SoftBank, Accel",
Company_1054,$97B,01/17/22,Internet software & services,Stockholm,Germany,Europe,1934.0,$328M,"Sequoia Capital, SoftBank, Accel",
Company_1055,$155B,01/21/22,Hardware,San Francisco,Hong Kong,Europe,1920.0,$270M,"Sequoia Capital, SoftBank, Accel",
Company_1056,$33B,01/24/22,Mobile & telecommunications,Stockholm,Germany,Europe,1978.0,$394M,"Sequoia Capital, SoftBank, Accel",
Company_1057,$86B,01/28/22,Mobile & telecommunications,Shenzhen,Bahamas,Asia,1972.0,$288M,"Sequoia Capital, SoftBank, Accel",
Company_1058,$66B,02/01/22,E-commerce & direct-to-consumer,New York,Germany,Asia,1948.0,$525M,"Sequoia Capital, SoftBank, Accel",
Company_1059,$10B,02/05/22,Internet software & services,San Francisco,Sweden,Europe,2002.0,$178M,"Sequoia Capital, SoftBank, Accel",
Company_1060,$5B,02/09/22,"Supply chain, logistics, & delivery",Shenzhen,France,Asia,1956.0,$757M,"Sequoia Capital, SoftBank, Accel",
Company_1061,$123B,02/13/22,Mobile & telecommunications,New York,China,North America,1946.0,$281M,"Sequoia Capital, SoftBank, Accel",
Company_1062,$74B,02/16/22,"Supply chain, logistics, & delivery",Paris,Sweden,Europe,1943.0,$598M,"Sequoia Capital, SoftBank, Accel",
Company_1063,$97B,02/20/22,Hardware,Paris,United States,Europe,2014.0,$897M,"Sequoia Capital, SoftBank, Accel",
Company_1064,$118B,02/24/22,E-commerce & direct-to-consumer,San Francisco,United Kingdom,Asia,1928.0,$861M,"Sequoia Capital, SoftBank, Accel",
Company_1065,$38B,02/28/22,Artificial intelligence,London,Bahamas,Europe,1978.0,$807M,"Sequoia Capital, SoftBank, Accel",
Company_1066,$141B,03/04/22,"Supply chain, logistics, & delivery",Beijing,India,Asia,1960.0,$170M,"Sequoia Capital, SoftBank, Accel",
Company_1067,$159B,03/08/22,Mobile & telecommunications,Beijing,Canada,Asia,1958.0,$347M,"Sequoia Capital, SoftBank, Accel",
Company_1068,$47B,03/11/22,Hardware,Shenzhen,India,Asia,2015.0,$245M,"Sequoia Capital, SoftBank, Accel",
Company_1069,$109B,03/15/22,Fintech,New York,Sweden,North America,1995.0,$717M,"Sequoia Capital, SoftBank, Accel",
Company_1070,$15B,03/19/22,Hardware,Beijing,United States,Asia,1960.0,$874M,"Sequoia Capital, SoftBank, Accel",
Company_1071,$157B,03/23/22,Hardware,New York,Hong Kong,Asia,1965.0,$395M,"Sequoia Capital, SoftBank, Accel",
Company_1072,$136B,03/27/22,E-commerce & direct-to-consumer,New York,Sweden,Asia,1955.0,$681M,"Sequoia Capital, SoftBank, Accel",
Company_1073,$5B,03/31/22,Artificial intelligence,Shenzhen,United Kingdom,North America,1998.0,$569M,"Sequoia Capital, SoftBank, Accel",
Global Switch,$11B,,,,,,,,,Ellipsis
BenevolentAI,$1B,,,,,,,,,Ellipsis
